80.679932
66.191292
51.698555
40.141624
28.088057
17.061562
8.754176
10.530816
10.528769
9.398272
12.788736
12.932096
15.229952
8.775681
12.656639
8.135680
12.942336
8.136703
8.763391
11.198464
10.526720
13.905920
8.137728
14.567425
8.139776
8.762368
8.764416
8.140800
11.024384
8.766464
12.685312
8.762368
10.574848
8.757248
12.802048
11.646976
8.771584
11.027456
8.762368
16.220161
10.534912
12.347392
12.926975
8.769536
8.766464
8.765440
10.405888
9.395201
12.222464
12.939264
13.424640
8.770559
8.775680
10.533888
9.389055
12.167168
12.940289
14.000128
8.758272
12.172289
8.135680
9.385984
8.134656
12.935168
9.948160
10.535936
16.205826
8.133633
9.399296
8.134656
12.932096
8.139776
10.541056
13.454336
8.132608
11.656192
8.133633
8.764416
8.140800
10.544128
12.346368
8.136703
17.459200
8.764416
11.216896
9.389056
12.814336
12.931072
8.756224
12.796928
8.766464
13.471745
12.935167
12.965888
8.766464
10.527744
10.535936
9.393152
12.793857
12.938240
15.233025
8.763391
15.194112
10.528769
9.407488
8.136704
12.933120
10.569728
8.778751
13.455360
10.531839
11.026432
8.133633
12.933120
8.138752
8.768512
10.571775
8.133633
13.891584
8.773632
12.938240
8.135680
10.529792
11.201536
8.136704
14.580736
8.770560
12.213248
10.528769
12.340223
12.934144
8.762367
11.021312
8.761344
10.404863
9.394176
12.204032
12.939264
12.801023
8.772608
8.761344
10.534912
9.400320
12.171265
12.926975
13.989888
8.762368
11.019264
8.133633
9.396224
8.138752
12.932096
15.233025
10.529792
12.683264
8.134656
12.939264
8.133633
8.764416
11.189248
8.138752
13.894656
8.755199
14.559233
8.135680
10.542080
8.759296
8.135680
14.573568
8.766464
13.459455
10.534912
12.341248
12.927999
8.766464
8.767488
8.761345
12.791808
9.396224
12.213248
12.927999
13.424641
8.764416
8.760321
10.535936
9.403392
10.563584
12.924928
13.986816
8.760321
11.657215
8.137728
9.392128
8.140800
12.924929
9.948160
10.529792
16.197632
8.132608
9.407488
8.135680
12.930048
8.139776
10.530816
13.460480
8.134656
12.668928
8.138752
8.751104
8.139776
10.537984
11.657216
8.136703
14.564352
8.763392
15.193089
10.530816
12.345345
12.936192
8.763392
11.014144
8.763392
13.461504
9.391104
11.201536
12.923904
12.805120
8.761345
8.767488
8.138752
9.390079
15.235072
12.925952
14.427136
10.530816
10.524672
8.141824
9.415680
10.570752
12.927999
15.224833
10.534912
12.663808
8.135680
12.930048
8.138752
8.766464
11.204608
10.537984
13.907969
8.136703
14.560255
8.131584
10.534912
8.761344
8.137728
11.026432
8.753152
16.216064
8.754176
12.342272
9.395200
8.776704
12.923904
8.761344
12.799999
8.762367
12.216320
9.382912
13.426688
12.922880
8.753152
10.533888
8.771584
12.167168
9.384960
Control Period
13.984768
8.765440
12.791808
14.050304
21.911552
19.412992
21.913601
26.470400
20.978624
22.802433
18.658304
21.140480
26.422272
23.235519
21.829632
20.349953
21.154816
26.415104
23.254976
21.806080
23.455744
21.159935
22.812672
19.343361
21.810177
26.412033
20.934593
22.781952
23.442432
18.845695
25.086975
19.615679
21.820415
16.443392
16.462849
25.086975
21.915583
21.812225
26.434559
20.949951
22.800385
23.445503
16.369663
25.325569
22.229954
21.906431
26.488831
21.003199
22.789120
23.473152
16.354305
25.077759
21.884863
21.809151
22.663168
18.850815
25.065472
21.304256
21.827583
22.667263
18.852863
25.095169
18.429890
21.125120
21.179394
16.362495
25.092096
21.908417
21.804031
22.687744
18.851841
25.082880
21.238720
21.147648
23.463936
Control Period
21.148672
22.797312
21.211136
21.466112
26.585087
21.248959
23.165953
23.586815
16.505856
25.300991
22.204350
22.003712
26.598400
21.286848
23.232513
23.633919
16.510977
25.300991
22.188992
21.907455
26.516479
18.053055
23.012352
21.395456
21.481472
25.562111
22.554558
22.002689
26.491905
20.289474
22.988800
21.286911
21.283840
25.268223
19.827646
21.862400
23.698433
21.412865
23.198719
21.411840
21.274624
25.304064
19.865536
21.908480
23.731201
21.408768
23.201792
21.342209
21.293056
25.307137
22.167488
21.868544
23.583744
21.267456
22.984703
21.363712
21.426176
26.544128
23.482304
21.945343
23.580673
21.268478
22.976513
19.391487
21.852161
26.456064
21.024704
22.986752
23.681025
19.145729
25.484287
22.432703
21.950464
26.544128
21.127106
Control Period
22.985727
18.792448
21.558273
26.638336
23.668671
22.042625
23.064575
21.433344
23.211008
21.445633
21.494785
26.656769
23.687105
22.049793
23.837696
21.422081
23.190529
21.426176
21.519360
25.756672
22.809536
22.046719
26.540031
21.180351
23.191551
21.436417
21.460991
25.767937
22.258625
22.051840
23.058432
21.415936
23.220224
21.419008
21.459969
26.668034
23.707584
22.033409
23.877632
21.426176
23.179264
21.435390
21.462015
25.754623
22.803391
22.043648
26.575871
21.228477
23.199745
21.430271
21.425152
25.499649
21.899200
21.964800
23.060480
21.580799
23.458817
21.578751
21.420033
26.420223
23.374783
21.940224
23.884800
21.602303
23.480320
21.587967
21.433344
25.500671
22.373310
21.959679
23.779327
21.611519
Control Period
23.442432
21.592064
21.694464
26.039295
20.005823
21.780479
23.973888
21.591042
23.428097
21.599232
21.696510
26.015743
23.046080
22.142975
26.527744
21.277634
23.422976
23.885824
19.472385
26.003456
19.945408
21.784576
23.919617
21.615616
23.442432
23.892992
19.442688
26.003456
22.803391
21.724159
25.766912
22.724545
22.039551
23.237633
21.791744
23.718912
21.770241
21.710850
25.782272
22.387650
21.583872
26.701824
23.858112
22.144001
26.737663
21.456833
23.448576
23.895041
19.322880
26.015743
22.796223
21.770241
26.633217
23.688129
22.041599
23.895041
21.582848
23.607296
24.098816
19.472383
25.993216
22.589376
21.586945
26.643456
23.680960
21.976063
23.297024
21.797890
23.729153
21.770241
21.630976
25.741312
Control Period
22.325184
21.607424
26.767361
24.015808
22.251520
26.834946
21.684162
23.707649
24.073215
21.821442
24.002560
21.961727
21.969921
26.253311
23.022526
21.764095
26.753023
23.974848
22.257664
26.859520
24.099777
22.166529
26.753023
20.814783
23.726082
24.271873
19.668991
26.283009
23.130049
21.764095
26.004478
23.176126
22.259712
26.883072
24.150976
22.191105
24.099840
21.788673
23.707649
24.244225
19.659775
26.265600
25.525183
20.126591
25.999359
22.787006
21.764095
26.174465
20.273090
23.983105
24.276993
21.964800
23.745537
24.084480
19.480576
26.121216
23.102400
21.992447
26.294271
23.338943
22.142975
26.757120
21.602240
23.966721
24.276993
21.971970
23.835648
21.772287
21.780479
26.015743
22.966208
21.976063
Control Period
26.872833
24.156097
22.376448
26.986496
24.355776
22.295551
26.863617
21.022657
23.988224
24.468479
22.159359
24.249344
24.446976
19.667969
26.276863
23.234495
22.012928
26.552319
23.709631
22.175743
26.361856
23.634882
22.253569
21.166080
24.288258
23.983105
24.275967
22.014977
24.264706
24.473600
22.169601
24.105984
21.979137
24.273920
24.051712
22.162432
22.162434
26.572800
23.580608
21.994495
26.864639
24.121279
22.268929
26.853374
24.103870
22.256639
23.638016
22.161407
24.240128
22.052864
21.975040
26.266624
23.216064
22.032383
26.542080
23.673792
22.153215
26.935295
24.193983
22.282240
26.869761
24.131521
22.261761
26.864639
21.829567
24.175617
24.449024
22.157310
24.174591
24.261631
Control Period
21.945343
23.983105
21.976063
24.653824
24.540161
22.344704
22.304768
26.536961
23.689152
22.139904
26.532864
23.686079
22.163456
26.565632
23.918530
22.347775
27.068417
24.402882
22.163456
26.986496
24.359871
22.378496
26.956800
24.311745
22.359039
27.076607
24.543167
22.490112
27.068417
24.429504
22.361088
26.961920
22.028223
24.243200
24.436735
22.132736
24.244225
24.455168
22.156288
24.303616
24.652802
22.353920
24.516609
24.648705
22.228992
24.263680
22.174721
24.463360
24.245247
22.155264
22.161407
26.568705
23.869377
22.332417
26.812416
24.150976
22.194176
26.547199
21.607359
24.258560
26.955776
24.320961
22.370304
26.967041
24.328129
22.369280
26.973183
24.425407
22.478848
Control Period
27.079679
22.239168
24.938496
25.073666
25.086914
22.932354
27.083776
24.570816
22.475777
27.104256
24.576960
22.478848
27.071487
24.552383
22.484993
27.094017
24.554434
22.474752
27.094017
24.561600
22.465536
27.067390
24.519615
22.484993
27.088896
24.556479
22.471680
27.103233
24.845249
22.915073
25.074688
25.016256
22.476671
27.061249
24.544193
22.464512
27.084801
24.562626
22.456320
27.080704
24.568768
22.471680
24.651775
24.659969
22.453247
27.215872
24.698816
22.465536
27.092991
24.572863
21.658623
24.662016
22.350849
24.524799
24.664064
22.346752
24.553471
22.731775
24.840191
24.952831
24.554497
22.350849
24.519680
24.677376
22.350849
24.522751
24.639488
22.334465
24.531967
Control Period
24.657921
22.374401
24.973312
22.725632
27.164673
25.080769
25.157505
25.194305
23.105282
25.096191
25.127872
23.036800
25.065472
25.097151
23.021439
27.129856
24.857536
22.776833
27.132927
24.858559
22.773762
27.134975
25.064384
24.899456
24.973312
22.714367
24.810497
24.977407
22.733824
22.520832
22.669312
26.829824
24.171457
26.834944
24.377279
22.779903
27.134975
25.055168
24.855425
24.982529
22.709248
24.818687
24.964096
22.731775
24.827904
24.969215
22.729729
27.130880
25.040833
25.101185
22.799168
24.953856
25.084929
25.122751
23.066496
27.111423
24.816576
22.780930
27.146240
24.867777
22.724607
26.834944
24.169409
22.341633
27.126783
25.021376
Control Period
22.547327
27.187199
25.507774
25.316223
25.502527
23.241472
27.126783
25.055166
22.753149
27.140095
25.043903
25.125759
25.313087
23.622398
25.200642
25.333698
23.112579
27.138048
24.865728
22.746113
27.112448
25.008064
22.506367
27.286528
25.610174
25.515902
25.726782
23.453438
27.123713
25.032640
25.117567
25.161535
23.073536
25.100288
25.325504
23.633793
27.234304
25.051073
22.824833
27.103231
24.832960
22.786049
27.145216
25.066431
24.924032
25.282560
23.117762
24.948734
25.019392
22.729664
27.136000
25.063360
25.139072
25.148224
23.074558
25.205761
25.302977
23.574400
27.261951
24.999872
22.758400
27.146240
24.860607
22.786049
27.115520
25.187263
25.246592
Control Period
25.397055
23.345919
24.860672
25.261055
23.249855
27.167744
25.473984
25.663361
25.817921
24.112896
27.198463
25.098175
22.991743
27.128832
25.023424
22.535040
27.287552
25.567169
25.450371
25.763651
23.632643
27.334656
25.450432
25.600895
25.627455
23.534334
25.075712
25.130945
23.467905
27.275265
25.107393
23.131010
27.087872
25.383871
25.276287
25.238335
22.948608
24.828928
25.109505
22.973377
27.196417
25.337793
25.515905
25.727810
23.994114
27.239424
25.250751
23.159679
27.323391
25.199551
22.976383
27.128832
25.041857
24.989569
25.174015
23.070656
24.957952
25.294847
25.659327
25.900927
23.836479
25.073664
25.093056
23.097216
27.202560
Control Period
25.186241
23.078785
27.403263
26.089407
26.190718
26.630974
24.539902
22.521856
23.000065
27.213823
25.398207
27.572096
25.508673
23.328512
27.205631
25.169855
25.109375
25.135935
23.123711
27.329536
25.629631
25.998207
26.257214
24.552189
25.352192
25.515968
23.712639
27.124737
24.823746
23.006208
27.341824
25.527231
25.179007
25.472830
23.232254
27.234303
25.426880
25.750401
25.937729
24.128258
25.216000
25.513920
23.784321
27.275265
25.321409
23.377794
27.185152
25.509825
25.555841
25.760576
23.538431
27.229183
25.387966
25.747326
25.912125
24.070908
25.357311
25.589695
23.921535
27.287552
25.174976
23.229313
27.159554
25.243586
25.234304
25.458496
Control Period
23.356159
27.210751
25.420734
25.990015
26.530622
25.214720
27.527872
25.460352
23.363136
27.165695
25.769920
25.800575
26.305344
24.550144
27.209728
25.579456
25.777023
26.115902
24.471294
27.244545
25.163713
23.324545
27.430912
26.100674
26.184578
26.635075
26.830595
22.474436
22.871040
27.286530
25.627586
27.822979
25.817924
26.381062
26.899141
25.073286
27.415110
25.745926
25.928135
26.202503
24.275272
25.180161
25.444288
24.036224
25.566208
26.099648
24.265600
27.310080
25.525183
25.493376
25.801537
23.856895
24.861696
25.189377
25.547714
26.140545
24.824642
25.569279
25.769918
23.679869
27.190273
25.195457
25.742210
26.278723
24.471298
27.319296
Control Period
25.654207
25.851774
26.207039
24.906494
27.423744
25.662399
26.143616
26.688320
24.925953
25.100288
25.357248
25.700224
26.025793
24.554239
25.578495
26.116032
24.370049
27.430912
26.113983
26.191744
26.316607
26.584831
26.737343
25.315968
25.895487
26.430975
24.674751
27.420671
25.671616
26.244991
26.778431
24.921856
27.166719
25.515966
25.837439
26.140478
24.851198
27.424768
25.608130
25.914242
26.127171
24.039171
24.806400
25.524223
26.077120
26.635136
25.328447
25.879295
26.420929
24.674946
27.247616
25.140160
25.324417
25.618240
23.847679
25.116673
25.653185
26.215296
26.764095
25.469696
27.848385
25.743999
25.945663
26.191360
24.184256
25.101311
Control Period
25.635775
23.448446
23.699455
27.409409
26.085312
26.101631
26.623806
27.191036
27.751101
26.439293
27.037245
27.568636
28.114363
28.643705
26.879290
26.964218
27.515066
28.078203
28.617788
27.323389
27.880381
28.430204
28.991293
29.527805
27.780796
27.893372
28.438076
29.021690
29.567417
28.237179
28.563770
28.814587
26.627258
28.972155
27.222075
27.770876
28.317629
28.889982
29.436735
28.123903
28.666559
29.185663
27.434559
29.847038
28.520895
28.653952
29.192511
29.748480
30.302401
29.011072
29.560896
30.103552
30.665663
31.196032
29.434687
29.543167
30.097088
30.662271
31.212095
29.881855
30.443966
30.978432
31.548737
31.975681
29.927616
Control Period
29.797504
30.029888
28.271616
30.663614
29.374334
31.779646
30.028542
30.619326
31.165052
29.417021
29.513212
30.056892
30.616955
31.160635
29.843706
32.279736
30.522488
30.979128
31.493113
29.757368
29.769592
30.315319
30.872311
31.402679
30.094967
32.500278
30.756344
31.316408
31.850872
30.091576
30.205175
30.726328
31.272055
31.824949
30.485495
32.905140
31.154037
29.414198
24.703733
23.361536
27.158527
25.292736
25.395073
25.942848
24.196865
27.418625
26.121153
28.505983
26.751806
25.024254
27.462334
26.161789
26.272316
26.824188
27.393469
27.948412
26.620220
29.034748
27.272381
25.524349
27.924541
26.606590
26.706879
27.227005
27.807549
Control Period
28.371708
27.046589
29.477501
27.703869
25.941502
28.359102
27.050365
27.135292
27.656445
28.216509
28.756094
27.433022
29.867004
28.104637
26.348413
28.757822
27.441919
29.865664
28.544640
29.127232
29.685247
28.368319
30.778749
29.016382
29.583614
30.127295
28.363901
30.778429
29.458429
30.029757
30.561148
29.153084
31.553276
29.786812
30.351995
30.886461
29.111805
31.230396
29.475197
29.693245
29.794556
28.249275
28.829819
29.334587
27.600891
30.015419
28.696442
28.798779
29.333244
27.560635
29.963898
28.657209
29.230585
29.778360
28.024183
30.442808
29.138168
29.241528
29.779064
28.043320
25.858040
26.427319
26.964855
Control Period
27.536182
28.080887
26.344120
28.775032
27.449913
28.011002
28.574139
27.287930
29.703482
28.407034
28.530874
29.042810
27.289660
29.705212
28.394428
28.948349
29.505341
28.205820
30.598845
29.260412
29.364798
29.878782
28.120510
30.531967
29.226303
29.763840
30.323902
29.000832
31.403072
30.083073
30.192577
30.714752
28.967743
31.396606
30.072510
30.639742
31.187517
29.134333
31.313341
29.160830
29.387070
29.875454
28.131519
30.555264
29.158463
29.721600
30.260159
28.940159
31.364927
29.606655
27.766464
30.186111
28.870209
31.277569
29.959618
30.530945
31.094080
29.798655
32.210110
30.457981
31.036476
31.554556
29.819836
32.247677
30.939964
31.509245
32.064186
Control Period
30.755451
33.151546
31.389179
31.935932
32.481659
30.707005
33.116413
31.808701
32.384125
32.945213
31.752190
34.193340
32.874363
32.975674
33.494778
31.739578
34.127480
32.803383
33.364471
33.905079
32.571766
35.001652
33.667316
33.687733
33.834099
31.663155
31.731699
32.270256
32.831345
33.394482
32.099056
34.537136
32.767601
31.020594
33.426929
32.116146
34.535793
33.214767
33.788143
34.358448
33.026161
35.442738
33.666031
34.238384
34.719601
32.560944
32.406254
32.670383
30.759537
33.184303
31.883759
32.463276
33.001835
31.259947
33.679592
32.378025
32.528488
33.073193
31.320040
33.749928
32.459625
34.864937
33.094376
Control Period
31.346344
33.746536
32.433704
30.261736
30.833063
31.366503
31.919399
32.468201
30.736553
33.065063
31.365160
31.698919
31.845287
30.459751
32.787239
31.015656
29.118118
31.402599
29.668903
29.647335
29.996456
28.231016
30.659880
29.352167
29.732008
30.028904
28.203049
25.765865
26.336170
26.872681
27.420456
27.929319
26.181288
28.358248
26.347048
24.252905
27.403263
26.091455
26.191744
26.728254
24.587008
27.267073
25.317312
25.742208
26.314562
25.010946
27.385538
25.374338
23.257666
27.305984
25.889729
26.004353
26.530624
24.611584
27.370495
25.694141
25.842558
26.218302
24.924925
27.415552
25.633728
25.975681
26.156864
24.116993
25.089024
25.625534
Control Period
26.175358
26.720062
25.402111
27.811520
26.049152
24.284737
27.394047
26.097599
26.151806
26.257214
24.258301
27.161600
25.784258
26.329985
26.877760
25.256704
27.508417
25.395842
25.830976
26.379778
24.625601
27.415552
26.097601
26.669954
27.204418
25.748226
27.816643
25.853571
23.740995
27.413504
26.096575
23.911295
23.186432
27.296768
25.485249
27.727745
25.697090
26.262274
26.794689
25.035393
27.442753
26.127872
26.689983
27.094398
25.234751
27.431166
25.482431
23.761023
27.421696
26.108864
26.201984
26.388288
24.390402
27.359232
25.440191
25.858942
26.424128
25.106176
27.516607
25.751167
26.307137
26.836479
24.696255
27.335680
25.561024
26.016640
26.579777
Control Period
25.263874
27.666115
25.907845
24.160837
27.397120
26.091455
26.197887
26.731327
27.277056
27.827904
26.508928
28.927553
27.183619
25.436611
27.871620
26.573124
28.981506
27.586754
27.806850
28.042305
26.192898
26.581953
27.161474
25.412418
27.838211
26.533571
26.636930
27.183683
25.425411
27.835842
26.519939
27.109699
27.650307
25.895107
28.328068
26.918980
27.002884
27.531204
25.762691
28.180290
26.551043
26.925762
27.156097
25.033281
27.439617
25.700802
26.259842
26.803522
25.045250
27.449537
26.131586
24.380482
25.104383
25.637823
23.876478
27.397120
26.091455
26.654593
27.167553
25.405186
27.808449
26.497665
26.365505
26.458626
Control Period
24.367554
27.390976
26.395584
27.176832
27.985727
26.665728
29.077185
27.747969
27.861568
28.424706
26.666433
29.096321
27.766081
28.336386
28.886209
27.152514
29.585474
28.274691
28.372931
28.914562
27.176769
29.576962
28.275394
28.830338
29.397570
27.676161
30.090689
28.788095
28.869951
29.382912
27.619520
30.012545
28.689474
31.105026
29.371330
27.647873
30.036800
28.703487
28.810944
29.348480
29.907520
30.461441
29.158848
31.568256
29.813057
28.080385
30.503105
29.206657
29.317184
29.885441
30.440384
30.989185
29.698883
32.092930
30.330563
28.594818
31.002178
29.694466
32.114113
30.732674
31.325506
31.869186
30.548161
Control Period
32.977024
31.209536
31.779840
32.314304
30.561153
32.967487
31.668991
32.247486
32.798332
31.510075
33.945084
32.202171
32.765308
33.304890
31.553785
33.958073
32.648312
33.199158
33.743862
32.419765
34.825077
33.065781
33.650421
34.161331
32.420467
34.828850
33.521137
34.093491
34.645363
33.328434
35.751152
34.439346
34.548851
35.078194
33.316849
35.723183
34.415470
34.961197
35.499756
34.177708
36.595306
35.286572
35.386860
35.935661
34.172272
36.561199
35.253487
35.792046
36.327534
34.577454
36.999149
35.692463
35.804016
36.356911
34.161392
32.841393
35.269234
33.985073
36.388336
35.092911
35.668335
36.209969
34.818287
37.246124
Control Period
35.497070
36.054062
36.585453
34.807724
37.125996
35.817261
36.379372
36.934315
35.625580
37.995052
35.891693
33.928619
36.259178
34.855209
34.957546
35.503273
33.526890
35.772457
34.004967
34.253735
34.824039
33.513256
35.933929
34.571945
34.646633
34.876968
32.788967
32.825768
33.142120
33.698090
34.237675
32.892075
35.057770
33.108009
31.143913
33.474472
32.144234
32.267048
32.808678
30.774948
32.970341
31.253029
31.385061
31.932837
30.631269
33.045795
31.295715
31.861923
32.390244
30.629925
33.027046
31.412134
31.771494
32.029476
30.504677
32.933540
31.170147
29.419044
31.694309
29.820324
29.857124
30.048550
28.273895
30.694567
29.394022
29.801510
30.008293
Control Period
28.140453
30.362469
28.380964
26.647268
29.055653
27.611748
27.620899
27.758053
25.744804
28.022118
26.263845
26.583269
26.983589
25.210981
27.552805
25.423845
23.353254
27.317249
26.035137
26.156929
26.696514
24.691460
27.068417
25.373632
23.059328
23.334911
27.267071
25.584576
25.639809
25.809729
23.837440
27.257856
25.565121
25.877377
26.080065
24.427263
27.409409
25.655231
23.907200
27.376640
25.626560
25.627522
25.785152
23.639809
27.335680
25.615297
25.817986
25.979713
24.249088
27.208704
25.107393
23.179136
27.162624
25.443264
25.566080
26.116928
24.355583
27.262976
25.393087
25.613184
25.889601
24.200960
27.187201
20.604864
27.186176
25.334721
Control Period
27.601791
25.829184
26.283775
26.825409
25.490047
27.861568
26.197504
26.183104
26.327425
24.568129
25.105408
25.647039
26.180479
26.521406
24.841982
27.155457
25.209793
23.452545
27.409409
26.005440
26.011520
26.246975
24.238846
27.316223
25.992126
26.548096
27.092800
25.491199
27.668159
25.516670
23.599678
27.422722
26.137537
26.218370
26.564419
24.561409
27.150335
25.566143
26.145662
26.696510
25.352959
27.488958
25.351807
25.738815
26.078720
24.302017
25.103359
25.629631
25.852798
26.086206
24.421118
25.200640
25.484224
23.558016
27.310080
25.338816
25.908096
26.430271
24.564480
27.301888
25.576384
25.669504
25.924417
24.614658
27.416576
25.667521
23.874434
27.224064
Control Period
25.505728
25.507711
25.850687
24.107775
27.421696
26.104767
26.565502
27.120445
25.795326
28.197567
26.908287
27.005503
27.553278
25.420221
27.687292
25.969980
26.365179
26.923195
25.625723
28.037178
26.279930
26.857403
27.390842
25.633595
28.044025
26.729145
27.291256
27.789879
26.056183
28.296631
26.295671
24.548662
27.424768
26.104769
26.198912
26.731327
27.294464
27.850431
26.541697
28.730944
26.747393
24.805826
27.299839
25.780159
25.898880
26.430271
24.587008
27.436031
26.129345
26.701698
27.261763
25.962244
28.373701
26.845829
26.905157
26.964485
24.807877
24.881153
25.377792
25.932735
26.478462
25.156414
27.588350
25.830078
24.089214
27.423744
25.781185
Control Period
25.522049
25.813824
23.791359
27.431936
26.110910
26.655615
27.218752
25.904896
28.310207
27.002495
27.094589
27.631100
25.885117
28.287357
26.972477
27.540733
28.078270
26.351742
28.756029
27.433981
27.533243
28.062588
26.309437
28.740349
27.419325
27.995773
28.570173
26.832380
29.239740
27.916668
28.021053
28.553469
26.782907
29.223036
27.920444
30.324734
28.561342
26.790781
29.208380
27.854588
27.793083
27.946621
25.815613
28.122620
26.798523
27.355515
27.896122
26.587387
29.011131
27.694202
27.797562
28.336121
26.492855
28.907383
27.579191
28.167929
28.715704
27.390585
29.791801
28.485113
28.594618
29.143417
27.385145
29.799673
28.503225
29.094009
29.639736
Control Period
27.874296
30.291897
28.882809
28.983097
29.517561
27.737785
30.141048
28.843576
29.414904
29.958584
28.202360
30.597433
28.829945
29.375673
29.907064
28.160057
30.575609
29.247417
29.792122
30.327610
28.594938
31.007418
29.690489
29.799994
30.345720
28.589497
31.007095
29.689144
32.115959
30.352566
28.599413
30.997557
29.662197
29.755318
30.289782
30.851892
31.409910
30.090933
32.487026
30.747185
29.002224
31.415730
30.097778
30.191921
30.755058
31.308979
31.872116
30.579765
32.993267
26.632114
29.039474
27.716404
30.120691
28.805811
31.208052
29.436468
27.697653
30.097845
28.774773
28.896564
29.415668
30.000309
30.538870
29.214773
31.634420
29.886389
Control Period
28.157812
30.588724
29.239027
29.351603
29.896307
30.442034
30.979570
29.649330
27.465073
26.172720
28.600559
27.255983
29.637743
28.298286
28.862446
29.407150
28.083054
30.494511
28.747503
29.305519
29.843056
28.074543
30.501358
29.191597
29.741421
30.289196
28.975340
31.401133
29.638765
30.214190
30.756845
29.003695
31.421295
30.098223
30.679792
31.249071
29.965935
32.381485
30.995949
31.093166
31.620462
29.867311
31.897840
30.237871
30.563440
30.905394
29.595633
32.018353
30.267248
28.521265
30.947058
29.629107
29.725298
30.268978
30.846451
26.769842
24.171890
27.416576
26.102720
28.513151
26.754879
27.326206
27.869886
26.100351
26.188353
26.726912
Control Period
27.285952
27.824511
26.089790
28.538111
26.780863
27.351168
27.888704
26.131456
28.530624
27.201408
27.765568
28.301056
26.547905
28.964481
27.183681
27.740673
28.279232
26.521984
28.952896
27.639040
28.216513
28.762241
27.013186
29.424643
27.669443
28.258181
28.774214
29.357828
29.681349
27.953798
28.237383
28.509703
27.187654
29.584774
27.820358
28.355846
28.896454
27.158661
27.270214
27.793415
28.360647
28.902279
27.174728
29.590281
27.832008
28.383881
28.920393
27.144712
29.560263
28.224903
28.769608
29.290760
27.533512
29.943943
28.178503
28.733446
29.259718
27.490183
29.793095
28.072712
28.383945
28.535433
27.222601
27.793928
28.333513
28.908937
Control Period
29.439306
27.666698
27.894985
28.441738
29.006922
29.529097
28.221384
30.606216
28.854088
29.425415
29.955784
28.209801
28.318279
28.842503
29.410759
29.954439
28.637510
31.056135
29.299911
29.863049
30.404680
28.645384
28.746696
29.283209
29.850439
30.398214
29.089478
31.493765
29.753923
30.308867
30.856642
29.084034
29.189442
29.719810
30.259396
30.797955
29.047874
31.468548
29.672388
30.212996
30.757700
28.982019
29.071043
29.584003
30.148163
30.664196
28.908997
31.328644
29.565252
30.146822
30.686407
28.913799
28.879944
28.961800
29.089737
29.397896
28.096329
28.643082
29.175499
29.717131
30.239305
28.481033
28.579273
29.110664
29.664585
30.197002
Control Period
28.895435
29.465740
30.010445
30.587917
31.124428
29.341579
29.437771
29.978378
30.532299
31.095436
29.781580
32.209419
30.452171
31.026571
31.585611
29.809931
29.913290
30.447754
31.012938
31.556618
30.239689
32.660358
30.881607
31.434502
31.972038
30.216839
30.327366
30.813702
31.060421
31.358341
29.462852
29.680901
30.224579
28.474499
30.902340
29.604868
29.729731
30.252932
30.801733
31.340292
30.018244
30.562948
31.093317
29.368837
31.784388
30.473604
30.581060
31.115524
31.680710
32.217220
30.895172
31.449093
31.996868
32.566147
33.081154
31.311619
31.417027
31.856258
32.164417
32.470528
30.634432
31.178112
31.701313
29.965569
32.401600
30.648449
Control Period
31.223873
31.761410
32.326595
32.889732
31.588165
32.175877
32.725700
30.998148
33.414722
32.116226
32.223682
32.775555
33.289539
33.526020
31.826115
32.020611
32.458820
30.737411
33.149891
31.402884
31.955778
32.507648
30.753471
33.101437
31.199804
31.475195
31.734203
30.327164
30.889275
31.411451
31.978683
32.507004
30.743612
30.835707
31.369146
31.934330
32.473915
30.951162
31.222458
31.515259
29.377083
31.772156
30.450108
30.544250
31.056187
31.619324
32.169147
30.843002
31.256634
31.518715
29.460411
31.778683
27.426619
27.940603
28.480188
28.998268
29.536827
30.083580
28.310972
28.429693
28.964159
29.546751
30.064833
28.330112
Control Period
28.601408
28.924929
27.151297
29.563776
28.249920
28.377857
28.928705
29.470337
29.900352
28.188160
28.589504
28.687744
26.927423
29.350143
27.609280
27.912319
28.070976
25.999359
26.082239
26.627966
27.194174
27.733759
26.038975
26.063486
26.101311
24.131069
27.392000
25.623487
26.155905
26.523457
24.570625
22.557697
20.249599
25.696257
26.238913
26.803072
27.257664
25.426687
27.697855
25.662079
23.907902
27.415552
26.102720
26.019712
26.198849
24.057602
27.337727
26.012608
26.592127
27.158335
25.429758
27.653822
25.548414
23.563837
27.394047
26.047422
26.167166
26.687294
24.927998
27.419647
26.096577
28.502914
26.575684
24.439556
27.106304
25.436096
25.490305
26.018625
Control Period
24.282881
27.413504
26.096575
26.651518
27.193150
25.860861
28.274366
26.942080
27.076160
27.530754
25.761219
28.166531
26.453316
26.821892
27.084995
25.409668
27.833412
26.073093
24.328133
27.427839
26.109888
28.543873
27.232065
27.823874
28.381889
27.070082
29.414976
27.415041
25.460161
27.650434
26.217794
26.307842
26.832066
25.054337
27.470913
26.161152
26.731457
27.115393
25.090879
27.312895
25.600702
25.559679
26.118719
24.355328
27.444225
26.134464
26.709888
27.247425
25.922306
28.320450
26.553986
27.099714
27.467266
25.441730
25.383299
25.566530
26.037506
26.608833
25.297024
27.692097
25.933825
24.187841
27.397120
26.072001
26.188673
26.710848
Control Period
27.293440
27.827904
26.500736
28.912193
27.140610
25.392578
27.812225
26.485058
26.581249
27.115713
27.682945
28.237888
26.916864
29.355968
27.586433
28.153666
28.671745
26.927811
29.360771
28.060226
28.610050
29.166019
27.849091
30.265667
28.514563
26.769602
25.014402
27.439169
26.130434
28.544962
27.225985
27.329344
27.775743
26.010303
28.404352
27.089472
27.650560
28.176832
26.409344
28.831039
27.272448
27.276480
27.495552
25.390144
27.783169
26.469313
27.021185
27.593538
26.282755
28.680899
26.927748
27.485764
28.028419
26.255812
28.674437
27.362627
27.930883
28.462275
27.134083
29.556803
27.779074
28.352449
28.880770
27.114305
29.551363
Control Period
28.266178
28.836483
29.454914
28.483074
31.032772
30.059908
30.220612
30.769411
29.025476
31.427717
30.118982
32.512005
30.750660
29.000580
31.409988
30.098179
30.193348
30.726788
31.294018
31.837698
30.524866
32.948608
31.181122
29.349121
31.749313
30.434433
30.526529
31.062017
31.634371
32.179073
30.863169
33.264385
31.491777
29.753984
32.165440
30.839294
30.912960
31.426945
31.988033
32.528641
31.216831
33.631359
31.847486
30.090239
32.492477
31.176575
33.613632
32.313087
32.882366
33.423996
32.097851
34.506233
32.717239
33.306999
33.844536
32.090359
34.486454
33.159286
33.703991
34.244598
32.927670
35.319668
33.545013
34.080502
Control Period
34.604725
32.833141
35.233334
33.934837
34.500023
35.038582
33.701176
36.110584
34.331833
34.881657
35.415096
33.649658
36.058044
34.740093
35.318588
35.884796
34.574013
36.847229
34.848316
35.149307
35.459515
33.681786
33.771835
34.301178
34.864315
35.401852
34.096188
36.524029
34.777020
32.951164
35.371838
34.069244
34.119354
34.430588
34.747963
35.014137
33.642937
34.208122
34.743610
32.996601
35.428535
34.106487
34.218040
34.750458
32.978874
35.382137
34.050873
34.635513
35.169975
33.402489
35.670586
33.978874
33.842617
34.178425
32.405815
34.811127
33.503414
34.076790
34.626614
33.322998
35.726261
34.429813
34.545464
35.088120
33.314487
35.510902
33.866295
Control Period
34.120182
34.428341
33.029495
35.428665
33.689850
31.590586
33.919098
32.154682
32.148476
32.425915
30.334843
32.514874
30.805754
31.366842
31.924860
30.626364
32.931324
30.874043
28.665211
30.921019
29.248762
29.318331
29.440123
27.650106
30.071802
28.772282
29.280121
29.570873
27.770618
29.980347
27.904634
25.937468
28.161531
26.461628
26.564987
27.098427
25.324795
27.703484
25.806973
26.141758
26.406910
24.737726
27.244545
25.154497
23.191423
27.278336
25.974720
26.067841
26.607424
24.680193
27.173889
25.370562
25.578371
25.839426
24.204035
27.316223
25.353151
23.472000
27.418625
26.117058
26.222466
26.700611
24.706820
27.156479
25.325504
25.560959
Control Period
25.767742
24.049406
27.400192
25.646015
23.903103
27.369473
25.607105
25.534338
25.734978
23.887617
27.421696
26.106815
26.680191
27.180862
25.156351
27.377344
25.320065
23.105089
27.248640
25.420736
25.472897
25.729856
23.969538
27.429888
26.021824
26.507135
26.644287
24.837887
27.336704
25.362370
23.616386
27.422720
26.015680
25.741184
25.889599
23.825151
27.217920
25.514944
25.877375
26.086206
24.617727
27.407360
25.644993
26.230656
26.489662
24.497917
24.815617
25.314304
23.195583
27.073536
25.353153
25.685890
26.130241
24.794882
27.413504
25.626558
25.957247
26.151743
23.998207
25.027584
25.542591
26.093439
26.640192
24.944384
Control Period
27.316223
25.368511
23.501696
27.452415
26.131392
26.241919
26.784575
25.041662
27.463358
26.141310
26.636862
26.832382
24.734142
23.032833
27.415552
26.099649
28.501890
27.183939
27.291395
27.823812
25.986692
28.270147
26.473988
26.608067
27.070850
25.759043
28.162306
26.396866
26.965122
27.506754
25.716738
27.915201
26.178434
26.405699
26.838785
25.528002
27.942530
26.166849
24.415747
27.399168
25.985983
25.965439
26.206015
24.023806
27.419647
26.103745
26.652544
27.201344
25.876225
28.297920
26.988159
26.815041
27.091457
25.096642
27.297153
25.938242
26.501377
27.054274
25.720961
28.124224
26.377216
24.639423
27.290623
25.599934
25.437054
25.647934
23.899902
Control Period
27.420671
26.095552
26.646400
27.167553
25.424641
27.813568
26.490496
26.602049
27.135489
25.360834
27.772291
26.447172
26.989828
27.526340
25.775238
28.179527
26.863623
26.983366
27.513735
25.765703
28.185350
26.872519
29.286022
27.483719
25.524742
27.818438
26.099077
26.191174
26.735878
24.985798
27.427841
26.139585
26.716034
27.258690
25.527042
27.954884
26.673796
26.768965
27.301380
25.544132
27.952517
26.646852
27.217157
27.758791
25.994375
28.395590
27.081734
27.188166
27.724678
25.581383
27.755272
26.012360
26.314377
26.871368
25.573896
27.968969
26.198408
26.761545
27.300104
25.538759
27.965574
26.634310
27.213831
27.744200
Control Period
26.404743
28.802887
27.162376
28.013256
28.801674
27.232841
29.642250
28.349899
28.916107
29.456715
27.711754
30.113995
28.824715
28.944458
29.494282
27.725769
30.051208
28.732233
31.140617
29.386440
27.646599
30.064198
28.757509
28.873158
29.428101
29.998405
30.564613
29.270214
31.690887
29.927494
28.215302
30.641094
29.333382
29.424454
29.951750
30.496454
31.032967
29.713991
32.132614
30.376389
28.637573
31.044933
29.742342
32.145603
30.834820
31.382595
31.908867
30.597059
33.015682
31.278915
31.830788
32.339653
30.564999
32.973381
31.651333
32.118214
32.641415
31.326534
33.743111
31.972549
32.535686
33.093704
31.345673
33.752007
32.423813
32.977734
33.511173
Control Period
32.208580
34.627205
32.876099
33.435139
33.982914
32.193924
34.602306
33.316101
33.894596
34.422916
33.118279
35.536903
34.239433
34.340744
34.877254
33.133320
35.441353
34.131592
34.679367
35.224072
33.914310
36.330887
35.008839
35.121414
35.649734
33.866886
36.266052
34.957314
35.509186
36.052864
34.478912
36.812546
34.791107
32.694916
35.115589
33.805828
36.233665
34.918785
35.495232
36.032768
34.709698
37.130371
35.350594
35.900417
36.449219
34.702209
37.113667
35.815170
36.402882
36.978306
35.656258
38.073856
36.327873
36.846977
37.402946
35.656963
38.091972
36.799622
37.358662
37.894150
36.587463
38.750088
36.664135
34.664200
37.081802
35.761803
Control Period
35.864140
36.397579
36.964809
37.508492
36.188492
38.450443
36.238541
34.245773
36.623436
35.300365
35.402702
35.914639
33.798988
36.079372
34.409164
34.581131
34.844234
33.118729
35.284424
33.378696
31.654217
34.085129
32.522442
32.570507
32.833611
30.735371
33.074123
31.285131
31.498060
31.820557
30.503628
32.925323
31.124043
29.133322
31.262154
29.530506
29.307211
29.644043
27.662539
30.007433
28.601416
29.178888
29.704138
27.996042
30.240587
28.096266
26.145483
28.556940
27.244108
27.345419
27.840971
28.051851
28.346701
26.540300
26.816717
27.048077
25.176140
27.465740
25.392076
23.655310
27.441153
26.119104
26.219393
26.509121
24.542976
Control Period
27.162624
25.249729
25.766785
26.318657
25.004801
27.421377
25.841280
25.902657
26.131969
23.998913
24.846336
25.107456
22.934464
27.238400
25.382847
25.672575
25.857855
24.453886
27.413506
25.644993
23.800705
27.334656
25.511871
25.500544
25.663296
23.498497
27.316223
25.455551
25.670528
25.976641
23.981825
27.291649
25.012161
22.817665
27.223040
25.398207
25.941887
26.475327
24.427261
27.316223
25.592766
25.939838
26.207039
24.425215
25.311232
25.607103
23.934847
27.322369
25.217985
23.245697
27.190273
25.447361
25.540482
26.081089
24.317696
27.390976
25.802689
25.951105
26.174273
24.518400
27.318272
25.354176
23.290752
27.220993
25.344961
25.381762
Control Period
25.641794
23.795458
27.422720
26.111937
26.506113
26.691393
24.952578
27.222015
25.191360
23.444351
27.405312
26.105793
26.139521
26.462017
24.344322
27.337729
26.030016
26.584959
27.074366
25.088766
27.314878
25.093760
25.624128
26.171904
24.409536
27.344894
25.656254
26.003326
26.041149
24.653564
27.428864
25.691071
23.505791
27.297792
25.575361
25.637762
26.190659
24.422146
27.380735
25.742271
26.109823
26.167105
24.597250
27.416576
25.643969
23.860098
27.288576
25.567167
25.506687
25.839424
24.093441
27.422720
26.107840
26.499968
26.778433
24.654593
27.171841
25.271233
25.837440
26.362690
24.218370
24.954880
25.142273
25.409473
25.975681
Control Period
24.637249
27.395073
25.610176
23.860096
27.422720
26.090431
26.179455
26.694462
24.918781
27.413504
26.108862
28.503935
26.727230
24.946430
27.211777
25.544640
25.568127
25.892670
24.147709
27.415552
26.086336
26.653566
27.228991
25.921278
28.323519
27.145855
27.220543
27.760126
25.996733
28.165501
26.310974
26.607870
26.887358
25.450621
27.887676
26.125309
24.377277
27.420671
26.118080
28.532608
27.217728
27.782913
28.338882
26.694275
28.994114
26.918402
24.845762
27.397120
26.081217
26.184576
26.712896
24.948481
27.405312
26.098625
26.682241
27.218754
25.487106
27.690689
25.817730
23.479874
23.049217
27.438080
26.123199
28.542847
27.218750
27.309822
Control Period
27.858622
26.075773
28.500542
27.186686
27.766207
28.312960
26.587456
29.024511
27.742399
27.862143
28.400702
26.628094
29.047741
27.726717
28.306238
28.845823
27.110079
29.531775
28.215872
28.311041
28.846529
27.103617
29.528385
28.211456
30.612671
28.854399
27.095102
29.522943
28.203966
28.305277
28.849981
29.412092
29.951677
28.640894
31.056446
29.303295
27.561407
29.979006
28.669245
28.774652
29.318331
29.894777
30.456888
29.132792
31.550390
29.801334
28.063541
30.462709
29.131445
31.533686
30.212662
30.752247
31.127991
29.484406
31.682869
29.756660
28.006580
30.415989
29.080629
29.175798
29.709238
27.953012
30.360373
29.053684
Control Period
31.476404
29.725300
27.972149
30.381557
29.053366
29.147509
29.689142
30.251253
30.800053
29.482101
31.877174
30.128119
28.383158
30.809973
29.518644
29.629171
30.147251
30.719604
31.275574
29.959669
32.376244
30.618996
28.863796
31.267059
29.954227
30.074997
30.620726
31.197174
31.753143
30.432119
32.879414
31.117046
29.357750
31.765110
30.445110
28.246517
26.482101
28.913013
27.601204
30.021877
28.714165
28.841076
29.408306
27.620338
29.936562
28.244850
28.443441
28.643057
27.247280
29.656689
27.902512
28.450287
28.974510
26.769775
25.471279
27.891951
26.545326
28.950638
27.619373
28.167149
28.709805
27.408237
29.825836
28.082924
28.645035
Control Period
29.177450
27.421227
29.824490
28.499371
29.090155
29.653292
28.355820
30.774445
29.013100
29.582378
30.125034
28.384171
30.799723
29.472555
29.933290
30.493355
29.149803
31.553066
29.781483
30.333355
30.860651
29.098284
31.516909
30.215342
30.775406
31.331375
30.030830
32.438190
31.093615
30.907183
31.199984
29.215406
29.122158
29.659695
30.243311
30.793135
29.456751
31.871279
30.117102
28.370092
30.801004
29.492270
29.590509
30.129068
30.712683
31.269674
29.938410
32.377510
30.606949
28.847652
31.262180
29.958565
32.367973
31.054117
31.617254
32.151718
30.832743
33.269798
31.149029
29.051811
31.182690
29.805346
29.905634
30.441122
28.703329
31.110689
Control Period
29.793760
32.204189
30.461277
28.712221
31.133917
29.800606
29.900894
30.442526
28.678110
31.094687
29.782877
32.204571
30.456539
28.725914
31.147610
29.809177
29.829594
29.941145
27.923801
30.253338
28.762329
29.342873
29.895769
28.570650
30.993370
29.661083
29.780827
30.310171
28.554972
30.956188
29.636189
30.067228
30.215643
28.244379
30.456156
28.640539
26.909916
29.353115
28.035164
28.136475
28.674011
29.242268
29.776731
28.455708
30.856924
29.020828
27.059805
29.216284
27.528669
27.602335
28.129631
26.346783
28.740829
27.408543
27.885662
28.420126
26.678238
29.096863
27.801439
27.910944
28.271328
26.318497
28.601952
26.952225
27.496929
28.071329
Control Period
26.749281
29.169952
27.401440
27.984032
28.523617
26.745888
29.152224
27.834272
28.407648
28.964640
27.638496
29.825697
27.794016
25.840160
28.138977
26.833313
26.944866
27.468067
28.037346
28.598434
27.291746
29.708323
27.970530
26.209185
28.585825
26.863394
26.856161
27.068064
25.303648
27.715105
26.407393
28.819872
27.066721
25.324835
27.736292
26.418341
26.553446
27.095078
27.576294
27.935654
26.076006
26.418982
26.616549
25.243299
27.671141
26.367525
26.372580
26.902948
25.125219
27.524387
26.207458
26.779810
27.307106
25.457699
27.764706
25.614243
23.750498
27.390976
26.072001
26.171265
26.713921
27.298561
27.866817
26.536577
28.935745
27.198977
Control Period
25.478592
27.888000
26.571072
26.670334
27.205822
27.752575
28.306496
26.972160
29.395905
27.630465
25.888577
28.270336
26.954433
29.357697
28.032578
28.604931
29.172161
27.860353
30.275906
28.529922
29.099203
29.645956
27.907141
30.339075
29.024195
29.585283
30.136131
28.825348
31.231686
29.290117
27.309637
29.583876
27.949507
28.047747
28.568899
29.129988
29.675716
28.366982
30.777412
29.020164
27.268036
29.679493
28.356421
28.466948
29.007555
29.575811
30.122564
28.815876
31.219139
29.443459
27.696449
30.108929
28.764353
28.877954
29.438019
30.042114
25.967554
26.480515
26.742594
26.932993
27.027136
25.245312
25.361984
25.899521
26.466753
27.024769
Control Period
25.732418
28.156162
26.392771
24.651907
27.405312
26.099648
26.190720
26.711872
27.294464
27.844288
26.539648
28.964415
27.220480
27.796928
28.348801
26.620224
29.043968
27.720898
28.300417
24.243265
22.402048
27.574272
26.254272
28.659584
26.891071
27.452160
28.000959
26.219135
26.321472
26.861057
27.408833
27.958656
26.207554
28.642563
26.889412
27.456644
28.012613
26.242052
28.664772
27.364227
27.944771
28.483330
26.727104
29.159040
27.389505
27.937281
28.275137
26.228098
26.138945
26.417410
26.962114
27.518084
26.198084
26.764292
27.321283
27.902853
28.420933
26.659588
26.761925
27.301510
27.872837
28.408325
27.076038
29.492615
27.724102
Control Period
28.293381
28.832964
27.165829
27.408451
28.194818
29.002691
29.797251
28.066626
30.484226
24.127171
27.421696
26.136513
28.541824
27.210560
27.752192
28.302015
26.543743
28.950079
27.185663
27.763136
28.294527
28.875071
29.434111
28.098751
28.661888
29.180992
27.443199
29.873087
28.555136
28.655424
29.177599
29.729471
30.280319
28.955200
29.513216
30.030272
28.293503
30.625088
29.311232
29.425856
29.962368
30.537792
31.081472
29.775808
30.327681
30.862144
29.099777
31.524546
25.163393
27.576897
26.243584
28.669376
27.339138
27.896130
28.455170
26.707138
29.130882
27.360321
27.942913
28.481472
26.739584
29.153090
27.836161
28.400320
Control Period
28.936832
27.181633
29.661697
28.694977
28.930433
29.711681
30.299393
30.862530
29.546627
31.961155
30.193668
30.746563
31.280003
29.527874
29.612803
30.146242
30.709379
31.261251
29.935106
32.359871
30.593407
31.157566
31.700222
29.942974
30.060669
30.600254
31.159294
31.717312
30.418816
32.835392
31.073025
31.648449
32.182915
30.408258
30.533121
31.079874
31.636866
32.175423
30.421246
32.828606
31.082623
31.671360
32.221184
30.464960
33.059711
32.082752
32.888577
33.546944
31.791744
34.211391
32.889343
32.986557
33.538429
34.094398
34.670845
33.347771
33.901691
34.442299
34.993149
35.521469
33.745789
33.852219
34.389755
34.965179
30.900860
31.476284
31.989244
Control Period
32.539066
33.074554
33.619259
34.191612
32.859325
33.414268
33.942589
32.192509
32.759739
33.302395
33.879868
34.410236
34.967228
35.502716
34.166332
34.715134
35.258812
33.515900
35.927357
34.613503
34.716862
35.246204
35.732540
35.948540
34.225082
34.398075
34.826042
33.516281
35.952312
34.183800
34.737720
35.271160
33.511864
33.638775
34.188599
34.653431
35.166389
33.425526
35.841080
34.089977
34.649017
35.206009
33.439545
35.845879
34.535095
35.093109
35.618359
33.739254
36.022709
33.893749
34.240822
34.796791
33.050808
33.167480
33.714233
34.278393
34.809784
33.501049
35.920696
34.143993
34.689720
35.223160
33.453625
33.587708
34.130363
34.695549
35.226940
33.910011
Control Period
36.332733
34.569340
35.146812
35.665916
33.907646
33.949566
34.104126
34.470654
34.595520
33.008255
33.591873
34.142723
34.668995
34.903427
32.685379
32.527618
32.841923
31.079556
33.508419
32.147461
32.407494
32.668549
30.925636
31.119108
31.272644
29.235844
24.424004
25.573376
26.106815
26.681215
27.142975
25.435902
27.703999
25.751167
23.991871
27.409409
26.094528
26.176384
26.427200
24.325888
27.290623
25.598911
25.919359
26.074944
24.543999
27.419647
25.650112
23.881599
27.284481
25.582529
25.588610
25.715521
23.969538
27.425793
26.102722
26.653570
26.806082
25.017090
27.303619
25.362053
23.398981
27.276287
25.650110
25.746302
Control Period
26.267454
24.508158
27.406336
26.078144
26.547071
26.667841
24.553217
27.360256
25.222080
25.786240
26.325823
24.558334
27.278336
25.463743
25.710463
25.959230
24.648447
25.551872
26.054592
23.908224
27.299839
25.557951
25.457535
25.742142
23.712509
24.986626
25.295872
25.843647
26.396544
25.078592
27.381506
25.360065
23.389826
27.280384
25.715649
25.825153
26.361666
24.606466
27.237377
25.489346
25.825153
26.228546
24.955650
27.397121
25.627586
26.036098
26.323778
24.183554
24.817663
25.282560
23.271360
27.362305
25.633728
26.207104
26.791744
25.471745
27.675327
25.552511
23.413311
22.684673
25.490433
26.008512
26.572672
27.105089
25.437952
Control Period
27.712191
25.681536
23.904833
27.422720
26.118080
26.229633
26.772289
24.998657
27.397120
26.077120
26.636160
27.167551
25.388800
27.584192
25.748096
25.622080
25.771521
24.012224
27.401217
26.081217
26.654593
27.196226
25.858818
28.202690
26.237572
24.272453
26.949631
25.160639
25.271166
25.822014
21.323517
25.536512
26.119104
26.659712
24.908607
27.320320
25.651136
25.671553
25.880384
24.127234
27.415552
26.141632
26.705791
27.269951
25.973503
28.293823
26.249855
26.610239
26.951166
25.207232
27.624830
26.311998
26.877184
27.436224
26.138752
28.562496
26.789886
27.345856
27.821953
25.809729
25.816832
25.952959
23.897726
27.421696
26.108864
Control Period
26.658688
27.194176
25.442047
27.841215
26.526335
26.627647
27.150848
25.379265
27.798912
26.484032
27.053312
27.599039
25.854078
28.160063
26.833918
26.934206
27.467646
25.700157
28.133118
26.831551
29.236862
27.475517
25.746941
28.168636
26.874237
26.981693
27.530495
28.074175
28.607615
27.307070
29.725695
27.952063
26.199934
28.620607
27.297535
27.407040
27.953793
28.512833
29.078016
27.591105
29.892992
27.776320
25.724161
28.142786
26.739841
24.549442
23.246849
27.410431
26.083263
28.497791
27.183935
27.307775
27.844286
26.070654
28.493374
27.184639
27.752895
28.290432
26.566975
28.995838
27.667646
27.792511
28.334143
26.582014
29.002687
27.677568
28.241728
Control Period
28.768000
27.027136
29.569664
28.610111
28.862976
29.651392
30.240128
30.818623
29.507839
31.909056
30.123137
30.700609
31.253504
29.474752
31.890305
30.571329
31.131393
31.685314
30.415489
32.825920
31.076864
31.634880
32.162174
30.406975
32.817406
31.502525
32.059517
32.605244
31.306747
33.737659
31.956860
32.540474
33.116920
31.361721
33.778297
32.485947
33.071609
33.623482
32.303482
34.726200
33.410297
33.519802
34.036858
32.292923
34.718716
33.403835
33.997692
34.552635
32.803581
35.220158
33.911423
34.005566
34.522621
32.779709
35.182972
33.869118
34.431229
34.993340
33.238140
35.639359
34.302975
34.420670
34.957180
33.195835
35.604218
Control Period
34.287289
34.844280
35.280441
33.523193
35.927483
34.622841
34.732346
35.275002
33.510586
35.928185
34.620472
35.213303
35.729336
33.602425
35.903290
26.667770
28.982971
27.653755
30.064186
28.767738
29.311419
29.856123
28.102972
30.518524
28.773563
29.331579
29.869116
30.418940
30.958525
29.173628
29.474619
29.746939
27.885242
30.283386
28.518970
29.072891
29.602236
27.841917
27.964733
28.508413
29.078718
29.629566
27.969599
30.313471
26.050495
26.135422
26.691391
27.219711
27.779776
28.307072
26.535488
26.636801
27.171265
27.755905
28.305729
26.982656
29.399233
27.539585
27.770945
27.898882
26.023874
26.053507
26.587973
27.166468
27.701956
26.390146
Control Period
26.946115
27.476484
25.716166
28.103045
26.797380
26.895620
27.419844
27.992197
28.551237
27.229189
27.794373
28.304260
26.421061
28.596996
26.628803
26.937988
27.364933
25.649670
28.064198
26.747269
27.277637
27.797766
25.998533
28.334213
26.221638
26.493958
26.856390
25.111429
25.218885
25.754374
26.304197
26.855045
25.545284
27.964931
25.821636
26.049923
26.364227
24.247555
25.013248
25.573313
23.821184
27.414528
26.103745
26.672001
27.208511
25.457409
27.605698
25.480833
25.936449
26.273281
24.531393
25.107456
25.665474
26.232706
26.792768
25.058048
27.414207
25.299583
25.626175
25.924095
24.175039
25.136127
25.659328
26.198914
26.770241
Control Period
25.455360
25.999041
26.539648
27.090496
27.638271
25.907648
26.021248
26.580288
27.147520
27.723969
26.408064
26.969152
27.516928
28.079039
28.620670
26.869566
26.974974
27.506365
28.070524
28.626493
27.313662
29.738430
27.992447
28.456255
28.935423
26.845375
26.838142
27.107391
27.688959
28.258238
26.936190
27.513662
28.080894
26.312382
28.727934
27.440702
27.551229
28.097982
28.662142
29.219133
27.887869
28.449982
28.987518
29.538366
30.064638
28.287933
28.386173
28.921661
29.483774
30.075583
28.775038
29.338175
29.763071
30.067135
30.187904
28.063042
28.111107
28.651714
26.884226
29.286467
27.987970
28.566465
29.099905
27.348803
29.771523
Control Period
28.005058
28.596867
29.133377
29.702656
30.277056
28.950911
29.482302
30.059774
28.311743
30.713984
29.442110
29.551615
30.074816
30.648191
31.199039
29.885183
30.443199
30.988928
29.240896
31.663616
30.354881
30.463360
30.996799
31.546623
32.091328
30.768257
31.329346
31.873026
32.457664
32.991104
31.225664
31.320833
31.837889
32.388737
32.935490
31.643137
32.208321
32.746880
33.303871
33.842430
32.091324
32.196732
32.736317
33.294334
33.873856
32.547714
33.112896
33.654530
34.209473
34.753151
32.983616
33.096191
33.649086
34.209152
34.695488
32.964863
33.239231
33.444992
31.693888
34.112511
32.352192
32.905087
33.438526
33.985279
34.551487
33.246845
Control Period
33.822269
34.354687
32.584129
34.982273
33.673538
33.777924
34.323650
34.875523
35.419205
34.102276
34.645958
35.174278
33.284935
35.612423
33.642181
33.710724
34.008644
32.272900
32.372162
32.903553
33.462593
34.003201
32.218304
34.568317
32.487488
32.799744
33.018814
31.267710
31.361855
31.898365
32.471741
33.041019
31.729212
32.199162
32.391609
30.279034
32.551224
30.682360
31.228086
31.760502
30.014519
32.422901
31.097782
31.640438
32.019253
29.794037
31.945396
29.851254
30.399029
30.954996
29.179316
29.289843
29.828402
30.395634
30.953650
29.536369
29.770802
29.962227
27.748276
30.150517
28.383028
28.965620
29.504181
30.090870
Control Period
30.655029
29.350389
29.921717
30.464373
28.717365
31.082741
29.030581
29.256821
29.291573
27.516918
27.610039
28.132215
28.657463
28.812023
26.939064
27.400826
27.838009
26.104313
28.510649
27.003256
26.767672
27.078905
24.981688
24.936447
25.534464
26.090433
26.606466
24.566595
27.145216
25.023424
23.065472
27.166719
25.084864
25.460608
25.990976
24.224512
27.401215
25.833406
26.156927
26.325823
24.468222
25.406464
25.973696
26.547071
27.030336
24.955648
25.033730
25.167809
25.591681
26.134336
24.821505
25.370625
25.466816
23.455616
27.160576
25.237440
25.775999
26.319679
24.534782
25.018368
25.129921
25.495426
25.767746
24.061699
Control Period
25.222143
25.398207
23.581568
27.416576
25.651136
26.194817
26.718018
24.961792
25.090048
25.624512
26.030975
26.357567
24.702719
27.189247
25.327551
25.878399
26.415936
24.662783
25.121792
25.654209
26.200962
26.657600
24.837887
25.138176
25.339840
23.585663
27.413506
25.640898
26.193794
26.754883
25.026306
27.354818
25.503363
25.671234
26.012161
24.611265
27.401217
25.636801
26.210176
26.752832
24.966913
25.115648
25.482176
25.704321
26.037058
24.285954
25.534464
26.070974
24.308607
27.325439
25.493439
25.356159
25.658176
23.878399
25.097216
25.625536
26.206079
26.756927
25.020161
27.428545
25.495169
25.762369
26.078722
23.975363
24.830976
25.435135
Control Period
26.010559
26.562431
25.250624
25.816832
26.346174
26.908285
27.439676
25.675261
25.801149
26.320253
26.901823
27.486464
26.170559
26.741886
27.290688
27.850752
28.379072
26.623873
26.728258
27.270914
27.830978
28.397186
27.092545
29.505024
27.741631
28.286335
28.843327
27.076862
27.188416
27.701376
28.254272
28.815361
27.500481
29.909889
28.154690
28.716801
29.246143
27.483776
27.373119
27.584000
27.593151
27.791744
26.450241
27.026690
27.558081
25.819265
28.245058
26.935297
27.028418
27.546499
28.106564
28.655363
27.345604
27.927172
28.463682
26.743298
29.166018
27.866497
27.993408
28.543232
29.109440
29.649025
28.340290
28.874756
29.425604
Control Period
29.990788
30.531395
28.934914
29.199041
30.014082
30.728769
31.268354
29.947330
32.364929
30.608706
31.205633
31.739073
29.976706
30.072897
30.602242
31.156162
31.698818
29.951809
32.376575
30.616257
31.194752
31.747648
29.995520
32.426430
31.140221
31.724861
32.277756
30.519484
32.941177
26.573881
27.137018
27.688890
28.253050
28.787514
29.363962
29.916857
28.611193
29.179449
29.714937
27.976122
30.384504
29.055288
29.161720
29.689014
30.236790
30.786613
29.479925
30.038965
30.557047
28.812086
31.213303
29.895351
29.994616
30.517817
31.075832
31.626680
30.318968
30.882105
31.427832
31.985849
32.505978
30.751802
30.860281
31.393721
31.969145
Control Period
32.529209
31.214329
31.772345
32.299641
32.875065
33.413624
31.666615
29.364597
29.935925
30.480629
31.041718
31.582325
32.133171
32.691189
31.373238
31.931253
32.468788
30.732019
33.149616
31.840881
31.951408
32.509422
33.083820
33.640812
32.344364
32.899307
33.374378
31.241322
33.503273
31.538153
31.914921
32.463722
30.678825
33.106667
31.784618
32.337513
32.883240
31.136230
33.580456
31.740265
32.304424
32.837864
31.089832
33.513577
32.180264
32.748520
33.276840
31.549288
33.967911
32.209641
30.459560
25.746025
26.317352
26.845673
27.406761
27.656553
25.996586
28.159210
26.191017
24.461418
27.426815
26.113983
26.212223
26.751808
24.990463
27.424768
26.124224
Control Period
26.692480
27.218752
25.478910
27.898558
23.825022
25.543678
26.098621
26.636158
24.898365
27.425793
26.113985
26.216322
26.504002
24.492802
27.222015
25.392063
25.811840
26.355520
25.028353
27.430593
25.580162
26.154564
26.672644
24.916420
27.449345
26.138561
26.693504
27.022144
25.188095
27.467455
25.558655
23.823935
27.412479
26.094528
26.206081
26.741570
27.302658
27.823811
26.197636
28.506691
26.500610
24.496578
27.345921
26.035137
26.139523
26.671938
24.909571
27.427839
26.118080
26.694527
27.208511
25.446144
23.254719
25.353214
25.472958
23.463806
27.167744
25.551807
26.120064
26.677055
25.350910
27.754173
26.429054
26.510910
27.044350
25.288124
Control Period
27.702652
26.389820
26.935547
27.449532
25.713787
28.129339
26.820602
26.922939
27.450235
25.706299
28.131065
26.836666
27.415161
27.964985
26.220024
28.623287
27.296120
27.395384
27.938040
26.208441
28.629114
27.311163
29.720572
27.965372
26.205053
28.636988
27.327229
27.366077
27.907711
28.498495
29.048319
27.737535
30.141823
28.358974
26.606846
29.017277
27.696253
27.829309
28.361727
28.902334
29.454206
28.146494
30.565119
28.821184
27.083391
29.492800
28.190207
28.298687
28.833151
29.408575
29.971712
28.658880
31.082624
29.317184
27.584513
29.988802
28.673922
31.102785
29.801218
30.357187
30.887556
28.979780
31.154692
21.951939
27.222015
25.916351
Control Period
28.339071
27.012928
27.572990
28.110527
26.337919
28.765760
26.999296
27.554239
28.091776
28.689730
29.245699
27.922626
28.612740
29.125698
27.372547
29.793221
28.461956
28.548931
29.095684
29.663940
30.204548
28.864067
29.439491
29.879747
28.144003
30.547266
29.239553
29.342913
29.858946
30.421059
30.973955
29.640642
30.186369
30.739264
31.325953
31.868608
30.116480
30.216768
30.767616
26.261951
26.783104
27.324736
27.845888
28.392641
28.941441
27.193409
27.272194
27.813828
28.366722
28.918594
27.582211
30.005955
28.252804
28.799557
29.351429
27.614662
27.707783
28.240198
28.824839
29.423815
28.105864
30.510153
28.751881
29.312969
29.835144
28.075848
28.181255
Control Period
28.704456
29.267593
29.795914
28.037642
30.445002
28.666250
29.210955
29.742346
27.970762
28.070026
28.620874
29.194250
29.709257
27.965322
30.403402
28.633867
29.188810
29.740683
27.979338
30.404104
29.108679
29.663622
30.219591
28.470535
30.907591
29.145224
29.724743
30.266375
28.499910
30.915462
29.605701
30.172934
30.731974
28.967558
31.369799
29.594118
30.139847
30.660999
28.891464
31.316233
29.993160
30.553225
31.091784
29.340681
31.748041
27.683722
28.222281
28.797705
29.334217
29.881992
30.394953
28.623369
28.721609
29.255049
29.800776
30.358791
29.045959
31.477896
29.736008
30.314503
30.843845
29.076359
29.176647
Control Period
29.713158
30.279366
30.817924
29.497925
31.930885
30.149061
30.723461
31.267141
29.500677
29.503685
30.053509
30.598213
31.148037
29.832132
32.250755
30.507843
31.047428
31.576771
29.806211
29.904451
30.429699
30.967236
31.520132
29.783365
32.183556
30.434500
31.001732
31.541317
29.769733
32.187332
30.866308
31.426373
31.963909
30.220997
32.635525
30.878277
31.445509
31.983046
30.199175
32.603462
31.292679
31.839432
32.366726
30.610500
33.019909
31.261639
31.821701
32.357189
30.605061
32.878277
30.965382
31.083076
31.329796
29.959620
30.518660
31.048004
31.611141
32.122051
30.382210
30.493761
31.044609
31.604673
32.160641
30.830400
33.250046
Control Period
31.484606
32.048763
32.587322
30.823931
30.932411
31.477116
32.038204
32.574715
31.231163
33.655930
31.874105
32.236538
32.256954
29.999994
29.999929
30.315256
30.871225
31.428217
30.110266
30.689787
31.264187
29.501820
31.931707
30.632189
30.736572
31.256699
31.726650
32.006138
30.153658
30.321531
30.415674
29.036283
31.468218
29.675131
30.213690
30.745081
28.969400
29.061497
29.626680
30.171385
30.722233
29.089912
29.317177
29.616119
27.800503
30.220150
28.896053
29.001461
29.519543
30.115446
30.679605
29.373941
29.940149
30.486902
31.044918
31.607029
29.800629
29.774965
30.048309
30.358517
30.403509
29.069174
29.624117
30.151413
28.390068
30.794357
Control Period
28.938805
29.498869
30.035379
28.282228
30.706997
29.390068
29.970612
30.511219
28.760115
31.140850
29.086641
29.364080
29.539120
27.562737
27.674290
28.220016
28.769840
29.318640
27.993521
28.540274
29.035826
29.272306
29.572275
27.283571
27.375668
27.911156
28.470196
28.971891
27.058996
27.406069
27.600565
26.166901
28.574261
22.202869
25.550848
26.086336
26.660738
27.188034
27.592449
27.760321
25.924225
26.284609
26.834433
25.518530
27.944323
26.185026
26.745089
27.266241
25.510017
25.578560
25.757696
26.059713
26.327936
24.872768
25.571327
26.093502
24.281982
27.252735
25.433023
25.271168
25.769791
24.027903
27.380735
26.048449
26.642305
Control Period
27.178818
25.412354
27.814594
26.036865
26.594881
27.120129
25.364929
27.776386
26.462530
27.006208
27.521215
25.760897
28.169281
26.174465
26.473408
26.516352
24.591167
25.100288
25.632704
26.180479
26.735422
25.418493
27.837118
26.074751
26.551870
27.085310
25.311678
25.329021
25.504063
25.812223
26.216639
24.923262
25.574400
26.133440
24.394625
27.395073
26.097601
26.224512
26.774336
27.319040
27.689665
25.875072
26.218048
26.429951
24.699327
27.412479
25.662399
26.221439
26.768192
25.010944
27.431616
26.133120
26.696257
26.997248
25.041344
27.284863
25.231678
25.794815
26.319038
24.572029
25.100288
25.646015
26.205055
26.751808
25.419521
Control Period
27.827906
26.070658
26.635843
27.186691
25.432514
25.552258
26.088768
26.644737
27.180225
25.849985
28.280897
26.512384
27.054016
27.577217
25.719616
25.828096
26.364609
26.927746
27.470402
26.143234
28.558786
26.811779
27.404610
27.944193
26.168512
26.257536
26.820673
27.363329
27.915201
26.183554
28.586817
26.830591
27.399872
27.941505
26.162754
28.580355
27.271620
27.836803
28.377411
26.617092
29.034691
27.283587
27.842627
28.378115
26.605507
29.000580
27.682629
28.248837
28.781252
27.030149
29.451845
25.385477
25.932230
26.529158
27.074884
27.640070
28.190918
26.431622
26.542149
27.048965
27.604933
28.156805
26.866501
29.264645
Control Period
27.498180
28.067459
28.607044
27.087364
27.346373
28.121477
28.757318
29.276423
27.519175
29.950087
28.182598
28.726278
29.242311
27.470728
29.875017
28.542730
29.104843
29.638283
27.884106
30.307850
28.542410
29.085066
29.620554
27.876619
30.313677
28.998796
29.572172
30.093325
28.342220
30.769035
29.463371
29.571850
30.098122
30.683784
31.233608
29.925896
30.495174
31.023495
29.281607
31.706375
30.412998
30.521477
31.141956
31.941635
32.736195
31.767426
34.301762
32.557827
33.117889
33.655426
31.889986
31.989250
32.508354
33.053059
33.586498
31.829250
34.242756
32.487556
33.045570
33.586178
31.820738
34.236290
32.943939
33.501953
34.058945
Control Period
32.320129
34.743874
32.982529
33.580479
34.140541
32.389435
34.844921
33.533112
34.093178
34.624569
32.851959
35.269558
33.511284
34.094902
34.645752
27.831993
30.258808
28.962360
31.378937
30.078392
30.640505
31.170874
29.435129
31.858873
30.109818
30.672955
31.211514
31.769529
32.315254
30.999350
31.562487
32.108212
30.363251
32.724529
31.316465
31.418802
31.947123
32.517426
33.059059
31.746227
32.324722
32.870449
31.130608
33.583023
32.258926
32.373550
32.917229
33.490604
34.063980
32.746029
33.297901
33.847725
34.385262
34.835758
33.080559
33.199280
33.722481
34.275375
34.829296
33.525681
34.091888
34.469681
32.460529
34.815666
33.128052
33.239605
Control Period
33.772022
34.330040
34.898296
33.603897
34.147575
34.688183
32.928886
35.350582
34.050037
34.040756
34.242420
32.113461
32.007923
32.128689
32.682610
33.244720
31.925743
34.333103
32.591217
33.134895
33.646832
31.615150
31.658094
31.773743
31.991791
32.479149
31.166317
31.726381
32.255726
30.511789
32.914028
31.421997
31.440365
31.588781
29.581678
31.985968
30.676207
31.241392
31.763567
30.012465
32.449520
30.700464
31.058802
31.309618
29.313778
29.303474
29.832819
30.407219
30.938610
29.332914
29.483377
29.703474
27.681009
30.112946
28.379250
28.927025
29.442032
29.995953
30.566257
29.254448
29.781744
30.146223
28.143215
30.385712
28.317169
28.883377
Control Period
29.412720
27.668785
27.773170
28.309683
28.860531
29.328434
27.360241
29.628338
27.609970
28.064564
28.588787
26.810036
26.858101
27.014709
27.183605
27.490742
26.065269
26.625334
22.551798
27.402241
25.842625
25.669506
25.801538
25.957123
26.518211
25.220739
25.759298
25.957890
23.875010
27.174911
25.212864
25.451393
25.781057
23.769857
24.916992
25.539583
26.091455
26.636160
24.779585
25.195518
25.455551
23.321472
27.363327
25.614269
26.179453
26.710844
24.561403
24.964096
25.299969
25.715649
26.284927
24.980288
27.407360
25.445312
25.646976
25.801537
23.620354
25.108480
25.656256
26.229631
26.769217
24.941313
25.102337
25.275330
23.474049
25.331711
Control Period
25.372608
23.468929
27.435009
26.111938
26.198914
26.722115
27.296515
27.868866
26.551937
27.122242
27.640324
25.778627
27.995523
25.966915
26.232067
26.596546
24.850563
25.109505
25.644993
26.209152
26.735424
24.989441
27.374592
25.316288
25.435009
25.765697
24.019714
25.097216
25.650110
26.205053
26.739517
25.409277
25.953981
26.238590
24.202814
27.251713
25.177025
25.767809
26.302273
24.537857
27.441151
26.121151
26.686335
27.207487
25.120512
27.290304
25.312895
25.566782
26.115582
24.360382
25.094143
25.617344
26.180479
26.747711
25.431808
27.818687
25.769600
26.031681
26.069504
24.288704
25.111553
25.658306
26.220417
26.769217
25.451265
Control Period
26.005186
26.525312
24.816191
27.433983
26.136511
26.229631
26.792768
27.353857
27.894464
26.485376
27.054655
27.589121
25.845186
28.277122
26.981697
26.994946
27.514050
28.063873
28.635201
27.319298
27.894722
28.414848
28.976959
29.515518
27.750078
27.860605
28.399164
28.976637
29.522364
28.199291
28.766521
29.315323
29.889723
30.426233
28.652601
28.764154
29.290426
29.848442
30.393147
29.057787
29.633211
30.159483
30.727739
31.282682
29.481401
29.468025
29.727032
29.968632
30.218424
28.678263
29.256758
29.800438
28.057526
30.493557
28.736309
29.294325
29.826742
30.371447
30.934584
29.624823
30.178743
30.724470
28.971319
31.405302
Control Period
30.093493
30.204020
30.737459
31.304691
31.870899
30.571381
31.128372
31.674099
29.896370
32.301682
30.967346
31.079922
31.610291
32.189812
32.754993
31.440113
32.008369
32.541809
33.090611
33.635315
31.865780
31.977333
32.495411
33.064690
33.615540
32.289394
32.854576
33.392113
33.938866
34.474354
32.707890
32.797935
33.314991
33.883247
34.421806
33.110001
33.664944
34.209648
34.774834
35.319538
33.550003
33.628788
34.187828
34.750965
35.323318
34.018677
36.444469
34.674934
35.238071
35.694710
33.689651
33.538036
33.669044
34.058102
34.597687
33.274612
33.826485
34.395767
32.673336
35.072502
33.744308
33.834358
34.358582
34.930931
35.486900
34.167923
Control Period
34.725937
35.260399
33.505199
35.920753
34.579250
34.692848
35.225266
35.785332
36.214325
34.435574
34.698677
34.849140
33.099060
35.520756
33.757362
34.303089
34.618416
32.670704
32.615341
32.932716
33.496876
34.038506
32.704170
33.098347
33.221161
31.034857
33.157543
31.337831
31.884584
32.406757
30.643364
33.056870
31.750181
32.326630
32.580517
30.474085
32.784164
30.717669
31.282852
31.822437
30.032421
30.030308
30.292389
30.529892
30.894371
29.581539
30.147747
30.619747
28.387363
30.681061
28.719013
29.270885
29.827877
28.054245
30.485157
29.174374
29.759014
30.290405
28.181925
30.435686
28.495142
28.727526
29.208742
27.485287
27.572262
28.032997
28.300198
Control Period
28.645222
26.831654
27.409126
27.926182
26.169956
28.574245
26.934757
26.953125
27.042149
25.137444
25.248997
25.771172
26.323044
26.625061
24.906725
25.272320
25.557953
23.400322
27.325439
25.130943
25.709438
26.241856
24.489727
27.352064
25.414591
25.606014
25.887550
24.211197
25.156609
25.334721
23.334785
27.425793
25.644993
26.204033
26.462017
24.377089
24.975361
25.089024
25.263039
25.443199
23.722815
25.382912
25.945023
24.205183
27.413504
25.587648
25.897856
26.023745
24.081152
25.008129
25.206722
25.594753
26.158913
24.826626
25.571327
26.018751
24.025984
27.309055
25.502655
25.505663
25.770815
23.762686
25.109505
25.640896
26.223488
26.722111
24.728319
Control Period
27.193344
25.085888
22.957951
27.414528
26.116032
26.223488
26.746689
27.324162
27.872961
26.428034
26.747458
27.065857
25.062849
27.434370
25.601347
26.159365
26.706118
24.958086
27.418625
26.097601
26.503040
26.644287
24.650496
27.288576
25.320383
25.876352
26.412863
24.600319
24.955904
25.119743
25.338814
25.644926
24.333118
25.548800
26.093504
24.348543
27.439104
25.668543
26.105726
26.187582
19.170046
14.640127
13.977600
15.676415
11.512833
26.843136
28.140480
30.568321
32.065346
34.396931
36.574913
37.626495
39.975487
41.398781
43.808189
46.168446
48.388412
49.499390
51.741886
52.997246
55.406654
57.840637
59.365311
61.787006
63.292221
65.617661
Control Period
67.972794
70.178421
71.062073
73.249268
73.980339
75.945328
78.032181
78.237946
80.396469
80.977013
83.165237
85.204987
87.286713
87.517044
89.604919
89.992950
92.178101
94.381683
94.830132
96.912888
97.154488
99.225975
101.303604
103.395569
103.604401
105.713776
106.130478
108.337135
110.534576
111.004532
113.092407
113.327866
115.407547
117.715576
119.916092
120.665596
122.722748
123.051392
125.103424
127.205627
127.416504
129.476730
129.850433
132.059143
134.254532
136.382339
136.776520
138.859268
139.122375
141.324936
143.527496
144.267792
146.375122
146.620819
148.701523
150.758667
152.817871
153.021576
155.096130
155.402237
157.594559
Control Period
159.779709
158.565186
154.061569
146.431686
134.735489
122.921539
115.194366
103.936447
96.213379
84.426048
72.625412
64.846024
53.532806
41.581638
29.644806
17.734598
17.286144
13.747200
13.206528
17.260544
13.067265
17.225727
13.685760
13.058048
17.281025
13.200384
17.288193
13.775872
13.179904
17.218559
13.043713
17.228800
13.737984
13.178880
17.284096
13.190144
13.745152
13.690880
13.085695
17.241089
13.063168
13.690880
17.279999
13.200384
17.288193
13.190144
13.686785
17.236992
13.054976
17.232895
13.059072
13.747200
17.288193
13.197311
17.293312
13.166592
13.703168
17.235968
13.070336
13.061120
17.224705
13.741056
17.287169
13.197311
13.214720
17.244160
13.679616
17.220608
13.073408
13.059072
17.249279
13.742081
17.304577
13.197311
13.165567
17.229824
13.687808
13.060097
13.041664
13.161472
17.274879
Control Period
13.746176
13.200384
17.165312
12.624896
17.075199
13.534208
17.018879
12.427264
17.029119
12.488705
16.985088
13.503489
12.467199
12.510208
12.450816
12.449792
13.528064
13.468672
12.487680
17.010689
12.469248
17.018879
13.476864
17.016832
12.505088
17.000448
12.370944
17.033216
13.486080
17.012737
12.482559
17.029121
12.476416
16.974848
13.445120
12.353537
12.443647
12.585983
12.487680
13.484032
13.484032
12.492800
17.013760
12.489728
17.040384
17.024000
17.058815
13.508608
12.514273
17.003521
12.475392
17.014784
13.468672
12.513280
13.538303
12.602367
16.998402
12.469248
17.005568
13.495296
17.016832
12.497920
17.016832
12.360704
17.042431
13.481983
12.461056
12.425217
12.549120
12.571648
13.481984
13.470720
12.473345
17.030144
12.478464
17.015808
13.480960
17.019905
12.485632
17.021952
12.507135
17.025024
13.450240
Control Period
17.004543
12.378112
17.011711
12.468224
17.038336
13.489152
12.505089
12.459008
12.498943
12.540928
13.495296
13.473792
12.500992
17.026047
12.479488
16.990208
13.480961
17.017857
12.490752
17.019905
12.483583
17.025024
13.444096
12.394496
12.407808
12.553216
12.471296
13.501440
13.498367
12.512257
17.007616
12.364799
17.027073
13.503489
17.021952
12.469248
17.037312
12.494848
16.992256
13.441024
17.006592
12.400640
16.990208
12.402688
17.044479
13.497344
17.048576
12.529664
12.519424
12.503040
13.504512
13.497344
12.518400
17.027073
12.475391
17.027073
13.477888
17.027073
12.483583
17.018879
12.504065
16.998400
13.502464
17.021954
12.508160
17.002495
12.396544
17.034241
13.511681
12.468224
12.395520
12.504065
12.503040
13.488128
13.480928
12.508128
17.021952
12.407808
17.029119
13.475840
17.015808
12.467199
Control Period
17.006592
12.592129
17.007616
13.494272
17.039360
12.480512
17.004543
12.379136
17.035263
13.496320
12.482560
12.465153
12.561408
12.551168
13.495296
13.489152
12.483583
17.046528
12.425217
16.997375
13.495296
17.016832
12.443648
16.987137
12.494848
17.036289
13.500416
17.009663
12.475392
17.026049
12.476416
17.027073
13.467648
12.479488
12.421120
12.384256
12.518400
13.512704
13.456385
12.477440
17.031168
12.507135
17.029121
13.493248
17.026049
12.507136
17.021954
12.499968
17.044479
13.459456
17.004543
12.466176
17.046528
12.435455
17.045504
13.477888
12.500992
12.430336
12.476416
12.479488
13.477888
13.474816
12.523520
17.032192
12.482559
16.995327
13.496321
17.015808
12.474368
17.013760
12.480513
17.022976
13.488129
17.048576
12.481536
17.043457
12.436480
17.010689
13.488129
12.473344
12.495872
12.480512
Control Period
12.492800
13.468672
13.477888
12.498943
17.008640
12.478464
16.992256
13.464577
17.027073
12.482560
16.991232
12.477440
17.034241
13.480960
17.019905
12.494848
17.037312
12.500992
17.018881
13.481983
12.472321
17.030144
12.416000
12.481536
13.483007
13.496321
12.488704
17.024000
12.525536
12.530688
12.691456
13.523968
17.025024
12.477440
17.026016
12.527617
17.001472
13.505536
17.037312
12.508160
16.998400
12.412928
17.039360
13.510656
12.481567
12.364799
12.394496
12.494848
13.484032
13.487104
12.495872
17.045504
12.432384
17.046528
13.483007
17.040382
12.483583
17.032192
12.493824
17.014784
16.133120
16.333824
13.500416
13.499392
15.948800
13.478912
15.944704
13.509632
17.045506
13.503489
16.026625
13.478912
16.026623
13.497344
17.045504
13.496321
16.026623
13.485056
16.044033
13.497344
17.029119
Control Period
13.440001
13.448193
13.475840
13.490176
13.453312
17.027073
16.025600
13.490176
15.975424
13.488128
17.024000
13.504512
16.022528
13.508608
16.052223
13.507584
17.018879
13.464576
16.033792
13.471745
16.032768
16.147457
16.200705
13.501440
13.500416
16.018433
13.503489
16.018433
13.472768
17.008640
13.440001
15.919104
13.499392
16.046080
13.456384
17.026047
13.470720
16.027647
13.487104
16.029696
13.486080
17.015778
13.513728
13.473792
13.504512
16.114687
13.480960
13.476864
15.947777
13.483007
16.011265
13.498368
17.019905
13.488128
16.037888
13.490176
16.023552
13.481984
17.033215
13.502464
16.049152
13.458432
15.906816
13.496321
17.036289
13.490176
13.495296
13.484032
13.495296
13.464576
13.484032
16.189440
13.498368
15.950848
13.452288
17.038336
13.516800
16.038879
13.483007
16.052223
13.483007
17.041409
Control Period
13.463552
16.030720
13.460480
15.918079
13.494272
17.020927
13.456385
13.452288
13.498368
13.524992
13.465600
13.514751
16.028671
13.512704
15.956992
13.442048
17.017857
13.496320
16.018433
13.503489
16.045055
13.501440
17.026047
13.480960
16.037888
13.496320
16.047104
13.484032
17.008640
13.485056
13.506560
14.775295
12.584960
12.614656
13.488129
13.492224
12.480513
17.014784
12.468224
17.034241
13.473791
17.018879
12.491776
17.018881
12.498976
16.992256
13.489152
17.028095
12.504065
17.004543
12.395520
17.055744
13.498368
12.481537
12.487680
12.503040
12.507136
13.493248
13.500384
12.559361
17.049601
12.484608
17.026047
13.467648
17.028095
12.493824
17.032192
12.493824
17.035263
13.484032
12.476416
12.451839
12.550144
12.424192
13.529088
13.527040
12.585983
17.013760
12.478464
17.022976
13.466624
17.039360
12.497920
Control Period
17.041409
12.405760
17.035263
13.469696
17.039360
13.109247
13.468672
13.518848
15.968256
13.451263
13.531136
13.503489
16.056320
13.478912
16.039936
13.475840
17.018881
13.486080
16.039936
13.485056
16.035841
13.497344
17.024000
13.475840
13.503489
13.496321
13.533184
13.472769
13.484032
16.019455
13.486080
16.028671
13.496320
17.036287
13.508608
16.022528
13.486080
16.039936
13.518848
17.014784
13.475840
16.044031
13.506559
16.023552
13.477888
17.006592
16.033792
13.477888
13.432833
13.561855
17.064960
13.503489
16.097281
13.477888
16.024576
13.472768
17.030144
13.464577
16.016384
13.473791
16.036863
13.484032
17.001472
13.454336
13.501440
13.490175
13.456385
13.479937
13.463552
16.039936
13.464544
15.935488
13.496320
17.047550
13.477888
16.015360
13.512704
16.035841
13.460480
17.035263
Control Period
13.480960
16.038912
13.512705
16.041985
13.490176
17.022976
13.501440
13.491199
13.528064
13.538303
12.521472
12.932096
13.540352
17.055744
12.492800
17.031168
12.414976
17.051647
13.492224
17.014784
12.476416
17.021952
12.483583
17.019905
13.504512
12.468224
12.466176
12.569599
12.424192
13.531136
13.531136
12.547071
16.986111
12.378113
17.041409
13.478912
17.030144
12.487680
17.024000
12.478464
17.022976
13.487104
12.483583
12.371968
17.003521
12.492800
17.020927
13.500416
12.472321
12.530687
12.605440
17.052673
13.506560
17.020927
12.513280
17.017857
12.487680
17.056768
13.502464
17.030144
12.483583
17.020927
12.517376
17.046528
13.522943
12.558336
12.495872
12.509184
12.517376
13.470720
13.497344
12.477440
17.014784
12.494848
17.011711
13.504512
17.034241
12.511232
16.992256
12.455936
17.035263
13.481984
12.436480
Control Period
12.368896
17.044479
12.505089
16.998400
13.498367
12.514304
12.535808
12.610559
17.017857
13.488129
17.051647
12.491744
17.022976
12.491776
17.008640
13.509632
17.047550
12.510208
13.597696
13.642752
13.552640
16.086016
13.473791
17.044479
13.494272
15.977472
13.449216
16.049152
13.500416
17.031168
13.486080
16.033792
13.464577
16.032768
13.505536
17.027073
13.461504
13.453312
13.512705
13.511681
13.483007
13.489152
16.037888
13.506560
15.963137
13.493248
17.045506
13.510656
16.007168
13.507584
16.054272
13.486080
17.014784
13.469696
16.047104
13.509632
16.057344
13.543425
13.508608
16.088064
13.476864
16.063488
13.535232
17.060863
13.540352
16.072704
13.487104
16.023552
13.480960
17.021952
13.475840
16.012287
13.473792
16.047104
13.490175
16.995327
13.467648
13.485056
13.505536
13.542400
13.463552
13.506560
16.036863
Control Period
13.449216
16.014336
13.461504
17.039360
13.490175
16.026625
13.501440
16.024576
13.477888
17.044479
13.475840
13.501440
13.458432
13.512705
12.481536
12.718081
13.546495
17.043457
12.515327
17.031168
12.490752
17.018879
13.466624
17.043457
12.516352
17.040384
12.419072
17.052673
13.483007
12.510208
12.483583
12.500992
12.490752
13.485056
13.467648
12.576768
17.049601
12.504065
16.986111
13.470720
17.031168
12.514304
17.038336
12.481536
17.028095
13.504512
12.499968
12.430336
17.039360
12.472320
13.505536
13.511681
12.614656
17.068031
12.583936
17.078272
13.518848
17.030144
12.493824
17.037312
12.513280
16.996353
13.495296
17.032192
12.526592
12.441601
12.375040
12.482559
13.555712
17.050625
12.500992
17.026049
12.512257
17.041409
13.487104
17.007616
12.488705
17.020927
12.510208
17.038338
13.470720
12.494848
Control Period
12.487680
12.519424
12.405760
13.535233
13.505536
12.495872
16.989183
12.468224
17.045504
13.504513
17.022976
12.476416
17.046528
12.494848
17.014786
13.492224
17.045504
12.525568
12.509184
12.536832
13.514751
13.486080
12.523520
17.015808
12.491776
17.015808
13.485056
17.043457
12.516352
17.024000
12.473344
17.046528
13.515776
17.015808
12.470272
17.043457
12.522495
17.004543
13.477888
12.469248
12.540928
12.623873
17.041409
13.505536
17.042431
12.484608
17.026049
12.484608
17.000448
13.495296
17.031168
12.503040
17.026049
12.511232
17.045504
13.503489
12.475391
12.452864
12.634112
12.620800
13.502464
13.487104
12.494848
17.031168
12.472320
17.020927
13.494272
17.018879
12.452864
17.039360
12.505089
17.032192
13.475840
17.008640
12.480513
17.044479
12.506112
17.044479
13.492224
12.500992
16.986111
12.463104
17.038336
Control Period
13.502464
13.487104
12.559361
17.062912
12.500992
17.141760
17.105919
12.655617
13.511681
13.530112
12.569600
17.011711
12.506112
17.039360
13.481983
17.047552
12.483583
17.053696
12.408833
16.991232
13.490175
17.041409
12.443648
17.014784
12.615681
17.057793
13.530111
12.609535
17.028095
12.505089
16.992256
13.487104
17.041409
12.502016
16.987137
12.388351
17.031168
13.502464
17.035263
12.487680
17.029121
12.504065
17.060863
13.550592
12.611584
12.524544
12.530687
12.504065
13.484032
13.496320
12.571648
17.070080
12.612608
17.037312
13.493248
17.039360
12.482559
16.988159
12.383232
17.046528
13.501440
12.502016
12.503040
12.498944
12.483583
13.493248
13.497344
12.571648
17.039360
12.494848
17.037312
13.473791
17.030144
12.516352
17.016832
12.520448
17.020927
13.501440
17.039360
12.495872
17.022976
12.521472
13.468672
Control Period
13.466624
12.523520
17.032192
12.489728
17.030144
13.472769
17.042431
12.505088
17.021954
12.405760
17.030144
13.496321
17.041409
12.478464
17.129473
16.292864
13.522943
13.509632
13.509632
13.511681
16.053247
13.481984
16.021503
13.492224
17.043457
13.481984
16.046080
17.056768
16.260096
13.522943
13.507584
13.491199
13.555712
16.034815
13.436928
16.027649
13.488129
17.034241
13.486080
16.012289
13.486080
16.020479
13.499392
17.038338
13.463552
16.030720
13.488129
16.062464
13.495296
17.015808
13.496321
13.497344
13.463552
13.528065
13.522943
13.532160
16.071680
13.477888
16.032768
13.495296
17.036287
13.469696
15.933440
13.498368
16.103424
13.531136
17.080320
13.540352
13.528065
13.465600
13.534208
13.531136
13.526016
16.038912
13.499392
16.035839
13.495296
17.027073
13.489152
Control Period
16.038912
13.491199
16.053247
13.490176
17.051647
13.472769
13.505536
13.487104
13.483007
13.484032
13.516800
16.158720
13.531136
16.075775
13.477888
17.036287
13.473792
16.001024
13.504513
16.025600
13.524992
17.040384
13.490175
13.500416
13.545471
13.551617
13.544449
13.582336
16.332800
17.131519
16.387072
13.583361
13.553664
13.509632
13.520896
16.164864
13.528065
16.145409
13.516800
17.024000
13.500416
16.136192
13.561856
13.507584
13.548544
13.537280
16.160769
13.515776
16.158720
13.533184
17.080320
13.541376
16.158720
13.533184
16.171009
13.528064
13.542400
16.086016
13.524992
16.114689
13.544448
17.054720
13.554688
16.166912
13.518848
16.175104
13.530111
17.095680
16.083967
13.524992
16.242687
13.534208
17.070080
13.527040
16.125952
13.513728
16.164864
13.554688
17.039360
13.498368
13.516800
Control Period
13.551616
13.538303
17.061888
13.533184
16.179199
13.518848
16.164864
13.552640
17.072128
13.543424
13.542400
13.582336
13.557760
13.523968
13.511681
16.203777
13.549568
16.155647
13.527040
17.067009
13.499392
13.495296
13.443071
13.573120
13.545472
13.495296
16.220161
13.532160
16.108543
13.504512
17.078272
13.519873
16.116737
13.495296
16.171999
13.548544
17.085440
16.141312
13.530112
16.183296
13.497313
17.086464
13.534208
16.169983
13.516800
16.159744
13.555712
17.074177
13.546495
13.539328
16.120832
13.545472
17.092609
13.530111
16.185345
13.523968
16.189440
13.528064
17.077248
13.507584
13.530111
16.166912
13.562880
17.055744
13.565952
16.183296
13.550592
16.084991
13.552640
17.069057
13.533184
13.527040
13.538303
13.583360
17.088512
13.503489
16.037888
13.523968
16.158720
13.523968
Control Period
17.083393
13.513728
13.510656
13.489152
13.615105
13.593599
13.531136
16.154623
13.523968
16.156672
13.526016
17.076191
13.535232
13.519873
13.515776
13.537280
13.535233
13.535233
16.155647
13.507584
16.172031
13.547520
17.032192
13.502464
16.130047
13.545471
13.538303
13.563904
13.476864
16.196608
13.501440
16.043009
13.530112
17.067009
13.537279
16.158720
13.516800
16.157696
13.532160
17.088512
16.165888
13.533184
16.160769
16.353279
16.281601
13.541376
13.527040
16.093185
13.527040
16.189440
13.528064
17.081345
13.494272
16.058369
13.545472
16.186369
13.523968
17.110016
13.538303
13.521920
13.597696
13.665279
13.565952
17.062912
13.529088
16.167936
13.534208
16.165888
13.537280
17.062912
13.526016
13.518848
16.068607
13.538303
17.070080
13.519873
16.235519
13.538303
16.108543
13.543424
17.049599
Control Period
13.603840
13.530111
13.532160
13.545472
17.046528
17.147903
17.197056
13.489152
12.762112
17.062912
12.619776
17.056767
13.542400
17.058815
12.608512
17.046528
12.500992
17.088512
13.522943
12.617727
17.043457
12.513280
17.074177
13.537280
17.080320
12.630016
17.081345
12.565504
17.103870
13.552640
12.626944
12.576768
12.616704
12.681215
13.549568
17.037312
12.581888
17.100800
12.624895
17.067009
13.546495
12.627968
12.611584
12.798976
12.676096
13.593599
17.085442
12.623872
17.092609
12.615680
17.057793
13.544448
12.620800
13.636608
13.625343
13.559808
16.167936
13.502464
17.049599
13.523968
16.169983
13.501440
16.051201
13.526016
17.069057
13.545471
13.547520
13.517824
13.574144
13.535233
13.530112
16.200705
13.519873
16.157696
13.545471
17.059841
13.526016
13.523968
13.491199
13.566977
13.543425
13.508608
16.212992
Control Period
13.541376
16.160769
13.514751
17.085442
13.544448
13.507584
13.523968
13.500416
13.548544
13.554688
16.120832
13.508608
16.175104
13.516800
17.078274
13.526016
16.185345
13.514720
13.541376
13.546495
13.517824
16.040960
13.512704
16.273407
13.573120
17.085442
13.520896
16.173056
13.536256
16.178177
13.532160
13.522943
16.107521
13.541376
16.180223
13.546495
17.060863
13.548544
16.194561
13.578239
16.220160
13.542400
13.507584
16.101376
13.545471
16.179199
13.542400
17.088512
13.527040
16.160769
13.519873
16.156673
13.550592
17.075199
13.519872
13.522943
16.065536
13.529088
17.059839
13.543424
16.152576
13.528032
13.549568
13.481984
13.548544
17.052673
13.523968
16.183296
13.559809
16.180223
13.494272
17.040384
13.536256
13.548544
13.523968
13.581312
17.071104
13.518848
16.115711
13.556736
16.200703
13.467648
17.096704
Control Period
13.530112
13.523968
13.545471
13.527040
17.060863
13.514752
16.167936
13.520896
16.165888
13.555712
17.051647
13.532160
13.534208
13.479936
13.545472
17.061890
13.524992
16.185345
13.514751
16.057344
13.548544
17.102848
13.507584
13.508608
13.568000
16.277504
13.601792
17.028095
13.577216
16.303104
13.568001
13.526016
13.573120
13.566977
16.166912
13.537280
16.147457
13.518848
17.090561
13.546495
16.181248
13.510656
13.502464
13.537279
13.538304
16.153601
13.538303
16.185345
13.549568
17.035263
13.509632
16.143360
13.548544
16.136192
13.497344
17.062912
16.152576
13.492224
16.060417
13.521919
17.070080
13.561856
16.167936
13.526016
16.224255
13.555712
17.140736
13.572096
13.543425
16.186367
13.588480
17.130497
13.566977
16.173056
13.555712
16.190464
13.518848
13.558784
16.142336
13.536256
16.098305
13.541376
17.073151
13.546495
Control Period
16.113663
13.501440
16.130049
13.548544
17.092609
13.539328
13.540352
16.212992
13.524992
17.081345
13.530112
16.151552
13.527040
16.166912
13.551616
17.045504
13.564928
13.536256
13.552640
13.541376
13.579264
13.580288
16.310272
13.535233
16.187393
13.551616
17.082367
13.541376
13.522943
13.573120
13.561855
17.035263
13.513728
16.153601
13.540352
16.083969
13.545471
17.072128
13.530111
13.541376
13.578239
13.624320
17.122303
13.589504
16.194559
13.545471
16.111616
13.492224
17.094656
13.555712
13.529088
13.531136
13.563904
17.070080
13.520896
16.189440
13.537279
16.215040
13.543425
17.029119
13.570047
13.596672
13.527040
13.583360
17.093632
13.559808
16.144384
13.522943
16.164864
13.552640
17.080320
13.522943
13.523968
13.536256
13.548544
13.563904
13.470720
16.209921
13.548544
16.168961
Control Period
13.535232
17.050625
13.566977
13.544448
13.581312
13.563904
13.540352
13.530111
16.171007
13.511681
16.152576
13.529088
17.088512
13.526016
16.161793
13.534208
13.548544
13.533184
13.611008
16.338943
13.566977
16.193535
13.538303
17.057793
13.545472
13.551616
13.548544
13.600768
13.540352
13.526016
16.160769
13.555712
16.161793
13.530111
17.083393
13.552640
13.509632
13.528065
13.585407
13.588480
13.460480
16.375809
17.179647
16.359425
13.535233
16.163841
13.538304
17.079296
13.515776
16.167936
13.511681
16.059393
13.540352
17.087488
13.520896
13.549568
16.156673
13.556736
17.052673
13.563904
16.267263
13.551617
13.580288
13.539328
17.065983
13.520896
16.171007
13.542400
16.166912
13.498367
17.104897
13.506559
13.566977
13.538303
13.534208
17.072128
13.553664
16.163839
13.552640
16.291840
13.601791
17.124352
13.554688
13.550592
Control Period
16.164864
13.502464
17.078272
13.523968
16.164864
13.510656
16.172031
13.556736
17.054720
13.540352
13.536257
13.604864
13.593600
17.105919
13.524992
16.176128
13.511680
16.066561
13.533184
17.081345
13.546495
13.524992
13.466624
13.582336
13.595648
13.667328
13.501440
16.267263
13.532160
16.150528
13.539328
17.028095
13.507584
13.578239
13.578240
13.526016
17.069057
13.535233
16.176128
13.524992
16.156673
13.530112
17.071104
13.574144
13.511681
13.515776
13.565952
17.029121
13.513727
16.148479
13.575169
16.209919
13.544449
17.052671
13.501440
13.507584
13.550592
13.576192
13.538303
13.549568
16.163841
13.598721
13.623296
13.645824
13.602816
17.087488
13.544448
16.155647
17.100800
16.325632
13.578239
13.484032
13.541376
13.485056
16.219135
13.529088
16.164864
13.537280
17.060863
13.497344
Control Period
16.062464
13.551616
13.536256
13.536257
13.577216
16.211967
13.546495
16.101376
13.535232
17.090561
13.537279
16.172031
13.532160
16.169985
13.527040
13.557760
16.137217
13.566977
16.172031
13.560832
17.084415
13.580288
16.284672
13.522943
16.174080
13.508608
13.547520
16.176128
13.556736
16.301056
13.549568
17.083393
13.543425
16.179199
13.508608
13.503489
13.591552
13.565952
16.169985
13.527040
16.157696
13.543424
17.041409
13.510656
16.143360
13.546495
16.212992
16.464895
13.571072
13.568000
16.164864
13.533184
16.184320
13.503489
17.105919
13.545472
16.172031
13.539328
13.545471
13.548544
13.462528
16.180223
13.560832
16.197632
13.487104
13.668352
13.676544
13.606913
16.243711
13.629440
16.162815
13.503489
17.040384
13.529088
13.558784
13.518848
13.566977
17.077248
13.546496
16.132095
13.530112
16.171009
13.545472
Control Period
17.070080
13.544448
13.578239
13.582336
13.566977
17.081345
13.499392
16.163841
13.519873
16.164864
13.524992
17.075169
13.557760
13.535232
13.536256
13.562880
17.063936
13.520896
16.113663
13.507584
16.315392
13.580288
17.111040
13.576192
13.526016
13.533184
13.531136
17.044479
13.538303
16.171009
13.558784
16.125952
13.554688
17.070080
13.540352
13.518848
13.553663
13.523968
13.540352
13.539328
16.155647
17.174528
16.399361
13.494272
13.459456
13.514751
13.551617
16.166912
13.533184
16.107519
13.542400
17.128448
13.588480
13.520896
13.513728
13.528064
13.543425
13.558784
16.167936
13.583361
16.272385
13.550592
17.094656
13.493248
12.646400
13.701120
12.964864
17.093632
12.622849
17.080318
13.522943
12.599297
12.493824
12.533760
12.642303
13.524992
13.461504
12.699648
17.031168
12.684288
Control Period
17.008640
13.582336
12.769279
12.691456
12.731392
17.071104
13.533184
17.072128
12.625919
17.009663
12.726273
17.073153
13.580288
12.755968
12.650496
12.606464
17.072128
13.527040
17.064960
12.614656
17.064960
12.622849
17.064928
13.560832
12.618752
12.692480
12.602367
17.082367
13.559809
17.069056
12.607489
17.051647
12.603392
17.073151
13.592576
12.735488
12.719105
12.852224
17.061888
13.545471
17.083393
12.638208
17.078274
12.588032
17.099777
13.560832
12.627968
13.662209
12.893185
12.830720
17.083393
13.513728
17.073153
12.614656
17.070080
12.633088
17.069056
13.524992
12.624896
16.994305
12.772352
17.078272
13.539328
17.061890
12.616704
17.075199
12.625919
17.087488
13.524992
12.626944
17.062912
12.641280
17.071104
13.539328
17.102848
12.639233
17.057793
12.650496
17.036287
13.543425
12.794880
17.057793
Control Period
12.639233
17.074177
13.589504
17.101824
12.755968
17.009665
12.600320
17.078272
13.542400
12.579840
17.052704
12.505088
17.038336
13.600768
17.119232
12.762112
17.114113
12.672000
13.536256
13.523968
12.638208
17.058815
12.620800
17.072128
13.545471
17.038336
12.584960
17.071104
12.625919
17.089535
13.585408
12.716032
17.087488
12.597248
17.002495
13.560832
17.106943
12.765184
17.093632
12.803072
13.540352
13.531136
12.712959
17.088512
12.708864
17.089537
13.542400
17.058815
12.568576
17.093632
12.736511
13.554688
13.542400
12.723200
17.083393
12.639233
17.042431
13.542400
17.077248
12.618752
17.072128
12.620800
13.546495
13.530112
12.628992
17.052673
12.621824
17.083393
17.138687
17.153023
13.551616
12.665855
17.098751
12.739584
17.094656
13.592576
17.116161
12.793856
12.692480
12.616704
13.544448
Control Period
13.578240
12.635136
17.083393
12.645376
17.077248
13.523968
17.060863
12.660736
12.634111
12.619776
13.615105
13.576192
12.746719
13.598721
12.864511
12.834816
17.093632
13.543425
17.077248
12.640256
17.096703
12.617728
17.073153
13.491199
12.527617
17.183744
17.204224
13.699072
12.790784
17.049599
12.505089
17.112064
13.563904
17.070080
12.666880
17.030144
12.718081
13.547520
13.569024
12.712959
17.074177
12.621824
17.030144
13.581312
17.096704
12.628992
12.655617
12.700672
13.550592
13.587456
12.743680
17.037312
12.661760
17.090561
13.541376
12.627968
12.617727
12.627968
12.626944
13.513728
13.507584
12.648448
17.078272
12.697600
17.055744
13.548544
12.611584
12.621824
12.608512
12.606464
13.615104
17.114113
12.622849
17.068031
12.646400
17.058815
13.548544
12.612608
12.613632
12.858368
12.700672
13.587456
Control Period
17.085440
12.636160
17.068031
12.641279
17.032192
13.566977
12.667904
12.684288
12.673024
17.095680
13.537280
17.087521
12.631041
17.079296
12.606464
17.065985
13.539328
12.636160
12.604416
12.700672
17.081345
13.518848
17.067009
12.651520
17.127424
12.744704
17.128448
13.612032
12.735488
17.042431
12.494848
17.112064
13.613056
17.119232
12.773376
17.124352
12.663808
13.607936
13.535233
12.648448
17.076225
12.640256
17.068031
13.546495
17.064960
12.601344
16.937984
12.779520
13.557760
13.602816
13.531136
12.707808
12.609536
17.057793
13.523968
17.080320
12.611584
17.072096
12.636160
17.045506
13.549568
12.611584
12.612608
12.851200
17.115135
13.574144
17.071104
12.615681
17.087488
12.644352
17.087486
13.536256
12.633087
17.070080
12.631040
17.067009
13.566977
17.085442
12.662784
17.084415
Control Period
12.633088
17.108992
13.593600
12.771328
17.061888
12.632064
17.091583
13.588480
17.108992
12.766209
16.999424
12.613632
17.071104
13.543424
12.606464
17.043457
12.575745
17.037312
13.587456
17.114113
12.754944
17.121281
12.656640
17.059841
13.594624
12.764160
17.064960
12.608512
17.083393
13.549568
17.035263
12.506112
17.008640
12.734464
17.104897
13.579264
12.754944
17.086496
12.619776
16.935936
17.035263
17.037312
12.613632
17.081345
12.639233
13.527040
13.550592
12.684288
17.014784
12.645376
17.094656
13.540352
17.075199
12.562432
17.111040
12.748800
17.089537
13.600768
12.753920
17.086464
12.639233
17.035263
13.546495
17.026047
12.742657
17.084415
12.666880
13.565952
13.551616
12.653568
17.075199
12.697599
17.121281
13.566977
17.093632
12.680192
12.725248
12.606464
13.624320
17.102848
12.662785
17.060863
12.616704
Control Period
17.085442
13.517824
12.639233
12.653568
12.758017
17.104897
13.532160
17.060863
12.639233
17.045504
12.613632
17.013760
13.575168
12.773376
12.623872
12.643328
17.093632
13.536256
17.059841
12.660736
17.129471
12.774401
17.110016
13.594624
12.729343
17.045504
12.608512
17.093632
13.582336
17.092609
12.672000
17.041409
12.697599
17.086464
13.548544
12.631040
17.057793
12.631041
17.081345
13.535232
17.072128
17.187840
17.191936
12.855296
12.743680
12.671007
13.499392
17.064960
12.614656
17.091583
12.626944
17.073153
13.512704
12.593152
12.580864
12.643328
12.677120
13.566976
17.091583
12.643328
17.090561
12.631040
17.061888
13.551616
12.609536
12.736511
12.829697
12.858368
13.565952
17.087488
12.600320
17.105919
12.741632
17.025024
13.606912
12.726273
17.053696
12.631041
17.038336
13.586432
17.097729
12.761087
17.120255
12.789761
13.568000
Control Period
13.538303
12.616704
17.067009
12.618752
17.060863
17.176577
17.115135
13.641727
12.764160
17.090561
12.631041
17.048576
13.550592
17.077248
12.626944
17.075199
12.611584
13.538303
13.535233
12.669952
17.080320
12.643328
17.091583
13.569024
17.093632
12.674047
16.994305
12.647425
13.581312
13.593599
12.789760
17.102848
12.781569
17.074177
13.554688
12.674047
12.644352
12.690432
12.615680
13.591552
17.091583
12.624896
17.047552
12.605440
17.091583
13.544448
12.602367
12.638208
12.652544
12.633088
13.524992
13.571072
12.755968
17.136639
12.687360
17.086464
13.533184
12.621824
12.572672
12.696576
12.688384
13.550592
17.070080
12.618752
17.114113
12.700672
17.088512
13.536256
12.619776
12.653568
12.713984
12.782592
13.598721
17.096704
12.639233
16.983040
12.753920
17.070080
13.528064
12.611584
Control Period
17.018879
12.676096
17.081345
13.510656
12.547071
17.028095
12.616704
17.102848
13.588480
17.096704
12.630016
17.005568
12.761087
17.111038
13.579264
12.767232
17.071104
12.635136
12.633088
13.543424
17.078272
12.645376
12.618752
12.677120
13.494272
13.569023
12.727296
17.019905
12.644352
17.083393
13.540352
17.093632
12.634111
12.669952
12.657663
13.556736
13.539328
12.698624
17.074177
12.621824
17.028095
13.491199
17.118208
12.746752
12.789761
12.669952
13.568000
17.100800
12.603392
17.084415
12.803072
17.116161
13.545471
12.639233
12.581888
12.829697
17.087488
13.556736
17.087488
12.606464
17.102848
12.706816
17.093632
13.560832
12.633088
17.091583
12.634111
17.058815
13.574144
17.084415
12.690432
17.059839
12.662785
17.014784
13.561856
12.648448
17.048544
12.628992
17.128448
13.599744
17.124352
12.761087
17.092607
12.624895
Control Period
17.087488
13.535232
12.605440
17.058815
12.680192
17.021954
13.591553
17.106945
12.771328
17.127422
12.665855
13.533184
13.528064
12.656640
17.061888
12.646400
17.135616
13.574144
17.078272
12.611584
17.086464
12.637184
13.543425
13.544448
12.782592
17.118208
12.686337
17.082369
13.504512
17.072128
12.626944
17.080320
12.666880
13.544448
13.535233
12.755968
17.039360
12.676096
17.099775
13.514751
17.124352
12.702721
12.618752
12.640256
13.544448
13.515776
12.662784
17.085440
12.632064
17.032192
13.544448
17.027073
12.750848
12.697599
12.564480
13.579264
13.545472
12.646400
17.062912
12.736512
17.131519
13.595648
12.726273
12.685312
12.639233
12.576768
13.602816
17.118208
12.736511
17.060863
12.633088
17.093632
13.509632
12.603392
12.673023
12.741632
17.088512
13.551617
17.087486
12.672000
Control Period
17.083393
12.638208
17.085440
13.593600
12.632065
17.095680
12.624895
17.100800
13.531136
17.104897
12.733440
17.020927
12.770304
17.120255
13.492224
12.734465
17.045506
12.640256
17.020927
13.544448
17.111038
12.763136
17.022976
12.685312
13.546495
13.538304
12.632064
17.064960
12.619776
12.689407
12.787712
13.556736
17.087488
16.241665
17.202175
16.476160
13.575169
16.183296
13.530112
17.058815
13.535233
16.185345
13.545471
13.507584
13.500416
13.505536
16.314367
13.557760
16.254976
13.568000
17.025024
13.563904
16.234497
13.563904
13.556736
13.577216
13.572096
16.227327
13.556736
16.190464
13.541376
17.117184
13.563904
13.537280
13.518848
13.578240
13.604864
13.601791
16.265217
13.555712
16.295937
13.501440
17.112064
13.573120
13.534208
16.162815
13.533184
17.073151
13.527040
16.155647
13.561856
Control Period
16.188416
13.547520
17.050625
13.515776
13.569023
13.587456
13.605888
17.071072
13.539328
16.191486
13.519873
16.193535
13.576192
17.087486
13.488129
13.573120
16.188416
13.580288
17.092609
13.510656
16.192513
13.488129
16.287743
13.583360
13.544448
16.233471
13.582336
16.232449
13.591552
17.099777
13.551616
13.551616
13.516800
13.536257
13.540352
13.547520
16.219135
13.546495
16.177153
13.542400
17.093632
13.531136
13.537280
13.556736
13.565952
13.539328
13.534208
13.661184
13.561855
16.168961
13.555712
16.254976
13.573120
17.101824
13.562880
13.520896
13.547520
13.577216
17.121281
13.552640
16.169985
13.499360
16.256001
13.552640
17.103872
13.571072
13.608959
16.205824
13.554688
17.082367
13.577216
16.287745
13.595648
16.238592
13.509632
13.547520
16.152576
13.519873
16.153601
13.537280
17.071104
13.530112
16.164864
13.544448
16.183296
Control Period
13.540352
13.532160
16.171009
13.575168
16.290815
13.571072
17.071104
13.563904
16.173056
13.541376
16.202751
13.603840
13.566977
16.176128
13.551617
16.199680
13.598721
17.146881
13.559809
16.300032
13.550592
13.555712
13.562880
13.535233
16.216064
13.542400
16.203775
13.531136
17.089537
13.554688
13.539328
13.566977
13.534208
13.595648
13.566977
16.215040
13.498367
16.145409
13.553663
17.118208
13.519872
13.571072
13.566976
13.566977
17.042431
13.554688
16.166912
13.577216
16.212992
13.489152
17.117184
13.541376
13.380608
16.217089
13.556736
17.088512
13.529088
16.296959
13.500416
16.295937
13.549568
17.092607
16.169983
13.535232
16.187393
13.613056
17.122303
13.548544
16.182272
13.534208
16.139263
13.451232
13.585408
16.216064
13.550592
16.156672
13.560832
17.040382
13.490176
13.631489
13.668352
13.615104
Control Period
16.212992
13.542400
17.062912
13.549568
16.196608
13.581312
16.257023
13.543424
13.576192
16.300032
13.584384
16.239616
13.542400
17.087488
13.575169
13.578239
13.542400
13.455360
13.579264
13.560832
16.218113
13.555712
16.178177
13.522943
17.085440
13.524992
13.547520
13.505536
13.593600
17.082367
13.556736
16.166912
13.572096
16.292864
13.555712
17.117184
13.506559
13.577216
16.173056
13.551616
16.969728
13.582336
16.274433
13.540352
16.116737
13.565952
17.082367
13.552640
13.557793
16.183296
13.526016
16.946177
13.560832
16.271360
13.548544
16.199680
13.575169
17.106943
16.269312
13.620224
16.177183
13.535232
17.055744
13.544448
16.101376
13.568000
16.189440
13.529088
17.083393
16.165888
13.552640
16.183296
13.609983
17.090561
13.539328
16.190464
13.557760
16.147455
13.576192
13.475840
16.214016
13.485056
16.303104
Control Period
13.571072
17.105919
13.537280
16.162815
13.491199
16.215040
13.634560
13.590528
16.239616
13.467648
16.241665
13.555712
17.085440
13.588480
16.310272
13.581312
13.546495
13.549568
13.563904
16.149504
13.479936
16.235519
13.531136
17.097729
13.548544
13.527040
13.528064
13.478912
13.591552
13.506559
16.149504
13.553663
16.173056
13.514751
16.945152
13.604864
16.227329
13.565952
13.606913
13.582336
13.570047
16.141312
13.563904
16.195583
13.605888
17.137665
13.586432
13.558784
13.543425
13.572096
17.088512
13.543425
16.118784
13.591552
16.289791
13.599744
17.147903
13.534208
13.545472
16.163839
13.537280
17.087486
13.531136
16.108543
13.520896
16.181248
13.557760
17.112064
13.594624
13.570047
16.206848
13.547520
17.052673
13.453312
16.221184
13.570047
16.220160
13.546495
17.075199
13.532160
Control Period
13.539328
16.166912
13.604864
17.104897
13.505535
16.302080
13.579264
16.195583
13.554688
13.503488
16.228352
13.475840
16.362495
13.537280
17.073151
13.504512
16.114689
13.545471
16.164864
13.533184
13.548544
16.166912
13.549568
16.178177
16.399361
13.612032
13.452288
16.172031
13.531136
16.185345
13.557760
17.090561
13.562880
16.217089
13.538303
13.559809
13.580288
13.573120
16.272385
13.556736
16.317440
13.581312
17.076225
13.537280
13.474815
13.577216
13.553664
17.090561
13.503488
16.299007
13.546495
16.191488
13.616128
17.091583
16.199680
17.168385
16.420864
13.594624
13.559809
17.094656
13.531136
16.151552
13.560832
13.601791
13.481984
13.549568
17.079296
13.539328
16.187391
13.546495
16.174080
13.507584
16.943104
13.584384
13.501440
13.546495
13.576192
17.087488
13.565952
16.233440
13.570048
16.245760
13.597696
16.945152
Control Period
13.577216
13.549568
16.189440
13.549568
17.053696
13.587456
16.295937
13.558784
16.338943
13.581312
13.522943
16.202751
13.554688
16.165888
13.531136
17.097729
13.551617
16.220160
13.514751
13.551617
13.509632
13.474815
16.300032
13.598721
16.292864
13.587456
17.093632
13.532160
13.474815
13.593599
13.595648
13.598721
13.643776
16.456705
13.572096
16.305151
13.605888
13.550592
16.165888
13.554688
16.208897
13.596672
17.135616
13.524992
16.325632
13.541376
13.601791
13.607936
13.565952
16.293888
13.521920
16.177153
13.592576
17.092609
13.549568
13.508608
13.503489
13.630465
13.656064
13.608960
17.115135
13.581312
16.223232
13.538303
16.173058
13.543425
13.523968
16.180225
13.585408
16.286720
13.594624
17.090561
13.494272
16.299007
13.562880
13.545504
13.570047
13.598720
16.273407
13.534208
16.314367
13.595648
Control Period
17.117184
13.701120
13.664255
13.600767
16.311296
13.603840
16.291840
13.594624
13.491199
16.216064
13.577215
16.302080
13.586432
17.035263
13.503489
16.128000
13.557760
13.571072
13.558784
13.590528
16.337919
13.635584
16.241665
13.566977
16.943104
13.599744
13.453312
13.564928
13.541376
17.115135
13.556736
16.194561
13.606912
16.205824
13.555712
16.941055
13.546495
13.564928
16.187393
13.483007
17.118208
13.584384
16.290815
13.457408
16.285696
13.590528
13.562880
16.289791
13.498368
16.217089
13.570047
17.045506
13.493248
16.267263
13.558784
13.493248
13.614080
13.597696
16.301056
13.495296
16.305151
13.557760
17.037312
13.599744
13.575169
13.515776
13.574144
17.113087
13.565952
16.232449
13.570048
16.247807
13.559808
13.498367
16.251904
13.602816
16.220160
13.601792
17.076223
13.558784
Control Period
16.278528
13.572096
13.554688
13.631488
13.637632
16.327679
13.608960
16.263168
13.556736
16.992256
13.593568
13.508608
16.133120
13.566977
17.088512
13.600768
16.265217
13.588480
16.318464
13.534208
13.593599
16.246784
13.589504
16.301056
13.546495
17.067009
13.624320
13.576192
13.536257
13.620224
17.098751
13.589504
16.205824
13.488129
16.222208
13.556736
17.125376
13.589504
13.572096
16.355328
13.592576
17.103870
13.566976
16.236544
13.546495
13.497344
13.628416
13.600767
16.315392
13.576193
16.289791
13.521919
17.118208
13.605888
13.573120
16.218111
13.561855
17.045504
13.585407
16.274433
13.570048
16.241665
13.546495
17.087488
16.285696
13.470720
16.215040
13.592576
17.025024
13.568000
16.312321
13.547520
16.303104
13.577215
13.519873
16.200703
13.558784
16.228352
13.470720
17.102848
13.551617
13.586432
13.565952
Control Period
13.594624
17.114113
13.603840
16.248833
13.556736
16.212992
13.587456
17.110016
16.302080
13.552640
16.228352
13.584384
17.028095
13.578239
16.292864
13.594624
13.571072
13.605888
13.611008
16.314369
13.591552
16.309248
13.585408
17.107967
13.577216
13.517824
16.283648
13.594624
17.032192
13.627392
16.272385
13.548544
16.183296
13.576192
13.594624
16.308224
13.510656
16.220160
13.471745
16.943104
13.569024
16.222208
13.574144
13.585408
13.575169
13.591552
16.264191
13.550592
16.207872
13.559809
16.969728
13.510656
13.574144
13.493248
13.596672
17.146881
13.599745
16.318464
13.581312
16.167936
13.607936
13.542400
16.198656
13.506559
16.253952
13.595648
17.130497
13.616128
16.293888
13.550592
13.560832
13.592576
13.542400
16.270336
13.553663
16.329729
13.647872
17.095680
13.618176
13.577216
16.275455
13.561855
17.105919
Control Period
13.561855
16.305153
13.571072
13.557760
13.577215
13.604864
16.294912
13.474815
16.275455
13.569024
17.116161
13.555712
13.558784
13.585408
13.560832
17.077248
13.596672
16.238592
13.563904
16.260098
13.601791
13.598720
16.328705
13.563904
16.305153
13.572096
17.028095
13.556736
16.296959
13.574144
13.586432
13.633535
13.458431
16.178177
13.565952
16.202751
13.591552
16.995327
13.552640
13.559809
13.493248
13.593599
17.115135
13.542400
16.293888
13.580288
16.191488
13.583361
17.085442
16.232449
13.490176
16.252928
13.576193
17.192959
13.579264
16.315392
13.615104
13.570047
13.586432
13.513728
16.275455
13.566977
16.176128
13.605888
17.122303
13.587456
13.565952
16.314369
13.538303
17.024000
13.562880
16.299007
13.622272
16.289793
13.570048
13.533184
16.168961
13.564928
16.258047
16.252928
16.612352
13.626368
13.600768
Control Period
16.314369
13.586432
16.281601
13.534208
17.144833
13.390848
13.511681
16.240641
13.588480
17.027073
13.578239
16.302080
13.476864
16.214016
13.605888
17.028095
16.214016
13.547520
16.270336
13.596672
16.942081
13.571072
16.302080
13.624320
13.490175
13.605888
13.599744
16.207870
13.510656
16.308224
13.543425
17.100800
13.503489
13.599744
13.556736
13.588480
17.091583
13.585408
16.276480
13.575169
16.195583
13.609983
17.115135
13.568001
13.586432
16.294912
13.612032
17.084415
13.496288
16.283649
13.559808
13.586432
13.645824
13.646849
16.401409
13.590528
16.202751
13.545471
17.096704
13.493248
13.553663
16.295937
13.598721
17.177601
13.571072
16.269312
13.566977
16.181248
13.593600
13.503489
16.306175
13.593599
16.239616
13.539328
16.946175
13.588480
16.288769
13.581312
13.560832
13.591552
13.619200
16.326656
Control Period
13.600768
16.310272
13.636608
17.118208
13.560832
13.578239
16.169985
13.587456
17.009663
13.593599
16.312321
13.563904
16.299007
13.558784
13.465600
16.188416
13.493248
16.219135
13.540352
17.035263
13.613056
16.305153
13.517824
13.574144
13.617151
13.598720
16.282623
13.511681
16.120832
13.585408
17.068031
13.461504
13.579264
13.591553
13.609983
17.099777
13.595648
16.266239
13.553663
16.121857
13.594624
13.454336
16.181248
13.566977
16.288769
13.574144
17.102848
13.599744
16.305151
13.535233
13.550592
13.575169
13.577216
16.292864
13.588480
16.297983
13.579264
17.108992
13.573120
13.645824
13.406208
13.601791
17.068031
13.533184
16.117760
13.579264
16.292864
13.597696
17.105919
16.169983
13.546495
16.119808
13.573120
16.946175
13.531136
16.219135
13.633536
16.318464
13.577216
13.591552
16.291840
13.589504
Control Period
16.204800
13.588480
17.098751
13.484032
13.493248
13.560832
13.484032
13.524992
13.488129
16.314369
13.535233
16.204800
13.580288
17.108994
13.512704
13.583361
16.202751
13.583361
17.104897
13.584384
16.225281
13.479937
16.148479
13.594624
17.093632
16.274433
13.570048
16.272385
13.596672
17.104897
13.582336
16.314367
13.474815
13.540352
13.595648
13.594624
16.224257
13.560832
16.171009
13.597696
17.027073
13.584384
13.587456
13.511681
13.596672
17.127422
13.587456
16.200705
13.560832
16.295937
13.517824
13.527040
16.252928
13.535232
16.314367
13.590528
17.104897
13.576192
16.296961
13.604864
13.575169
13.562880
13.522943
16.221184
13.565952
16.146431
13.599744
16.997375
13.564928
13.588480
13.571072
13.616128
17.095680
13.552640
16.175104
13.568001
16.210945
13.503489
17.112064
13.588480
13.544449
16.221184
13.589504
17.045504
Control Period
13.551616
16.116735
13.593568
16.202751
13.584384
13.583361
16.231424
13.569024
16.299007
13.584384
17.031168
13.472769
13.575168
13.526016
13.598721
17.091583
13.561855
16.294912
13.486080
16.235519
13.603840
16.998400
13.503488
13.586432
16.303104
13.608960
17.126400
13.578239
16.297983
13.595648
13.577215
13.559808
13.617152
16.247808
13.562880
16.284672
13.592575
17.102848
13.573120
13.559808
13.579264
13.622272
17.113056
13.518848
16.312321
13.480961
16.238592
13.552640
13.402112
16.216064
13.498367
16.305151
13.597696
17.113087
13.541376
16.177151
13.473792
13.606913
13.555712
13.635584
16.240641
13.481984
16.216064
13.596672
17.026047
13.494272
13.587456
13.581312
13.643776
17.123329
13.589504
16.296959
13.566977
16.147457
13.600768
13.569024
16.238592
13.598720
16.200705
13.499392
17.079296
13.536257
16.308224
Control Period
13.554688
13.601791
13.571072
13.624319
16.269312
13.533184
16.233473
13.570047
17.027073
13.565952
13.576192
16.302080
13.620224
17.100800
13.596672
16.301056
13.489152
13.562880
13.553664
13.626368
16.251904
13.602816
16.304129
13.595648
17.115135
13.583360
13.577216
16.225281
13.573120
17.135616
13.576192
16.301056
13.550592
16.228352
13.592576
13.396992
16.312353
13.498368
16.312321
13.604864
17.020927
13.576193
16.287743
13.598721
13.604864
13.554688
13.629440
16.252928
13.473791
16.219135
13.507584
17.132544
13.592576
13.577215
16.231424
13.546495
17.137665
13.531136
16.229376
13.584384
16.215040
13.587456
13.584384
16.235519
13.572096
16.292864
13.598720
17.110016
13.550592
13.530111
13.588480
13.630465
13.596672
13.631489
16.307199
13.493248
16.229376
13.563904
17.030144
13.487104
13.557760
16.218113
13.595648
17.046528
Control Period
13.559809
16.269312
13.536256
16.196608
13.593600
13.573120
16.252928
13.606912
16.110592
13.602816
17.108994
13.546495
13.590528
13.640704
13.621248
17.022976
13.499392
16.220160
13.495296
16.220160
13.560832
17.032192
13.592576
13.479937
16.317440
13.503489
17.141760
13.539328
16.204800
13.584384
16.214016
13.588480
13.586432
16.231424
13.588480
16.233473
13.591552
17.129471
13.598721
13.503489
13.608960
13.659136
17.150976
13.643776
16.356352
13.557760
16.149504
13.565952
13.519872
16.234495
13.588480
16.309248
13.590528
16.982018
13.534208
16.190464
13.596672
13.574144
13.586432
13.635584
16.329727
13.582336
16.237568
13.581312
17.102848
13.584385
13.561856
16.211967
13.568001
17.047552
13.566977
16.294912
13.519872
16.204800
13.597696
13.539328
16.155647
13.588480
16.275455
13.600768
17.040382
Control Period
13.559809
13.585407
13.570047
13.638657
17.019905
13.585408
16.165888
13.501440
16.238592
13.553663
17.040384
13.576192
13.533184
16.187391
13.590528
17.043457
13.576192
16.225281
13.605888
16.227329
13.602816
13.581312
16.303104
13.581312
16.234497
13.486080
17.118208
13.550592
16.308224
13.506559
13.565952
13.591553
13.564928
16.271360
13.532160
16.303104
13.592575
17.091583
13.477888
13.555712
16.198656
13.635584
17.161217
13.586432
16.376831
13.580288
13.570048
13.521920
13.641728
16.319489
13.446144
16.256001
13.598720
17.099777
13.543425
13.578239
16.228352
13.589504
17.138687
13.552640
16.193535
13.486080
16.274433
13.506559
13.599744
16.153601
13.490176
16.315392
13.597696
17.103870
13.579264
16.294912
13.592576
13.589504
13.576192
13.593599
16.308224
13.614080
16.240639
13.591553
17.137665
13.584384
13.590528
Control Period
16.304129
13.590528
17.123329
13.571072
16.272385
13.506559
13.491199
13.579264
13.623297
16.343040
13.595648
16.227327
13.494272
17.100800
13.551617
13.603840
13.607936
13.661184
17.136641
13.506559
16.293888
13.522943
16.215040
13.565952
13.548544
16.242687
13.477888
16.244736
13.591552
17.147903
13.446144
16.124928
13.501440
16.205824
13.591552
13.585407
16.160769
13.559809
16.220160
13.595648
17.036289
13.540352
13.444096
13.624319
13.656064
17.166336
13.617151
16.365568
13.530111
16.139263
13.615104
17.042433
16.229376
13.546495
16.289791
13.598721
17.119232
13.429760
16.329727
13.579264
13.581280
13.579264
13.583361
16.288767
13.626368
16.236546
13.562880
17.042431
13.605888
13.592576
16.211967
13.595648
16.940033
13.565952
16.296959
13.484032
16.288767
13.606912
13.600768
16.190464
13.594624
16.294912
13.594624
Control Period
17.132545
16.420864
17.238016
16.524288
13.601791
16.251904
13.590528
17.037312
13.582336
13.581312
13.574144
13.596672
17.095680
13.562880
16.172031
13.490175
16.297985
13.597696
16.941055
13.395967
13.403136
13.587456
13.609983
17.111040
13.531136
16.284672
13.581312
16.299007
13.546495
13.542400
16.246784
13.563904
13.651968
13.684736
13.617151
17.027073
13.477888
16.313345
13.557760
16.264191
13.588480
13.583360
16.286720
13.563904
16.207872
13.589504
13.629440
13.491199
16.254976
13.466623
16.286720
13.597696
16.980991
13.553664
13.490175
13.588480
13.591553
17.020927
13.490175
16.188416
13.591552
16.226303
13.593599
13.579264
16.275455
13.552640
16.187391
13.603840
17.037312
13.508608
16.318464
13.592576
13.582336
13.582336
13.682688
16.497665
13.587456
16.290817
13.596672
Control Period
17.108992
16.291840
13.541376
16.184320
13.603840
17.027073
13.499392
16.299007
13.556736
16.245760
13.592576
13.497344
16.314369
13.471745
16.216064
13.604864
16.950272
13.602816
13.622272
13.524992
13.629440
13.594624
17.104897
13.576192
16.227327
13.506559
16.218113
13.578239
13.446144
16.311295
13.504513
16.231424
13.588480
16.940033
13.594624
16.277504
13.497344
13.584384
13.620224
13.609984
16.312321
13.565952
16.295937
13.576192
17.116159
13.572096
13.586432
16.179199
13.594624
17.037312
13.587456
16.202751
13.507584
16.326656
13.587456
13.596672
16.299007
13.495296
16.304127
13.558784
16.940033
13.552640
16.296959
13.596672
13.571072
13.600768
13.591552
16.257023
13.558784
16.276480
13.584385
17.026047
13.597696
13.596672
16.334848
13.481984
17.081345
13.499392
16.219135
13.556736
16.227327
Control Period
13.584384
13.560831
16.274431
13.573120
16.320511
13.572096
17.038336
13.455360
16.320513
13.576192
13.580288
13.602816
13.477888
16.284672
13.596672
16.124928
13.583361
17.099777
13.552640
13.559809
16.277504
13.557760
17.033216
13.509632
16.316416
13.581312
16.289791
13.581312
13.563904
16.308224
13.585407
16.203775
13.625344
17.031168
13.508608
16.129025
13.459455
16.264193
13.583361
13.585407
17.130497
16.368641
13.618176
13.596672
17.109983
13.563904
16.225281
13.629440
16.433151
13.619200
13.611008
16.258047
13.496321
16.228352
13.589504
17.017857
13.594624
16.261120
13.560832
13.542400
13.486080
13.601792
16.307201
13.534208
16.274433
13.504512
16.978945
13.582336
13.592576
13.605888
13.661184
13.687808
13.643776
17.042433
13.588480
16.312321
13.584385
13.533184
13.597696
13.508608
16.294912
13.556736
16.197632
Control Period
13.550592
17.051647
13.597696
13.582336
13.635584
13.657088
17.077248
13.585408
16.294912
13.492224
16.309248
13.502464
13.551617
16.154625
13.577215
16.265217
13.581312
17.103872
13.581312
13.572096
13.670401
13.652992
17.156097
13.601791
16.238592
13.469696
16.134144
13.604864
17.136641
16.259071
13.575169
16.104448
13.594624
17.084415
13.568001
16.273407
13.591552
13.578240
13.607936
13.614080
16.164864
13.581312
16.236546
13.633536
17.038336
13.590528
13.490176
16.283649
13.581312
17.128479
13.574144
16.215040
13.489153
16.279552
13.475840
13.566977
16.313343
13.499392
16.224255
13.599744
17.123329
13.506559
13.485056
13.625344
13.485056
17.119232
13.503489
16.303104
13.532160
16.187393
13.616128
17.111040
13.580288
13.569024
16.303104
13.608960
17.140736
13.485056
16.205824
13.587456
16.305153
Control Period
13.611008
13.503489
16.201729
13.586432
16.267263
13.637632
17.170433
13.638657
13.601791
16.292864
13.480961
17.037312
13.591552
16.303104
13.558784
16.302080
13.620224
13.608960
16.391167
13.601791
16.305153
13.573120
17.092607
13.585407
13.577216
16.289791
13.550592
17.030144
13.587456
16.204800
13.496321
16.323584
13.592575
13.566977
16.174080
13.571072
16.422913
13.620224
17.162239
13.612032
13.563904
13.444096
13.607936
16.429056
17.195007
16.468992
13.593599
16.241665
13.578239
17.104897
13.589504
13.583360
13.570047
13.574144
17.020927
13.523968
16.244736
13.583361
16.219135
13.589504
17.027073
13.588480
13.570047
16.174080
13.585408
17.104897
13.588480
16.215040
13.553664
13.587456
13.615105
13.556736
16.292864
13.568000
16.154625
13.617151
17.105919
13.561856
13.508608
13.608960
13.556736
Control Period
17.103872
13.521920
16.309248
13.560832
16.223232
13.584384
17.123329
16.226305
13.561856
16.215040
13.591553
17.037312
13.611008
16.323584
13.580288
13.584385
13.587456
13.509632
16.253952
13.581312
16.225281
13.563904
17.128448
13.536256
13.436928
16.291840
13.578239
17.122303
13.557760
16.322559
13.583361
16.275455
13.587456
13.578240
16.275455
13.507584
16.282623
13.584384
17.111040
13.549568
13.494272
13.506559
16.292864
16.368641
13.387775
13.491200
16.253952
13.500416
16.265217
13.599744
17.140736
13.591553
13.486080
13.570047
13.659136
17.162239
13.624320
16.422913
13.612032
16.434175
13.575169
13.508608
16.301056
13.574144
16.240641
13.589504
17.030144
13.586432
13.570048
13.632512
13.607936
13.492224
13.609983
16.230400
13.476864
16.299007
13.598721
17.131519
16.315392
13.484032
16.235519
13.600768
17.110016
13.600767
Control Period
16.309248
13.558784
13.575169
13.599744
13.554688
16.319489
13.625344
16.373760
13.590528
16.990208
13.572096
13.506559
16.163841
13.629440
17.155071
13.561855
16.226305
13.589504
13.595648
13.587456
13.631489
16.355328
13.507584
16.226303
13.594624
17.125378
13.576193
13.568001
16.235519
13.589504
17.094656
13.554688
13.662209
13.639680
13.603840
16.216064
13.586432
16.996351
13.510656
16.190464
13.589504
13.456385
13.601791
13.490176
16.189440
13.551617
16.256001
13.630465
17.166336
13.641728
13.618176
16.355328
13.608959
17.105919
13.584384
16.337921
13.622272
13.624320
13.603840
13.622272
16.353281
13.555712
16.317440
13.493248
17.091583
13.496320
13.566977
16.314369
13.562880
17.131519
13.514751
16.227327
13.555712
16.200703
13.584384
13.579264
16.209919
13.557760
16.227327
13.617151
17.087488
13.566977
Control Period
16.234497
13.546495
13.587456
13.599744
13.649920
16.471039
13.631489
16.435200
13.623297
13.582336
16.265217
13.556736
16.398336
13.623296
17.161217
13.618176
13.606912
16.320513
13.603840
17.120255
13.595648
16.292864
13.530111
13.623297
13.623296
13.602816
16.318464
13.563904
16.288769
13.564928
17.028095
13.603840
13.500416
16.249857
13.561856
17.035263
13.501440
16.292864
13.598721
16.200705
13.591552
13.499392
16.252928
13.568000
13.626368
13.684736
13.634560
17.152000
13.631489
16.432129
13.605888
13.580288
13.579264
13.420512
16.271360
13.470720
16.218111
13.551616
16.989185
13.565952
13.492224
13.550592
13.604864
17.020927
13.597696
16.301056
13.596672
16.172031
13.535233
17.110016
16.312321
13.571072
16.186367
13.586432
16.352257
16.618496
13.647873
13.623297
16.257023
13.598721
16.199680
Control Period
13.555712
17.024000
13.590528
13.572096
16.236546
13.637632
17.159168
13.611008
16.371712
13.536256
13.542400
13.547520
13.652992
16.433151
13.625343
16.346111
13.606912
17.059841
13.501440
13.483008
16.301056
13.587456
17.042431
13.565952
16.197632
13.556736
16.294912
13.615105
17.163265
17.161217
13.589504
12.760064
17.030144
12.783615
17.031168
13.616128
17.048576
12.746752
12.774401
12.678144
13.600768
17.039360
12.782593
16.972801
12.781569
17.094656
13.599744
12.777472
16.942080
12.697599
17.037312
13.608959
16.944128
12.786688
16.958464
12.894208
13.614080
13.632512
12.906496
17.167360
12.789761
17.135616
13.586432
12.759040
17.085440
12.654593
17.173504
13.612032
17.115135
12.777472
12.724224
12.830720
13.630465
17.154049
12.877824
17.038336
12.680192
16.999424
13.605888
12.881888
17.045506
Control Period
12.776447
17.141727
13.612032
12.823552
13.697023
13.019136
17.102848
12.727296
17.051647
13.571072
12.682240
17.095680
12.743711
17.032192
13.586432
16.948223
12.786688
17.025024
12.748800
13.486080
13.651968
12.900352
17.153023
12.898304
17.163263
13.615105
12.752896
17.124352
12.770304
17.116161
13.580288
17.115135
12.781569
12.669952
12.677120
13.590528
13.501440
12.774400
17.100800
12.763136
17.035263
13.537279
12.780544
12.804096
12.853249
17.092609
13.590528
17.124352
12.675072
17.123327
12.769279
12.783616
12.856320
13.578239
17.031168
12.656640
17.030144
12.769279
17.136641
13.596672
12.770304
17.060863
12.762112
17.095680
13.620224
17.175552
12.879871
12.896255
17.118208
13.605888
17.129473
12.787712
17.033216
12.773376
17.095680
13.597696
12.665855
17.011711
12.770304
Control Period
17.144833
13.596672
16.994305
12.744703
12.675072
12.775424
13.572096
17.101826
12.778496
16.948223
12.788736
17.111040
13.600768
12.824575
12.780544
12.780544
17.115135
13.585407
16.948223
12.777472
17.046528
12.787712
13.591553
13.593599
12.905472
17.168385
12.893184
17.152000
13.612032
12.878847
17.105919
17.177601
17.192959
12.822528
13.593632
17.101824
12.762112
17.080320
12.747776
17.016830
13.587456
12.697599
17.099777
12.767232
17.126400
13.551617
17.100800
12.649471
17.115135
12.801023
13.596672
13.612032
12.835840
17.126400
12.811264
17.005568
13.489153
12.769279
12.745728
12.965888
17.154049
13.627392
17.167360
12.888063
12.818432
12.805120
13.608960
17.122303
12.742656
17.040382
12.763136
17.030144
13.568001
12.772352
17.036289
12.767232
17.010689
13.616128
17.130497
12.736512
17.177601
16.544769
13.631489
13.614080
Control Period
17.030144
13.583360
16.287745
13.576192
13.628416
13.644800
13.590528
17.106943
13.562880
16.242687
13.557760
16.281601
13.569023
13.488129
16.289791
13.628416
16.425983
13.573120
17.158144
13.636608
13.583361
16.228352
13.592576
17.000448
13.608960
16.319489
13.505535
16.166912
13.602816
13.596672
16.256001
13.484032
16.309248
13.600768
17.164288
13.632512
13.582336
13.509632
13.574144
17.103872
13.585408
16.265215
13.524992
16.321537
13.563904
17.136639
16.334848
13.613056
16.241665
13.587456
17.118208
13.601791
13.560832
13.612032
13.662209
17.154049
13.631489
16.437248
13.640704
13.581312
13.566976
13.608960
16.232449
13.559808
16.311295
13.628416
17.022976
13.550592
13.548544
13.633535
13.620224
17.133568
13.549568
16.306175
13.606913
16.224257
13.592576
13.604864
16.124928
13.553663
16.214016
13.635584
Control Period
13.634560
13.671424
13.589504
16.191488
13.494272
16.305153
13.579264
17.019903
16.219135
13.577216
16.409599
13.646849
17.167360
13.627392
13.614080
13.593599
13.615104
17.029121
13.537280
16.306175
13.501440
16.154623
13.590528
17.089535
16.299007
13.402112
16.323584
13.548544
17.101824
13.563904
16.156673
13.535233
13.480960
13.557760
13.560832
16.320513
13.544448
16.223232
13.593600
16.998400
13.578239
13.589504
13.594624
13.572096
17.143808
13.595648
16.223232
13.551616
16.221184
13.580288
13.576193
16.262144
13.621248
16.445440
13.587456
16.946175
13.492224
13.586432
13.597696
13.596672
13.577216
13.541376
16.305153
13.581312
16.135168
13.597696
17.116161
13.640704
13.585408
16.313345
13.562880
17.038336
13.485056
16.324608
13.578239
13.595648
13.623296
13.606913
16.310272
13.590528
16.227329
13.593600
Control Period
17.036287
13.500416
13.570047
16.309248
13.585407
12.724224
12.902400
13.629440
17.041409
12.709888
17.101824
12.660736
17.047552
13.548544
12.764160
17.140736
12.896255
17.078274
13.599744
16.995327
12.784639
12.732416
12.705791
13.661184
17.162239
12.748800
16.946177
12.777472
17.108994
13.569023
12.787712
17.129473
12.752896
17.031168
13.591552
16.944128
12.777472
12.743680
12.663808
13.585408
13.568001
12.783615
17.130497
12.871680
17.165314
13.616128
12.879871
17.115135
12.795904
17.086464
13.486080
17.117184
12.669952
16.946177
12.778496
13.569024
13.587456
12.763136
17.090561
12.771328
17.112064
13.586432
12.665855
12.792831
13.026304
17.162239
13.580288
17.113089
12.700672
17.103872
12.880896
13.638656
13.572096
12.859392
17.018879
12.750849
17.110016
13.599744
12.737535
12.688384
12.784639
17.089537
Control Period
13.607936
17.045506
12.760064
17.049599
12.778496
17.030144
13.582336
12.770304
17.023998
12.759040
17.141760
13.593600
17.048576
12.714016
12.631041
12.883968
13.623297
17.112064
12.764160
17.043457
12.772352
17.088512
17.140736
17.225727
13.630465
12.874752
17.133568
12.890112
17.154049
13.590528
12.820480
17.121281
12.762112
16.950272
13.596672
17.099777
12.706816
17.032192
12.762112
13.428736
13.614080
12.780544
16.952320
12.690432
17.025024
13.575169
17.123327
12.773376
12.777472
12.702721
13.603840
17.127424
12.788736
16.948223
12.761087
17.049599
13.593600
12.768256
17.105919
12.768256
17.040384
13.579264
17.024000
12.780544
17.149952
12.915712
13.611008
16.982016
12.696576
17.174528
16.505856
13.628416
13.580288
17.128448
13.570048
16.313343
13.581312
16.212994
13.594624
17.106945
Control Period
16.126976
13.571072
16.193535
13.591552
17.041409
13.573120
16.285696
13.507584
16.214016
13.597696
13.490175
16.142336
13.404160
16.295937
13.585407
17.070080
13.485056
16.224257
13.453312
13.569024
13.590528
13.642752
16.442368
13.623296
16.339968
13.604864
17.135616
16.355328
13.506559
16.262144
13.600767
17.034241
13.496321
16.207870
13.609984
13.614080
13.554688
13.666304
16.478209
13.596672
16.304127
13.500416
17.089535
16.272385
13.542400
16.188416
13.624320
17.101826
13.499392
16.273407
13.601791
13.556736
13.580288
13.613056
16.259071
13.534208
16.214016
13.598720
17.042431
13.499392
13.557760
13.616128
13.622272
17.131519
13.509632
16.160769
13.497343
16.285696
13.639680
13.611008
16.328705
13.569024
16.304129
13.633536
17.160192
13.615105
13.587456
16.303104
13.598721
17.031168
Control Period
13.571072
16.319489
13.560832
16.243711
13.548544
13.521919
16.278528
13.579264
16.223232
13.585407
16.997375
13.527040
16.224257
13.494272
13.506559
13.477888
13.559809
16.251904
13.550592
16.227329
13.598721
17.144833
13.621248
13.495296
13.605888
13.617151
17.122303
13.486080
16.348160
13.624320
16.422913
13.615104
13.604864
16.323584
13.596672
16.216064
13.602816
17.046528
13.510656
13.552640
16.306175
13.572096
16.948223
13.587456
16.224257
13.548544
16.183296
13.577216
17.082367
16.264193
13.602816
16.288769
13.615104
17.114113
13.595648
16.233473
13.481984
13.620224
13.589504
13.607936
16.340992
13.604864
16.125952
13.606912
17.111038
13.538303
13.529087
16.322559
13.612032
17.041409
13.593599
16.251904
13.570047
13.556736
13.595648
13.489153
16.218113
13.436928
16.214016
13.592576
17.014784
13.511681
13.494272
Control Period
13.559809
13.564928
13.795328
13.230080
13.023232
17.173504
13.604864
17.115135
12.770304
12.641280
12.674047
13.638657
17.135616
12.793856
17.096704
12.698624
17.162239
13.621248
12.896255
17.105921
12.769280
17.104897
13.591552
12.772352
12.789760
12.858368
17.126400
13.491199
17.112064
12.740608
17.040382
12.772352
17.042433
13.598721
12.789761
17.112064
12.765184
17.093632
13.552640
17.041409
12.770304
12.784639
12.813313
13.648896
17.155071
12.833792
17.110016
12.769280
17.103872
13.598721
12.772352
17.110016
12.651520
17.083393
13.601791
16.948223
12.785664
12.749825
12.781569
13.640704
17.138687
12.793856
16.947201
12.774400
17.014784
13.595648
12.752895
17.019905
12.779520
17.033216
13.549568
17.037312
12.795904
17.130497
12.772352
13.588480
13.592576
12.843008
17.042431
12.765184
17.083393
13.577216
12.773376
12.810240
12.893184
Control Period
17.036289
13.592576
17.065983
12.877824
17.157120
12.914688
13.595648
13.596672
12.806145
17.011711
12.761088
16.937984
13.586432
12.747776
13.711360
13.777920
13.687808
16.484352
13.624320
17.179649
13.585407
13.596672
16.287745
13.579264
17.122303
13.549568
16.305151
13.585408
16.280577
13.612032
13.575168
17.173504
17.157120
12.845057
12.775424
17.142784
13.587456
17.108992
12.794880
17.118208
12.769279
17.129471
13.594624
12.752895
17.098751
12.775424
17.105919
13.596672
12.768255
12.742657
12.830720
17.052673
13.578239
17.043457
12.827648
17.160192
12.805120
13.632512
13.630465
12.866560
17.037312
12.790784
12.777472
12.952576
13.626368
17.042431
12.734464
17.110016
12.789761
17.040384
13.587456
12.754944
17.014784
12.682240
17.122303
13.489152
17.115135
12.701696
16.995327
12.785664
13.578239
13.494272
Control Period
12.780544
17.045506
12.761087
17.050625
13.593599
12.711936
12.802048
12.871680
16.944128
13.684736
13.675520
13.618176
17.133568
13.569024
16.245760
13.512704
16.299007
13.611008
13.490175
16.290817
13.607936
16.290815
13.593599
17.028095
13.602816
13.489153
13.584384
13.620224
17.087486
13.495296
16.207872
13.509632
16.290817
13.587456
16.979969
16.232449
13.563904
16.221184
13.590528
17.041409
13.475840
16.219135
13.572096
13.556736
13.657087
13.620224
17.128448
13.495296
16.215040
13.495296
16.205824
13.588480
13.548544
16.254976
13.634560
16.431103
13.632512
17.163263
13.549568
13.509632
16.200703
13.580288
17.008640
13.500416
16.212992
13.532160
16.179199
13.632512
17.146881
16.328705
13.540352
16.187391
13.589504
16.998400
13.487104
16.215040
13.614080
13.583361
13.573120
13.627392
16.269312
13.583361
Control Period
16.199680
13.595648
16.943104
13.583360
13.517824
13.513727
13.607936
17.110016
13.575168
16.214016
13.608959
16.270336
13.543425
13.588480
16.336897
13.599744
16.274431
13.605888
17.028095
13.594624
16.320513
13.605888
13.603840
17.095680
13.586432
16.178177
13.530112
16.292864
13.583361
17.033216
13.476864
13.496321
16.331776
13.629440
17.143808
13.614080
16.210945
13.609983
13.555712
13.591553
13.496320
16.289791
13.463552
16.205824
13.608959
17.042433
13.540352
13.588480
16.316416
13.566977
17.084415
13.554688
16.223232
13.503489
16.284672
13.624320
13.614080
16.434175
13.569024
16.223232
13.542400
17.025024
13.600768
13.518848
13.654016
13.597696
17.115135
13.498367
16.248833
13.629440
16.422913
13.622272
13.587456
16.334848
13.504512
16.219135
13.522943
17.089535
13.583361
13.581312
13.583360
Control Period
13.604864
17.137665
13.594624
16.125952
13.562880
16.224257
13.597696
13.491199
16.321537
13.593599
16.179199
13.617152
17.090561
13.543425
16.336895
13.633535
13.637632
17.106945
13.475840
12.805120
13.752319
13.130753
17.042431
12.776447
17.146881
13.595648
12.777472
17.115135
12.766209
16.946175
13.595648
17.038336
12.741632
17.020927
12.780544
13.584384
13.609983
12.832767
17.134592
12.742656
17.120255
13.570047
12.780544
17.100800
12.765184
17.017857
13.598721
16.946175
12.764160
17.059841
12.881920
13.616128
13.657087
12.919807
17.040384
12.768256
17.026047
13.563904
12.762112
12.788736
12.883968
17.081345
13.596672
17.028095
12.773376
17.107967
12.736481
13.589504
13.487104
12.771328
17.094656
12.782592
17.132545
13.590528
12.768255
12.758017
12.971008
17.147903
13.485056
17.117184
12.662785
16.945152
12.770304
17.041409
Control Period
13.594624
12.775424
17.044479
12.777472
17.011711
13.601791
17.133568
12.783616
12.754944
12.781569
13.589504
16.946177
12.731392
17.054720
12.875776
17.155071
13.606912
12.874752
17.032192
12.788736
17.005568
13.598721
17.031168
13.600768
12.841984
12.795904
17.036289
13.576193
16.947201
12.810240
17.164288
12.895232
13.612032
17.115135
12.729343
17.060863
12.669952
17.025024
13.547520
12.755968
12.755968
12.937216
17.158144
13.624320
17.155071
12.891136
12.823551
12.711936
13.621248
16.937984
12.766209
16.947201
12.735489
17.074177
13.571072
12.772352
12.804096
12.824575
17.026047
13.595648
16.947201
12.722143
17.090561
12.854272
13.200384
13.645824
17.167360
12.898304
17.247232
12.826624
13.588480
17.107967
12.775424
17.089537
12.741632
17.098751
13.581312
12.756992
17.111040
12.773376
17.038338
13.595648
Control Period
17.056768
12.784639
17.040384
12.762112
13.587456
13.643776
12.899328
16.944128
12.779520
17.025024
13.633535
12.774401
12.801023
12.901377
17.133568
13.585407
17.008640
12.775424
16.995327
12.786688
13.603840
13.626368
12.865536
17.036289
12.740608
17.087488
13.604864
12.778496
12.779520
12.855296
17.120256
13.609983
17.032192
12.768255
17.020927
12.748800
13.588480
13.497344
12.765184
17.104897
12.770304
17.025024
13.593599
12.784640
12.779520
12.965888
12.908545
13.218817
13.670401
17.156097
12.862464
17.106945
12.678144
13.575169
13.579264
12.773376
17.084415
12.764160
17.039360
13.544449
12.734465
12.673023
12.751872
17.102848
13.605888
17.007616
12.783616
16.974850
12.777472
17.162239
13.623296
12.852224
17.096703
12.755968
17.120256
13.602816
12.775424
12.731392
12.957696
17.152000
13.625343
Control Period
17.161217
12.893184
12.838912
12.747776
13.717505
13.034496
13.703169
12.940289
17.046528
12.689408
16.945152
13.598721
12.781569
16.970753
12.673024
17.147903
13.603840
17.112064
13.030400
13.657087
12.998655
16.979969
12.756992
17.083393
13.584384
12.673024
12.663808
12.768225
17.159168
13.587456
17.043457
12.754944
17.121281
12.748800
13.586432
13.569024
12.855296
17.163265
12.881920
17.163263
13.606912
12.873728
17.089535
17.091583
17.207296
12.937216
13.625344
17.085442
12.784639
17.121281
12.748800
17.022976
13.524992
12.657663
17.114113
12.762112
17.027073
13.616128
16.997375
12.774400
16.953342
12.782592
13.587456
13.618176
12.854272
17.077248
12.755968
17.115135
13.604864
12.791807
12.750848
12.950528
17.159168
13.625343
17.166336
12.886016
12.831744
12.675072
13.677568
Control Period
17.168385
12.912640
17.170431
12.892160
13.602816
13.582336
12.767232
17.119232
12.799999
17.089537
13.590528
17.022976
12.754944
12.712959
12.746752
13.585408
16.947201
12.775424
17.033216
12.784639
16.979969
13.605888
12.784640
17.108992
12.766209
17.089537
13.496320
17.041409
12.781569
16.945152
12.765184
13.601791
13.624320
12.890112
17.164288
12.871680
17.105919
13.613056
12.851200
17.091583
12.886016
17.155071
13.616128
17.153025
12.840960
12.779520
12.706816
13.597696
17.087488
12.721151
17.035263
12.766208
17.131519
13.605888
12.763136
17.053696
12.823552
17.168385
13.626368
17.159168
12.877824
12.874752
12.793856
13.609983
16.941055
12.801023
17.017857
12.691456
17.122303
13.585408
12.708864
17.053696
12.750848
17.043457
13.609983
17.105919
12.774400
16.952320
12.823551
13.634560
13.638657
12.889088
Control Period
17.045504
12.781569
17.107967
13.597696
12.765184
17.076225
12.741632
17.033215
13.497344
16.995327
12.773376
17.058815
12.839935
13.601791
13.603840
12.852224
17.047552
12.679169
17.025024
13.590528
12.740608
12.779520
12.680192
17.125376
13.532160
17.072128
12.752895
17.046528
12.783616
17.079296
13.560832
12.776448
17.128448
12.775424
17.036289
13.589504
17.037312
12.764160
12.786688
12.782593
13.582336
17.130497
12.767232
17.029121
13.755392
13.167616
12.962816
17.163263
13.586432
17.132545
12.781569
12.766209
12.805120
13.639680
17.160191
12.900352
17.162239
12.796928
13.553663
13.503489
12.665855
17.105919
12.767232
17.040384
13.595648
12.738560
12.753920
12.778496
12.797953
13.595648
17.104897
12.707840
17.004543
12.772352
16.941055
13.592576
12.749825
17.098721
12.770304
17.110016
13.590528
16.993279
12.755968
Control Period
17.110016
12.826624
13.605888
13.578239
12.803072
17.049601
12.793856
17.160160
13.614080
12.879871
16.992256
12.804096
17.158144
13.604864
17.044479
12.789761
12.743680
12.762112
13.676544
17.163265
12.892160
17.123329
12.771328
17.127422
13.561856
12.764160
17.100800
12.776448
17.070080
13.604864
16.954369
12.787712
17.116161
12.780544
13.468672
13.662209
12.896255
17.161217
12.883968
17.166336
13.603840
12.798977
17.147873
12.762112
17.040384
13.584384
16.988159
12.781568
13.780993
13.798400
13.685760
16.476160
13.619200
17.160191
13.617152
13.494272
16.303104
13.593600
17.083393
13.562880
16.306175
13.569024
16.294912
13.579264
13.550592
16.147455
13.592576
16.254976
13.604864
17.089535
13.599744
13.514751
13.668352
13.651968
17.158144
13.609983
16.432127
13.624320
13.595648
13.505536
13.590528
16.311296
13.582336
Control Period
16.117760
13.591552
17.080320
13.603840
13.638657
13.623297
13.627392
17.130497
13.569024
16.330751
13.627392
13.605888
13.608960
13.606913
16.313343
13.584384
16.302080
13.587456
17.129473
13.593600
13.569023
16.245760
13.624320
13.664256
13.615105
16.289791
13.499392
16.289791
13.605888
17.147903
16.211967
13.590528
16.311296
13.540352
17.082367
13.594624
16.275455
13.485056
13.590528
13.608960
13.614080
16.304129
13.593600
16.126976
13.594624
17.034241
13.573120
13.561855
16.323584
13.592576
17.170433
13.613056
16.393215
13.604864
13.495296
13.643776
13.608959
16.317440
13.601791
16.295937
13.565952
17.042433
13.496321
13.495296
16.200705
13.593599
16.943104
13.593599
16.263168
13.505536
16.431105
13.617152
13.619200
16.363520
13.497344
16.216064
13.516800
17.020927
13.603840
13.582336
Control Period
13.545471
13.673471
17.167358
13.616128
16.425983
13.622272
13.608960
13.596672
13.504512
13.638657
13.639681
13.505536
16.291840
13.584384
17.104897
13.494272
16.222208
13.590528
13.584384
13.596672
13.565952
16.293888
13.531136
16.181248
13.583361
17.135616
13.572096
13.477888
13.639680
13.640704
17.126400
13.491199
16.221184
13.480961
16.333824
13.591553
13.543425
16.248833
13.587456
16.264193
13.633535
17.049601
13.562880
13.539328
13.689856
13.628416
17.149952
13.634560
16.422913
13.573120
13.597696
13.590528
13.493248
16.345089
13.575169
16.247808
13.530111
17.114113
13.569024
13.606913
13.511680
13.600768
17.099775
13.588480
16.222208
13.583361
16.200705
13.598721
13.499392
16.261120
13.522943
16.439297
13.623297
17.169407
13.590528
13.584384
13.615105
13.585407
17.035263
Control Period
13.579264
16.210945
13.580288
16.221184
13.620224
17.034241
16.240639
13.539328
16.431103
13.587423
13.631488
13.656064
13.635584
13.589504
13.617152
17.038338
13.589504
16.287745
13.597696
16.297985
13.587456
13.580288
16.266239
13.614080
16.429056
13.612032
17.161217
13.622272
13.571072
16.295937
13.637632
17.108992
13.590528
13.681664
13.681664
13.637632
16.333824
13.584384
17.138687
13.572096
13.579264
13.544448
13.605888
17.099775
13.580288
16.224257
13.589504
16.157696
13.553664
17.040382
13.481984
13.508608
16.299007
13.563904
17.020927
13.560832
16.210943
13.506559
16.231424
13.587456
13.393920
16.268288
13.557760
16.250879
13.592575
17.157120
17.206272
13.626368
12.902400
13.706240
13.116416
13.106144
17.159168
13.619200
12.895231
12.768256
12.733440
17.103872
13.584384
17.124352
12.749825
Control Period
17.121281
12.797952
17.027073
13.584385
12.659712
17.027073
12.732416
17.114113
13.496321
17.114113
12.783616
17.039360
12.773376
13.587456
13.601792
12.819456
17.137665
12.787712
17.096704
13.585408
12.675072
12.706816
12.876801
17.038336
13.587456
17.070049
12.883968
17.175552
12.898304
13.600768
17.119232
12.776447
17.139713
12.904448
17.161217
13.617151
12.873728
17.091583
12.760064
17.138687
13.588480
17.034241
12.774401
12.676096
12.806145
13.622272
17.043457
12.782592
17.038336
12.670977
17.085442
13.585407
12.756992
17.038336
12.758017
17.033215
13.582336
17.121281
12.750848
16.972799
12.748800
13.592576
13.601791
12.906496
17.168385
12.873728
17.162239
13.615105
12.857344
17.090561
12.794880
17.166336
13.624320
17.156096
12.889088
12.853249
17.092609
13.611008
16.940033
12.767232
17.099775
12.778496
17.140736
Control Period
13.593599
12.653568
17.118208
12.760064
17.041409
13.574144
17.041409
12.780544
12.784639
12.752896
17.160192
17.152000
12.820480
13.584384
17.129473
12.810240
17.049601
12.783616
16.992256
13.598721
12.837889
12.813313
12.893184
16.941055
13.586432
17.027073
12.772352
17.050625
12.913664
13.617151
13.553663
12.964865
17.154049
12.900352
17.134592
13.631488
12.751872
17.124352
12.677120
17.033216
13.571072
16.342016
17.255424
16.418816
13.561855
16.303104
13.581312
17.121281
13.553663
13.570047
13.577215
13.568000
13.572096
13.637632
16.238592
13.549568
16.238592
13.509632
17.045504
13.552641
13.496320
16.283648
13.591552
17.065983
13.501440
16.285696
13.619200
16.439297
13.646849
13.616128
16.274433
13.631489
16.448513
13.638657
17.155071
13.474815
13.521920
16.273407
13.585408
17.010689
13.528064
16.217087
13.512704
Control Period
16.218111
13.601791
13.557760
16.227329
13.488129
16.303104
13.584384
17.043457
13.569024
16.265217
13.537279
13.584384
13.500416
13.624320
16.260096
13.547520
16.281599
13.488128
17.121281
13.583360
13.571072
16.301056
13.621248
17.149952
17.290239
17.252352
13.642752
12.886016
17.032192
12.788736
17.046528
13.604864
12.758016
12.732416
12.782592
17.089537
13.587456
17.026047
12.774401
17.041409
12.779520
13.561855
13.607936
12.765184
17.060863
12.827648
17.121281
13.596672
12.778496
12.777472
12.857344
17.156097
13.622272
17.116159
12.771328
16.950272
12.781569
13.591552
13.583360
12.822528
16.945152
12.764160
17.170433
13.623296
12.881920
12.854272
12.944384
17.164288
13.618176
17.150976
12.888063
12.857344
12.738560
13.557760
17.124352
12.762112
17.092609
12.749825
17.102848
13.590528
12.650496
17.130497
Control Period
12.765184
17.001472
13.549568
17.106945
12.746752
17.042431
12.773376
13.604864
13.601791
12.836864
17.100800
12.712960
17.105919
13.579264
12.750849
12.734465
12.914688
17.164288
13.615105
17.154049
12.873728
17.127424
12.778496
13.546496
13.655041
12.937216
17.041409
12.772352
17.119232
13.565952
12.731392
17.099777
12.777472
17.112064
13.594624
17.051647
12.815359
17.108992
12.719105
13.584385
13.633535
12.769279
17.105919
12.790785
17.021952
13.588480
12.760063
12.806145
12.836864
17.130497
13.500416
17.114113
12.646400
17.039360
12.788736
13.572096
13.496321
12.765184
17.027073
12.782592
17.014786
13.604864
17.170433
12.901376
12.858368
16.948223
13.598721
17.008640
12.735488
16.964607
12.887039
17.159168
13.621248
12.872704
17.031168
12.779520
17.085440
13.582336
16.995327
12.768256
12.788736
12.799999
Control Period
13.636608
17.051647
12.784639
17.044479
12.791807
17.108992
13.588480
12.664832
17.134592
12.888063
17.152000
13.631488
17.167360
12.844032
12.798976
12.752896
13.596672
17.120256
12.774401
17.041409
12.771328
17.115135
13.574144
12.818432
17.046528
12.692480
17.168385
13.613056
17.157120
12.876801
12.883968
17.031168
13.590528
17.113089
12.661760
16.975872
12.798976
17.075199
13.583361
12.747776
17.094656
12.778496
16.948223
13.598721
17.027103
12.770304
16.945152
12.774400
13.459455
13.642752
12.912640
17.169407
12.823551
16.978943
13.593599
12.776448
13.692928
13.751295
13.679616
16.472065
13.615105
17.130497
13.590528
13.600768
16.280575
13.571072
17.100800
13.521920
16.206848
13.593600
16.256001
13.584384
13.537280
16.296959
13.492224
16.221184
13.604864
17.035263
13.607936
13.516800
Control Period
13.450239
13.592575
13.592576
13.635584
16.275455
13.494272
16.283648
13.594624
17.119232
13.522944
13.547520
16.228352
13.626368
17.160192
13.633536
16.438272
13.632480
13.627392
16.949249
13.548544
16.324608
13.553664
16.272385
13.591552
17.037312
13.565952
13.603840
16.227327
13.563904
17.030144
13.574144
16.220161
13.573120
16.313345
13.633536
13.554688
16.326656
13.547520
16.149504
13.638657
17.171455
13.624320
13.611008
16.308224
13.587456
17.125376
13.594624
16.305153
13.569023
13.586432
13.605888
13.651968
16.457727
13.622272
16.431103
13.617152
13.577216
16.286720
13.604864
16.316416
13.551617
17.126400
13.566977
13.494272
13.588480
13.611008
17.143808
13.587456
16.304127
13.590528
16.319489
13.579264
13.495296
16.245760
13.507584
16.118784
13.573120
17.164288
13.625343
16.420864
13.622272
Control Period
13.620224
17.015808
13.497344
16.215040
13.595648
16.421886
13.604864
13.597696
16.214016
13.617152
16.427008
13.624320
17.144833
13.620224
13.585407
16.221184
13.541376
17.045506
13.560832
16.314367
13.591552
16.209919
13.575168
13.594624
16.330753
13.505535
16.219135
13.594624
17.069056
13.534208
16.288769
13.562880
13.602816
13.497344
13.509632
16.276480
13.627392
16.422913
13.626368
17.163265
16.409599
13.589504
16.321537
13.591552
17.090561
13.501440
16.231424
13.532160
13.595648
13.594624
13.644800
16.448511
13.632512
16.356352
13.592576
13.501440
16.340992
13.502464
16.124928
13.594624
16.975872
13.490176
16.225281
13.590528
13.581312
13.590528
13.690880
16.476160
13.597696
16.347136
13.605888
13.523968
16.152576
13.590528
16.158720
13.619200
17.142784
13.547520
16.307199
13.592576
13.569024
13.582336
Control Period
13.512704
16.329727
13.600768
16.229376
13.546495
16.947201
13.498368
13.487104
13.609983
13.628416
16.526337
16.961536
13.679616
13.627392
16.355328
13.596672
16.131073
13.585408
13.578239
16.216064
13.542400
16.179199
13.588480
17.100800
13.565952
16.223232
13.569024
13.553663
13.618176
13.661184
16.463871
13.619200
16.430080
13.611008
13.611008
16.345089
13.584384
16.131073
13.592575
17.013760
13.592576
13.487104
13.614080
13.579264
13.592576
13.491199
16.206848
13.576223
16.330751
13.684736
13.667328
16.556032
13.623297
16.459776
13.614080
17.110016
13.545472
13.566976
16.224257
13.576192
17.129471
13.571072
16.221184
13.573120
16.314367
13.535233
13.586432
16.308224
13.474815
16.308224
13.607936
16.950272
13.590528
13.569024
13.603840
13.605888
17.125378
13.579264
16.214016
13.495296
Control Period
16.284672
13.579264
17.096703
16.313343
13.591552
16.288769
13.605888
17.173504
13.629440
13.619200
13.602816
13.678592
17.152000
17.153023
16.428032
13.577216
13.621248
13.606912
13.743105
13.726720
13.657087
16.496639
13.608960
13.633535
13.662209
13.618176
17.099775
13.534208
16.147455
13.519872
16.228352
13.589504
13.455360
16.214016
13.580288
16.265217
13.602816
17.127424
13.579264
16.293888
13.497344
13.548544
13.647872
13.629440
16.333824
13.595648
16.121857
13.616128
17.145857
13.497343
13.528065
16.235519
13.638657
17.157120
13.616128
16.432129
13.629440
13.594624
17.037312
13.592576
16.320511
13.615104
16.415745
13.623297
13.587456
16.236544
13.504512
16.209921
13.588480
17.137665
13.564928
13.493248
13.519873
13.495296
17.119232
13.579264
16.328705
13.605888
16.314367
13.591552
Control Period
13.583361
16.282623
13.578240
16.280577
13.594624
17.139711
13.596672
13.584384
13.490176
13.521920
17.121281
13.591552
16.181248
13.595648
16.220160
13.568000
17.017857
13.576193
13.627392
16.424961
13.609983
17.162239
13.611008
16.418816
13.565952
13.611008
13.589504
13.486080
16.276480
13.603840
16.218113
13.582336
17.042431
13.557760
13.509632
16.215040
13.552640
17.081345
13.507584
16.274433
13.598721
16.212992
13.579264
13.487104
16.297985
13.599744
16.295937
13.591552
17.128448
13.580288
13.581312
13.504512
13.584384
17.003521
13.493248
16.221184
13.547520
16.251904
13.626368
16.999424
13.492224
13.548544
16.212992
13.584384
16.999424
13.623296
16.414719
13.615104
13.620224
13.626368
13.608960
16.351233
13.571072
16.291840
13.563904
17.117184
13.532160
13.582336
16.200705
Control Period
13.588480
16.948223
13.503489
16.295937
13.494272
16.186369
13.594624
13.475840
16.259071
13.577216
16.211967
13.512704
17.068031
13.494272
16.126976
13.480961
13.574144
13.580288
13.585408
16.313343
13.490176
16.261120
13.594624
16.950272
13.496321
13.489152
13.641727
13.642752
17.156097
13.601791
16.432129
13.603840
13.611008
13.644800
13.625344
16.240639
13.490176
16.156673
13.486080
16.947201
13.506559
13.511681
13.578240
13.584384
17.041409
13.586432
16.342016
13.494272
16.258049
13.586432
17.125376
16.303104
13.483007
16.179199
13.551617
17.123329
13.506559
16.130047
13.499392
16.235519
13.626368
13.589504
16.301056
13.499392
16.423935
13.617152
17.170431
13.612032
13.595648
16.321535
13.596672
16.951298
13.497344
16.204800
13.496320
16.126976
13.564928
13.495296
16.155647
13.471745
16.198656
13.550592
16.952320
13.494272
16.124928
13.562880
13.581312
13.561856
13.480960
16.286720
13.499392
16.164864
13.588480
17.118208
13.580288
13.531136
13.582336
13.586432
17.108992
13.502464
16.128000
13.496320
16.188416
13.603840
17.045504
13.502464
13.574144
16.210945
13.585408
17.169407
13.615104
16.447489
13.504513
13.586432
13.577216
13.487104
16.276480
13.494272
16.222208
13.598720
17.112064
13.527040
13.591552
16.294912
