80.679932
10.511360
10.507264
13.443071
12.946432
13.973505
8.754176
10.530816
10.528769
9.398272
12.788736
12.932096
15.229952
8.775681
12.656639
8.135680
12.942336
8.136703
8.763391
11.198464
10.526720
13.905920
8.137728
14.567425
8.139776
8.762368
8.764416
8.140800
11.024384
8.766464
12.685312
8.762368
10.574848
8.757248
12.802048
11.646976
8.771584
11.027456
8.762368
16.220161
10.534912
12.347392
12.926975
8.769536
8.766464
8.765440
10.405888
9.395201
12.222464
12.939264
13.424640
8.770559
8.775680
10.533888
9.389055
12.167168
12.940289
14.000128
8.758272
12.172289
8.135680
9.385984
8.134656
12.935168
9.948160
10.535936
16.205826
8.133633
9.399296
8.134656
12.932096
8.139776
10.541056
13.454336
8.132608
11.656192
8.133633
8.764416
8.140800
10.544128
12.346368
8.136703
17.459200
8.764416
11.216896
9.389056
12.814336
12.931072
8.756224
12.796928
8.766464
13.471745
12.935167
12.965888
8.766464
10.527744
10.535936
9.393152
12.793857
12.938240
15.233025
8.763391
15.194112
10.528769
9.407488
8.136704
12.933120
10.569728
8.778751
13.455360
10.531839
11.026432
8.133633
12.933120
8.138752
8.768512
10.571775
8.133633
13.891584
8.773632
12.938240
8.135680
10.529792
11.201536
8.136704
14.580736
8.770560
12.213248
10.528769
12.340223
12.934144
8.762367
11.021312
8.761344
10.404863
9.394176
12.204032
12.939264
12.801023
8.772608
8.761344
10.534912
9.400320
12.171265
12.926975
13.989888
8.762368
11.019264
8.133633
9.396224
8.138752
12.932096
15.233025
10.529792
12.683264
8.134656
12.939264
8.133633
8.764416
11.189248
8.138752
13.894656
8.755199
14.559233
8.135680
10.542080
8.759296
8.135680
14.573568
8.766464
13.459455
10.534912
12.341248
12.927999
8.766464
8.767488
8.761345
12.791808
9.396224
12.213248
12.927999
13.424641
8.764416
8.760321
10.535936
9.403392
10.563584
12.924928
13.986816
8.760321
11.657215
8.137728
9.392128
8.140800
12.924929
9.948160
10.529792
16.197632
8.132608
9.407488
8.135680
12.930048
8.139776
10.530816
13.460480
8.134656
12.668928
8.138752
8.751104
8.139776
10.537984
11.657216
8.136703
14.564352
8.763392
15.193089
10.530816
12.345345
12.936192
8.763392
11.014144
8.763392
13.461504
9.391104
11.201536
12.923904
12.805120
8.761345
8.767488
8.138752
9.390079
15.235072
12.925952
14.427136
10.530816
10.524672
8.141824
9.415680
10.570752
12.927999
15.224833
10.534912
12.663808
8.135680
12.930048
8.138752
8.766464
11.204608
10.537984
13.907969
8.136703
14.560255
8.131584
10.534912
8.761344
8.137728
11.026432
8.753152
16.216064
8.754176
12.342272
9.395200
8.776704
12.923904
8.761344
12.799999
8.762367
12.216320
9.382912
13.426688
12.922880
8.753152
10.533888
8.771584
12.167168
9.384960
Control Period
13.984768
8.765440
12.791808
14.050304
21.911552
19.412992
21.913601
26.470400
19.508224
22.802433
18.658304
21.140480
26.422272
21.813248
21.829632
20.349953
21.154816
26.415104
21.839872
21.806080
23.455744
21.159935
22.812672
19.343361
21.810177
26.412033
19.522560
22.781952
23.442432
18.845695
25.086975
19.528704
21.820415
16.443392
16.462849
25.086975
21.828608
21.812225
26.434559
19.515392
22.800385
23.445503
16.369663
25.325569
21.904385
21.906431
26.488831
19.514368
22.789120
23.473152
16.354305
25.077759
21.807104
21.809151
22.663168
18.850815
25.065472
21.238785
21.827583
22.667263
18.852863
25.095169
18.334721
21.125120
21.179394
16.362495
25.092096
21.816320
21.804031
22.687744
18.851841
25.082880
21.155840
21.147648
23.463936
Control Period
21.148672
22.797312
21.211136
21.466112
26.585087
19.663872
23.165953
23.586815
16.505856
25.300991
21.903358
22.003712
26.598400
19.688448
23.232513
23.633919
16.510977
25.300991
21.888000
21.907455
26.516479
16.536575
23.012352
21.395456
21.481472
25.562111
21.992447
22.002689
26.491905
18.797569
22.988800
21.286911
21.283840
25.268223
19.559423
21.862400
23.698433
21.412865
23.198719
21.411840
21.274624
25.304064
19.561472
21.908480
23.731201
21.408768
23.201792
21.342209
21.293056
25.307137
21.860352
21.868544
23.583744
21.267456
22.984703
21.363712
21.426176
26.544128
21.938175
21.945343
23.580673
21.268478
22.976513
19.391487
21.852161
26.456064
19.568640
22.986752
23.681025
19.145729
25.484287
21.948416
21.950464
26.544128
19.582977
Control Period
22.985727
18.792448
21.558273
26.638336
22.030334
22.042625
23.064575
21.433344
23.211008
21.445633
21.494785
26.656769
22.030336
22.049793
23.837696
21.422081
23.190529
21.426176
21.519360
25.756672
22.052864
22.046719
26.540031
19.640320
23.191551
21.436417
21.460991
25.767937
21.490688
22.051840
23.058432
21.415936
23.220224
21.419008
21.459969
26.668034
22.039551
22.033409
23.877632
21.426176
23.179264
21.435390
21.462015
25.754623
22.048767
22.043648
26.575871
19.652607
23.199745
21.430271
21.425152
25.499649
21.399551
21.964800
23.060480
21.580799
23.458817
21.578751
21.420033
26.420223
21.954559
21.940224
23.884800
21.602303
23.480320
21.587967
21.433344
25.500671
21.872639
21.959679
23.779327
21.611519
Control Period
23.442432
21.592064
21.694464
26.039295
18.966528
21.780479
23.973888
21.591042
23.428097
21.599232
21.696510
26.015743
22.030336
22.142975
26.527744
19.749889
23.422976
23.885824
19.472385
26.003456
18.941952
21.784576
23.919617
21.615616
23.442432
23.892992
19.442688
26.003456
21.799934
21.724159
25.766912
21.957632
22.039551
23.237633
21.791744
23.718912
21.770241
21.710850
25.782272
21.605377
21.583872
26.701824
22.156288
22.144001
26.737663
19.719170
23.448576
23.895041
19.322880
26.015743
21.780479
21.770241
26.633217
22.054913
22.041599
23.895041
21.582848
23.607296
24.098816
19.472383
25.993216
21.596161
21.586945
26.643456
22.037504
21.976063
23.297024
21.797890
23.729153
21.770241
21.630976
25.741312
Control Period
21.583872
21.607424
26.767361
22.248447
22.251520
26.834946
19.849216
23.707649
24.073215
21.821442
24.002560
21.961727
21.969921
26.253311
21.769215
21.764095
26.753023
22.221825
22.257664
26.859520
22.240257
22.166529
26.753023
19.061760
23.726082
24.271873
19.668991
26.283009
21.847040
21.764095
26.004478
22.171648
22.259712
26.883072
22.267904
22.191105
24.099840
21.788673
23.707649
24.244225
19.659775
26.265600
24.259583
19.601408
25.999359
21.787647
21.764095
26.174465
19.098625
23.983105
24.276993
21.964800
23.745537
24.084480
19.480576
26.121216
21.981184
21.992447
26.294271
22.044672
22.142975
26.757120
19.845119
23.966721
24.276993
21.971970
23.835648
21.772287
21.780479
26.015743
21.950464
21.976063
Control Period
26.872833
22.283264
22.376448
26.986496
22.369280
22.295551
26.863617
19.159040
23.988224
24.468479
22.159359
24.249344
24.446976
19.667969
26.276863
21.957632
22.012928
26.552319
22.157312
22.175743
26.361856
22.273026
22.253569
21.166080
24.288258
23.983105
24.275967
22.014977
24.264706
24.473600
22.169601
24.105984
21.979137
24.273920
24.051712
22.162432
22.162434
26.572800
22.007809
21.994495
26.864639
22.256639
22.268929
26.853374
22.250496
22.256639
23.638016
22.161407
24.240128
22.052864
21.975040
26.266624
21.949440
22.032383
26.542080
22.131712
22.153215
26.935295
22.258688
22.282240
26.869761
22.261761
22.261761
26.864639
19.964928
24.175617
24.449024
22.157310
24.174591
24.261631
Control Period
21.945343
23.983105
21.976063
24.653824
24.540161
22.344704
22.304768
26.536961
22.152191
22.139904
26.532864
22.153215
22.163456
26.565632
22.352898
22.347775
27.068417
22.334465
22.163456
26.986496
22.373375
22.378496
26.956800
22.354944
22.359039
27.076607
22.466560
22.490112
27.068417
22.361088
22.361088
26.961920
20.066303
24.243200
24.436735
22.132736
24.244225
24.455168
22.156288
24.303616
24.652802
22.353920
24.516609
24.648705
22.228992
24.263680
22.174721
24.463360
24.245247
22.155264
22.161407
26.568705
22.300673
22.332417
26.812416
22.338560
22.194176
26.547199
20.060160
24.258560
26.955776
22.365185
22.370304
26.967041
22.361088
22.369280
26.973183
22.452225
22.478848
Control Period
27.079679
20.159489
24.938496
25.073666
25.013248
22.845440
27.083776
22.487040
22.475777
27.104256
22.472704
22.478848
27.071487
22.480896
22.484993
27.094017
22.460417
22.474752
27.094017
22.467583
22.465536
27.067390
22.452225
22.484993
27.088896
22.467583
22.471680
27.103233
22.742016
22.915073
25.074688
24.941568
22.460415
27.061249
22.482944
22.464512
27.084801
22.477825
22.456320
27.080704
22.488064
22.471680
24.651775
24.659969
22.453247
27.215872
22.482944
22.465536
27.092991
22.479872
21.658623
24.662016
22.350849
24.524799
24.664064
22.346752
24.553471
22.731775
24.840191
24.952831
24.554497
22.350849
24.519680
24.677376
22.350849
24.522751
24.639488
22.334465
24.531967
Control Period
24.657921
22.374401
24.973312
22.725632
27.164673
22.916096
25.076736
25.036800
22.910976
25.096191
25.031681
22.908928
25.065472
25.031679
22.924288
27.129856
22.727680
22.776833
27.132927
22.725632
22.773762
27.134975
22.929409
24.835072
24.973312
22.714367
24.810497
24.977407
22.733824
22.520832
22.669312
26.829824
22.341633
26.834944
22.542336
22.779903
27.134975
22.920193
24.800257
24.982529
22.709248
24.818687
24.964096
22.731775
24.827904
24.969215
22.729729
27.130880
22.909952
25.060352
22.697983
24.953856
25.084929
25.037823
22.943745
27.111423
22.705153
22.780930
27.146240
22.721537
22.724607
26.834944
22.334465
22.341633
27.126783
22.894592
Control Period
22.525951
27.187199
23.320576
24.808449
25.186304
22.738945
27.126783
22.928383
22.697983
27.140095
22.903809
25.081856
25.187328
23.309311
25.200642
25.133057
22.778881
27.138048
22.727680
22.746113
27.112448
22.895617
22.498302
27.286528
23.323647
24.905727
25.210880
22.726656
27.123713
22.908928
25.084927
25.043968
22.912001
25.100288
25.225216
23.308289
27.234304
22.816769
22.773760
27.103231
22.729729
22.786049
27.145216
22.921215
24.857601
25.282560
22.835201
24.948734
25.019392
22.710272
27.136000
22.927361
25.075712
25.009151
22.926334
25.205761
25.097216
23.271423
27.261951
22.737921
22.758400
27.146240
22.714367
22.786049
27.115520
23.071743
25.059328
Control Period
25.150463
22.948864
24.860672
25.261055
22.988800
27.167744
23.306240
25.189377
25.154560
23.294975
27.198463
22.899712
22.893568
27.128832
22.894592
22.511616
27.287552
23.279617
24.883202
25.313280
22.868992
27.334656
23.115776
25.150463
25.026560
22.906879
25.075712
25.055233
23.336960
27.275265
22.832129
23.023617
27.087872
23.296000
24.892416
24.962048
22.710274
24.828928
25.109505
22.863873
27.196417
23.141376
25.178112
25.211905
23.266304
27.239424
23.011328
22.908928
27.323391
22.876160
22.776833
27.128832
22.913025
24.947712
25.174015
22.896641
24.957952
25.294847
25.364479
25.241600
22.935553
25.073664
25.019392
23.004160
27.202560
Control Period
22.983681
22.892544
27.403263
23.686144
25.101311
25.440256
22.908928
22.521856
23.000065
27.213823
23.184383
27.173889
22.936577
22.819839
27.205631
22.964224
24.939520
25.026560
22.987776
27.329536
23.300095
25.368576
25.259007
23.294975
25.352192
25.163776
23.196671
27.124737
22.699009
23.006208
27.341824
23.185408
24.651775
25.293823
22.759424
27.234303
23.192577
25.323521
25.187328
23.190529
25.216000
25.297920
23.270401
27.275265
23.046144
23.056385
27.185152
23.324673
25.046017
25.204735
22.777855
27.229183
23.158783
25.359360
25.164799
23.158783
25.357311
25.232384
23.331841
27.287552
22.887424
23.054337
27.159554
23.084032
24.990719
25.224192
Control Period
22.897663
27.210751
23.209984
25.569281
25.540607
23.684097
27.313152
22.932480
22.902784
27.165695
23.604225
25.030655
25.504768
23.244801
27.209728
23.369728
25.197567
25.338879
23.355392
27.244545
22.919168
23.160831
27.430912
23.669762
25.083904
25.450497
25.195520
20.643841
22.871040
27.286530
23.341057
27.195393
22.994946
25.563137
25.518080
23.174145
27.341824
23.330816
25.182209
25.274368
23.072769
25.180161
25.264128
23.591936
25.566208
25.533440
23.165953
27.310080
23.215103
24.968193
25.308161
23.055359
24.861696
25.189377
25.358337
25.592831
23.684097
25.569279
25.200640
22.909950
27.190273
23.005184
25.546753
25.536512
23.192575
27.319296
Control Period
23.334911
25.197567
25.355265
23.699455
27.423744
23.238655
25.481216
25.544704
23.237633
25.100288
25.256960
25.342976
25.325569
23.528446
25.578495
25.537537
23.254017
27.430912
23.683071
25.077761
25.124863
25.268225
25.152512
23.578625
25.579519
25.535488
23.243776
27.420671
23.250944
25.573376
25.533440
23.143425
27.166719
23.349247
25.321472
25.303040
23.710720
27.424768
23.183361
25.306112
25.212929
22.912001
24.806400
25.524223
25.552896
25.558016
23.693312
25.550848
25.541634
23.254017
27.247616
22.892544
25.184258
25.293823
23.229439
25.116673
25.536512
25.562111
25.548800
23.705601
27.378689
22.895615
25.201664
25.245697
22.992895
25.101311
Control Period
25.534464
22.812672
23.699455
27.409409
23.675903
25.016319
25.522175
25.567230
25.560064
23.688192
25.597952
25.531391
25.545727
25.529343
23.235584
25.084929
25.550848
25.563137
25.539585
23.705601
25.556992
25.549824
25.561089
25.536512
23.252991
25.112576
25.544704
25.583614
25.545727
23.669762
25.326591
25.250816
22.812672
27.344896
23.249920
25.548801
25.546753
25.572353
25.546753
23.687168
25.542656
25.519104
23.248896
27.412479
23.673857
25.133057
25.538559
25.555969
25.553921
23.708672
25.549824
25.542656
25.562111
25.530369
23.238655
25.108480
25.553921
25.565184
25.549824
23.669760
25.562111
25.534466
25.570305
25.426945
22.951935
Control Period
24.869888
25.232384
23.241728
27.391998
23.710720
27.405312
23.248896
25.590784
25.545727
23.251968
25.096191
25.543680
25.560062
25.543680
23.683071
27.436031
23.242752
25.456640
25.513985
23.264256
25.012224
25.545727
25.556992
25.530369
23.692287
27.405312
23.256065
25.560064
25.534464
23.240704
25.113600
25.521152
25.545727
25.552895
23.660545
27.419647
23.248898
23.260160
20.289536
23.361536
27.158527
23.134209
25.102337
25.547775
23.254017
27.418625
23.702528
27.384830
23.245823
23.272448
27.438080
23.699455
25.110527
25.551872
25.569281
25.554943
23.671808
27.414528
23.237633
23.251968
27.400192
23.682049
25.100288
25.520126
25.580544
Control Period
25.564159
23.674881
27.430912
23.226368
23.237633
27.417601
23.691263
25.084927
25.521152
25.560064
25.539585
23.676928
27.433983
23.237633
23.243776
27.409409
23.684097
27.423744
23.678976
25.582592
25.558016
23.683071
27.410431
23.237633
25.567232
25.543680
23.236607
27.414528
23.680000
25.571327
25.531391
23.591936
27.400192
23.233536
25.565184
25.534466
23.225344
27.118591
23.244801
25.218048
25.101311
23.454720
25.580544
25.504768
23.266304
27.414528
23.681023
25.102337
25.534466
23.227390
27.403263
23.693312
25.573376
25.547775
23.245823
27.418625
23.695360
25.103359
25.537537
23.264256
22.814720
25.569279
25.537537
Control Period
25.571327
25.544704
23.263233
27.430912
23.674881
25.561089
25.563137
23.713791
27.415552
23.703552
25.123840
25.511936
23.246849
27.415552
23.689217
25.553921
25.556992
23.700480
27.393024
23.661568
25.104385
25.513985
23.241728
27.411457
23.694336
25.537537
25.560062
23.676929
27.402241
23.680000
25.109505
25.522175
23.252991
27.428864
23.675903
25.567232
25.547775
22.946815
27.179008
22.847488
25.226240
25.488384
23.256065
27.423744
23.603199
25.563137
25.538559
23.680000
27.424768
23.241728
23.159809
27.419647
23.684097
27.407360
23.682049
25.571327
25.563135
23.704575
27.411457
23.247871
25.578495
25.518080
23.265280
27.427841
23.692287
25.569281
25.554943
Control Period
23.691265
27.396095
23.237633
25.546753
25.545729
23.225346
27.409409
23.692287
25.575424
25.561089
23.806976
27.441151
23.681023
25.101311
25.519104
23.244801
27.387903
23.675903
25.561089
25.540607
23.666687
27.429888
23.665665
25.020416
25.146368
22.829056
25.068544
25.538559
25.561089
25.563137
23.704575
27.438080
23.230465
23.252993
27.406336
23.689217
27.419647
23.678974
25.573376
25.570305
23.667713
27.416576
23.223295
25.572353
25.481216
22.841343
24.845310
25.264130
23.089153
27.424768
23.699455
25.579519
25.538561
23.258112
27.419647
23.698433
25.150463
25.544704
23.246847
27.429888
23.709696
27.405312
23.229439
Control Period
23.251968
27.400192
23.687168
22.828032
25.571327
25.533440
25.552896
25.548801
23.268353
27.328512
23.300097
25.333759
25.146368
23.614464
27.327488
23.228416
23.102463
27.284481
23.266304
24.978432
25.349121
23.234560
27.428864
23.692287
25.379841
25.296896
23.174145
22.562817
25.570305
25.536510
25.547775
25.508863
23.251968
27.176960
22.988800
22.905857
27.403263
23.688192
25.100288
25.536510
22.858753
27.267073
23.050240
25.424896
25.572353
23.696384
27.374592
22.988800
22.883327
27.305984
23.583744
25.114624
25.526272
23.080959
27.370495
23.323647
25.148417
25.375744
23.706623
27.415552
23.218176
25.341953
25.181183
22.960129
25.089024
25.536510
Control Period
25.549824
25.544704
23.682049
27.409409
23.237633
23.235584
27.394047
23.703552
25.054207
25.105408
23.001087
27.161600
23.622658
25.545727
25.547775
23.378944
27.251713
22.887424
25.435135
25.548801
23.245823
27.415552
23.682049
25.572353
25.534464
23.543808
27.068417
23.036928
22.887424
27.413504
23.683071
22.814720
23.186432
27.296768
23.188480
27.242496
22.969345
25.565184
25.532415
23.240704
27.407360
23.685120
25.562111
25.404415
23.140352
27.196415
23.051266
23.278591
27.421696
23.687168
25.093121
25.186304
23.002113
27.359232
23.080959
25.418751
25.565186
23.682049
27.410431
23.234560
25.555969
25.529343
22.859776
27.335680
23.225344
25.455616
25.563137
Control Period
23.684097
27.402241
23.241730
23.252993
27.397120
23.694336
25.106432
25.533440
25.545729
25.550848
23.681025
27.418625
23.256065
23.252993
27.435009
23.701504
27.408382
23.605247
25.220097
25.235455
23.150593
25.389055
25.579521
23.250944
27.425793
23.695360
25.103359
25.546753
23.241728
27.410431
23.684097
25.589760
25.540607
23.244801
27.432961
23.590912
25.083904
25.528320
23.231487
27.417599
23.370752
25.374720
25.230335
22.877184
27.406336
23.261185
25.559040
25.543680
23.241728
27.404287
23.682049
23.248896
25.104383
25.533440
23.238655
27.397120
23.694336
25.563137
25.512960
23.237633
27.403263
23.689217
24.867840
25.093121
Control Period
22.908928
27.390976
24.004608
25.781248
25.808895
23.680000
27.411457
23.670784
25.113600
25.563137
23.241728
27.429888
23.669760
25.570305
25.549824
23.266304
27.432961
23.689217
25.098240
25.541632
23.262207
27.400192
23.698433
25.554943
25.567232
23.278591
27.414528
23.697407
25.081856
25.512960
23.236609
27.393024
23.676929
27.415552
23.266304
23.276543
27.388927
23.666687
25.107456
25.537537
25.559040
25.553921
23.697407
27.409409
23.244801
23.267328
27.422720
23.703552
25.110527
25.568256
25.554943
25.548801
23.709698
27.394047
23.237633
23.264256
27.407360
23.692287
27.419647
23.618561
25.592833
25.543680
23.678974
Control Period
27.428864
23.232512
25.570305
25.534464
23.246849
27.406336
23.701504
25.578495
25.550848
23.711742
27.435009
23.257088
25.563137
25.539583
23.248896
27.404289
23.690239
25.550848
25.544704
23.675903
27.405312
23.240704
25.584641
25.510912
23.259136
27.408384
23.692287
25.572351
25.551872
23.683071
27.422720
23.688192
25.109505
25.529345
23.238655
27.406336
23.692287
25.545727
25.538559
23.677952
27.417599
23.691265
25.100288
25.548801
23.236609
27.388927
23.692287
25.538559
25.535488
23.249920
27.421696
23.693314
25.111553
25.552895
22.804482
23.680000
27.427841
23.715839
27.403263
23.704575
25.575424
25.541632
23.608318
27.427839
Control Period
23.250944
25.556992
25.531391
23.222271
27.318272
23.691265
25.562111
25.554943
23.691265
27.369473
22.896641
23.036928
27.330561
23.596031
25.102337
25.545729
23.023617
27.245567
23.232512
25.248768
25.570305
23.689217
27.420673
23.638016
25.074688
25.230335
22.911999
25.036800
25.316353
25.555967
25.539585
23.654400
27.165695
23.050240
23.035904
27.330559
23.669762
25.122816
25.541632
22.966270
27.195393
23.282688
25.132032
25.547775
23.698433
27.414528
23.249920
25.566208
25.528320
23.239681
27.397121
23.385088
25.359360
25.257984
23.475201
27.428864
23.236607
23.248898
27.275265
23.126015
25.036800
25.191425
23.225346
27.420671
23.699455
25.407488
25.206783
Control Period
23.132160
27.222015
23.018496
23.266304
27.408384
23.556095
25.009151
25.137154
22.986752
27.277313
23.241728
25.319424
25.400320
23.227392
27.341824
22.871040
22.929409
27.317249
23.717888
25.121792
25.539585
22.994946
27.068417
23.305216
22.685696
23.334911
27.267071
23.317505
25.055233
25.169920
23.027712
27.257856
23.307264
25.312256
25.202688
23.347198
27.409409
23.245823
23.251968
27.376640
23.249920
25.000961
25.157631
22.854656
27.335680
23.279617
25.202688
25.161728
23.269375
27.208704
22.898689
23.071743
27.162624
23.280640
25.122816
25.550848
23.238655
27.262976
23.130112
25.220097
25.276417
23.311359
27.187201
18.417664
27.186176
23.148544
Control Period
27.267071
23.227392
25.454592
25.541634
23.664639
27.371521
23.335936
24.985600
25.144321
23.240704
25.105408
25.541632
25.533440
25.340927
23.320576
27.155457
23.054337
23.242752
27.409409
23.596031
25.006081
25.235455
22.991871
27.316223
23.675903
25.555969
25.544704
23.398399
27.176960
22.848511
23.083008
27.422722
23.714815
25.080833
25.346048
22.996990
27.150335
23.415808
25.579519
25.550848
23.656448
27.136000
22.862848
25.387009
25.339905
23.223297
25.103359
25.526272
25.223167
25.233408
23.334911
25.200640
25.283585
23.073792
27.310080
23.028736
25.569281
25.522175
23.134209
27.301888
23.274496
25.093121
25.254913
23.690241
27.416576
23.250944
23.206913
27.224064
Control Period
23.281664
25.001984
25.342976
23.257088
27.421696
23.683071
25.460735
25.554943
23.674881
27.402241
23.710720
25.097216
25.547775
22.866943
27.267071
23.282688
25.395199
25.558016
23.702528
27.411455
23.242752
25.577473
25.533440
23.242752
27.410431
23.685120
25.562111
25.498623
23.266304
27.240448
22.999041
23.252991
27.424768
23.680000
25.094143
25.532415
25.563137
25.555967
23.691265
27.189247
23.016449
23.058434
27.299839
23.480320
25.118721
25.531391
23.156736
27.436031
23.693314
25.572353
25.560064
23.700481
27.411457
23.472128
25.059328
25.059328
22.843391
24.881153
25.377792
25.554943
25.545727
23.677952
27.431936
23.241728
23.259136
27.423744
23.357441
Control Period
24.740864
25.291775
22.977535
27.431936
23.678974
25.544704
25.563137
23.686144
27.405312
23.692287
25.092094
25.536510
23.254017
27.402241
23.685120
25.568256
25.537537
23.273472
27.404287
23.677952
25.099262
25.529345
23.246849
27.430912
23.678976
25.576448
25.574400
23.262207
27.407360
23.676928
25.104385
25.532415
23.229439
27.440128
23.697409
27.404289
23.236609
23.229439
27.417599
23.646208
24.938496
25.153538
22.868992
27.307007
23.675903
25.556992
25.540607
23.691265
27.423744
23.683071
25.103359
25.538559
23.156734
27.414528
23.671808
25.588737
25.547775
23.674881
27.401217
23.693312
25.109505
25.548800
23.241728
27.414528
23.703552
25.590784
25.545727
Control Period
23.234560
27.417601
23.590912
25.100288
25.534464
23.220224
27.403263
23.702528
25.571327
25.543680
23.243776
27.395073
23.232512
25.545729
25.531391
23.252993
27.415552
23.671808
25.544704
25.535488
23.267328
27.412479
23.683071
25.109505
25.545727
23.243776
27.417599
23.682049
27.426815
23.236607
23.246847
27.398144
23.664640
25.093121
25.534464
25.562111
25.558018
23.681023
27.396095
23.260159
23.255039
27.413506
23.682049
25.094143
25.563137
25.553921
25.563137
23.707649
27.413504
18.638847
27.407360
23.676929
27.404287
23.685120
27.402241
23.228416
23.261185
27.400192
23.676928
25.121792
25.519104
25.584641
25.538561
23.675903
27.419647
23.251968
Control Period
23.271423
27.430912
23.650303
25.112576
25.544704
25.545727
25.537537
23.669760
22.815742
23.707647
27.427839
23.655424
27.381760
23.660543
25.564159
25.544704
23.675903
27.411457
23.252993
25.558016
25.537537
23.231487
27.426815
23.690239
25.549824
25.547775
23.686144
27.425793
23.237633
25.575424
25.542656
23.246849
27.417601
23.676928
25.581570
25.569279
23.716864
27.415552
23.614464
25.097218
25.527296
23.246849
27.030529
23.340031
25.325569
25.341953
23.690239
27.422720
23.248896
23.254017
27.425793
23.682049
25.096191
25.543680
25.577473
20.923391
22.402048
27.416576
23.686144
27.410431
23.241728
25.571327
25.543680
23.230465
25.088001
25.538559
Control Period
25.559040
25.538559
23.265280
27.448320
23.242752
25.570305
25.537537
23.242752
27.399168
23.670784
25.564159
25.535488
23.246849
27.416576
23.219200
25.556992
25.538559
23.242752
27.430912
23.686144
25.577473
25.545729
23.250944
27.411457
23.244801
25.588737
25.516033
25.583614
25.323521
23.272449
25.283585
25.272320
23.677952
27.397120
23.235584
25.535488
25.540607
23.262207
25.111553
25.523201
25.567232
25.541632
23.272449
27.415552
23.241728
25.551872
25.536512
23.224319
27.415550
23.664640
25.544704
25.521152
23.242752
27.410431
23.234560
25.554943
25.526272
23.230465
27.302912
23.279617
25.311234
25.151487
23.687168
25.571327
25.539585
25.575424
Control Period
25.530369
23.227392
25.228287
25.546753
25.565184
25.522175
23.692287
27.384832
23.247871
25.571327
25.530369
23.254017
25.108479
25.524223
25.568256
25.543680
23.683071
27.418625
23.243776
25.563137
25.541632
23.240704
25.101313
25.536512
25.567230
25.547775
23.691263
27.404287
23.260159
25.554943
25.547775
23.227392
25.105408
25.530369
25.539585
25.538559
23.249920
27.420673
23.203840
25.540607
25.544704
23.224319
25.089024
25.512960
25.564159
25.516033
23.244801
27.419647
23.236609
25.581570
25.539585
23.227392
24.966145
25.081856
25.127937
25.308159
23.698433
25.546753
25.532417
25.541632
25.522175
23.241728
25.098240
25.531391
25.553921
25.532417
Control Period
23.698433
25.570305
25.544704
25.577473
25.536510
23.217152
25.096191
25.540607
25.553921
25.563137
23.686144
27.427839
23.242752
25.574400
25.559040
23.224319
25.103359
25.534464
25.565184
25.543680
23.683071
27.420671
23.221249
25.552895
25.537537
23.244801
25.110527
25.486336
25.246719
25.297920
23.104511
25.218048
25.543678
23.249920
27.427841
23.702528
25.124863
25.523201
25.548801
25.538559
23.677952
25.544704
25.530369
23.275520
27.415550
23.689217
25.107456
25.534464
25.565186
25.536512
23.677952
25.553921
25.547775
25.569279
25.515007
23.230465
25.105408
25.439232
25.308161
25.306110
23.163904
25.543680
25.523201
23.264256
27.436031
23.246849
Control Period
25.575424
25.537537
25.565186
25.563137
23.698433
25.587711
25.549824
23.272448
27.416576
23.701504
25.107456
25.551872
25.513985
25.236481
23.300095
25.194496
25.438210
23.278591
27.412479
23.252993
25.552895
25.551872
23.245823
27.347967
23.098368
25.275391
25.259008
23.592960
25.562111
25.522177
25.567232
25.528320
23.236609
25.092094
25.533440
25.565184
25.539585
23.477247
25.271296
25.292801
22.861824
27.395073
23.677952
25.094143
25.511936
25.563137
25.549824
23.673855
25.413631
25.262081
22.941696
27.318272
20.647936
25.513985
25.539585
25.518080
25.538559
25.546753
23.227392
25.118721
25.534466
25.582592
25.518082
23.265280
Control Period
25.271296
25.323521
23.226368
27.412479
23.686144
25.127937
25.550848
25.541632
25.430016
23.287807
25.401344
25.098240
23.239679
27.422720
23.259136
25.303040
25.158657
22.928383
25.082880
25.545727
25.566208
25.539585
23.305216
25.024511
25.037825
23.029758
27.392000
23.231487
25.532417
25.367552
23.047169
22.557697
20.249599
25.696257
25.542656
25.564159
25.454592
23.169024
27.271168
22.964224
23.245823
27.415552
23.687168
24.916992
25.179136
22.858753
27.337727
23.674881
25.579519
25.566208
23.271423
27.224064
22.894592
23.015423
27.394047
23.653376
25.119743
25.520128
23.240704
27.419647
23.676929
27.406338
23.072769
22.863873
27.106304
23.329792
25.054209
25.528320
Control Period
23.264256
27.413504
23.683071
25.554943
25.541632
23.667711
27.413506
23.667713
25.134081
25.454594
23.230465
27.405312
23.286785
25.368576
25.263103
23.324673
27.423744
23.239681
23.255039
27.427839
23.682049
27.433985
23.688192
25.591808
25.558016
23.688192
27.344894
23.000065
23.045120
27.190273
23.567360
25.090048
25.524223
23.222271
27.416576
23.690239
25.570305
25.383936
22.975487
27.222015
23.287807
24.958977
25.559040
23.236609
27.444225
23.690239
25.575424
25.537537
23.674881
27.398144
23.233536
25.545729
25.367552
22.974464
24.941568
25.183231
25.470976
25.571327
23.688190
27.395073
23.241728
23.254017
27.397120
23.674881
25.116673
25.522175
Control Period
25.582592
25.534464
23.672832
27.411457
23.228416
23.251968
27.419647
23.672832
25.096191
25.534464
25.567232
25.554943
23.678976
27.439104
23.230465
25.567232
25.518080
23.256065
27.432961
23.699455
25.549824
25.555969
23.683071
27.416576
23.248896
23.255039
23.244801
27.424767
23.691265
27.414528
23.681023
25.103359
25.446400
23.234560
27.394049
23.685120
25.561089
25.526272
23.232512
27.421696
23.441408
25.004032
25.219072
22.894592
27.393024
23.686144
25.551872
25.572353
23.689217
27.398144
23.246849
25.558016
25.542656
23.227392
27.418625
23.688190
25.568256
25.531391
23.671808
27.422720
23.222271
25.573376
25.528320
23.233536
27.437057
Control Period
23.714815
25.570305
25.618431
24.028160
27.549698
24.027136
25.160704
25.548800
23.256065
27.402241
23.691265
27.393024
23.238655
23.249920
27.409409
23.688190
25.095169
25.533440
25.567230
25.543680
23.687168
27.423744
23.232513
23.167999
27.400192
23.685120
25.092096
25.535488
25.572353
25.544704
23.684095
27.401217
23.227392
23.262207
27.411457
23.673855
25.073666
25.513985
25.561089
25.540607
23.688190
27.414528
23.216127
23.242752
27.402241
23.684097
27.437057
23.699455
25.569281
25.541632
23.673855
27.408384
23.211008
25.589760
25.537537
23.245823
27.396095
23.672832
25.544704
25.540607
23.683071
27.392000
23.225344
25.535488
Control Period
25.524223
23.228416
27.400192
23.701504
25.565184
25.538561
23.662594
27.409409
23.221249
25.549824
25.533440
23.234560
27.408384
23.682049
25.578495
25.566208
23.689217
27.273216
23.001087
25.300991
25.310207
23.222271
25.090048
25.529343
25.563137
25.537537
23.694336
27.427841
23.252991
23.174145
27.420673
23.697409
25.050112
25.311232
25.317375
25.266176
23.628799
25.565184
25.535488
23.252991
27.431936
23.677952
25.111553
25.532415
23.228416
27.403263
23.668736
25.584641
25.534464
23.232512
27.268097
23.308289
24.863743
25.335808
23.227392
27.405312
23.692287
25.573376
25.549824
23.696384
27.403263
23.703552
25.115648
25.542656
23.226368
27.196415
23.355392
Control Period
25.253887
25.308159
23.601152
27.399168
23.261185
22.900736
27.328512
23.235584
24.993793
25.277439
22.908928
27.180031
23.290880
25.561089
25.558018
23.701504
27.304960
22.942719
22.791168
27.255808
23.327744
25.069569
25.121792
23.209984
27.421696
23.700480
25.507839
25.290752
23.199745
27.209728
22.924288
23.032833
27.224064
23.300097
25.103359
25.533440
23.226368
27.378689
23.103489
25.334785
25.265152
23.330816
27.244545
22.909952
23.036926
27.278336
23.696384
25.093121
25.539583
23.072769
27.173889
23.196672
25.207809
25.261055
23.364609
27.316223
23.036928
23.118849
27.418625
23.698433
25.105408
25.478146
23.006208
27.156479
23.169025
25.235455
Control Period
25.206783
23.281664
27.400192
23.245823
23.257088
27.369473
23.237633
24.927233
25.200640
23.152639
27.421696
23.685120
25.573376
25.500671
22.975489
27.220993
22.942720
22.785025
27.248640
23.172096
25.052160
25.256960
23.239681
27.429888
23.591936
25.485312
25.137152
23.193600
27.336704
23.025665
23.254017
27.422720
23.592960
24.725504
25.148415
22.935553
27.217920
23.297024
25.362431
25.208832
23.531521
27.407360
23.237633
25.585663
25.259007
23.008255
24.815617
25.314304
22.881279
27.073536
23.279617
25.332737
25.444351
23.664640
27.413504
23.213055
25.330688
25.194496
22.846464
25.027584
25.515007
25.550848
25.546753
23.304192
Control Period
27.316223
23.052288
23.133184
27.452415
23.678976
25.110527
25.542656
23.257088
27.421696
23.677952
25.495552
25.195520
22.901760
23.032833
27.415552
23.684097
27.402241
23.682049
25.107456
25.532417
23.162880
27.283455
23.203840
25.134079
25.462784
23.688192
27.403263
23.234560
25.568256
25.541632
23.209984
27.198463
23.263233
25.227264
25.433086
23.689217
27.414528
23.224319
23.248898
27.399168
23.586815
24.979456
25.240576
22.817791
27.419647
23.684097
25.548800
25.548800
23.674881
27.421696
23.690239
24.826881
25.276417
23.005184
27.200512
23.641088
25.563135
25.552896
23.666687
27.403263
23.252993
23.262207
27.290623
23.309311
24.837120
25.210880
23.251968
Control Period
27.420671
23.674881
25.550848
25.521152
23.257088
27.388927
23.676928
25.111553
25.533440
23.225346
27.411457
23.674881
25.542656
25.536512
23.248898
27.404289
23.684095
25.119743
25.530369
23.251968
27.419647
23.687168
27.413504
23.197697
23.041023
27.293695
23.280640
25.092096
25.544704
23.249920
27.427841
23.711744
25.576448
25.542656
23.268353
27.427841
23.718912
25.095169
25.532415
23.242752
27.408384
23.694336
25.570305
25.541634
23.235584
27.401215
23.686144
25.106432
25.536512
22.856705
27.173889
23.257088
25.302017
25.556992
23.702528
27.395073
23.229439
25.563137
25.538559
23.238655
27.426815
23.668736
25.579521
25.530369
Control Period
23.660543
27.398144
23.359489
25.850880
25.788418
23.431168
27.409409
23.707649
25.566208
25.540607
23.255039
27.402241
23.710720
25.119743
25.549824
23.231487
27.325439
23.681025
27.408384
23.245823
23.260159
27.417599
23.693312
25.115648
25.554943
25.570305
25.566208
23.705601
27.420673
23.236607
23.287807
27.425793
23.692287
25.091072
25.527296
25.544704
25.536512
23.681025
27.418625
23.243774
23.261185
27.407360
23.697409
27.403263
23.689217
25.547775
25.526272
23.688192
27.418625
23.263233
25.551872
25.508865
23.225346
27.408382
23.677952
25.466881
25.523201
23.685120
27.416576
23.229439
25.563137
25.558018
23.251968
27.406336
23.671808
25.553921
25.533440
Control Period
23.697407
27.418625
23.248896
25.559040
25.547775
23.211008
27.408384
23.713793
25.578495
25.528320
23.695360
27.418625
23.702528
25.101311
25.536510
23.256065
27.308033
23.690239
25.547775
25.544704
23.690239
27.416576
23.677952
25.112576
25.528320
23.217152
27.399168
23.691263
25.551872
25.543680
23.426048
27.333632
22.978561
22.903809
27.420673
23.690239
27.427839
23.685120
25.576448
25.537537
23.676929
27.420673
23.220224
25.549824
25.548801
23.252991
27.411457
23.701504
25.587711
25.575424
23.677952
27.417599
23.254017
25.519104
25.555969
23.254017
27.435009
23.707647
25.559040
25.535488
23.693312
27.162624
22.914047
23.000065
27.417601
23.680000
Control Period
25.102337
25.533440
25.567230
25.543680
23.680000
27.261951
22.788097
23.007233
27.377665
23.676929
25.102337
25.511936
22.884352
27.280384
23.329792
25.171967
25.263103
23.274496
27.165695
23.094273
23.275520
27.430912
23.437313
25.048065
25.263103
22.901760
27.338753
23.211008
25.212929
25.322496
23.683071
27.421696
23.198719
23.009279
27.128832
23.268353
24.776705
25.336832
23.018496
27.344894
23.593983
25.577473
25.525249
23.291904
27.244545
22.855679
23.049217
27.411457
23.687168
25.101311
25.495552
25.210880
25.294849
23.193600
25.276417
25.231359
23.128063
27.289600
22.926336
23.263233
27.441153
23.677952
25.100288
25.289728
23.033855
Control Period
27.162624
23.087105
25.517056
25.551872
23.686144
27.416576
23.419903
25.061377
25.229313
22.866943
24.846336
25.107456
22.827007
27.238400
23.144447
25.289728
25.185280
23.596031
27.413506
23.231487
23.155712
27.334656
23.177216
24.988672
25.162752
22.835201
27.316223
23.139328
25.214977
25.306112
23.005184
27.291649
22.720512
22.805504
27.223040
23.175167
25.543680
25.533440
22.951935
27.316223
23.276543
25.347073
25.267200
23.218176
25.311232
25.295872
23.327744
27.322369
22.895617
23.027712
27.190273
23.257088
25.093121
25.540607
23.236607
27.390976
23.411713
25.148417
25.223167
23.344128
27.318272
23.035904
22.936577
27.220993
23.123968
25.036800
Control Period
25.260033
23.153664
27.422720
23.689217
25.394176
25.185280
23.261185
27.222015
22.969345
23.252991
27.405312
23.700481
25.033728
25.322496
22.882305
27.337729
23.692287
25.554943
25.489407
23.014400
27.226112
22.778881
25.530369
25.547775
23.237633
27.344894
23.311359
25.347073
25.037823
23.612415
27.428864
23.262207
22.814720
27.297792
23.277569
25.062401
25.552896
23.231487
27.380735
23.361536
25.367552
25.057281
23.430145
27.416576
23.227392
23.216129
27.288576
23.278591
24.939520
25.332737
23.254017
27.422720
23.685120
25.392128
25.278465
22.876160
27.171841
23.099392
25.566208
25.525249
22.855680
24.954880
25.142273
25.267200
25.566208
Control Period
23.661568
27.395073
23.215103
23.249920
27.422720
23.667711
25.089024
25.515007
23.224319
27.413504
23.695358
27.395073
23.223295
23.219200
27.211777
23.332863
25.023487
25.324543
23.255039
27.415552
23.670784
25.567230
25.575424
23.692287
27.402241
23.822336
25.074688
25.539583
23.236607
27.168768
23.145473
25.296896
25.279488
23.563263
27.437056
23.237633
23.251968
27.420671
23.697409
27.414528
23.685120
25.565186
25.555969
23.355392
27.299839
22.924288
22.927361
27.397120
23.684097
25.103359
25.528320
23.235584
27.405312
23.693314
25.583616
25.536512
23.268353
27.203583
23.127041
22.662144
23.049217
27.438080
23.685120
27.419647
23.675903
25.091072
Control Period
25.548800
23.217152
27.424768
23.686144
25.579521
25.546753
23.274496
27.437056
23.717888
25.119743
25.538559
23.227392
27.419647
23.678976
25.579521
25.539585
23.264256
27.421696
23.684097
25.095169
25.535488
23.257088
27.424768
23.683071
27.401215
23.241728
23.240704
27.427841
23.681023
25.101311
25.544704
25.562111
25.539585
23.689217
27.415552
23.246849
23.258112
27.417599
23.690239
25.105408
25.543678
25.576447
25.562111
23.675903
27.417599
23.250944
23.262207
27.399168
23.668736
27.402241
23.678976
25.539585
25.375744
23.356415
27.198463
23.073792
23.249920
27.409409
23.664640
25.095169
25.533440
23.243774
27.407360
23.693312
Control Period
27.422720
23.248896
23.246849
27.409409
23.671808
25.094143
25.541634
25.562111
25.548800
23.682049
27.395073
23.250944
23.255039
27.426815
23.708672
25.110527
25.518080
25.572353
25.555969
23.684095
27.416576
23.242752
23.244801
27.403263
23.687168
25.120770
25.545729
25.576448
25.555969
23.678976
27.447296
23.237633
23.240704
27.407360
23.680000
22.801407
23.235584
27.430912
23.688190
27.420673
23.692287
25.126911
25.567230
23.212032
27.316223
23.308289
25.198591
25.199615
23.604223
27.409409
23.245823
25.547775
25.524223
22.795265
23.701504
27.420671
23.653376
27.405312
23.668736
25.547775
25.542656
23.698433
27.417599
23.257088
25.562111
Control Period
25.532415
23.243776
27.403263
23.674881
25.590784
25.563137
23.702528
27.418625
23.238655
25.569279
25.542656
23.259136
27.415552
23.672832
25.460735
25.560064
23.656448
27.403263
23.228416
25.551872
25.527296
23.237633
27.418625
23.698433
25.560064
25.555969
23.699455
27.407360
23.655424
24.813568
25.292801
23.015423
24.906752
25.537537
25.583616
25.549824
23.663616
27.414528
23.245823
23.252991
27.430912
23.691265
25.098240
25.538559
25.583614
25.556992
23.668736
27.439102
23.229439
23.240704
27.414528
23.696384
27.409409
23.686144
25.563137
25.534466
23.681025
27.437056
22.879230
22.902782
27.130878
23.622656
25.100288
25.535488
23.262207
27.407360
Control Period
23.683071
27.410431
23.257088
23.250944
27.421696
23.666689
25.100288
25.541632
23.235584
27.416576
23.688190
27.421696
23.251968
23.269375
27.421696
23.661568
25.020416
25.111551
22.982656
27.329536
23.508991
25.580544
25.552896
23.674881
27.422720
23.667713
25.119743
25.529345
23.244801
27.401217
23.680000
25.431040
25.148415
23.028736
27.211777
23.184383
23.269377
27.443199
23.682049
25.101311
25.537537
25.568256
25.534464
23.678976
27.401217
23.163904
23.038977
27.156479
23.312386
25.073666
25.527296
23.217152
27.394047
23.667713
25.477119
25.534464
23.258112
27.418625
23.704576
25.109505
25.360384
23.047169
27.283455
23.350273
25.544704
25.574400
Control Period
23.677952
27.420671
23.231487
25.582592
25.539585
23.222271
27.406336
23.682049
25.573376
25.556992
23.673857
27.187201
22.968319
23.046144
27.298817
23.694336
25.111553
25.523201
25.569279
25.561089
23.693312
27.416576
23.262207
23.238655
27.376640
23.277569
24.992767
25.211903
23.235584
27.411457
23.692287
27.412479
23.246849
23.258114
27.411457
23.682049
25.135105
25.541632
25.481216
25.359360
23.140352
25.342976
25.197567
23.626751
27.427841
23.696384
25.005054
25.530369
23.222271
27.399168
23.683071
25.572351
25.527296
23.150593
27.307007
22.849537
23.136255
27.390976
23.681025
25.099264
25.542656
25.584641
25.568256
23.669760
27.399168
23.263231
Control Period
23.279615
27.409409
23.683071
25.099262
25.535488
25.546753
25.553921
23.665665
27.423744
23.234560
23.258112
27.381760
23.684097
27.403263
23.674881
25.572353
25.567230
23.688192
27.415552
23.254017
25.569281
25.546753
23.261185
27.431934
23.685120
25.561089
25.550848
23.689217
27.406338
23.058432
23.019520
27.274239
23.365631
25.098240
25.521152
25.561089
25.545729
23.691265
27.410431
23.242752
23.247871
27.411457
23.676928
25.110527
25.540607
25.568256
25.546753
23.693312
27.403263
23.224319
23.252991
27.412479
23.655424
25.113602
25.560064
25.604095
20.925440
25.512960
25.262079
25.190399
25.094143
23.218176
25.116673
25.537537
25.567232
25.558016
Control Period
23.707649
27.423744
23.236609
23.259136
27.405312
23.694336
25.091072
25.521152
25.582592
25.549824
23.695360
27.424767
23.256065
25.576448
25.551872
23.271423
27.423744
23.676929
25.579519
20.942848
22.402048
27.574272
23.680000
27.405312
23.231487
25.561089
25.548800
23.218176
25.102337
25.539585
25.547775
25.549824
23.248898
27.435009
23.246849
25.567232
25.555969
23.229439
27.422720
23.699455
25.580544
25.538559
23.243774
27.431936
23.230465
25.547775
25.337856
22.952961
24.910847
25.278465
25.544704
25.555969
23.680000
25.566208
25.556992
25.581570
25.518080
23.238655
25.102337
25.539585
25.571327
25.535488
23.667713
27.416576
23.231487
Control Period
25.569279
25.539583
23.332865
25.242622
25.786367
25.807873
25.794559
23.269375
27.417601
18.642944
27.421696
23.714817
27.405312
23.668736
25.541632
25.549824
23.241728
27.406336
23.235584
25.577473
25.531391
25.580544
25.559040
23.664640
25.563137
25.519104
23.262207
27.429888
23.682049
25.100288
25.522175
25.551872
25.550848
23.674881
25.558016
25.517056
23.263231
27.331585
23.686144
25.114624
25.536512
25.575424
25.543680
23.694336
25.551872
25.534464
23.237633
27.424768
18.638847
27.413504
23.666687
27.425793
23.669762
25.556992
25.559040
23.251968
27.423744
23.229439
25.582592
25.538559
23.258112
27.413506
23.683071
25.564159
Control Period
25.536512
23.244801
27.480064
24.033279
25.235456
25.781248
25.587711
25.563137
23.684097
27.414528
23.232513
25.552895
25.533440
23.247871
25.084929
25.533440
25.563137
25.551872
23.673855
27.424767
23.233536
25.564159
25.542656
23.242752
25.117695
25.539585
25.559040
25.558018
23.701504
27.416576
23.237633
25.575424
25.534466
23.225344
25.124863
25.546753
25.556992
25.538559
23.245823
27.407360
23.254017
25.588737
25.549824
23.243776
27.594753
24.023041
25.805824
25.658367
23.244801
27.419647
23.677952
25.097216
25.551872
25.555969
25.576448
23.676928
25.553921
25.540607
25.550848
25.528320
23.224319
25.106432
25.537537
25.575424
20.935680
25.575424
25.512960
Control Period
25.549824
25.535488
25.544704
25.572353
23.667713
25.554943
25.528320
23.249920
25.567232
25.542656
25.577473
25.530369
25.556992
25.535488
23.663616
25.548800
25.543680
23.257088
27.411457
23.686144
25.103359
25.529343
25.486336
25.216000
23.276543
25.172993
25.427967
23.690239
27.436031
23.231487
25.553921
25.533440
23.240704
25.126911
25.549824
25.464832
25.512960
23.259136
27.415552
23.248898
25.559040
25.556992
23.233536
27.406336
23.689217
25.558016
25.525249
23.120895
27.283455
22.871040
25.347073
25.555969
23.254017
25.116673
25.546753
25.564159
25.531391
23.691265
27.419647
23.223297
25.545727
25.533440
23.230465
25.134081
25.542656
25.565184
25.531391
23.683071
Control Period
27.422720
23.236607
25.577473
25.519104
23.241728
25.041920
25.154560
25.366528
25.124865
23.412735
25.583616
25.550848
25.526272
25.234432
22.781952
24.842239
25.314304
23.237633
27.428864
23.639040
25.260033
25.261055
23.257088
25.193472
25.153536
22.963200
20.188160
25.573376
25.533440
25.574400
25.461760
23.292927
27.268097
23.047169
23.240704
27.409409
23.685120
25.081856
25.250816
22.898687
27.290623
23.308289
25.320448
25.155584
23.469055
27.419647
23.230465
23.231487
27.284481
23.298048
25.006081
25.126911
23.254017
27.425793
23.676929
25.550848
25.152512
23.211008
27.286530
23.058434
23.036928
27.276287
23.373823
25.096191
Control Period
25.521152
23.240704
27.406336
23.671808
25.468927
25.120770
22.885376
27.360256
22.861824
25.564159
25.539583
23.232512
27.278336
23.185408
25.246719
25.248768
23.689217
25.551872
25.502720
22.853632
27.299839
23.258112
24.899584
25.284607
22.970367
24.986626
25.295872
25.547775
25.552896
23.682049
27.302914
22.978559
23.029760
27.280384
23.435265
25.109505
25.536512
23.244801
27.237377
23.251968
25.335808
25.403393
23.727104
27.397121
23.230465
25.408512
25.287680
22.859776
24.817663
25.282560
22.988800
27.362305
23.271423
25.573376
25.584641
23.680000
27.203583
22.877184
22.860800
22.684673
25.490433
25.518080
25.564159
25.532417
23.332863
Control Period
27.274239
22.969345
23.223297
27.422720
23.695360
25.111553
25.542656
23.226368
27.397120
23.680000
25.559040
25.531391
23.221249
27.195393
23.163904
24.873983
25.149441
23.240704
27.401217
23.680000
25.573376
25.541634
23.662592
27.343872
23.034882
23.034882
26.949631
23.211008
25.110527
25.550848
20.501503
25.536512
25.582592
25.540607
23.248896
27.320320
23.330816
25.020416
25.208832
23.246849
27.415552
23.726080
25.564159
25.564159
23.703552
27.320320
22.956032
25.360384
25.340927
23.256065
27.417599
23.687168
25.565186
25.559040
23.702528
27.423744
23.227390
25.555969
25.476097
22.987776
25.007103
25.136127
22.944767
27.421696
23.687168
Control Period
25.549824
25.535488
23.247871
27.399168
23.685120
25.101313
25.523201
23.228416
27.419647
23.685120
25.569281
25.545727
23.255039
27.305984
23.673855
25.100288
25.533440
23.232512
27.432961
23.698433
27.405312
23.238655
23.271423
27.421696
23.705601
25.107456
25.548801
25.543680
25.533440
23.699455
27.418625
23.226368
23.247871
27.420673
23.676928
25.109505
25.546753
25.559040
25.565184
23.513088
27.301888
22.883327
22.947842
27.418625
23.597055
22.809601
23.246849
27.410431
23.672832
27.414528
23.686144
25.123840
25.536510
23.226368
27.422720
23.691265
25.568256
25.537537
23.276543
27.428864
23.671808
25.124865
25.541632
23.247871
27.420673
23.674881
25.564159
Control Period
25.526272
23.259136
27.542528
24.040447
25.252865
25.788416
25.588736
25.578495
23.689217
27.401217
23.214081
25.577473
25.552895
23.221249
27.415552
23.681025
25.560064
25.553921
23.730175
27.410431
23.250944
25.558016
25.527296
23.244801
27.410431
23.685120
25.556992
25.545729
23.701504
27.430912
23.219200
25.583616
25.576448
23.244801
27.416576
23.707649
25.585663
25.551872
23.680000
27.422720
23.684097
25.109505
25.517056
23.256065
27.425793
23.685120
25.593857
25.554943
23.250944
27.416576
23.691265
25.094143
25.517056
23.257088
27.403263
23.686144
25.562111
25.562111
23.244801
27.401217
23.663616
25.117695
25.536510
23.238655
27.408384
Control Period
23.683071
25.556992
25.436161
23.242752
27.404287
23.695360
25.109505
25.542656
23.235584
27.417599
23.692287
25.592833
25.516033
22.873089
27.300863
15.764481
27.315201
23.670784
27.410431
23.703552
25.543680
25.544704
23.246849
27.415552
23.255039
25.558016
25.537537
25.549824
25.539585
23.215103
25.300991
25.272320
23.138304
27.398144
23.235584
25.553921
25.529345
23.239681
25.122816
25.543680
25.570305
25.550848
23.340033
27.343872
20.737024
25.084927
25.555969
25.528320
25.560064
25.527296
23.228416
25.101313
25.534464
25.584641
25.549824
23.676928
27.416576
23.140352
25.231359
25.127937
23.124992
25.029633
25.534466
25.578495
25.535488
23.688190
Control Period
25.555969
25.530369
23.239681
27.386879
23.694336
25.098240
25.524223
25.572353
25.559040
23.677952
25.565184
25.509888
23.116800
27.175936
23.031807
25.309185
25.426945
23.284737
27.414528
23.683071
25.530369
25.520128
23.200768
27.335680
22.887424
25.272320
25.362432
23.255039
25.107456
25.535488
25.549824
25.550848
23.690239
27.419647
22.856705
25.228287
25.314304
22.883327
25.013248
25.560064
23.247871
27.414528
23.689217
25.568256
25.536510
23.248898
27.148289
22.875135
25.455616
25.336832
23.258112
25.107456
25.558018
25.567232
25.560062
23.265280
27.356159
22.885376
25.326591
25.297920
23.250944
25.136127
25.523201
25.539585
25.571327
Control Period
23.685120
25.543680
25.540607
25.550848
25.547775
23.269377
25.113600
25.559040
25.567232
25.576448
23.684095
25.561089
25.547775
25.562111
25.541632
23.248896
25.105408
25.531391
25.564159
25.555969
23.687168
27.424768
23.254017
25.463808
25.479168
22.909952
24.992767
25.269249
25.581568
25.569279
23.677952
25.577473
25.567232
23.231487
27.415552
23.712769
25.110527
25.546753
25.564159
25.556992
23.668736
25.562113
25.537537
25.550848
25.526272
23.223295
25.098240
25.535488
25.562113
25.591808
23.699455
25.563137
25.424896
25.304064
25.120770
22.875137
25.048065
25.540607
23.232512
27.402241
23.701504
25.578495
25.533440
23.248898
27.422720
Control Period
23.233536
25.591808
25.536510
25.569279
25.574400
23.673855
25.531391
25.577473
23.251968
27.402241
23.728127
25.109505
25.523201
25.573376
25.550848
23.686144
25.558016
25.545729
23.251968
27.422720
23.691265
25.108479
25.533440
25.549824
25.544704
23.676929
25.561089
25.543680
25.584641
25.533440
23.234560
25.095169
25.517056
25.550848
25.546753
23.707647
25.565186
25.538559
25.556992
25.538559
23.248896
25.105408
25.539585
25.558018
25.579521
23.673857
25.565184
25.541634
25.554943
25.543680
23.230465
25.112576
25.552896
25.560064
25.486336
23.269375
25.274368
25.205761
23.248896
27.418625
23.239681
25.552896
25.533440
25.546753
25.566208
23.695358
Control Period
25.575424
25.532417
23.229441
27.398144
23.691263
25.104385
25.545727
25.551872
25.543680
23.683071
25.543680
25.528320
23.110657
27.327488
23.029760
25.068542
25.297920
23.264256
25.099262
25.531391
25.559040
25.540607
23.215103
27.350016
22.919168
25.312256
25.219070
23.248896
25.094145
25.536510
25.573376
25.569279
23.688192
25.469952
25.192448
22.887424
27.272192
23.131136
25.545727
25.532415
23.254017
27.408382
23.674881
25.542656
25.378815
22.774784
27.151360
22.905857
25.547775
25.555967
23.224319
25.110527
25.538559
25.567232
25.558016
23.582720
25.234432
25.191425
22.786049
27.402241
23.232512
25.582592
25.538561
25.586689
Control Period
25.564159
23.695360
25.571327
25.542656
23.252993
27.365376
22.947840
25.226240
25.034752
23.225346
25.093121
25.522177
25.525248
25.154560
23.127041
25.461761
25.437183
23.266304
27.406336
23.492607
24.764416
25.311234
22.902782
24.936447
25.534464
25.555969
25.516033
22.960129
27.145216
22.878208
23.042048
27.166719
22.918144
25.375744
25.530369
23.233536
27.401215
23.432192
25.323521
25.168896
23.142399
25.406464
25.567232
25.573376
25.483265
22.925312
25.033730
25.134079
25.423872
25.542656
23.687168
25.370625
25.096191
22.988800
27.160576
23.076864
25.538559
25.543680
23.215103
25.018368
25.111553
25.365505
25.272320
23.293953
Control Period
25.222143
25.176064
23.183361
27.416576
23.234560
25.543680
25.523201
23.243774
25.090048
25.534464
25.406464
25.326591
23.345152
27.189247
23.138304
25.550848
25.537537
23.246847
25.121792
25.532417
25.546753
25.456638
23.180286
25.138176
25.201664
23.245823
27.413506
23.227392
25.552896
25.561089
23.271423
27.328512
23.148544
25.167871
25.340927
23.599104
27.401217
23.235584
25.573376
25.542656
23.214081
25.115648
25.366528
25.222145
25.332737
23.248896
25.534464
25.536510
23.237633
27.325439
23.167999
24.862720
25.302017
23.220222
25.097216
25.528320
25.580544
25.550848
23.263233
27.408384
23.066624
25.267200
25.316353
22.896641
24.830976
25.435135
Control Period
25.575424
25.551872
23.688192
25.566208
25.529343
25.562111
25.531391
23.235584
25.125889
25.519104
25.581570
25.584641
23.684095
25.571327
25.548801
25.560064
25.528320
23.244801
25.104385
25.542656
25.560064
25.566208
23.695358
27.412479
23.236607
25.544704
25.556992
23.233536
25.111553
25.512960
25.552896
25.561089
23.685120
27.409409
23.244801
25.562111
25.529343
23.237633
24.889343
25.210880
25.009151
25.198593
23.658497
25.576448
25.531391
23.261185
27.425793
23.690239
25.093121
25.518082
25.560064
25.548800
23.690241
25.581568
25.536510
23.279615
27.422720
23.700480
25.126911
25.549824
25.566208
25.539585
23.691265
25.534466
25.550848
Control Period
25.565184
25.540607
23.403519
25.264128
25.815041
25.714687
25.539585
23.678976
27.417599
23.243776
25.596928
25.533440
23.237633
25.096191
25.529345
25.553921
25.542656
23.252991
27.424767
23.239681
25.578495
25.552896
23.247871
27.430912
23.713791
25.584641
25.552895
23.241728
27.421696
18.632704
25.563137
25.551872
25.564159
25.534464
25.576448
25.552895
23.694336
25.568256
25.535488
23.261185
27.408382
23.670784
25.106432
25.527294
25.547775
25.549824
23.693312
25.559040
25.518082
23.255039
27.401217
23.682049
25.099264
25.523201
25.558016
25.550848
23.692287
25.563137
25.545727
25.558018
25.520128
23.245825
25.108479
25.533440
25.575424
Control Period
25.560064
23.685120
25.558016
25.527296
25.575424
25.538559
23.252991
22.697983
25.571327
25.544704
25.561089
25.540607
25.550848
25.558018
23.682049
25.558016
25.537537
23.263231
27.417599
23.691265
25.110527
25.558016
25.574400
25.556992
23.703552
25.554943
25.475071
22.866943
27.261951
23.034880
25.376768
25.548801
23.215103
27.427841
23.677952
25.552895
25.545727
23.252991
27.444225
23.159809
25.564159
25.533440
23.251968
27.423744
23.666687
25.568256
25.528320
23.272448
27.418625
23.241728
23.249920
20.286465
25.571327
25.528320
25.561089
25.249792
23.340033
27.162624
23.031807
23.270401
27.426815
23.687168
25.098240
25.539585
23.238655
27.424768
23.699455
Control Period
25.568256
25.526272
23.260159
27.419647
20.926464
25.543678
25.554943
25.537537
23.262207
27.425793
23.688192
25.102337
25.287680
22.988800
27.222015
23.170048
25.419777
25.543680
23.672832
27.402241
23.149569
25.574402
25.518080
23.243776
27.449345
23.689217
25.554943
25.328640
23.165951
27.279360
23.091200
23.265280
27.412479
23.682049
25.111553
25.535488
25.561089
25.521152
23.373825
27.309055
22.993919
22.995968
27.345921
23.689217
25.104385
25.532415
23.237633
27.427839
23.690241
25.576447
25.513985
23.237633
22.808575
25.353214
25.119743
22.990849
27.167744
23.384064
25.568256
25.556992
23.673855
27.403263
23.674881
25.081856
25.533440
23.243774
Control Period
27.414528
23.687168
25.545727
25.513985
23.264256
27.415552
23.691263
25.102337
25.527296
23.256063
27.424767
23.705601
25.578495
25.549824
23.255039
27.403263
23.672832
25.099264
25.542656
23.270401
27.420673
23.682049
27.409409
23.244801
23.239681
27.431934
23.690241
25.038849
25.541634
25.590784
25.549824
23.689217
27.404287
23.217152
23.247871
27.410431
23.678976
25.133057
25.532417
25.540607
25.551872
23.692287
27.418625
23.256065
23.262207
27.409409
23.697407
25.108480
25.534464
25.575424
25.563137
23.687168
27.423744
23.234560
23.267328
27.404289
23.685120
27.428864
23.698433
25.555969
25.530369
23.092224
27.174911
15.797248
27.222015
23.694336
Control Period
27.422720
23.673857
25.560062
25.537537
23.227392
27.427841
23.233536
25.554943
25.537537
25.597954
25.555969
23.676928
25.690113
25.512959
23.246849
27.420673
23.668736
25.086975
25.546753
25.568256
25.540607
23.659519
25.575424
25.440256
23.264256
27.403263
23.692287
25.103359
25.516033
25.562113
25.552896
23.666687
25.545727
25.552895
25.586689
25.542656
23.247871
25.100288
25.550848
20.494335
25.521152
25.541632
25.521152
25.546753
25.548800
23.251968
25.078785
25.541634
25.552895
25.551872
23.663616
27.423744
23.246849
25.546753
25.551872
23.263233
25.093121
25.532415
25.584641
25.598976
23.682049
27.404289
23.241728
25.561089
25.522175
23.240704
25.105408
Control Period
25.523201
25.563137
25.528320
23.241728
27.407360
23.221249
25.544704
25.531391
23.228416
25.099264
25.550848
25.573376
25.515007
23.256065
27.438080
23.230465
25.554943
25.551872
23.238655
27.424767
23.704575
25.554943
25.555969
23.250944
27.437056
23.237633
25.579519
25.541632
23.233536
27.415552
23.690239
25.567232
25.559040
23.235584
27.402241
23.224319
25.545729
25.521152
23.230465
27.424768
23.676928
25.560064
25.538559
23.248898
27.407360
20.935680
25.538559
25.575424
25.536512
25.547775
25.512960
23.228416
25.098240
25.533440
25.545727
25.558016
23.687168
27.431936
23.258112
25.578495
25.529343
23.232513
25.100288
Control Period
25.536510
25.566208
25.538559
23.680000
27.432961
23.218176
25.574400
25.543680
23.233536
25.003008
25.549824
25.544704
25.549824
23.684095
27.418625
23.257088
25.539585
25.529343
23.229441
25.098240
25.525248
25.537537
25.552896
23.263233
27.400192
23.250944
25.567232
25.539585
23.228416
27.417599
23.678976
25.560064
25.537537
23.257088
27.414528
23.242752
25.567232
25.537537
23.216129
27.404289
23.689217
25.546753
25.527296
23.243774
27.409409
23.241730
25.560062
25.535488
23.247871
27.273216
23.087105
25.117695
25.246719
23.629824
25.559040
25.529345
25.563137
25.510912
23.260159
25.111551
25.550848
25.560064
25.555969
23.669760
27.419647
Control Period
23.234560
25.564159
25.538559
23.236609
25.108480
25.544704
25.561089
25.536512
23.656448
27.424768
23.218176
25.362432
25.020416
22.743040
24.999935
25.315327
25.555969
25.556992
23.682049
25.579521
25.574400
23.237633
27.429888
23.700481
25.104383
25.520126
25.469952
25.279488
23.147520
25.167873
25.094143
23.620609
27.431934
23.206913
25.538559
25.531391
23.224319
25.092096
25.565184
25.544704
25.550848
23.367680
25.227264
25.298943
23.184383
27.419647
23.675903
25.105408
25.518082
25.595903
25.564159
23.694336
25.566208
25.546753
25.558016
25.562111
23.193600
24.974337
25.273344
25.310207
25.044992
23.665665
25.554943
25.527296
23.238655
27.404289
Control Period
23.144447
25.560064
25.536510
23.246849
27.424768
23.683071
25.580544
25.540607
23.248896
27.380735
22.945791
25.277439
25.175039
23.023617
25.111553
25.545727
25.549824
25.548800
23.674881
25.546753
25.495552
25.236481
25.299969
22.711296
25.092096
25.535488
25.559040
25.501696
23.087105
25.347073
25.194496
23.566336
27.407360
18.628609
25.550848
25.535488
25.574402
25.527296
25.404415
25.167871
23.163904
25.360384
25.549824
23.684097
27.425793
23.240704
25.560062
25.521152
23.243776
25.068542
25.179136
25.302017
25.268223
23.544832
25.571327
25.522175
23.188480
27.252735
23.180288
24.838144
25.498623
23.258112
27.380735
23.667713
25.593857
Control Period
25.536512
23.233536
27.402241
23.222271
25.558016
25.525248
23.244801
27.411457
23.686144
25.543678
25.515007
23.239681
27.408384
23.005184
25.298943
25.042944
23.074816
25.100288
25.532415
25.547775
25.554943
23.683071
27.418625
23.237633
25.477119
25.533440
23.226368
25.017344
25.175041
25.308161
25.404415
23.706623
25.574400
25.559040
23.261185
27.395073
23.702528
25.126911
25.549824
25.544704
25.370625
23.185408
25.342976
25.211903
23.269377
27.412479
23.249920
25.559040
25.546753
23.242752
27.420671
23.701504
25.563137
25.300991
23.044096
27.243519
22.946815
25.563137
25.524223
23.252991
25.100288
25.545727
25.559040
25.546753
23.667713
Control Period
27.408384
23.242752
25.565186
25.550848
23.245823
25.119743
25.536510
25.555969
25.535488
23.669760
27.430912
23.231487
25.541632
25.523201
23.142399
25.108480
25.536512
25.563137
25.542656
23.672832
27.415552
23.252993
25.592831
25.539583
23.224319
25.089024
25.563137
25.542656
25.551872
23.268353
27.403263
23.243774
25.569281
25.541634
23.221249
27.417601
23.691265
25.565184
25.540607
23.239681
27.417599
23.248896
25.559040
25.535488
23.227392
27.395073
23.682049
25.566208
25.532415
23.248898
27.421696
20.933632
25.546753
25.596928
25.545727
25.565186
25.550848
23.240704
25.110527
25.506817
25.555967
25.551872
23.709696
27.398144
Control Period
23.233536
25.569279
25.539585
23.480320
25.259008
25.775105
25.635841
25.519104
23.242752
27.430912
23.232512
25.543680
25.516033
23.228416
27.404289
23.667713
25.562113
25.533440
23.245823
27.423744
23.234560
25.542656
25.535488
23.256065
27.437057
23.685120
25.573376
25.521152
23.248896
27.426815
23.694336
25.108479
25.526272
25.585663
25.549824
23.692287
25.569279
25.528320
23.258112
27.424768
23.706623
25.108479
25.620480
25.799679
25.794559
24.031231
27.534336
23.256065
25.560064
25.537537
23.234560
25.099264
25.519104
25.544704
25.533440
23.242752
27.413506
23.244801
25.558016
25.540607
23.234560
27.415552
23.707649
25.558016
25.556992
Control Period
23.261185
27.423744
23.238655
25.597952
25.560062
23.248896
27.455488
23.688192
25.560064
25.531391
23.227392
27.417599
23.241728
25.583616
25.550848
18.186241
27.426815
23.703552
27.416576
23.699455
25.562113
25.530369
23.264256
27.423744
23.250944
25.563137
25.538559
25.558016
25.545727
23.684095
25.563137
25.545727
23.255039
27.361280
23.591936
25.102337
25.528320
25.570305
25.541634
23.687168
25.578495
25.545729
23.260159
27.452415
23.675903
25.114624
25.543678
25.573376
25.573376
23.682049
25.551872
25.549824
25.537537
25.450497
23.244801
25.118721
25.523201
25.552896
25.553921
23.696384
25.566208
25.377792
22.990849
27.355137
23.312384
25.111553
Control Period
25.532417
25.558016
25.568256
23.705601
25.543680
25.540607
23.240704
27.421696
23.699455
24.990721
25.201664
22.871040
24.894463
25.120768
25.553921
25.562111
23.681023
27.407360
23.258112
25.543678
25.511936
22.968319
25.042944
25.115648
25.218048
25.487360
23.687168
25.560064
25.529345
23.256063
27.402241
23.507969
25.018368
25.148417
22.992897
27.404289
23.690239
25.565186
25.522175
23.248898
27.437057
23.250944
25.358337
25.250816
23.004160
24.989697
25.529345
25.574400
25.531391
23.394304
25.150463
25.220097
22.977535
27.431936
23.266304
25.547775
25.515007
25.553921
25.570305
23.688190
25.527296
25.364479
22.996992
27.242496
22.931458
25.566208
Control Period
25.529343
23.256065
25.104385
25.536512
25.550848
25.467903
23.031807
27.268097
22.981632
25.454594
25.524223
23.221249
25.048065
25.156609
25.168896
25.307137
23.574528
25.560064
20.926464
27.402241
23.440384
24.826881
25.132032
25.155584
25.561089
23.702528
25.538559
25.198591
22.917120
27.174911
23.037952
25.238529
25.329664
22.988800
24.916992
25.539583
25.551872
25.544704
23.143425
25.195518
25.260033
22.865921
27.363327
23.250942
25.565184
25.531391
22.850559
24.964096
25.299969
25.415680
25.569279
23.695360
27.407360
23.037952
25.201664
25.154560
22.818817
25.108480
25.547775
25.573376
25.539585
23.172096
25.102337
25.172993
23.198719
25.331711
Control Period
25.040897
23.096321
27.435009
23.676929
25.086975
25.523201
25.574400
25.572351
23.683071
25.570305
25.518082
23.138304
27.216896
22.971392
25.265152
25.364479
23.254017
25.109505
25.535488
25.564159
25.526272
23.254017
27.374592
22.941696
25.118721
25.330688
23.254017
25.097216
25.552895
25.554943
25.534464
23.669760
25.544704
25.284609
22.964224
27.251713
22.925312
25.590784
25.534464
23.235584
27.441151
23.680000
25.565184
25.521152
22.913025
27.169792
23.022591
25.253887
25.548800
23.244801
25.094143
25.523201
25.563135
25.567232
23.684097
27.386879
22.950912
25.262081
25.037823
23.219200
25.111553
25.546753
25.562111
25.548800
23.682049
Control Period
25.553921
25.520126
23.290878
27.433983
23.702528
25.093121
25.563137
25.561089
25.540607
23.590912
25.569279
25.534466
23.256065
27.431936
23.704575
25.013248
25.519104
25.549824
25.571327
23.684097
25.575424
25.520126
25.562111
25.538559
23.234560
25.110527
25.538559
25.577473
25.545727
23.676928
25.567230
25.548801
25.574400
25.536510
23.226368
25.111553
25.526272
25.558016
25.544704
23.664640
25.575424
25.526272
25.568256
25.554943
23.198719
24.986624
25.259007
25.241600
25.249792
23.459839
25.578495
25.543680
23.257088
27.436031
23.242752
25.558016
25.532417
25.544704
25.563137
23.690239
25.553921
25.545727
23.246849
27.433983
Control Period
23.688190
25.110527
25.533440
25.567232
25.566208
23.700481
25.556992
25.545727
23.222271
27.405312
23.665665
25.112576
25.530369
25.579521
25.565184
23.685120
25.568256
25.533440
25.548801
25.544704
23.230465
25.111553
25.518080
25.569279
25.550848
23.673855
25.565184
25.537537
25.546753
25.535488
23.233536
25.090048
25.517056
25.568256
25.538559
23.688192
25.554943
25.544704
25.565186
25.544704
23.230465
25.078785
25.559040
25.563137
25.572351
23.695358
27.425793
23.230465
25.563137
25.456640
22.994944
24.848385
25.131008
25.389057
25.539583
23.676928
25.551872
25.569281
23.277569
27.399168
23.671806
25.090048
25.524223
25.572351
25.555969
23.681023
Control Period
25.558016
25.534464
23.244801
27.415552
23.658497
25.113600
25.532417
25.560064
25.428991
23.221249
25.263103
25.150463
23.249920
27.421696
23.236609
25.545727
25.315329
23.052288
24.944639
25.317375
25.564159
25.541632
23.665665
25.394176
25.122816
22.813696
27.122688
23.180288
25.546753
25.522175
23.236607
27.413506
23.693312
25.576448
25.253887
22.893568
27.310080
22.933504
25.565184
25.539585
23.209984
24.997887
25.262081
25.237503
25.364479
23.687168
25.566208
25.472000
22.767616
27.293697
23.037952
25.551872
25.556992
23.226368
27.430912
23.689217
25.584641
25.531391
22.891520
27.253761
23.059456
25.232384
25.481216
23.276545
25.086975
25.460735
25.267200
Control Period
25.345024
23.186432
25.577473
25.517056
23.243774
27.404289
23.360512
25.018368
25.089024
23.095295
25.111553
25.522175
25.551872
25.302017
23.281664
25.272320
25.285633
22.842369
27.325439
22.805504
25.578495
25.532417
23.247871
27.352064
23.062527
25.191423
25.281536
23.323647
25.156609
25.178112
23.000065
27.425793
23.219200
25.559040
25.257984
22.915071
24.975361
25.089024
25.174015
25.180161
23.279615
25.382912
25.562111
23.260160
27.413504
23.174145
25.310207
25.125889
23.057407
25.008129
25.198593
25.388031
25.564159
23.667713
25.571327
25.447424
23.007233
27.309055
23.193600
25.003008
25.265152
22.991871
25.109505
25.531391
25.582592
25.498623
23.006208
Control Period
27.193344
22.892544
22.872063
27.414528
23.701504
25.107456
25.523201
25.577473
25.548800
23.555073
25.319424
25.318399
22.996992
27.371521
23.166977
25.558018
25.546753
23.251968
27.418625
23.678976
25.405439
25.141247
23.006208
27.288576
23.031807
25.555969
25.536510
23.187456
24.955904
25.119743
25.219070
25.306112
23.688192
25.548800
25.544704
23.255039
27.439104
23.229439
25.437183
25.081856
17.982464
14.640127
13.977600
15.676415
11.512833
26.843136
26.297344
27.427841
26.497025
27.331585
27.177984
26.051584
27.348991
26.423296
27.409409
27.360256
27.219967
26.110977
27.242496
26.255360
27.409409
27.433983
26.524673
27.421696
26.505217
27.325439
Control Period
27.355137
27.205631
25.883648
27.187199
25.731071
26.964993
27.086849
25.205761
27.158527
25.580544
27.188225
27.039745
27.081728
25.230335
27.087872
25.388031
27.185152
27.203583
25.448448
27.082752
25.241600
27.071487
27.077633
27.091969
25.208832
27.109375
25.416704
27.206656
27.197441
25.469952
27.087872
25.235455
27.079679
27.308033
27.200512
25.749504
27.057152
25.328640
27.052032
27.102207
25.210880
27.060223
25.373695
27.208704
27.195393
27.127808
25.394176
27.082752
25.263103
27.202560
27.202560
25.740288
27.107328
25.245697
27.080704
27.057152
27.059200
25.203712
27.074560
25.306112
27.192320
Control Period
27.185152
23.785473
20.496384
17.370111
13.303808
13.186049
17.272831
13.742080
17.276928
13.212672
13.199360
17.220608
13.686785
13.048832
13.063168
13.089792
17.286144
13.747200
13.206528
17.260544
13.067265
17.225727
13.685760
13.058048
17.281025
13.200384
17.288193
13.775872
13.179904
17.218559
13.043713
17.228800
13.737984
13.178880
17.284096
13.190144
13.745152
13.690880
13.085695
17.241089
13.063168
13.690880
17.279999
13.200384
17.288193
13.190144
13.686785
17.236992
13.054976
17.232895
13.059072
13.747200
17.288193
13.197311
17.293312
13.166592
13.703168
17.235968
13.070336
13.061120
17.224705
13.741056
17.287169
13.197311
13.214720
17.244160
13.679616
17.220608
13.073408
13.059072
17.249279
13.742081
17.304577
13.197311
13.165567
17.229824
13.687808
13.060097
13.041664
13.161472
17.274879
Control Period
13.746176
13.200384
17.165312
12.624896
17.075199
13.534208
17.018879
12.427264
17.029119
12.488705
16.985088
13.503489
12.467199
12.510208
12.450816
12.449792
13.528064
13.468672
12.487680
17.010689
12.469248
17.018879
13.476864
17.016832
12.505088
17.000448
12.370944
17.033216
13.486080
17.012737
12.482559
17.029121
12.476416
16.974848
13.445120
12.353537
12.443647
12.585983
12.487680
13.484032
13.484032
12.492800
17.013760
12.489728
17.040384
17.024000
17.058815
13.508608
12.514273
17.003521
12.475392
17.014784
13.468672
12.513280
13.538303
12.602367
16.998402
12.469248
17.005568
13.495296
17.016832
12.497920
17.016832
12.360704
17.042431
13.481983
12.461056
12.425217
12.549120
12.571648
13.481984
13.470720
12.473345
17.030144
12.478464
17.015808
13.480960
17.019905
12.485632
17.021952
12.507135
17.025024
13.450240
Control Period
17.004543
12.378112
17.011711
12.468224
17.038336
13.489152
12.505089
12.459008
12.498943
12.540928
13.495296
13.473792
12.500992
17.026047
12.479488
16.990208
13.480961
17.017857
12.490752
17.019905
12.483583
17.025024
13.444096
12.394496
12.407808
12.553216
12.471296
13.501440
13.498367
12.512257
17.007616
12.364799
17.027073
13.503489
17.021952
12.469248
17.037312
12.494848
16.992256
13.441024
17.006592
12.400640
16.990208
12.402688
17.044479
13.497344
17.048576
12.529664
12.519424
12.503040
13.504512
13.497344
12.518400
17.027073
12.475391
17.027073
13.477888
17.027073
12.483583
17.018879
12.504065
16.998400
13.502464
17.021954
12.508160
17.002495
12.396544
17.034241
13.511681
12.468224
12.395520
12.504065
12.503040
13.488128
13.480928
12.508128
17.021952
12.407808
17.029119
13.475840
17.015808
12.467199
Control Period
17.006592
12.592129
17.007616
13.494272
17.039360
12.480512
17.004543
12.379136
17.035263
13.496320
12.482560
12.465153
12.561408
12.551168
13.495296
13.489152
12.483583
17.046528
12.425217
16.997375
13.495296
17.016832
12.443648
16.987137
12.494848
17.036289
13.500416
17.009663
12.475392
17.026049
12.476416
17.027073
13.467648
12.479488
12.421120
12.384256
12.518400
13.512704
13.456385
12.477440
17.031168
12.507135
17.029121
13.493248
17.026049
12.507136
17.021954
12.499968
17.044479
13.459456
17.004543
12.466176
17.046528
12.435455
17.045504
13.477888
12.500992
12.430336
12.476416
12.479488
13.477888
13.474816
12.523520
17.032192
12.482559
16.995327
13.496321
17.015808
12.474368
17.013760
12.480513
17.022976
13.488129
17.048576
12.481536
17.043457
12.436480
17.010689
13.488129
12.473344
12.495872
12.480512
Control Period
12.492800
13.468672
13.477888
12.498943
17.008640
12.478464
16.992256
13.464577
17.027073
12.482560
16.991232
12.477440
17.034241
13.480960
17.019905
12.494848
17.037312
12.500992
17.018881
13.481983
12.472321
17.030144
12.416000
12.481536
13.483007
13.496321
12.488704
17.024000
12.525536
12.530688
12.691456
13.523968
17.025024
12.477440
17.026016
12.527617
17.001472
13.505536
17.037312
12.508160
16.998400
12.412928
17.039360
13.510656
12.481567
12.364799
12.394496
12.494848
13.484032
13.487104
12.495872
17.045504
12.432384
17.046528
13.483007
17.040382
12.483583
17.032192
12.493824
17.014784
16.133120
16.333824
13.500416
13.499392
15.948800
13.478912
15.944704
13.509632
17.045506
13.503489
16.026625
13.478912
16.026623
13.497344
17.045504
13.496321
16.026623
13.485056
16.044033
13.497344
17.029119
Control Period
13.440001
13.448193
13.475840
13.490176
13.453312
17.027073
16.025600
13.490176
15.975424
13.488128
17.024000
13.504512
16.022528
13.508608
16.052223
13.507584
17.018879
13.464576
16.033792
13.471745
16.032768
16.147457
16.200705
13.501440
13.500416
16.018433
13.503489
16.018433
13.472768
17.008640
13.440001
15.919104
13.499392
16.046080
13.456384
17.026047
13.470720
16.027647
13.487104
16.029696
13.486080
17.015778
13.513728
13.473792
13.504512
16.114687
13.480960
13.476864
15.947777
13.483007
16.011265
13.498368
17.019905
13.488128
16.037888
13.490176
16.023552
13.481984
17.033215
13.502464
16.049152
13.458432
15.906816
13.496321
17.036289
13.490176
13.495296
13.484032
13.495296
13.464576
13.484032
16.189440
13.498368
15.950848
13.452288
17.038336
13.516800
16.038879
13.483007
16.052223
13.483007
17.041409
Control Period
13.463552
16.030720
13.460480
15.918079
13.494272
17.020927
13.456385
13.452288
13.498368
13.524992
13.465600
13.514751
16.028671
13.512704
15.956992
13.442048
17.017857
13.496320
16.018433
13.503489
16.045055
13.501440
17.026047
13.480960
16.037888
13.496320
16.047104
13.484032
17.008640
13.485056
13.506560
14.775295
12.584960
12.614656
13.488129
13.492224
12.480513
17.014784
12.468224
17.034241
13.473791
17.018879
12.491776
17.018881
12.498976
16.992256
13.489152
17.028095
12.504065
17.004543
12.395520
17.055744
13.498368
12.481537
12.487680
12.503040
12.507136
13.493248
13.500384
12.559361
17.049601
12.484608
17.026047
13.467648
17.028095
12.493824
17.032192
12.493824
17.035263
13.484032
12.476416
12.451839
12.550144
12.424192
13.529088
13.527040
12.585983
17.013760
12.478464
17.022976
13.466624
17.039360
12.497920
Control Period
17.041409
12.405760
17.035263
13.469696
17.039360
13.109247
13.468672
13.518848
15.968256
13.451263
13.531136
13.503489
16.056320
13.478912
16.039936
13.475840
17.018881
13.486080
16.039936
13.485056
16.035841
13.497344
17.024000
13.475840
13.503489
13.496321
13.533184
13.472769
13.484032
16.019455
13.486080
16.028671
13.496320
17.036287
13.508608
16.022528
13.486080
16.039936
13.518848
17.014784
13.475840
16.044031
13.506559
16.023552
13.477888
17.006592
16.033792
13.477888
13.432833
13.561855
17.064960
13.503489
16.097281
13.477888
16.024576
13.472768
17.030144
13.464577
16.016384
13.473791
16.036863
13.484032
17.001472
13.454336
13.501440
13.490175
13.456385
13.479937
13.463552
16.039936
13.464544
15.935488
13.496320
17.047550
13.477888
16.015360
13.512704
16.035841
13.460480
17.035263
Control Period
13.480960
16.038912
13.512705
16.041985
13.490176
17.022976
13.501440
13.491199
13.528064
13.538303
12.521472
12.932096
13.540352
17.055744
12.492800
17.031168
12.414976
17.051647
13.492224
17.014784
12.476416
17.021952
12.483583
17.019905
13.504512
12.468224
12.466176
12.569599
12.424192
13.531136
13.531136
12.547071
16.986111
12.378113
17.041409
13.478912
17.030144
12.487680
17.024000
12.478464
17.022976
13.487104
12.483583
12.371968
17.003521
12.492800
17.020927
13.500416
12.472321
12.530687
12.605440
17.052673
13.506560
17.020927
12.513280
17.017857
12.487680
17.056768
13.502464
17.030144
12.483583
17.020927
12.517376
17.046528
13.522943
12.558336
12.495872
12.509184
12.517376
13.470720
13.497344
12.477440
17.014784
12.494848
17.011711
13.504512
17.034241
12.511232
16.992256
12.455936
17.035263
13.481984
12.436480
Control Period
12.368896
17.044479
12.505089
16.998400
13.498367
12.514304
12.535808
12.610559
17.017857
13.488129
17.051647
12.491744
17.022976
12.491776
17.008640
13.509632
17.047550
12.510208
13.597696
13.642752
13.552640
16.086016
13.473791
17.044479
13.494272
15.977472
13.449216
16.049152
13.500416
17.031168
13.486080
16.033792
13.464577
16.032768
13.505536
17.027073
13.461504
13.453312
13.512705
13.511681
13.483007
13.489152
16.037888
13.506560
15.963137
13.493248
17.045506
13.510656
16.007168
13.507584
16.054272
13.486080
17.014784
13.469696
16.047104
13.509632
16.057344
13.543425
13.508608
16.088064
13.476864
16.063488
13.535232
17.060863
13.540352
16.072704
13.487104
16.023552
13.480960
17.021952
13.475840
16.012287
13.473792
16.047104
13.490175
16.995327
13.467648
13.485056
13.505536
13.542400
13.463552
13.506560
16.036863
Control Period
13.449216
16.014336
13.461504
17.039360
13.490175
16.026625
13.501440
16.024576
13.477888
17.044479
13.475840
13.501440
13.458432
13.512705
12.481536
12.718081
13.546495
17.043457
12.515327
17.031168
12.490752
17.018879
13.466624
17.043457
12.516352
17.040384
12.419072
17.052673
13.483007
12.510208
12.483583
12.500992
12.490752
13.485056
13.467648
12.576768
17.049601
12.504065
16.986111
13.470720
17.031168
12.514304
17.038336
12.481536
17.028095
13.504512
12.499968
12.430336
17.039360
12.472320
13.505536
13.511681
12.614656
17.068031
12.583936
17.078272
13.518848
17.030144
12.493824
17.037312
12.513280
16.996353
13.495296
17.032192
12.526592
12.441601
12.375040
12.482559
13.555712
17.050625
12.500992
17.026049
12.512257
17.041409
13.487104
17.007616
12.488705
17.020927
12.510208
17.038338
13.470720
12.494848
Control Period
12.487680
12.519424
12.405760
13.535233
13.505536
12.495872
16.989183
12.468224
17.045504
13.504513
17.022976
12.476416
17.046528
12.494848
17.014786
13.492224
17.045504
12.525568
12.509184
12.536832
13.514751
13.486080
12.523520
17.015808
12.491776
17.015808
13.485056
17.043457
12.516352
17.024000
12.473344
17.046528
13.515776
17.015808
12.470272
17.043457
12.522495
17.004543
13.477888
12.469248
12.540928
12.623873
17.041409
13.505536
17.042431
12.484608
17.026049
12.484608
17.000448
13.495296
17.031168
12.503040
17.026049
12.511232
17.045504
13.503489
12.475391
12.452864
12.634112
12.620800
13.502464
13.487104
12.494848
17.031168
12.472320
17.020927
13.494272
17.018879
12.452864
17.039360
12.505089
17.032192
13.475840
17.008640
12.480513
17.044479
12.506112
17.044479
13.492224
12.500992
16.986111
12.463104
17.038336
Control Period
13.502464
13.487104
12.559361
17.062912
12.500992
17.141760
17.105919
12.655617
13.511681
13.530112
12.569600
17.011711
12.506112
17.039360
13.481983
17.047552
12.483583
17.053696
12.408833
16.991232
13.490175
17.041409
12.443648
17.014784
12.615681
17.057793
13.530111
12.609535
17.028095
12.505089
16.992256
13.487104
17.041409
12.502016
16.987137
12.388351
17.031168
13.502464
17.035263
12.487680
17.029121
12.504065
17.060863
13.550592
12.611584
12.524544
12.530687
12.504065
13.484032
13.496320
12.571648
17.070080
12.612608
17.037312
13.493248
17.039360
12.482559
16.988159
12.383232
17.046528
13.501440
12.502016
12.503040
12.498944
12.483583
13.493248
13.497344
12.571648
17.039360
12.494848
17.037312
13.473791
17.030144
12.516352
17.016832
12.520448
17.020927
13.501440
17.039360
12.495872
17.022976
12.521472
13.468672
Control Period
13.466624
12.523520
17.032192
12.489728
17.030144
13.472769
17.042431
12.505088
17.021954
12.405760
17.030144
13.496321
17.041409
12.478464
17.129473
16.292864
13.522943
13.509632
13.509632
13.511681
16.053247
13.481984
16.021503
13.492224
17.043457
13.481984
16.046080
17.056768
16.260096
13.522943
13.507584
13.491199
13.555712
16.034815
13.436928
16.027649
13.488129
17.034241
13.486080
16.012289
13.486080
16.020479
13.499392
17.038338
13.463552
16.030720
13.488129
16.062464
13.495296
17.015808
13.496321
13.497344
13.463552
13.528065
13.522943
13.532160
16.071680
13.477888
16.032768
13.495296
17.036287
13.469696
15.933440
13.498368
16.103424
13.531136
17.080320
13.540352
13.528065
13.465600
13.534208
13.531136
13.526016
16.038912
13.499392
16.035839
13.495296
17.027073
13.489152
Control Period
16.038912
13.491199
16.053247
13.490176
17.051647
13.472769
13.505536
13.487104
13.483007
13.484032
13.516800
16.158720
13.531136
16.075775
13.477888
17.036287
13.473792
16.001024
13.504513
16.025600
13.524992
17.040384
13.490175
13.500416
13.545471
13.551617
13.544449
13.582336
16.332800
17.131519
16.387072
13.583361
13.553664
13.509632
13.520896
16.164864
13.528065
16.145409
13.516800
17.024000
13.500416
16.136192
13.561856
13.507584
13.548544
13.537280
16.160769
13.515776
16.158720
13.533184
17.080320
13.541376
16.158720
13.533184
16.171009
13.528064
13.542400
16.086016
13.524992
16.114689
13.544448
17.054720
13.554688
16.166912
13.518848
16.175104
13.530111
17.095680
16.083967
13.524992
16.242687
13.534208
17.070080
13.527040
16.125952
13.513728
16.164864
13.554688
17.039360
13.498368
13.516800
Control Period
13.551616
13.538303
17.061888
13.533184
16.179199
13.518848
16.164864
13.552640
17.072128
13.543424
13.542400
13.582336
13.557760
13.523968
13.511681
16.203777
13.549568
16.155647
13.527040
17.067009
13.499392
13.495296
13.443071
13.573120
13.545472
13.495296
16.220161
13.532160
16.108543
13.504512
17.078272
13.519873
16.116737
13.495296
16.171999
13.548544
17.085440
16.141312
13.530112
16.183296
13.497313
17.086464
13.534208
16.169983
13.516800
16.159744
13.555712
17.074177
13.546495
13.539328
16.120832
13.545472
17.092609
13.530111
16.185345
13.523968
16.189440
13.528064
17.077248
13.507584
13.530111
16.166912
13.562880
17.055744
13.565952
16.183296
13.550592
16.084991
13.552640
17.069057
13.533184
13.527040
13.538303
13.583360
17.088512
13.503489
16.037888
13.523968
16.158720
13.523968
Control Period
17.083393
13.513728
13.510656
13.489152
13.615105
13.593599
13.531136
16.154623
13.523968
16.156672
13.526016
17.076191
13.535232
13.519873
13.515776
13.537280
13.535233
13.535233
16.155647
13.507584
16.172031
13.547520
17.032192
13.502464
16.130047
13.545471
13.538303
13.563904
13.476864
16.196608
13.501440
16.043009
13.530112
17.067009
13.537279
16.158720
13.516800
16.157696
13.532160
17.088512
16.165888
13.533184
16.160769
16.353279
16.281601
13.541376
13.527040
16.093185
13.527040
16.189440
13.528064
17.081345
13.494272
16.058369
13.545472
16.186369
13.523968
17.110016
13.538303
13.521920
13.597696
13.665279
13.565952
17.062912
13.529088
16.167936
13.534208
16.165888
13.537280
17.062912
13.526016
13.518848
16.068607
13.538303
17.070080
13.519873
16.235519
13.538303
16.108543
13.543424
17.049599
Control Period
13.603840
13.530111
13.532160
13.545472
17.046528
17.147903
17.197056
13.489152
12.762112
17.062912
12.619776
17.056767
13.542400
17.058815
12.608512
17.046528
12.500992
17.088512
13.522943
12.617727
17.043457
12.513280
17.074177
13.537280
17.080320
12.630016
17.081345
12.565504
17.103870
13.552640
12.626944
12.576768
12.616704
12.681215
13.549568
17.037312
12.581888
17.100800
12.624895
17.067009
13.546495
12.627968
12.611584
12.798976
12.676096
13.593599
17.085442
12.623872
17.092609
12.615680
17.057793
13.544448
12.620800
13.636608
13.625343
13.559808
16.167936
13.502464
17.049599
13.523968
16.169983
13.501440
16.051201
13.526016
17.069057
13.545471
13.547520
13.517824
13.574144
13.535233
13.530112
16.200705
13.519873
16.157696
13.545471
17.059841
13.526016
13.523968
13.491199
13.566977
13.543425
13.508608
16.212992
Control Period
13.541376
16.160769
13.514751
17.085442
13.544448
13.507584
13.523968
13.500416
13.548544
13.554688
16.120832
13.508608
16.175104
13.516800
17.078274
13.526016
16.185345
13.514720
13.541376
13.546495
13.517824
16.040960
13.512704
16.273407
13.573120
17.085442
13.520896
16.173056
13.536256
16.178177
13.532160
13.522943
16.107521
13.541376
16.180223
13.546495
17.060863
13.548544
16.194561
13.578239
16.220160
13.542400
13.507584
16.101376
13.545471
16.179199
13.542400
17.088512
13.527040
16.160769
13.519873
16.156673
13.550592
17.075199
13.519872
13.522943
16.065536
13.529088
17.059839
13.543424
16.152576
13.528032
13.549568
13.481984
13.548544
17.052673
13.523968
16.183296
13.559809
16.180223
13.494272
17.040384
13.536256
13.548544
13.523968
13.581312
17.071104
13.518848
16.115711
13.556736
16.200703
13.467648
17.096704
Control Period
13.530112
13.523968
13.545471
13.527040
17.060863
13.514752
16.167936
13.520896
16.165888
13.555712
17.051647
13.532160
13.534208
13.479936
13.545472
17.061890
13.524992
16.185345
13.514751
16.057344
13.548544
17.102848
13.507584
13.508608
13.568000
16.277504
13.601792
17.028095
13.577216
16.303104
13.568001
13.526016
13.573120
13.566977
16.166912
13.537280
16.147457
13.518848
17.090561
13.546495
16.181248
13.510656
13.502464
13.537279
13.538304
16.153601
13.538303
16.185345
13.549568
17.035263
13.509632
16.143360
13.548544
16.136192
13.497344
17.062912
16.152576
13.492224
16.060417
13.521919
17.070080
13.561856
16.167936
13.526016
16.224255
13.555712
17.140736
13.572096
13.543425
16.186367
13.588480
17.130497
13.566977
16.173056
13.555712
16.190464
13.518848
13.558784
16.142336
13.536256
16.098305
13.541376
17.073151
13.546495
Control Period
16.113663
13.501440
16.130049
13.548544
17.092609
13.539328
13.540352
16.212992
13.524992
17.081345
13.530112
16.151552
13.527040
16.166912
13.551616
17.045504
13.564928
13.536256
13.552640
13.541376
13.579264
13.580288
16.310272
13.535233
16.187393
13.551616
17.082367
13.541376
13.522943
13.573120
13.561855
17.035263
13.513728
16.153601
13.540352
16.083969
13.545471
17.072128
13.530111
13.541376
13.578239
13.624320
17.122303
13.589504
16.194559
13.545471
16.111616
13.492224
17.094656
13.555712
13.529088
13.531136
13.563904
17.070080
13.520896
16.189440
13.537279
16.215040
13.543425
17.029119
13.570047
13.596672
13.527040
13.583360
17.093632
13.559808
16.144384
13.522943
16.164864
13.552640
17.080320
13.522943
13.523968
13.536256
13.548544
13.563904
13.470720
16.209921
13.548544
16.168961
Control Period
13.535232
17.050625
13.566977
13.544448
13.581312
13.563904
13.540352
13.530111
16.171007
13.511681
16.152576
13.529088
17.088512
13.526016
16.161793
13.534208
13.548544
13.533184
13.611008
16.338943
13.566977
16.193535
13.538303
17.057793
13.545472
13.551616
13.548544
13.600768
13.540352
13.526016
16.160769
13.555712
16.161793
13.530111
17.083393
13.552640
13.509632
13.528065
13.585407
13.588480
13.460480
16.375809
17.179647
16.359425
13.535233
16.163841
13.538304
17.079296
13.515776
16.167936
13.511681
16.059393
13.540352
17.087488
13.520896
13.549568
16.156673
13.556736
17.052673
13.563904
16.267263
13.551617
13.580288
13.539328
17.065983
13.520896
16.171007
13.542400
16.166912
13.498367
17.104897
13.506559
13.566977
13.538303
13.534208
17.072128
13.553664
16.163839
13.552640
16.291840
13.601791
17.124352
13.554688
13.550592
Control Period
16.164864
13.502464
17.078272
13.523968
16.164864
13.510656
16.172031
13.556736
17.054720
13.540352
13.536257
13.604864
13.593600
17.105919
13.524992
16.176128
13.511680
16.066561
13.533184
17.081345
13.546495
13.524992
13.466624
13.582336
13.595648
13.667328
13.501440
16.267263
13.532160
16.150528
13.539328
17.028095
13.507584
13.578239
13.578240
13.526016
17.069057
13.535233
16.176128
13.524992
16.156673
13.530112
17.071104
13.574144
13.511681
13.515776
13.565952
17.029121
13.513727
16.148479
13.575169
16.209919
13.544449
17.052671
13.501440
13.507584
13.550592
13.576192
13.538303
13.549568
16.163841
13.598721
13.623296
13.645824
13.602816
17.087488
13.544448
16.155647
17.100800
16.325632
13.578239
13.484032
13.541376
13.485056
16.219135
13.529088
16.164864
13.537280
17.060863
13.497344
Control Period
16.062464
13.551616
13.536256
13.536257
13.577216
16.211967
13.546495
16.101376
13.535232
17.090561
13.537279
16.172031
13.532160
16.169985
13.527040
13.557760
16.137217
13.566977
16.172031
13.560832
17.084415
13.580288
16.284672
13.522943
16.174080
13.508608
13.547520
16.176128
13.556736
16.301056
13.549568
17.083393
13.543425
16.179199
13.508608
13.503489
13.591552
13.565952
16.169985
13.527040
16.157696
13.543424
17.041409
13.510656
16.143360
13.546495
16.212992
16.464895
13.571072
13.568000
16.164864
13.533184
16.184320
13.503489
17.105919
13.545472
16.172031
13.539328
13.545471
13.548544
13.462528
16.180223
13.560832
16.197632
13.487104
13.668352
13.676544
13.606913
16.243711
13.629440
16.162815
13.503489
17.040384
13.529088
13.558784
13.518848
13.566977
17.077248
13.546496
16.132095
13.530112
16.171009
13.545472
Control Period
17.070080
13.544448
13.578239
13.582336
13.566977
17.081345
13.499392
16.163841
13.519873
16.164864
13.524992
17.075169
13.557760
13.535232
13.536256
13.562880
17.063936
13.520896
16.113663
13.507584
16.315392
13.580288
17.111040
13.576192
13.526016
13.533184
13.531136
17.044479
13.538303
16.171009
13.558784
16.125952
13.554688
17.070080
13.540352
13.518848
13.553663
13.523968
13.540352
13.539328
16.155647
17.174528
16.399361
13.494272
13.459456
13.514751
13.551617
16.166912
13.533184
16.107519
13.542400
17.128448
13.588480
13.520896
13.513728
13.528064
13.543425
13.558784
16.167936
13.583361
16.272385
13.550592
17.094656
13.493248
12.646400
13.701120
12.964864
17.093632
12.622849
17.080318
13.522943
12.599297
12.493824
12.533760
12.642303
13.524992
13.461504
12.699648
17.031168
12.684288
Control Period
17.008640
13.582336
12.769279
12.691456
12.731392
17.071104
13.533184
17.072128
12.625919
17.009663
12.726273
17.073153
13.580288
12.755968
12.650496
12.606464
17.072128
13.527040
17.064960
12.614656
17.064960
12.622849
17.064928
13.560832
12.618752
12.692480
12.602367
17.082367
13.559809
17.069056
12.607489
17.051647
12.603392
17.073151
13.592576
12.735488
12.719105
12.852224
17.061888
13.545471
17.083393
12.638208
17.078274
12.588032
17.099777
13.560832
12.627968
13.662209
12.893185
12.830720
17.083393
13.513728
17.073153
12.614656
17.070080
12.633088
17.069056
13.524992
12.624896
16.994305
12.772352
17.078272
13.539328
17.061890
12.616704
17.075199
12.625919
17.087488
13.524992
12.626944
17.062912
12.641280
17.071104
13.539328
17.102848
12.639233
17.057793
12.650496
17.036287
13.543425
12.794880
17.057793
Control Period
12.639233
17.074177
13.589504
17.101824
12.755968
17.009665
12.600320
17.078272
13.542400
12.579840
17.052704
12.505088
17.038336
13.600768
17.119232
12.762112
17.114113
12.672000
13.536256
13.523968
12.638208
17.058815
12.620800
17.072128
13.545471
17.038336
12.584960
17.071104
12.625919
17.089535
13.585408
12.716032
17.087488
12.597248
17.002495
13.560832
17.106943
12.765184
17.093632
12.803072
13.540352
13.531136
12.712959
17.088512
12.708864
17.089537
13.542400
17.058815
12.568576
17.093632
12.736511
13.554688
13.542400
12.723200
17.083393
12.639233
17.042431
13.542400
17.077248
12.618752
17.072128
12.620800
13.546495
13.530112
12.628992
17.052673
12.621824
17.083393
17.138687
17.153023
13.551616
12.665855
17.098751
12.739584
17.094656
13.592576
17.116161
12.793856
12.692480
12.616704
13.544448
Control Period
13.578240
12.635136
17.083393
12.645376
17.077248
13.523968
17.060863
12.660736
12.634111
12.619776
13.615105
13.576192
12.746719
13.598721
12.864511
12.834816
17.093632
13.543425
17.077248
12.640256
17.096703
12.617728
17.073153
13.491199
12.527617
17.183744
17.204224
13.699072
12.790784
17.049599
12.505089
17.112064
13.563904
17.070080
12.666880
17.030144
12.718081
13.547520
13.569024
12.712959
17.074177
12.621824
17.030144
13.581312
17.096704
12.628992
12.655617
12.700672
13.550592
13.587456
12.743680
17.037312
12.661760
17.090561
13.541376
12.627968
12.617727
12.627968
12.626944
13.513728
13.507584
12.648448
17.078272
12.697600
17.055744
13.548544
12.611584
12.621824
12.608512
12.606464
13.615104
17.114113
12.622849
17.068031
12.646400
17.058815
13.548544
12.612608
12.613632
12.858368
12.700672
13.587456
Control Period
17.085440
12.636160
17.068031
12.641279
17.032192
13.566977
12.667904
12.684288
12.673024
17.095680
13.537280
17.087521
12.631041
17.079296
12.606464
17.065985
13.539328
12.636160
12.604416
12.700672
17.081345
13.518848
17.067009
12.651520
17.127424
12.744704
17.128448
13.612032
12.735488
17.042431
12.494848
17.112064
13.613056
17.119232
12.773376
17.124352
12.663808
13.607936
13.535233
12.648448
17.076225
12.640256
17.068031
13.546495
17.064960
12.601344
16.937984
12.779520
13.557760
13.602816
13.531136
12.707808
12.609536
17.057793
13.523968
17.080320
12.611584
17.072096
12.636160
17.045506
13.549568
12.611584
12.612608
12.851200
17.115135
13.574144
17.071104
12.615681
17.087488
12.644352
17.087486
13.536256
12.633087
17.070080
12.631040
17.067009
13.566977
17.085442
12.662784
17.084415
Control Period
12.633088
17.108992
13.593600
12.771328
17.061888
12.632064
17.091583
13.588480
17.108992
12.766209
16.999424
12.613632
17.071104
13.543424
12.606464
17.043457
12.575745
17.037312
13.587456
17.114113
12.754944
17.121281
12.656640
17.059841
13.594624
12.764160
17.064960
12.608512
17.083393
13.549568
17.035263
12.506112
17.008640
12.734464
17.104897
13.579264
12.754944
17.086496
12.619776
16.935936
17.035263
17.037312
12.613632
17.081345
12.639233
13.527040
13.550592
12.684288
17.014784
12.645376
17.094656
13.540352
17.075199
12.562432
17.111040
12.748800
17.089537
13.600768
12.753920
17.086464
12.639233
17.035263
13.546495
17.026047
12.742657
17.084415
12.666880
13.565952
13.551616
12.653568
17.075199
12.697599
17.121281
13.566977
17.093632
12.680192
12.725248
12.606464
13.624320
17.102848
12.662785
17.060863
12.616704
Control Period
17.085442
13.517824
12.639233
12.653568
12.758017
17.104897
13.532160
17.060863
12.639233
17.045504
12.613632
17.013760
13.575168
12.773376
12.623872
12.643328
17.093632
13.536256
17.059841
12.660736
17.129471
12.774401
17.110016
13.594624
12.729343
17.045504
12.608512
17.093632
13.582336
17.092609
12.672000
17.041409
12.697599
17.086464
13.548544
12.631040
17.057793
12.631041
17.081345
13.535232
17.072128
17.187840
17.191936
12.855296
12.743680
12.671007
13.499392
17.064960
12.614656
17.091583
12.626944
17.073153
13.512704
12.593152
12.580864
12.643328
12.677120
13.566976
17.091583
12.643328
17.090561
12.631040
17.061888
13.551616
12.609536
12.736511
12.829697
12.858368
13.565952
17.087488
12.600320
17.105919
12.741632
17.025024
13.606912
12.726273
17.053696
12.631041
17.038336
13.586432
17.097729
12.761087
17.120255
12.789761
13.568000
Control Period
13.538303
12.616704
17.067009
12.618752
17.060863
17.176577
17.115135
13.641727
12.764160
17.090561
12.631041
17.048576
13.550592
17.077248
12.626944
17.075199
12.611584
13.538303
13.535233
12.669952
17.080320
12.643328
17.091583
13.569024
17.093632
12.674047
16.994305
12.647425
13.581312
13.593599
12.789760
17.102848
12.781569
17.074177
13.554688
12.674047
12.644352
12.690432
12.615680
13.591552
17.091583
12.624896
17.047552
12.605440
17.091583
13.544448
12.602367
12.638208
12.652544
12.633088
13.524992
13.571072
12.755968
17.136639
12.687360
17.086464
13.533184
12.621824
12.572672
12.696576
12.688384
13.550592
17.070080
12.618752
17.114113
12.700672
17.088512
13.536256
12.619776
12.653568
12.713984
12.782592
13.598721
17.096704
12.639233
16.983040
12.753920
17.070080
13.528064
12.611584
Control Period
17.018879
12.676096
17.081345
13.510656
12.547071
17.028095
12.616704
17.102848
13.588480
17.096704
12.630016
17.005568
12.761087
17.111038
13.579264
12.767232
17.071104
12.635136
12.633088
13.543424
17.078272
12.645376
12.618752
12.677120
13.494272
13.569023
12.727296
17.019905
12.644352
17.083393
13.540352
17.093632
12.634111
12.669952
12.657663
13.556736
13.539328
12.698624
17.074177
12.621824
17.028095
13.491199
17.118208
12.746752
12.789761
12.669952
13.568000
17.100800
12.603392
17.084415
12.803072
17.116161
13.545471
12.639233
12.581888
12.829697
17.087488
13.556736
17.087488
12.606464
17.102848
12.706816
17.093632
13.560832
12.633088
17.091583
12.634111
17.058815
13.574144
17.084415
12.690432
17.059839
12.662785
17.014784
13.561856
12.648448
17.048544
12.628992
17.128448
13.599744
17.124352
12.761087
17.092607
12.624895
Control Period
17.087488
13.535232
12.605440
17.058815
12.680192
17.021954
13.591553
17.106945
12.771328
17.127422
12.665855
13.533184
13.528064
12.656640
17.061888
12.646400
17.135616
13.574144
17.078272
12.611584
17.086464
12.637184
13.543425
13.544448
12.782592
17.118208
12.686337
17.082369
13.504512
17.072128
12.626944
17.080320
12.666880
13.544448
13.535233
12.755968
17.039360
12.676096
17.099775
13.514751
17.124352
12.702721
12.618752
12.640256
13.544448
13.515776
12.662784
17.085440
12.632064
17.032192
13.544448
17.027073
12.750848
12.697599
12.564480
13.579264
13.545472
12.646400
17.062912
12.736512
17.131519
13.595648
12.726273
12.685312
12.639233
12.576768
13.602816
17.118208
12.736511
17.060863
12.633088
17.093632
13.509632
12.603392
12.673023
12.741632
17.088512
13.551617
17.087486
12.672000
Control Period
17.083393
12.638208
17.085440
13.593600
12.632065
17.095680
12.624895
17.100800
13.531136
17.104897
12.733440
17.020927
12.770304
17.120255
13.492224
12.734465
17.045506
12.640256
17.020927
13.544448
17.111038
12.763136
17.022976
12.685312
13.546495
13.538304
12.632064
17.064960
12.619776
12.689407
12.787712
13.556736
17.087488
16.241665
17.202175
16.476160
13.575169
16.183296
13.530112
17.058815
13.535233
16.185345
13.545471
13.507584
13.500416
13.505536
16.314367
13.557760
16.254976
13.568000
17.025024
13.563904
16.234497
13.563904
13.556736
13.577216
13.572096
16.227327
13.556736
16.190464
13.541376
17.117184
13.563904
13.537280
13.518848
13.578240
13.604864
13.601791
16.265217
13.555712
16.295937
13.501440
17.112064
13.573120
13.534208
16.162815
13.533184
17.073151
13.527040
16.155647
13.561856
Control Period
16.188416
13.547520
17.050625
13.515776
13.569023
13.587456
13.605888
17.071072
13.539328
16.191486
13.519873
16.193535
13.576192
17.087486
13.488129
13.573120
16.188416
13.580288
17.092609
13.510656
16.192513
13.488129
16.287743
13.583360
13.544448
16.233471
13.582336
16.232449
13.591552
17.099777
13.551616
13.551616
13.516800
13.536257
13.540352
13.547520
16.219135
13.546495
16.177153
13.542400
17.093632
13.531136
13.537280
13.556736
13.565952
13.539328
13.534208
13.661184
13.561855
16.168961
13.555712
16.254976
13.573120
17.101824
13.562880
13.520896
13.547520
13.577216
17.121281
13.552640
16.169985
13.499360
16.256001
13.552640
17.103872
13.571072
13.608959
16.205824
13.554688
17.082367
13.577216
16.287745
13.595648
16.238592
13.509632
13.547520
16.152576
13.519873
16.153601
13.537280
17.071104
13.530112
16.164864
13.544448
16.183296
Control Period
13.540352
13.532160
16.171009
13.575168
16.290815
13.571072
17.071104
13.563904
16.173056
13.541376
16.202751
13.603840
13.566977
16.176128
13.551617
16.199680
13.598721
17.146881
13.559809
16.300032
13.550592
13.555712
13.562880
13.535233
16.216064
13.542400
16.203775
13.531136
17.089537
13.554688
13.539328
13.566977
13.534208
13.595648
13.566977
16.215040
13.498367
16.145409
13.553663
17.118208
13.519872
13.571072
13.566976
13.566977
17.042431
13.554688
16.166912
13.577216
16.212992
13.489152
17.117184
13.541376
13.380608
16.217089
13.556736
17.088512
13.529088
16.296959
13.500416
16.295937
13.549568
17.092607
16.169983
13.535232
16.187393
13.613056
17.122303
13.548544
16.182272
13.534208
16.139263
13.451232
13.585408
16.216064
13.550592
16.156672
13.560832
17.040382
13.490176
13.631489
13.668352
13.615104
Control Period
16.212992
13.542400
17.062912
13.549568
16.196608
13.581312
16.257023
13.543424
13.576192
16.300032
13.584384
16.239616
13.542400
17.087488
13.575169
13.578239
13.542400
13.455360
13.579264
13.560832
16.218113
13.555712
16.178177
13.522943
17.085440
13.524992
13.547520
13.505536
13.593600
17.082367
13.556736
16.166912
13.572096
16.292864
13.555712
17.117184
13.506559
13.577216
16.173056
13.551616
16.969728
13.582336
16.274433
13.540352
16.116737
13.565952
17.082367
13.552640
13.557793
16.183296
13.526016
16.946177
13.560832
16.271360
13.548544
16.199680
13.575169
17.106943
16.269312
13.620224
16.177183
13.535232
17.055744
13.544448
16.101376
13.568000
16.189440
13.529088
17.083393
16.165888
13.552640
16.183296
13.609983
17.090561
13.539328
16.190464
13.557760
16.147455
13.576192
13.475840
16.214016
13.485056
16.303104
Control Period
13.571072
17.105919
13.537280
16.162815
13.491199
16.215040
13.634560
13.590528
16.239616
13.467648
16.241665
13.555712
17.085440
13.588480
16.310272
13.581312
13.546495
13.549568
13.563904
16.149504
13.479936
16.235519
13.531136
17.097729
13.548544
13.527040
13.528064
13.478912
13.591552
13.506559
16.149504
13.553663
16.173056
13.514751
16.945152
13.604864
16.227329
13.565952
13.606913
13.582336
13.570047
16.141312
13.563904
16.195583
13.605888
17.137665
13.586432
13.558784
13.543425
13.572096
17.088512
13.543425
16.118784
13.591552
16.289791
13.599744
17.147903
13.534208
13.545472
16.163839
13.537280
17.087486
13.531136
16.108543
13.520896
16.181248
13.557760
17.112064
13.594624
13.570047
16.206848
13.547520
17.052673
13.453312
16.221184
13.570047
16.220160
13.546495
17.075199
13.532160
Control Period
13.539328
16.166912
13.604864
17.104897
13.505535
16.302080
13.579264
16.195583
13.554688
13.503488
16.228352
13.475840
16.362495
13.537280
17.073151
13.504512
16.114689
13.545471
16.164864
13.533184
13.548544
16.166912
13.549568
16.178177
16.399361
13.612032
13.452288
16.172031
13.531136
16.185345
13.557760
17.090561
13.562880
16.217089
13.538303
13.559809
13.580288
13.573120
16.272385
13.556736
16.317440
13.581312
17.076225
13.537280
13.474815
13.577216
13.553664
17.090561
13.503488
16.299007
13.546495
16.191488
13.616128
17.091583
16.199680
17.168385
16.420864
13.594624
13.559809
17.094656
13.531136
16.151552
13.560832
13.601791
13.481984
13.549568
17.079296
13.539328
16.187391
13.546495
16.174080
13.507584
16.943104
13.584384
13.501440
13.546495
13.576192
17.087488
13.565952
16.233440
13.570048
16.245760
13.597696
16.945152
Control Period
13.577216
13.549568
16.189440
13.549568
17.053696
13.587456
16.295937
13.558784
16.338943
13.581312
13.522943
16.202751
13.554688
16.165888
13.531136
17.097729
13.551617
16.220160
13.514751
13.551617
13.509632
13.474815
16.300032
13.598721
16.292864
13.587456
17.093632
13.532160
13.474815
13.593599
13.595648
13.598721
13.643776
16.456705
13.572096
16.305151
13.605888
13.550592
16.165888
13.554688
16.208897
13.596672
17.135616
13.524992
16.325632
13.541376
13.601791
13.607936
13.565952
16.293888
13.521920
16.177153
13.592576
17.092609
13.549568
13.508608
13.503489
13.630465
13.656064
13.608960
17.115135
13.581312
16.223232
13.538303
16.173058
13.543425
13.523968
16.180225
13.585408
16.286720
13.594624
17.090561
13.494272
16.299007
13.562880
13.545504
13.570047
13.598720
16.273407
13.534208
16.314367
13.595648
Control Period
17.117184
13.701120
13.664255
13.600767
16.311296
13.603840
16.291840
13.594624
13.491199
16.216064
13.577215
16.302080
13.586432
17.035263
13.503489
16.128000
13.557760
13.571072
13.558784
13.590528
16.337919
13.635584
16.241665
13.566977
16.943104
13.599744
13.453312
13.564928
13.541376
17.115135
13.556736
16.194561
13.606912
16.205824
13.555712
16.941055
13.546495
13.564928
16.187393
13.483007
17.118208
13.584384
16.290815
13.457408
16.285696
13.590528
13.562880
16.289791
13.498368
16.217089
13.570047
17.045506
13.493248
16.267263
13.558784
13.493248
13.614080
13.597696
16.301056
13.495296
16.305151
13.557760
17.037312
13.599744
13.575169
13.515776
13.574144
17.113087
13.565952
16.232449
13.570048
16.247807
13.559808
13.498367
16.251904
13.602816
16.220160
13.601792
17.076223
13.558784
Control Period
16.278528
13.572096
13.554688
13.631488
13.637632
16.327679
13.608960
16.263168
13.556736
16.992256
13.593568
13.508608
16.133120
13.566977
17.088512
13.600768
16.265217
13.588480
16.318464
13.534208
13.593599
16.246784
13.589504
16.301056
13.546495
17.067009
13.624320
13.576192
13.536257
13.620224
17.098751
13.589504
16.205824
13.488129
16.222208
13.556736
17.125376
13.589504
13.572096
16.355328
13.592576
17.103870
13.566976
16.236544
13.546495
13.497344
13.628416
13.600767
16.315392
13.576193
16.289791
13.521919
17.118208
13.605888
13.573120
16.218111
13.561855
17.045504
13.585407
16.274433
13.570048
16.241665
13.546495
17.087488
16.285696
13.470720
16.215040
13.592576
17.025024
13.568000
16.312321
13.547520
16.303104
13.577215
13.519873
16.200703
13.558784
16.228352
13.470720
17.102848
13.551617
13.586432
13.565952
Control Period
13.594624
17.114113
13.603840
16.248833
13.556736
16.212992
13.587456
17.110016
16.302080
13.552640
16.228352
13.584384
17.028095
13.578239
16.292864
13.594624
13.571072
13.605888
13.611008
16.314369
13.591552
16.309248
13.585408
17.107967
13.577216
13.517824
16.283648
13.594624
17.032192
13.627392
16.272385
13.548544
16.183296
13.576192
13.594624
16.308224
13.510656
16.220160
13.471745
16.943104
13.569024
16.222208
13.574144
13.585408
13.575169
13.591552
16.264191
13.550592
16.207872
13.559809
16.969728
13.510656
13.574144
13.493248
13.596672
17.146881
13.599745
16.318464
13.581312
16.167936
13.607936
13.542400
16.198656
13.506559
16.253952
13.595648
17.130497
13.616128
16.293888
13.550592
13.560832
13.592576
13.542400
16.270336
13.553663
16.329729
13.647872
17.095680
13.618176
13.577216
16.275455
13.561855
17.105919
Control Period
13.561855
16.305153
13.571072
13.557760
13.577215
13.604864
16.294912
13.474815
16.275455
13.569024
17.116161
13.555712
13.558784
13.585408
13.560832
17.077248
13.596672
16.238592
13.563904
16.260098
13.601791
13.598720
16.328705
13.563904
16.305153
13.572096
17.028095
13.556736
16.296959
13.574144
13.586432
13.633535
13.458431
16.178177
13.565952
16.202751
13.591552
16.995327
13.552640
13.559809
13.493248
13.593599
17.115135
13.542400
16.293888
13.580288
16.191488
13.583361
17.085442
16.232449
13.490176
16.252928
13.576193
17.192959
13.579264
16.315392
13.615104
13.570047
13.586432
13.513728
16.275455
13.566977
16.176128
13.605888
17.122303
13.587456
13.565952
16.314369
13.538303
17.024000
13.562880
16.299007
13.622272
16.289793
13.570048
13.533184
16.168961
13.564928
16.258047
16.252928
16.612352
13.626368
13.600768
Control Period
16.314369
13.586432
16.281601
13.534208
17.144833
13.390848
13.511681
16.240641
13.588480
17.027073
13.578239
16.302080
13.476864
16.214016
13.605888
17.028095
16.214016
13.547520
16.270336
13.596672
16.942081
13.571072
16.302080
13.624320
13.490175
13.605888
13.599744
16.207870
13.510656
16.308224
13.543425
17.100800
13.503489
13.599744
13.556736
13.588480
17.091583
13.585408
16.276480
13.575169
16.195583
13.609983
17.115135
13.568001
13.586432
16.294912
13.612032
17.084415
13.496288
16.283649
13.559808
13.586432
13.645824
13.646849
16.401409
13.590528
16.202751
13.545471
17.096704
13.493248
13.553663
16.295937
13.598721
17.177601
13.571072
16.269312
13.566977
16.181248
13.593600
13.503489
16.306175
13.593599
16.239616
13.539328
16.946175
13.588480
16.288769
13.581312
13.560832
13.591552
13.619200
16.326656
Control Period
13.600768
16.310272
13.636608
17.118208
13.560832
13.578239
16.169985
13.587456
17.009663
13.593599
16.312321
13.563904
16.299007
13.558784
13.465600
16.188416
13.493248
16.219135
13.540352
17.035263
13.613056
16.305153
13.517824
13.574144
13.617151
13.598720
16.282623
13.511681
16.120832
13.585408
17.068031
13.461504
13.579264
13.591553
13.609983
17.099777
13.595648
16.266239
13.553663
16.121857
13.594624
13.454336
16.181248
13.566977
16.288769
13.574144
17.102848
13.599744
16.305151
13.535233
13.550592
13.575169
13.577216
16.292864
13.588480
16.297983
13.579264
17.108992
13.573120
13.645824
13.406208
13.601791
17.068031
13.533184
16.117760
13.579264
16.292864
13.597696
17.105919
16.169983
13.546495
16.119808
13.573120
16.946175
13.531136
16.219135
13.633536
16.318464
13.577216
13.591552
16.291840
13.589504
Control Period
16.204800
13.588480
17.098751
13.484032
13.493248
13.560832
13.484032
13.524992
13.488129
16.314369
13.535233
16.204800
13.580288
17.108994
13.512704
13.583361
16.202751
13.583361
17.104897
13.584384
16.225281
13.479937
16.148479
13.594624
17.093632
16.274433
13.570048
16.272385
13.596672
17.104897
13.582336
16.314367
13.474815
13.540352
13.595648
13.594624
16.224257
13.560832
16.171009
13.597696
17.027073
13.584384
13.587456
13.511681
13.596672
17.127422
13.587456
16.200705
13.560832
16.295937
13.517824
13.527040
16.252928
13.535232
16.314367
13.590528
17.104897
13.576192
16.296961
13.604864
13.575169
13.562880
13.522943
16.221184
13.565952
16.146431
13.599744
16.997375
13.564928
13.588480
13.571072
13.616128
17.095680
13.552640
16.175104
13.568001
16.210945
13.503489
17.112064
13.588480
13.544449
16.221184
13.589504
17.045504
Control Period
13.551616
16.116735
13.593568
16.202751
13.584384
13.583361
16.231424
13.569024
16.299007
13.584384
17.031168
13.472769
13.575168
13.526016
13.598721
17.091583
13.561855
16.294912
13.486080
16.235519
13.603840
16.998400
13.503488
13.586432
16.303104
13.608960
17.126400
13.578239
16.297983
13.595648
13.577215
13.559808
13.617152
16.247808
13.562880
16.284672
13.592575
17.102848
13.573120
13.559808
13.579264
13.622272
17.113056
13.518848
16.312321
13.480961
16.238592
13.552640
13.402112
16.216064
13.498367
16.305151
13.597696
17.113087
13.541376
16.177151
13.473792
13.606913
13.555712
13.635584
16.240641
13.481984
16.216064
13.596672
17.026047
13.494272
13.587456
13.581312
13.643776
17.123329
13.589504
16.296959
13.566977
16.147457
13.600768
13.569024
16.238592
13.598720
16.200705
13.499392
17.079296
13.536257
16.308224
Control Period
13.554688
13.601791
13.571072
13.624319
16.269312
13.533184
16.233473
13.570047
17.027073
13.565952
13.576192
16.302080
13.620224
17.100800
13.596672
16.301056
13.489152
13.562880
13.553664
13.626368
16.251904
13.602816
16.304129
13.595648
17.115135
13.583360
13.577216
16.225281
13.573120
17.135616
13.576192
16.301056
13.550592
16.228352
13.592576
13.396992
16.312353
13.498368
16.312321
13.604864
17.020927
13.576193
16.287743
13.598721
13.604864
13.554688
13.629440
16.252928
13.473791
16.219135
13.507584
17.132544
13.592576
13.577215
16.231424
13.546495
17.137665
13.531136
16.229376
13.584384
16.215040
13.587456
13.584384
16.235519
13.572096
16.292864
13.598720
17.110016
13.550592
13.530111
13.588480
13.630465
13.596672
13.631489
16.307199
13.493248
16.229376
13.563904
17.030144
13.487104
13.557760
16.218113
13.595648
17.046528
Control Period
13.559809
16.269312
13.536256
16.196608
13.593600
13.573120
16.252928
13.606912
16.110592
13.602816
17.108994
13.546495
13.590528
13.640704
13.621248
17.022976
13.499392
16.220160
13.495296
16.220160
13.560832
17.032192
13.592576
13.479937
16.317440
13.503489
17.141760
13.539328
16.204800
13.584384
16.214016
13.588480
13.586432
16.231424
13.588480
16.233473
13.591552
17.129471
13.598721
13.503489
13.608960
13.659136
17.150976
13.643776
16.356352
13.557760
16.149504
13.565952
13.519872
16.234495
13.588480
16.309248
13.590528
16.982018
13.534208
16.190464
13.596672
13.574144
13.586432
13.635584
16.329727
13.582336
16.237568
13.581312
17.102848
13.584385
13.561856
16.211967
13.568001
17.047552
13.566977
16.294912
13.519872
16.204800
13.597696
13.539328
16.155647
13.588480
16.275455
13.600768
17.040382
Control Period
13.559809
13.585407
13.570047
13.638657
17.019905
13.585408
16.165888
13.501440
16.238592
13.553663
17.040384
13.576192
13.533184
16.187391
13.590528
17.043457
13.576192
16.225281
13.605888
16.227329
13.602816
13.581312
16.303104
13.581312
16.234497
13.486080
17.118208
13.550592
16.308224
13.506559
13.565952
13.591553
13.564928
16.271360
13.532160
16.303104
13.592575
17.091583
13.477888
13.555712
16.198656
13.635584
17.161217
13.586432
16.376831
13.580288
13.570048
13.521920
13.641728
16.319489
13.446144
16.256001
13.598720
17.099777
13.543425
13.578239
16.228352
13.589504
17.138687
13.552640
16.193535
13.486080
16.274433
13.506559
13.599744
16.153601
13.490176
16.315392
13.597696
17.103870
13.579264
16.294912
13.592576
13.589504
13.576192
13.593599
16.308224
13.614080
16.240639
13.591553
17.137665
13.584384
13.590528
Control Period
16.304129
13.590528
17.123329
13.571072
16.272385
13.506559
13.491199
13.579264
13.623297
16.343040
13.595648
16.227327
13.494272
17.100800
13.551617
13.603840
13.607936
13.661184
17.136641
13.506559
16.293888
13.522943
16.215040
13.565952
13.548544
16.242687
13.477888
16.244736
13.591552
17.147903
13.446144
16.124928
13.501440
16.205824
13.591552
13.585407
16.160769
13.559809
16.220160
13.595648
17.036289
13.540352
13.444096
13.624319
13.656064
17.166336
13.617151
16.365568
13.530111
16.139263
13.615104
17.042433
16.229376
13.546495
16.289791
13.598721
17.119232
13.429760
16.329727
13.579264
13.581280
13.579264
13.583361
16.288767
13.626368
16.236546
13.562880
17.042431
13.605888
13.592576
16.211967
13.595648
16.940033
13.565952
16.296959
13.484032
16.288767
13.606912
13.600768
16.190464
13.594624
16.294912
13.594624
Control Period
17.132545
16.420864
17.238016
16.524288
13.601791
16.251904
13.590528
17.037312
13.582336
13.581312
13.574144
13.596672
17.095680
13.562880
16.172031
13.490175
16.297985
13.597696
16.941055
13.395967
13.403136
13.587456
13.609983
17.111040
13.531136
16.284672
13.581312
16.299007
13.546495
13.542400
16.246784
13.563904
13.651968
13.684736
13.617151
17.027073
13.477888
16.313345
13.557760
16.264191
13.588480
13.583360
16.286720
13.563904
16.207872
13.589504
13.629440
13.491199
16.254976
13.466623
16.286720
13.597696
16.980991
13.553664
13.490175
13.588480
13.591553
17.020927
13.490175
16.188416
13.591552
16.226303
13.593599
13.579264
16.275455
13.552640
16.187391
13.603840
17.037312
13.508608
16.318464
13.592576
13.582336
13.582336
13.682688
16.497665
13.587456
16.290817
13.596672
Control Period
17.108992
16.291840
13.541376
16.184320
13.603840
17.027073
13.499392
16.299007
13.556736
16.245760
13.592576
13.497344
16.314369
13.471745
16.216064
13.604864
16.950272
13.602816
13.622272
13.524992
13.629440
13.594624
17.104897
13.576192
16.227327
13.506559
16.218113
13.578239
13.446144
16.311295
13.504513
16.231424
13.588480
16.940033
13.594624
16.277504
13.497344
13.584384
13.620224
13.609984
16.312321
13.565952
16.295937
13.576192
17.116159
13.572096
13.586432
16.179199
13.594624
17.037312
13.587456
16.202751
13.507584
16.326656
13.587456
13.596672
16.299007
13.495296
16.304127
13.558784
16.940033
13.552640
16.296959
13.596672
13.571072
13.600768
13.591552
16.257023
13.558784
16.276480
13.584385
17.026047
13.597696
13.596672
16.334848
13.481984
17.081345
13.499392
16.219135
13.556736
16.227327
Control Period
13.584384
13.560831
16.274431
13.573120
16.320511
13.572096
17.038336
13.455360
16.320513
13.576192
13.580288
13.602816
13.477888
16.284672
13.596672
16.124928
13.583361
17.099777
13.552640
13.559809
16.277504
13.557760
17.033216
13.509632
16.316416
13.581312
16.289791
13.581312
13.563904
16.308224
13.585407
16.203775
13.625344
17.031168
13.508608
16.129025
13.459455
16.264193
13.583361
13.585407
17.130497
16.368641
13.618176
13.596672
17.109983
13.563904
16.225281
13.629440
16.433151
13.619200
13.611008
16.258047
13.496321
16.228352
13.589504
17.017857
13.594624
16.261120
13.560832
13.542400
13.486080
13.601792
16.307201
13.534208
16.274433
13.504512
16.978945
13.582336
13.592576
13.605888
13.661184
13.687808
13.643776
17.042433
13.588480
16.312321
13.584385
13.533184
13.597696
13.508608
16.294912
13.556736
16.197632
Control Period
13.550592
17.051647
13.597696
13.582336
13.635584
13.657088
17.077248
13.585408
16.294912
13.492224
16.309248
13.502464
13.551617
16.154625
13.577215
16.265217
13.581312
17.103872
13.581312
13.572096
13.670401
13.652992
17.156097
13.601791
16.238592
13.469696
16.134144
13.604864
17.136641
16.259071
13.575169
16.104448
13.594624
17.084415
13.568001
16.273407
13.591552
13.578240
13.607936
13.614080
16.164864
13.581312
16.236546
13.633536
17.038336
13.590528
13.490176
16.283649
13.581312
17.128479
13.574144
16.215040
13.489153
16.279552
13.475840
13.566977
16.313343
13.499392
16.224255
13.599744
17.123329
13.506559
13.485056
13.625344
13.485056
17.119232
13.503489
16.303104
13.532160
16.187393
13.616128
17.111040
13.580288
13.569024
16.303104
13.608960
17.140736
13.485056
16.205824
13.587456
16.305153
Control Period
13.611008
13.503489
16.201729
13.586432
16.267263
13.637632
17.170433
13.638657
13.601791
16.292864
13.480961
17.037312
13.591552
16.303104
13.558784
16.302080
13.620224
13.608960
16.391167
13.601791
16.305153
13.573120
17.092607
13.585407
13.577216
16.289791
13.550592
17.030144
13.587456
16.204800
13.496321
16.323584
13.592575
13.566977
16.174080
13.571072
16.422913
13.620224
17.162239
13.612032
13.563904
13.444096
13.607936
16.429056
17.195007
16.468992
13.593599
16.241665
13.578239
17.104897
13.589504
13.583360
13.570047
13.574144
17.020927
13.523968
16.244736
13.583361
16.219135
13.589504
17.027073
13.588480
13.570047
16.174080
13.585408
17.104897
13.588480
16.215040
13.553664
13.587456
13.615105
13.556736
16.292864
13.568000
16.154625
13.617151
17.105919
13.561856
13.508608
13.608960
13.556736
Control Period
17.103872
13.521920
16.309248
13.560832
16.223232
13.584384
17.123329
16.226305
13.561856
16.215040
13.591553
17.037312
13.611008
16.323584
13.580288
13.584385
13.587456
13.509632
16.253952
13.581312
16.225281
13.563904
17.128448
13.536256
13.436928
16.291840
13.578239
17.122303
13.557760
16.322559
13.583361
16.275455
13.587456
13.578240
16.275455
13.507584
16.282623
13.584384
17.111040
13.549568
13.494272
13.506559
16.292864
16.368641
13.387775
13.491200
16.253952
13.500416
16.265217
13.599744
17.140736
13.591553
13.486080
13.570047
13.659136
17.162239
13.624320
16.422913
13.612032
16.434175
13.575169
13.508608
16.301056
13.574144
16.240641
13.589504
17.030144
13.586432
13.570048
13.632512
13.607936
13.492224
13.609983
16.230400
13.476864
16.299007
13.598721
17.131519
16.315392
13.484032
16.235519
13.600768
17.110016
13.600767
Control Period
16.309248
13.558784
13.575169
13.599744
13.554688
16.319489
13.625344
16.373760
13.590528
16.990208
13.572096
13.506559
16.163841
13.629440
17.155071
13.561855
16.226305
13.589504
13.595648
13.587456
13.631489
16.355328
13.507584
16.226303
13.594624
17.125378
13.576193
13.568001
16.235519
13.589504
17.094656
13.554688
13.662209
13.639680
13.603840
16.216064
13.586432
16.996351
13.510656
16.190464
13.589504
13.456385
13.601791
13.490176
16.189440
13.551617
16.256001
13.630465
17.166336
13.641728
13.618176
16.355328
13.608959
17.105919
13.584384
16.337921
13.622272
13.624320
13.603840
13.622272
16.353281
13.555712
16.317440
13.493248
17.091583
13.496320
13.566977
16.314369
13.562880
17.131519
13.514751
16.227327
13.555712
16.200703
13.584384
13.579264
16.209919
13.557760
16.227327
13.617151
17.087488
13.566977
Control Period
16.234497
13.546495
13.587456
13.599744
13.649920
16.471039
13.631489
16.435200
13.623297
13.582336
16.265217
13.556736
16.398336
13.623296
17.161217
13.618176
13.606912
16.320513
13.603840
17.120255
13.595648
16.292864
13.530111
13.623297
13.623296
13.602816
16.318464
13.563904
16.288769
13.564928
17.028095
13.603840
13.500416
16.249857
13.561856
17.035263
13.501440
16.292864
13.598721
16.200705
13.591552
13.499392
16.252928
13.568000
13.626368
13.684736
13.634560
17.152000
13.631489
16.432129
13.605888
13.580288
13.579264
13.420512
16.271360
13.470720
16.218111
13.551616
16.989185
13.565952
13.492224
13.550592
13.604864
17.020927
13.597696
16.301056
13.596672
16.172031
13.535233
17.110016
16.312321
13.571072
16.186367
13.586432
16.352257
16.618496
13.647873
13.623297
16.257023
13.598721
16.199680
Control Period
13.555712
17.024000
13.590528
13.572096
16.236546
13.637632
17.159168
13.611008
16.371712
13.536256
13.542400
13.547520
13.652992
16.433151
13.625343
16.346111
13.606912
17.059841
13.501440
13.483008
16.301056
13.587456
17.042431
13.565952
16.197632
13.556736
16.294912
13.615105
17.163265
17.161217
13.589504
12.760064
17.030144
12.783615
17.031168
13.616128
17.048576
12.746752
12.774401
12.678144
13.600768
17.039360
12.782593
16.972801
12.781569
17.094656
13.599744
12.777472
16.942080
12.697599
17.037312
13.608959
16.944128
12.786688
16.958464
12.894208
13.614080
13.632512
12.906496
17.167360
12.789761
17.135616
13.586432
12.759040
17.085440
12.654593
17.173504
13.612032
17.115135
12.777472
12.724224
12.830720
13.630465
17.154049
12.877824
17.038336
12.680192
16.999424
13.605888
12.881888
17.045506
Control Period
12.776447
17.141727
13.612032
12.823552
13.697023
13.019136
17.102848
12.727296
17.051647
13.571072
12.682240
17.095680
12.743711
17.032192
13.586432
16.948223
12.786688
17.025024
12.748800
13.486080
13.651968
12.900352
17.153023
12.898304
17.163263
13.615105
12.752896
17.124352
12.770304
17.116161
13.580288
17.115135
12.781569
12.669952
12.677120
13.590528
13.501440
12.774400
17.100800
12.763136
17.035263
13.537279
12.780544
12.804096
12.853249
17.092609
13.590528
17.124352
12.675072
17.123327
12.769279
12.783616
12.856320
13.578239
17.031168
12.656640
17.030144
12.769279
17.136641
13.596672
12.770304
17.060863
12.762112
17.095680
13.620224
17.175552
12.879871
12.896255
17.118208
13.605888
17.129473
12.787712
17.033216
12.773376
17.095680
13.597696
12.665855
17.011711
12.770304
Control Period
17.144833
13.596672
16.994305
12.744703
12.675072
12.775424
13.572096
17.101826
12.778496
16.948223
12.788736
17.111040
13.600768
12.824575
12.780544
12.780544
17.115135
13.585407
16.948223
12.777472
17.046528
12.787712
13.591553
13.593599
12.905472
17.168385
12.893184
17.152000
13.612032
12.878847
17.105919
17.177601
17.192959
12.822528
13.593632
17.101824
12.762112
17.080320
12.747776
17.016830
13.587456
12.697599
17.099777
12.767232
17.126400
13.551617
17.100800
12.649471
17.115135
12.801023
13.596672
13.612032
12.835840
17.126400
12.811264
17.005568
13.489153
12.769279
12.745728
12.965888
17.154049
13.627392
17.167360
12.888063
12.818432
12.805120
13.608960
17.122303
12.742656
17.040382
12.763136
17.030144
13.568001
12.772352
17.036289
12.767232
17.010689
13.616128
17.130497
12.736512
17.177601
16.544769
13.631489
13.614080
Control Period
17.030144
13.583360
16.287745
13.576192
13.628416
13.644800
13.590528
17.106943
13.562880
16.242687
13.557760
16.281601
13.569023
13.488129
16.289791
13.628416
16.425983
13.573120
17.158144
13.636608
13.583361
16.228352
13.592576
17.000448
13.608960
16.319489
13.505535
16.166912
13.602816
13.596672
16.256001
13.484032
16.309248
13.600768
17.164288
13.632512
13.582336
13.509632
13.574144
17.103872
13.585408
16.265215
13.524992
16.321537
13.563904
17.136639
16.334848
13.613056
16.241665
13.587456
17.118208
13.601791
13.560832
13.612032
13.662209
17.154049
13.631489
16.437248
13.640704
13.581312
13.566976
13.608960
16.232449
13.559808
16.311295
13.628416
17.022976
13.550592
13.548544
13.633535
13.620224
17.133568
13.549568
16.306175
13.606913
16.224257
13.592576
13.604864
16.124928
13.553663
16.214016
13.635584
Control Period
13.634560
13.671424
13.589504
16.191488
13.494272
16.305153
13.579264
17.019903
16.219135
13.577216
16.409599
13.646849
17.167360
13.627392
13.614080
13.593599
13.615104
17.029121
13.537280
16.306175
13.501440
16.154623
13.590528
17.089535
16.299007
13.402112
16.323584
13.548544
17.101824
13.563904
16.156673
13.535233
13.480960
13.557760
13.560832
16.320513
13.544448
16.223232
13.593600
16.998400
13.578239
13.589504
13.594624
13.572096
17.143808
13.595648
16.223232
13.551616
16.221184
13.580288
13.576193
16.262144
13.621248
16.445440
13.587456
16.946175
13.492224
13.586432
13.597696
13.596672
13.577216
13.541376
16.305153
13.581312
16.135168
13.597696
17.116161
13.640704
13.585408
16.313345
13.562880
17.038336
13.485056
16.324608
13.578239
13.595648
13.623296
13.606913
16.310272
13.590528
16.227329
13.593600
Control Period
17.036287
13.500416
13.570047
16.309248
13.585407
12.724224
12.902400
13.629440
17.041409
12.709888
17.101824
12.660736
17.047552
13.548544
12.764160
17.140736
12.896255
17.078274
13.599744
16.995327
12.784639
12.732416
12.705791
13.661184
17.162239
12.748800
16.946177
12.777472
17.108994
13.569023
12.787712
17.129473
12.752896
17.031168
13.591552
16.944128
12.777472
12.743680
12.663808
13.585408
13.568001
12.783615
17.130497
12.871680
17.165314
13.616128
12.879871
17.115135
12.795904
17.086464
13.486080
17.117184
12.669952
16.946177
12.778496
13.569024
13.587456
12.763136
17.090561
12.771328
17.112064
13.586432
12.665855
12.792831
13.026304
17.162239
13.580288
17.113089
12.700672
17.103872
12.880896
13.638656
13.572096
12.859392
17.018879
12.750849
17.110016
13.599744
12.737535
12.688384
12.784639
17.089537
Control Period
13.607936
17.045506
12.760064
17.049599
12.778496
17.030144
13.582336
12.770304
17.023998
12.759040
17.141760
13.593600
17.048576
12.714016
12.631041
12.883968
13.623297
17.112064
12.764160
17.043457
12.772352
17.088512
17.140736
17.225727
13.630465
12.874752
17.133568
12.890112
17.154049
13.590528
12.820480
17.121281
12.762112
16.950272
13.596672
17.099777
12.706816
17.032192
12.762112
13.428736
13.614080
12.780544
16.952320
12.690432
17.025024
13.575169
17.123327
12.773376
12.777472
12.702721
13.603840
17.127424
12.788736
16.948223
12.761087
17.049599
13.593600
12.768256
17.105919
12.768256
17.040384
13.579264
17.024000
12.780544
17.149952
12.915712
13.611008
16.982016
12.696576
17.174528
16.505856
13.628416
13.580288
17.128448
13.570048
16.313343
13.581312
16.212994
13.594624
17.106945
Control Period
16.126976
13.571072
16.193535
13.591552
17.041409
13.573120
16.285696
13.507584
16.214016
13.597696
13.490175
16.142336
13.404160
16.295937
13.585407
17.070080
13.485056
16.224257
13.453312
13.569024
13.590528
13.642752
16.442368
13.623296
16.339968
13.604864
17.135616
16.355328
13.506559
16.262144
13.600767
17.034241
13.496321
16.207870
13.609984
13.614080
13.554688
13.666304
16.478209
13.596672
16.304127
13.500416
17.089535
16.272385
13.542400
16.188416
13.624320
17.101826
13.499392
16.273407
13.601791
13.556736
13.580288
13.613056
16.259071
13.534208
16.214016
13.598720
17.042431
13.499392
13.557760
13.616128
13.622272
17.131519
13.509632
16.160769
13.497343
16.285696
13.639680
13.611008
16.328705
13.569024
16.304129
13.633536
17.160192
13.615105
13.587456
16.303104
13.598721
17.031168
Control Period
13.571072
16.319489
13.560832
16.243711
13.548544
13.521919
16.278528
13.579264
16.223232
13.585407
16.997375
13.527040
16.224257
13.494272
13.506559
13.477888
13.559809
16.251904
13.550592
16.227329
13.598721
17.144833
13.621248
13.495296
13.605888
13.617151
17.122303
13.486080
16.348160
13.624320
16.422913
13.615104
13.604864
16.323584
13.596672
16.216064
13.602816
17.046528
13.510656
13.552640
16.306175
13.572096
16.948223
13.587456
16.224257
13.548544
16.183296
13.577216
17.082367
16.264193
13.602816
16.288769
13.615104
17.114113
13.595648
16.233473
13.481984
13.620224
13.589504
13.607936
16.340992
13.604864
16.125952
13.606912
17.111038
13.538303
13.529087
16.322559
13.612032
17.041409
13.593599
16.251904
13.570047
13.556736
13.595648
13.489153
16.218113
13.436928
16.214016
13.592576
17.014784
13.511681
13.494272
Control Period
13.559809
13.564928
13.795328
13.230080
13.023232
17.173504
13.604864
17.115135
12.770304
12.641280
12.674047
13.638657
17.135616
12.793856
17.096704
12.698624
17.162239
13.621248
12.896255
17.105921
12.769280
17.104897
13.591552
12.772352
12.789760
12.858368
17.126400
13.491199
17.112064
12.740608
17.040382
12.772352
17.042433
13.598721
12.789761
17.112064
12.765184
17.093632
13.552640
17.041409
12.770304
12.784639
12.813313
13.648896
17.155071
12.833792
17.110016
12.769280
17.103872
13.598721
12.772352
17.110016
12.651520
17.083393
13.601791
16.948223
12.785664
12.749825
12.781569
13.640704
17.138687
12.793856
16.947201
12.774400
17.014784
13.595648
12.752895
17.019905
12.779520
17.033216
13.549568
17.037312
12.795904
17.130497
12.772352
13.588480
13.592576
12.843008
17.042431
12.765184
17.083393
13.577216
12.773376
12.810240
12.893184
Control Period
17.036289
13.592576
17.065983
12.877824
17.157120
12.914688
13.595648
13.596672
12.806145
17.011711
12.761088
16.937984
13.586432
12.747776
13.711360
13.777920
13.687808
16.484352
13.624320
17.179649
13.585407
13.596672
16.287745
13.579264
17.122303
13.549568
16.305151
13.585408
16.280577
13.612032
13.575168
17.173504
17.157120
12.845057
12.775424
17.142784
13.587456
17.108992
12.794880
17.118208
12.769279
17.129471
13.594624
12.752895
17.098751
12.775424
17.105919
13.596672
12.768255
12.742657
12.830720
17.052673
13.578239
17.043457
12.827648
17.160192
12.805120
13.632512
13.630465
12.866560
17.037312
12.790784
12.777472
12.952576
13.626368
17.042431
12.734464
17.110016
12.789761
17.040384
13.587456
12.754944
17.014784
12.682240
17.122303
13.489152
17.115135
12.701696
16.995327
12.785664
13.578239
13.494272
Control Period
12.780544
17.045506
12.761087
17.050625
13.593599
12.711936
12.802048
12.871680
16.944128
13.684736
13.675520
13.618176
17.133568
13.569024
16.245760
13.512704
16.299007
13.611008
13.490175
16.290817
13.607936
16.290815
13.593599
17.028095
13.602816
13.489153
13.584384
13.620224
17.087486
13.495296
16.207872
13.509632
16.290817
13.587456
16.979969
16.232449
13.563904
16.221184
13.590528
17.041409
13.475840
16.219135
13.572096
13.556736
13.657087
13.620224
17.128448
13.495296
16.215040
13.495296
16.205824
13.588480
13.548544
16.254976
13.634560
16.431103
13.632512
17.163263
13.549568
13.509632
16.200703
13.580288
17.008640
13.500416
16.212992
13.532160
16.179199
13.632512
17.146881
16.328705
13.540352
16.187391
13.589504
16.998400
13.487104
16.215040
13.614080
13.583361
13.573120
13.627392
16.269312
13.583361
Control Period
16.199680
13.595648
16.943104
13.583360
13.517824
13.513727
13.607936
17.110016
13.575168
16.214016
13.608959
16.270336
13.543425
13.588480
16.336897
13.599744
16.274431
13.605888
17.028095
13.594624
16.320513
13.605888
13.603840
17.095680
13.586432
16.178177
13.530112
16.292864
13.583361
17.033216
13.476864
13.496321
16.331776
13.629440
17.143808
13.614080
16.210945
13.609983
13.555712
13.591553
13.496320
16.289791
13.463552
16.205824
13.608959
17.042433
13.540352
13.588480
16.316416
13.566977
17.084415
13.554688
16.223232
13.503489
16.284672
13.624320
13.614080
16.434175
13.569024
16.223232
13.542400
17.025024
13.600768
13.518848
13.654016
13.597696
17.115135
13.498367
16.248833
13.629440
16.422913
13.622272
13.587456
16.334848
13.504512
16.219135
13.522943
17.089535
13.583361
13.581312
13.583360
Control Period
13.604864
17.137665
13.594624
16.125952
13.562880
16.224257
13.597696
13.491199
16.321537
13.593599
16.179199
13.617152
17.090561
13.543425
16.336895
13.633535
13.637632
17.106945
13.475840
12.805120
13.752319
13.130753
17.042431
12.776447
17.146881
13.595648
12.777472
17.115135
12.766209
16.946175
13.595648
17.038336
12.741632
17.020927
12.780544
13.584384
13.609983
12.832767
17.134592
12.742656
17.120255
13.570047
12.780544
17.100800
12.765184
17.017857
13.598721
16.946175
12.764160
17.059841
12.881920
13.616128
13.657087
12.919807
17.040384
12.768256
17.026047
13.563904
12.762112
12.788736
12.883968
17.081345
13.596672
17.028095
12.773376
17.107967
12.736481
13.589504
13.487104
12.771328
17.094656
12.782592
17.132545
13.590528
12.768255
12.758017
12.971008
17.147903
13.485056
17.117184
12.662785
16.945152
12.770304
17.041409
Control Period
13.594624
12.775424
17.044479
12.777472
17.011711
13.601791
17.133568
12.783616
12.754944
12.781569
13.589504
16.946177
12.731392
17.054720
12.875776
17.155071
13.606912
12.874752
17.032192
12.788736
17.005568
13.598721
17.031168
13.600768
12.841984
12.795904
17.036289
13.576193
16.947201
12.810240
17.164288
12.895232
13.612032
17.115135
12.729343
17.060863
12.669952
17.025024
13.547520
12.755968
12.755968
12.937216
17.158144
13.624320
17.155071
12.891136
12.823551
12.711936
13.621248
16.937984
12.766209
16.947201
12.735489
17.074177
13.571072
12.772352
12.804096
12.824575
17.026047
13.595648
16.947201
12.722143
17.090561
12.854272
13.200384
13.645824
17.167360
12.898304
17.247232
12.826624
13.588480
17.107967
12.775424
17.089537
12.741632
17.098751
13.581312
12.756992
17.111040
12.773376
17.038338
13.595648
Control Period
17.056768
12.784639
17.040384
12.762112
13.587456
13.643776
12.899328
16.944128
12.779520
17.025024
13.633535
12.774401
12.801023
12.901377
17.133568
13.585407
17.008640
12.775424
16.995327
12.786688
13.603840
13.626368
12.865536
17.036289
12.740608
17.087488
13.604864
12.778496
12.779520
12.855296
17.120256
13.609983
17.032192
12.768255
17.020927
12.748800
13.588480
13.497344
12.765184
17.104897
12.770304
17.025024
13.593599
12.784640
12.779520
12.965888
12.908545
13.218817
13.670401
17.156097
12.862464
17.106945
12.678144
13.575169
13.579264
12.773376
17.084415
12.764160
17.039360
13.544449
12.734465
12.673023
12.751872
17.102848
13.605888
17.007616
12.783616
16.974850
12.777472
17.162239
13.623296
12.852224
17.096703
12.755968
17.120256
13.602816
12.775424
12.731392
12.957696
17.152000
13.625343
Control Period
17.161217
12.893184
12.838912
12.747776
13.717505
13.034496
13.703169
12.940289
17.046528
12.689408
16.945152
13.598721
12.781569
16.970753
12.673024
17.147903
13.603840
17.112064
13.030400
13.657087
12.998655
16.979969
12.756992
17.083393
13.584384
12.673024
12.663808
12.768225
17.159168
13.587456
17.043457
12.754944
17.121281
12.748800
13.586432
13.569024
12.855296
17.163265
12.881920
17.163263
13.606912
12.873728
17.089535
17.091583
17.207296
12.937216
13.625344
17.085442
12.784639
17.121281
12.748800
17.022976
13.524992
12.657663
17.114113
12.762112
17.027073
13.616128
16.997375
12.774400
16.953342
12.782592
13.587456
13.618176
12.854272
17.077248
12.755968
17.115135
13.604864
12.791807
12.750848
12.950528
17.159168
13.625343
17.166336
12.886016
12.831744
12.675072
13.677568
Control Period
17.168385
12.912640
17.170431
12.892160
13.602816
13.582336
12.767232
17.119232
12.799999
17.089537
13.590528
17.022976
12.754944
12.712959
12.746752
13.585408
16.947201
12.775424
17.033216
12.784639
16.979969
13.605888
12.784640
17.108992
12.766209
17.089537
13.496320
17.041409
12.781569
16.945152
12.765184
13.601791
13.624320
12.890112
17.164288
12.871680
17.105919
13.613056
12.851200
17.091583
12.886016
17.155071
13.616128
17.153025
12.840960
12.779520
12.706816
13.597696
17.087488
12.721151
17.035263
12.766208
17.131519
13.605888
12.763136
17.053696
12.823552
17.168385
13.626368
17.159168
12.877824
12.874752
12.793856
13.609983
16.941055
12.801023
17.017857
12.691456
17.122303
13.585408
12.708864
17.053696
12.750848
17.043457
13.609983
17.105919
12.774400
16.952320
12.823551
13.634560
13.638657
12.889088
Control Period
17.045504
12.781569
17.107967
13.597696
12.765184
17.076225
12.741632
17.033215
13.497344
16.995327
12.773376
17.058815
12.839935
13.601791
13.603840
12.852224
17.047552
12.679169
17.025024
13.590528
12.740608
12.779520
12.680192
17.125376
13.532160
17.072128
12.752895
17.046528
12.783616
17.079296
13.560832
12.776448
17.128448
12.775424
17.036289
13.589504
17.037312
12.764160
12.786688
12.782593
13.582336
17.130497
12.767232
17.029121
13.755392
13.167616
12.962816
17.163263
13.586432
17.132545
12.781569
12.766209
12.805120
13.639680
17.160191
12.900352
17.162239
12.796928
13.553663
13.503489
12.665855
17.105919
12.767232
17.040384
13.595648
12.738560
12.753920
12.778496
12.797953
13.595648
17.104897
12.707840
17.004543
12.772352
16.941055
13.592576
12.749825
17.098721
12.770304
17.110016
13.590528
16.993279
12.755968
Control Period
17.110016
12.826624
13.605888
13.578239
12.803072
17.049601
12.793856
17.160160
13.614080
12.879871
16.992256
12.804096
17.158144
13.604864
17.044479
12.789761
12.743680
12.762112
13.676544
17.163265
12.892160
17.123329
12.771328
17.127422
13.561856
12.764160
17.100800
12.776448
17.070080
13.604864
16.954369
12.787712
17.116161
12.780544
13.468672
13.662209
12.896255
17.161217
12.883968
17.166336
13.603840
12.798977
17.147873
12.762112
17.040384
13.584384
16.988159
12.781568
13.780993
13.798400
13.685760
16.476160
13.619200
17.160191
13.617152
13.494272
16.303104
13.593600
17.083393
13.562880
16.306175
13.569024
16.294912
13.579264
13.550592
16.147455
13.592576
16.254976
13.604864
17.089535
13.599744
13.514751
13.668352
13.651968
17.158144
13.609983
16.432127
13.624320
13.595648
13.505536
13.590528
16.311296
13.582336
Control Period
16.117760
13.591552
17.080320
13.603840
13.638657
13.623297
13.627392
17.130497
13.569024
16.330751
13.627392
13.605888
13.608960
13.606913
16.313343
13.584384
16.302080
13.587456
17.129473
13.593600
13.569023
16.245760
13.624320
13.664256
13.615105
16.289791
13.499392
16.289791
13.605888
17.147903
16.211967
13.590528
16.311296
13.540352
17.082367
13.594624
16.275455
13.485056
13.590528
13.608960
13.614080
16.304129
13.593600
16.126976
13.594624
17.034241
13.573120
13.561855
16.323584
13.592576
17.170433
13.613056
16.393215
13.604864
13.495296
13.643776
13.608959
16.317440
13.601791
16.295937
13.565952
17.042433
13.496321
13.495296
16.200705
13.593599
16.943104
13.593599
16.263168
13.505536
16.431105
13.617152
13.619200
16.363520
13.497344
16.216064
13.516800
17.020927
13.603840
13.582336
Control Period
13.545471
13.673471
17.167358
13.616128
16.425983
13.622272
13.608960
13.596672
13.504512
13.638657
13.639681
13.505536
16.291840
13.584384
17.104897
13.494272
16.222208
13.590528
13.584384
13.596672
13.565952
16.293888
13.531136
16.181248
13.583361
17.135616
13.572096
13.477888
13.639680
13.640704
17.126400
13.491199
16.221184
13.480961
16.333824
13.591553
13.543425
16.248833
13.587456
16.264193
13.633535
17.049601
13.562880
13.539328
13.689856
13.628416
17.149952
13.634560
16.422913
13.573120
13.597696
13.590528
13.493248
16.345089
13.575169
16.247808
13.530111
17.114113
13.569024
13.606913
13.511680
13.600768
17.099775
13.588480
16.222208
13.583361
16.200705
13.598721
13.499392
16.261120
13.522943
16.439297
13.623297
17.169407
13.590528
13.584384
13.615105
13.585407
17.035263
Control Period
13.579264
16.210945
13.580288
16.221184
13.620224
17.034241
16.240639
13.539328
16.431103
13.587423
13.631488
13.656064
13.635584
13.589504
13.617152
17.038338
13.589504
16.287745
13.597696
16.297985
13.587456
13.580288
16.266239
13.614080
16.429056
13.612032
17.161217
13.622272
13.571072
16.295937
13.637632
17.108992
13.590528
13.681664
13.681664
13.637632
16.333824
13.584384
17.138687
13.572096
13.579264
13.544448
13.605888
17.099775
13.580288
16.224257
13.589504
16.157696
13.553664
17.040382
13.481984
13.508608
16.299007
13.563904
17.020927
13.560832
16.210943
13.506559
16.231424
13.587456
13.393920
16.268288
13.557760
16.250879
13.592575
17.157120
17.206272
13.626368
12.902400
13.706240
13.116416
13.106144
17.159168
13.619200
12.895231
12.768256
12.733440
17.103872
13.584384
17.124352
12.749825
Control Period
17.121281
12.797952
17.027073
13.584385
12.659712
17.027073
12.732416
17.114113
13.496321
17.114113
12.783616
17.039360
12.773376
13.587456
13.601792
12.819456
17.137665
12.787712
17.096704
13.585408
12.675072
12.706816
12.876801
17.038336
13.587456
17.070049
12.883968
17.175552
12.898304
13.600768
17.119232
12.776447
17.139713
12.904448
17.161217
13.617151
12.873728
17.091583
12.760064
17.138687
13.588480
17.034241
12.774401
12.676096
12.806145
13.622272
17.043457
12.782592
17.038336
12.670977
17.085442
13.585407
12.756992
17.038336
12.758017
17.033215
13.582336
17.121281
12.750848
16.972799
12.748800
13.592576
13.601791
12.906496
17.168385
12.873728
17.162239
13.615105
12.857344
17.090561
12.794880
17.166336
13.624320
17.156096
12.889088
12.853249
17.092609
13.611008
16.940033
12.767232
17.099775
12.778496
17.140736
Control Period
13.593599
12.653568
17.118208
12.760064
17.041409
13.574144
17.041409
12.780544
12.784639
12.752896
17.160192
17.152000
12.820480
13.584384
17.129473
12.810240
17.049601
12.783616
16.992256
13.598721
12.837889
12.813313
12.893184
16.941055
13.586432
17.027073
12.772352
17.050625
12.913664
13.617151
13.553663
12.964865
17.154049
12.900352
17.134592
13.631488
12.751872
17.124352
12.677120
17.033216
13.571072
16.342016
17.255424
16.418816
13.561855
16.303104
13.581312
17.121281
13.553663
13.570047
13.577215
13.568000
13.572096
13.637632
16.238592
13.549568
16.238592
13.509632
17.045504
13.552641
13.496320
16.283648
13.591552
17.065983
13.501440
16.285696
13.619200
16.439297
13.646849
13.616128
16.274433
13.631489
16.448513
13.638657
17.155071
13.474815
13.521920
16.273407
13.585408
17.010689
13.528064
16.217087
13.512704
Control Period
16.218111
13.601791
13.557760
16.227329
13.488129
16.303104
13.584384
17.043457
13.569024
16.265217
13.537279
13.584384
13.500416
13.624320
16.260096
13.547520
16.281599
13.488128
17.121281
13.583360
13.571072
16.301056
13.621248
17.149952
17.290239
17.252352
13.642752
12.886016
17.032192
12.788736
17.046528
13.604864
12.758016
12.732416
12.782592
17.089537
13.587456
17.026047
12.774401
17.041409
12.779520
13.561855
13.607936
12.765184
17.060863
12.827648
17.121281
13.596672
12.778496
12.777472
12.857344
17.156097
13.622272
17.116159
12.771328
16.950272
12.781569
13.591552
13.583360
12.822528
16.945152
12.764160
17.170433
13.623296
12.881920
12.854272
12.944384
17.164288
13.618176
17.150976
12.888063
12.857344
12.738560
13.557760
17.124352
12.762112
17.092609
12.749825
17.102848
13.590528
12.650496
17.130497
Control Period
12.765184
17.001472
13.549568
17.106945
12.746752
17.042431
12.773376
13.604864
13.601791
12.836864
17.100800
12.712960
17.105919
13.579264
12.750849
12.734465
12.914688
17.164288
13.615105
17.154049
12.873728
17.127424
12.778496
13.546496
13.655041
12.937216
17.041409
12.772352
17.119232
13.565952
12.731392
17.099777
12.777472
17.112064
13.594624
17.051647
12.815359
17.108992
12.719105
13.584385
13.633535
12.769279
17.105919
12.790785
17.021952
13.588480
12.760063
12.806145
12.836864
17.130497
13.500416
17.114113
12.646400
17.039360
12.788736
13.572096
13.496321
12.765184
17.027073
12.782592
17.014786
13.604864
17.170433
12.901376
12.858368
16.948223
13.598721
17.008640
12.735488
16.964607
12.887039
17.159168
13.621248
12.872704
17.031168
12.779520
17.085440
13.582336
16.995327
12.768256
12.788736
12.799999
Control Period
13.636608
17.051647
12.784639
17.044479
12.791807
17.108992
13.588480
12.664832
17.134592
12.888063
17.152000
13.631488
17.167360
12.844032
12.798976
12.752896
13.596672
17.120256
12.774401
17.041409
12.771328
17.115135
13.574144
12.818432
17.046528
12.692480
17.168385
13.613056
17.157120
12.876801
12.883968
17.031168
13.590528
17.113089
12.661760
16.975872
12.798976
17.075199
13.583361
12.747776
17.094656
12.778496
16.948223
13.598721
17.027103
12.770304
16.945152
12.774400
13.459455
13.642752
12.912640
17.169407
12.823551
16.978943
13.593599
12.776448
13.692928
13.751295
13.679616
16.472065
13.615105
17.130497
13.590528
13.600768
16.280575
13.571072
17.100800
13.521920
16.206848
13.593600
16.256001
13.584384
13.537280
16.296959
13.492224
16.221184
13.604864
17.035263
13.607936
13.516800
Control Period
13.450239
13.592575
13.592576
13.635584
16.275455
13.494272
16.283648
13.594624
17.119232
13.522944
13.547520
16.228352
13.626368
17.160192
13.633536
16.438272
13.632480
13.627392
16.949249
13.548544
16.324608
13.553664
16.272385
13.591552
17.037312
13.565952
13.603840
16.227327
13.563904
17.030144
13.574144
16.220161
13.573120
16.313345
13.633536
13.554688
16.326656
13.547520
16.149504
13.638657
17.171455
13.624320
13.611008
16.308224
13.587456
17.125376
13.594624
16.305153
13.569023
13.586432
13.605888
13.651968
16.457727
13.622272
16.431103
13.617152
13.577216
16.286720
13.604864
16.316416
13.551617
17.126400
13.566977
13.494272
13.588480
13.611008
17.143808
13.587456
16.304127
13.590528
16.319489
13.579264
13.495296
16.245760
13.507584
16.118784
13.573120
17.164288
13.625343
16.420864
13.622272
Control Period
13.620224
17.015808
13.497344
16.215040
13.595648
16.421886
13.604864
13.597696
16.214016
13.617152
16.427008
13.624320
17.144833
13.620224
13.585407
16.221184
13.541376
17.045506
13.560832
16.314367
13.591552
16.209919
13.575168
13.594624
16.330753
13.505535
16.219135
13.594624
17.069056
13.534208
16.288769
13.562880
13.602816
13.497344
13.509632
16.276480
13.627392
16.422913
13.626368
17.163265
16.409599
13.589504
16.321537
13.591552
17.090561
13.501440
16.231424
13.532160
13.595648
13.594624
13.644800
16.448511
13.632512
16.356352
13.592576
13.501440
16.340992
13.502464
16.124928
13.594624
16.975872
13.490176
16.225281
13.590528
13.581312
13.590528
13.690880
16.476160
13.597696
16.347136
13.605888
13.523968
16.152576
13.590528
16.158720
13.619200
17.142784
13.547520
16.307199
13.592576
13.569024
13.582336
Control Period
13.512704
16.329727
13.600768
16.229376
13.546495
16.947201
13.498368
13.487104
13.609983
13.628416
16.526337
16.961536
13.679616
13.627392
16.355328
13.596672
16.131073
13.585408
13.578239
16.216064
13.542400
16.179199
13.588480
17.100800
13.565952
16.223232
13.569024
13.553663
13.618176
13.661184
16.463871
13.619200
16.430080
13.611008
13.611008
16.345089
13.584384
16.131073
13.592575
17.013760
13.592576
13.487104
13.614080
13.579264
13.592576
13.491199
16.206848
13.576223
16.330751
13.684736
13.667328
16.556032
13.623297
16.459776
13.614080
17.110016
13.545472
13.566976
16.224257
13.576192
17.129471
13.571072
16.221184
13.573120
16.314367
13.535233
13.586432
16.308224
13.474815
16.308224
13.607936
16.950272
13.590528
13.569024
13.603840
13.605888
17.125378
13.579264
16.214016
13.495296
Control Period
16.284672
13.579264
17.096703
16.313343
13.591552
16.288769
13.605888
17.173504
13.629440
13.619200
13.602816
13.678592
17.152000
17.153023
16.428032
13.577216
13.621248
13.606912
13.743105
13.726720
13.657087
16.496639
13.608960
13.633535
13.662209
13.618176
17.099775
13.534208
16.147455
13.519872
16.228352
13.589504
13.455360
16.214016
13.580288
16.265217
13.602816
17.127424
13.579264
16.293888
13.497344
13.548544
13.647872
13.629440
16.333824
13.595648
16.121857
13.616128
17.145857
13.497343
13.528065
16.235519
13.638657
17.157120
13.616128
16.432129
13.629440
13.594624
17.037312
13.592576
16.320511
13.615104
16.415745
13.623297
13.587456
16.236544
13.504512
16.209921
13.588480
17.137665
13.564928
13.493248
13.519873
13.495296
17.119232
13.579264
16.328705
13.605888
16.314367
13.591552
Control Period
13.583361
16.282623
13.578240
16.280577
13.594624
17.139711
13.596672
13.584384
13.490176
13.521920
17.121281
13.591552
16.181248
13.595648
16.220160
13.568000
17.017857
13.576193
13.627392
16.424961
13.609983
17.162239
13.611008
16.418816
13.565952
13.611008
13.589504
13.486080
16.276480
13.603840
16.218113
13.582336
17.042431
13.557760
13.509632
16.215040
13.552640
17.081345
13.507584
16.274433
13.598721
16.212992
13.579264
13.487104
16.297985
13.599744
16.295937
13.591552
17.128448
13.580288
13.581312
13.504512
13.584384
17.003521
13.493248
16.221184
13.547520
16.251904
13.626368
16.999424
13.492224
13.548544
16.212992
13.584384
16.999424
13.623296
16.414719
13.615104
13.620224
13.626368
13.608960
16.351233
13.571072
16.291840
13.563904
17.117184
13.532160
13.582336
16.200705
Control Period
13.588480
16.948223
13.503489
16.295937
13.494272
16.186369
13.594624
13.475840
16.259071
13.577216
16.211967
13.512704
17.068031
13.494272
16.126976
13.480961
13.574144
13.580288
13.585408
16.313343
13.490176
16.261120
13.594624
16.950272
13.496321
13.489152
13.641727
13.642752
17.156097
13.601791
16.432129
13.603840
13.611008
13.644800
13.625344
16.240639
13.490176
16.156673
13.486080
16.947201
13.506559
13.511681
13.578240
13.584384
17.041409
13.586432
16.342016
13.494272
16.258049
13.586432
17.125376
16.303104
13.483007
16.179199
13.551617
17.123329
13.506559
16.130047
13.499392
16.235519
13.626368
13.589504
16.301056
13.499392
16.423935
13.617152
17.170431
13.612032
13.595648
16.321535
13.596672
16.951298
13.497344
16.204800
13.496320
16.126976
13.564928
13.495296
16.155647
13.471745
16.198656
13.550592
16.952320
13.494272
16.124928
13.562880
13.581312
13.561856
13.480960
16.286720
13.499392
16.164864
13.588480
17.118208
13.580288
13.531136
13.582336
13.586432
17.108992
13.502464
16.128000
13.496320
16.188416
13.603840
17.045504
13.502464
13.574144
16.210945
13.585408
17.169407
13.615104
16.447489
13.504513
13.586432
13.577216
13.487104
16.276480
13.494272
16.222208
13.598720
17.112064
13.527040
13.591552
16.294912
