14.112768
9.622528
11.897856
11.849728
9.009151
11.750401
7.087104
4.823040
9.467904
9.410560
7.268352
7.095296
7.207936
8.888320
4.847616
9.533440
9.610240
4.823040
10.522624
9.383936
4.827136
8.738816
7.220224
12.874752
4.814848
4.831232
9.393152
4.845568
8.432640
7.202816
7.221248
6.631424
7.089152
14.143488
4.823040
4.827136
9.394176
4.834304
7.249920
7.213056
7.227392
6.628352
4.822016
11.264000
9.033728
4.824064
12.897280
7.229440
4.813824
7.225344
7.229440
10.671104
7.098368
11.881472
9.651199
4.832256
11.912192
7.218176
4.823040
11.655168
7.138304
7.261184
7.101440
9.385984
9.023488
4.820992
9.015296
7.223296
4.828160
10.673152
9.627648
4.824064
8.854528
9.377792
11.898880
7.103488
7.218176
7.239680
4.827136
11.765760
9.606144
4.827136
9.359360
9.381888
7.263232
7.104512
7.211008
9.525248
4.827136
4.820992
9.604095
4.824064
8.429568
9.388033
4.837376
6.640640
7.098368
11.783168
7.107584
4.824064
9.608192
4.840448
7.255040
9.387008
4.840448
6.615040
7.096320
9.488384
4.814848
4.837376
11.870209
4.824064
4.829184
7.216128
4.830208
8.431616
7.106560
9.371648
6.641664
4.816896
12.657663
7.213056
4.833280
7.220224
9.624577
10.668032
7.100416
11.630592
9.021441
4.830208
10.530816
7.226368
4.832256
9.477119
9.400320
7.256064
7.118848
7.220224
8.905728
4.819968
8.896512
9.606144
4.823040
10.528769
9.395201
4.830208
8.736768
7.219200
10.535936
7.107584
7.096320
9.617409
4.838400
9.671680
9.392128
4.842496
7.254016
7.223296
9.480192
4.829184
7.104512
11.239424
4.814848
4.832256
9.383936
4.834304
8.429568
7.219200
7.229440
6.636544
4.822016
14.126080
7.233536
4.822016
9.389056
4.838400
9.671680
7.101440
7.227392
6.620160
4.827136
13.893633
7.226368
4.835328
8.850432
7.111680
7.259136
7.087104
11.632641
9.026560
4.831232
11.894784
7.216128
4.830208
10.661888
9.620480
4.831232
8.856576
9.391104
10.668032
7.100416
9.645056
7.215104
4.823040
11.764736
9.616385
4.827136
9.360384
9.380864
7.268352
7.099392
7.224320
11.231232
4.815872
7.258112
9.608192
4.825088
8.436736
9.384960
4.842496
8.740864
7.092224
12.894208
4.819968
4.823040
9.381887
4.832256
8.422400
7.211008
7.228416
6.628352
4.817920
14.130177
7.224320
4.820992
9.375744
4.836352
7.250944
7.090176
7.225344
6.611968
4.815872
13.896704
7.221248
4.830208
9.476096
7.102464
4.822016
7.101440
9.383936
9.644032
4.819968
9.023488
7.223296
4.832256
10.524672
9.621504
4.818944
8.847360
9.372672
11.912191
7.107584
7.222272
7.216128
4.834304
11.774977
9.609217
4.838400
7.248896
9.371648
4.822016
7.105536
7.207936
11.871232
4.820992
4.826112
9.606144
4.826112
8.440832
9.385984
4.836352
6.620160
7.091200
11.790337
7.107584
4.817920
9.613312
4.822016
7.260160
9.389056
4.835328
6.628352
7.095296
9.494528
4.825088
4.826112
12.888064
4.834304
4.829184
7.204864
4.835328
8.425472
7.098368
11.886592
7.246848
4.835328
13.897728
7.226368
4.819968
11.020288
7.111680
9.668608
7.096320
11.639809
9.017344
4.818944
11.888639
7.223296
4.818944
9.478144
9.621504
4.830208
7.215104
9.379841
10.652672
7.109632
9.639936
7.227392
4.827136
8.437759
9.623552
4.822016
8.750080
9.380864
8.864768
7.106560
7.106560
8.902657
4.816896
7.246848
9.629696
4.828160
7.246848
9.380864
4.830208
8.741888
7.111680
12.883968
4.830208
4.837376
9.378817
4.829184
8.434689
7.218176
7.237632
6.627328
7.101440
14.144512
4.817920
4.838400
9.379841
4.840448
7.245824
7.089152
7.230464
6.614016
4.825088
11.259904
9.015296
4.835328
11.639809
7.221248
4.820992
7.094272
9.627647
9.652224
4.820992
11.636736
9.016319
4.826112
10.530816
7.221248
4.834304
8.844288
9.620480
11.905024
7.107584
9.390079
9.019392
4.826112
11.778048
7.219200
4.834304
9.350144
9.619456
Control Period
4.828160
7.119872
7.211008
10.651648
7.111680
11.388927
13.096960
9.915392
14.529535
10.786816
13.097984
12.206079
11.334656
12.966912
9.906176
13.626368
11.544576
11.334656
12.978176
12.214272
12.981249
9.041920
12.900352
11.333632
12.217344
12.963840
9.039871
14.525440
10.662912
11.323392
13.847551
11.347967
12.976128
9.923584
12.976128
12.199936
11.336704
12.965888
9.914368
13.636608
10.660864
13.836288
11.344896
11.322369
13.849600
9.028608
11.577345
12.209152
9.041920
10.632193
9.187328
12.905472
11.331584
12.220416
12.971008
9.030656
14.531584
10.674175
11.328512
13.862912
11.337729
12.967936
9.912320
11.664384
11.371520
12.229631
13.087744
9.074688
14.533632
10.712065
11.324416
13.851648
11.341824
12.973056
9.900032
11.588608
11.327488
12.216320
12.961792
9.145344
13.579264
10.678272
12.197887
12.981248
9.023488
12.968960
9.033728
13.570048
10.661888
12.215296
12.985344
11.320320
11.538432
9.036800
12.969984
9.920512
11.587584
11.334656
12.220416
12.973057
9.023488
13.586432
10.656768
12.215296
12.966911
11.334656
13.850624
9.031680
13.853697
Control Period
11.326464
11.328512
13.862911
9.026560
13.900800
9.132032
14.521344
10.902528
11.413504
13.993984
11.372543
13.074432
9.911296
11.671553
11.368448
12.223488
13.135872
9.133057
14.541824
10.896384
11.445248
14.012416
11.429888
13.089792
9.917440
13.688832
11.619328
11.370497
13.091840
12.242945
13.089792
9.091072
13.017088
11.389952
11.377665
13.995008
9.132032
13.729792
11.721727
11.427839
13.214720
12.233728
13.124608
9.060352
13.608960
10.773504
12.219393
13.064192
11.348991
13.900801
9.068544
11.642879
12.199936
11.369473
13.174784
9.894913
13.702145
10.869761
12.207104
13.105152
11.370496
13.924353
9.059328
11.644928
12.208128
11.408384
13.180927
9.915392
13.702145
10.881023
12.218369
13.081600
11.350016
13.922304
9.063424
14.502913
10.771456
11.358208
13.903872
11.365376
13.072384
9.902081
13.106176
11.407360
12.211201
13.163520
9.097216
14.512129
10.881023
11.401217
13.854719
11.357183
13.071360
9.908224
13.067265
12.196864
11.352064
13.057024
9.912319
13.672448
10.756096
13.977600
11.396095
11.429888
13.981695
9.103359
14.513152
10.873856
13.144064
12.212224
11.363328
Control Period
13.057024
9.917440
13.655040
11.739136
11.455488
13.303808
12.222464
13.305856
9.149440
13.689856
10.892288
14.001152
11.402240
11.409408
13.996032
9.124865
14.529535
11.011072
13.297665
12.225536
11.453440
13.243392
9.913343
13.704192
10.864640
12.213248
13.214720
11.460608
14.082048
9.162752
14.516224
11.004928
13.179904
12.201984
11.411456
13.167616
9.919488
13.200384
11.402240
12.230656
13.314048
9.162752
13.322240
9.160704
13.684736
10.869761
13.997056
11.416576
11.413504
13.996032
9.111552
14.550016
11.010048
13.309952
12.219392
11.448320
13.275136
9.911296
13.691904
10.872832
12.223488
13.192192
11.446272
14.081024
9.147392
14.527489
11.011072
13.261824
12.208128
11.406336
13.177856
9.918465
13.182976
11.393024
12.223488
13.173759
9.120768
13.189120
9.113600
13.672448
10.992640
14.087168
11.450368
11.440128
14.076928
9.108480
14.456832
10.860544
13.179904
12.203008
11.414528
13.303808
9.926657
13.764608
11.024384
12.230656
13.213696
11.423744
13.993984
9.102336
14.483456
10.882048
11.394048
14.084096
11.470848
13.315072
Control Period
9.929728
13.301760
11.473921
12.255232
13.445120
11.505664
11.874304
11.506688
13.340672
9.922560
13.726720
11.005953
12.229632
13.338624
11.506688
14.180351
9.204737
14.535680
11.142144
13.205503
12.224512
11.447296
13.296640
9.916416
13.748224
11.124736
12.246016
13.438976
11.518976
11.878401
11.490304
13.319168
9.931776
13.782016
11.000832
14.088192
11.457536
11.513857
14.171136
9.202688
13.807616
11.867136
13.304832
11.455488
12.234753
13.309952
9.152512
13.732864
11.146240
14.181376
11.504641
11.508736
14.169088
9.187328
13.772800
11.793407
13.307904
11.427839
12.219393
13.381632
9.208832
14.541824
11.139072
13.443071
12.219392
11.432961
13.308928
9.924608
13.756416
11.022336
12.231680
13.446144
11.518976
14.174208
9.194496
14.541824
11.117568
13.305856
12.214272
11.453440
13.300735
9.918465
13.765633
11.145216
14.178305
11.493376
11.515903
14.180352
9.196544
13.755392
11.777023
11.448320
13.316095
12.230656
13.316095
9.095167
13.751296
11.161600
14.185472
11.501568
11.503616
14.168064
9.158656
13.747200
11.783169
Control Period
13.295616
11.453440
12.223488
13.447168
9.255936
14.562304
11.278336
13.584384
12.254208
11.511808
13.443072
9.932800
13.809664
11.147264
14.273536
11.569153
11.557888
14.261248
9.254911
13.852673
11.999231
13.426688
11.497472
12.238848
13.448193
9.227264
14.550016
11.269120
13.571072
12.254208
11.564032
13.438976
12.254208
13.431808
9.213952
13.745152
11.164672
14.267391
11.563008
11.565056
14.267392
9.244672
13.798400
11.866112
13.418496
11.509760
12.252160
13.494272
9.261056
14.580736
11.292671
13.581312
12.247040
11.511808
13.444096
9.942017
13.818880
11.143167
14.268415
11.550720
11.559937
14.264320
11.572224
13.568000
9.955328
13.429760
11.484159
12.241920
13.432832
9.201664
13.428736
9.228289
13.809664
11.268097
14.272512
11.554816
11.556864
14.180351
11.512832
13.435904
9.930752
13.444096
11.551744
12.258304
13.583360
11.575296
14.278656
9.257984
14.536704
11.147264
13.449217
12.231680
11.506687
13.556736
9.956352
13.878272
11.276288
14.271488
11.535360
11.508736
14.176256
9.211905
13.798400
11.873280
13.573120
11.574272
Control Period
12.256256
13.585407
9.268224
14.575616
11.425793
13.731840
12.269567
11.632641
13.648896
12.255232
13.582336
9.260033
13.828096
11.273216
14.370815
11.613184
11.619328
14.366720
11.618303
13.701120
9.952256
13.582336
11.567104
12.254208
13.581312
11.606016
14.368769
9.325568
13.922304
12.077056
13.676544
11.586559
12.265472
13.589504
9.273344
13.513728
11.583488
14.273537
11.573248
11.552768
14.271488
11.591681
13.717505
9.971712
13.933568
11.417600
14.363648
11.606016
11.577344
14.272512
11.575296
13.585407
9.960447
13.721600
11.613184
12.279808
13.727744
11.598848
14.275584
9.262080
14.551041
11.258880
13.583361
12.261375
11.566080
13.582336
12.252160
13.570048
9.254912
13.848576
11.403264
14.379007
11.618304
11.624448
14.290944
9.262080
13.855743
11.958272
13.575168
11.571199
12.277760
13.721600
11.600897
14.359552
9.318399
13.731840
12.263424
11.554816
13.581312
12.263424
13.591552
9.266176
14.564352
11.274240
13.592576
12.243968
11.576320
13.640703
9.959424
13.926400
11.394049
14.380032
11.610112
11.569152
14.273537
Control Period
11.547647
13.590528
9.945088
13.578239
11.685888
14.466048
11.689984
11.672576
14.460928
9.366528
13.903872
12.066816
13.721600
11.620352
12.269567
13.699072
11.618303
14.364672
9.326591
13.921280
12.080128
13.856768
11.687937
12.291072
13.853697
11.692032
14.455809
9.324544
13.721600
12.288000
11.631617
13.728768
12.277760
13.700096
9.322496
14.568448
11.403263
13.840384
12.282880
11.674624
13.868032
12.296192
13.846528
9.319424
14.569472
11.413504
13.716480
12.279808
11.628544
13.706240
9.960447
13.918208
11.402240
14.363647
11.616257
11.623424
14.363647
11.616256
13.713408
9.978880
13.974527
11.552769
14.469120
11.667456
11.687937
14.422016
11.625472
13.723648
9.983999
13.722624
11.614208
14.381056
11.617280
11.630592
14.372864
9.319424
13.931520
12.065792
13.822976
11.670528
12.283904
13.847552
11.670528
14.449664
9.317376
13.920256
12.055552
11.619328
13.717505
12.272640
13.708288
9.317376
14.575616
11.411456
13.712384
12.271616
11.617280
13.719552
12.263424
13.725697
9.372672
14.577664
11.565056
Control Period
13.851648
12.286976
11.668480
13.959167
12.492800
13.977600
11.671553
12.504065
11.894784
13.861888
12.282881
11.687936
13.872128
12.288000
13.873152
9.365503
14.604288
11.559937
13.847551
12.279808
11.684864
13.860865
12.308480
13.852673
9.372671
14.599168
11.549696
13.861888
12.285952
11.684864
13.865984
12.283904
13.869057
9.370625
14.577663
11.544577
13.870080
12.288000
11.670528
13.837313
12.294144
13.870080
9.603072
12.495872
11.929600
13.976576
14.554111
11.701248
13.847551
12.280832
13.846528
9.377792
14.589952
11.545600
13.865984
12.297216
11.673600
13.835264
12.282880
13.876225
9.372672
14.593024
11.559937
11.682816
14.469120
11.675648
13.852673
12.280832
13.848576
9.370625
14.595072
11.550720
13.857792
12.282881
11.680768
13.868032
11.615232
13.870080
9.986048
13.984768
11.549696
14.480384
11.683840
11.674623
14.469120
11.711489
13.995008
12.262400
11.940865
11.923456
14.407681
11.678720
11.688960
14.458880
11.681791
13.865984
9.986048
13.983744
11.558912
14.465024
11.673599
11.669504
14.466047
Control Period
11.687936
13.854720
9.976831
11.909121
11.944960
14.553088
13.993984
13.985792
14.547968
11.726849
11.931648
12.505088
13.991936
11.680768
12.504065
11.925505
13.985792
14.557184
11.735040
11.915264
12.507135
13.991936
13.985792
14.546944
11.684864
11.936768
12.497920
13.977600
13.988864
12.303360
11.938816
11.919360
14.550016
13.977600
13.991936
12.247040
11.952128
11.931648
14.546944
13.981695
11.739136
12.504065
11.944960
13.990911
12.240896
11.744256
13.963264
14.467072
13.858816
11.676672
14.471168
9.401344
11.943935
12.499968
13.987841
13.979648
14.553088
13.977600
11.731968
12.515327
11.910144
14.012417
12.233728
11.923456
11.938816
14.559233
13.974527
11.741184
12.494848
11.918336
13.997056
14.542849
13.987841
11.692032
12.487680
11.932673
11.731968
12.485632
11.929600
11.932673
12.509184
14.002176
14.005248
14.539776
11.674623
11.926528
12.508160
13.990911
13.991936
12.296192
11.942912
11.869184
14.464001
9.376768
13.972481
12.166143
13.922304
13.990911
14.534657
Control Period
13.979649
11.757568
14.552064
14.067712
14.139392
12.240896
12.048384
12.004353
14.556160
13.984768
13.988864
14.563328
11.734016
13.989888
14.553087
13.988864
11.672576
12.496896
11.972609
14.110720
14.596096
11.819008
11.984896
12.602367
11.970560
11.932673
14.561279
11.678720
11.954176
12.483583
13.980672
13.960192
14.542848
13.981695
11.728896
14.589952
14.088192
14.075904
12.226561
12.035072
12.061696
14.553088
13.978624
13.977600
14.534657
11.729919
11.928576
12.500992
13.979649
11.682816
12.493824
12.078080
14.108672
14.602240
14.094336
14.039040
12.314625
11.944960
11.921408
14.544896
11.671553
11.941888
12.504065
13.985792
13.991936
14.556160
13.988864
11.765760
12.621824
12.113920
13.970432
12.266497
12.017664
11.935744
14.546944
13.983744
13.993984
14.556160
11.739136
11.936768
12.500992
13.991936
11.705343
12.558336
12.040192
13.975552
14.579712
14.047232
13.983744
12.297216
11.945984
11.914240
14.538752
11.679745
11.938816
12.503040
13.991936
13.970432
14.580736
14.102528
11.839488
12.607488
Control Period
12.118015
14.054399
12.238848
12.054527
12.081152
14.595072
14.090240
13.962240
14.619648
11.837440
11.994112
12.571648
14.033920
14.066688
14.539776
11.705343
12.015615
12.566528
13.984768
13.989888
14.539776
13.973504
11.751425
14.577663
14.071808
14.048256
12.231680
12.046335
12.154881
14.539776
13.989888
14.101504
14.536704
11.737087
11.952127
12.499968
13.980673
11.671552
12.488704
11.949057
14.028800
14.625792
14.099457
14.088192
12.258305
12.044289
12.134399
14.531584
14.011393
14.064640
12.264448
11.920383
11.930624
14.539776
13.989888
11.735040
12.536832
12.133376
13.970432
14.556160
14.032896
11.659264
12.552193
12.054527
13.968384
14.595072
14.074880
14.048256
12.331008
12.118015
11.983871
14.594048
11.755520
11.921408
12.492800
13.979648
13.990911
14.544896
13.984768
11.839488
12.573696
12.028929
14.057472
12.297216
12.132352
12.105728
12.634111
12.124161
14.011392
14.552064
11.726849
11.922432
12.496897
13.971457
14.063616
14.539776
11.720704
Control Period
12.162048
12.552192
14.059520
14.152704
14.632959
14.159872
11.865088
12.763136
12.116992
14.032896
12.250113
11.821056
14.116864
14.587904
14.088192
13.945856
14.542849
11.700224
12.143616
12.589056
13.968384
14.062592
14.494720
14.009344
11.743232
12.566528
11.980801
14.109695
14.590976
14.074880
11.763712
12.646400
12.121088
14.095360
14.604288
11.828224
12.141568
12.597248
14.054399
13.976576
14.521344
11.697152
11.969536
12.620800
14.091265
14.103552
14.539776
13.995008
11.662336
12.621824
12.120064
13.982719
14.588928
14.051329
11.653120
12.626944
12.096512
13.954048
14.609407
11.833344
11.975679
12.619776
14.060544
14.083072
14.580736
11.745280
12.138496
12.626944
14.098433
13.941760
14.598145
14.096384
11.832320
12.584960
12.050432
13.996032
14.598145
14.066688
11.758592
12.633088
12.120064
14.078976
14.563328
11.753471
12.149760
12.582912
14.033920
14.132224
14.599169
11.764736
12.005376
12.627968
14.094336
13.961216
14.537728
14.018560
11.774977
12.657663
12.132352
Control Period
13.964289
14.537727
14.042112
11.814912
12.784640
12.298240
14.158848
14.622720
14.167040
14.051328
12.332032
12.115969
12.000256
14.537728
14.047232
14.171136
12.335104
12.240896
12.291072
14.640128
14.145536
13.959167
14.615552
11.837440
11.977728
12.633088
14.080000
14.123008
14.580736
11.752448
12.040192
12.721152
14.180351
14.166016
14.615552
14.158848
11.855872
12.762112
12.151808
11.985920
10.329088
11.827200
13.968384
14.593024
14.069759
14.117887
14.529535
11.702272
12.276736
12.764160
12.299264
12.301311
14.615552
14.093311
14.087168
14.610432
11.837440
11.986944
12.606464
14.052352
11.726849
12.550144
12.039167
12.666880
12.307456
14.164991
14.635008
14.161921
14.144512
12.329985
12.119040
12.139521
12.601344
12.099585
14.110720
12.298240
12.124161
12.002304
14.574593
14.056448
14.056448
14.648320
11.874304
12.311552
12.774400
14.166016
13.982719
14.576639
11.763712
12.068864
12.616704
14.100479
14.152704
14.619648
14.151680
11.857920
12.766209
12.131329
Control Period
12.153856
12.571648
14.019584
11.809792
12.783616
12.305408
12.321793
12.768255
14.168064
14.153728
14.585855
14.160896
11.854848
12.777472
12.302336
14.018560
14.586880
14.072832
11.799552
12.621824
12.295168
14.162944
14.630913
14.162944
14.155776
12.339200
12.321793
12.305408
12.787712
12.297216
13.957120
14.593023
14.060544
11.660288
12.652544
12.318720
14.176256
14.638081
14.161921
14.152704
12.316672
12.329985
12.323839
14.632959
14.164991
14.158848
12.315648
12.232704
12.007423
12.642303
12.130304
14.092288
14.604288
11.822081
12.318720
12.775424
12.325888
12.308480
14.602240
14.071808
14.125056
12.298241
12.149759
11.992064
14.625792
14.141439
14.151680
14.635008
11.857920
12.324863
12.765184
14.154753
14.148607
14.633984
11.855872
12.133376
12.581888
14.055424
14.055424
14.605312
14.084096
11.853825
12.784639
12.304384
14.158848
14.638081
14.168064
11.842560
12.774401
12.320768
12.305408
12.616704
14.029823
13.961216
14.572544
14.039040
11.728895
12.675072
12.294144
14.150656
Control Period
12.319744
11.862016
12.314625
12.777472
12.305408
12.310528
12.766209
12.254208
14.141439
14.638081
14.154753
11.843584
12.794880
12.300288
14.168064
14.639104
14.154752
14.159872
14.615552
14.166016
11.865088
12.759040
12.304384
14.160896
14.626816
14.159872
11.859968
12.776448
12.300288
14.154753
14.627840
14.160896
14.169088
14.630913
14.172160
11.871232
12.785664
12.305408
14.152704
14.641151
14.178305
11.842560
12.776447
12.309504
14.102528
14.590977
14.052352
13.946880
12.309504
12.188672
12.303360
14.628864
14.156800
14.171136
14.633984
14.171137
11.842560
12.770304
12.312576
14.152704
14.629889
14.151680
14.159872
12.322816
12.435456
12.302336
12.786688
12.323840
14.171136
14.630913
14.153728
11.849728
12.769279
12.315648
14.164992
14.617599
14.170112
14.155776
14.630912
14.153728
11.866112
12.775424
12.315648
14.171136
14.626816
14.160896
11.849728
12.758017
12.293119
14.161921
14.630912
14.161921
14.168064
14.619648
14.091265
11.803648
12.567553
Control Period
12.042240
14.051329
12.298241
12.308480
12.281857
12.775424
12.311552
12.303360
12.764160
14.180351
14.182400
14.630913
14.167040
11.860992
12.772352
12.313601
14.153728
14.623744
14.166016
11.846656
12.788736
12.308480
12.341248
12.775424
14.169088
14.118912
14.617599
14.173183
11.869184
12.794880
12.260351
14.168064
14.628864
14.159872
11.845633
12.766208
12.310528
12.291073
12.772352
14.172160
14.153728
14.625792
14.150656
11.857920
12.779520
12.319744
14.159872
14.625792
14.154753
11.851776
12.763136
12.299264
12.314625
12.781569
14.169088
14.169088
10.020864
14.148608
14.572544
14.047232
13.964288
14.539776
14.041088
11.873280
12.787712
12.315647
14.163968
14.631936
14.168064
14.155776
14.615552
11.849728
12.308480
12.792831
14.174208
14.173184
14.638081
14.164992
11.858944
12.789761
12.326912
12.302336
12.784639
14.151680
14.150656
14.617599
11.862017
12.303360
12.780544
14.145536
14.160896
14.628864
14.156800
11.851776
12.764160
12.300287
12.303360
Control Period
12.774400
14.170113
14.161921
14.639104
11.851776
12.298240
12.759040
14.145536
14.173183
14.632960
14.159872
11.840511
12.765184
12.307456
12.303360
12.773376
14.169088
14.148608
14.637056
11.843584
12.307456
12.775424
14.157824
14.149632
14.632960
14.152704
14.162944
14.624767
11.869184
12.321793
12.777472
14.174208
14.162945
14.628864
11.853825
12.314624
12.775424
12.312576
12.301312
14.629889
14.155776
14.174208
14.635008
11.868160
12.302336
12.766208
14.103552
14.158848
14.635008
11.845633
12.298240
12.779520
12.314624
12.311552
14.614529
14.142464
13.961216
14.589952
11.798528
11.993088
12.552193
13.963264
11.848703
12.790784
12.301311
12.301311
12.777472
14.158848
14.157824
14.629889
14.169088
11.867136
12.776448
12.314624
14.152704
14.626816
14.149632
11.848703
12.775424
12.310528
12.306433
12.775424
14.152704
14.168064
14.643200
14.160896
11.860992
12.777472
12.332032
14.160896
12.331008
11.862017
12.305408
12.782592
12.317696
Control Period
12.307456
12.786688
12.329984
14.186496
14.641152
14.171136
11.855871
12.770304
12.313601
14.173183
14.643200
14.150656
14.183424
14.638081
14.167040
11.863040
12.758017
12.309504
14.158848
14.632959
14.156800
11.857920
12.765184
12.311552
14.149632
14.630913
14.163968
14.168064
14.613504
14.154752
11.854848
12.764160
12.310528
14.147584
14.619648
14.150656
11.847680
12.755968
12.321793
14.155776
14.627840
14.155776
14.157824
14.620672
14.153728
11.866112
12.762112
12.315647
14.162944
14.620672
14.176256
11.839488
12.780544
12.300288
12.309504
12.622849
14.003201
14.047232
12.285952
12.046336
12.029951
12.735489
12.321792
14.156800
14.631936
14.110720
11.851776
12.772352
12.309504
14.151680
14.629889
14.167040
14.161921
12.331008
12.300288
12.273664
14.632959
14.164992
14.148607
14.632960
14.163968
11.841536
12.778496
12.312576
14.166016
14.641151
14.155776
14.154753
12.334080
12.301311
12.311552
12.766208
12.321792
14.164992
14.645248
14.168064
11.852800
12.776447
12.318720
14.159872
Control Period
14.638081
14.145536
14.164992
12.334080
12.299264
12.294144
12.783615
12.309504
14.151680
14.627840
14.149632
11.852800
12.782593
12.303360
14.163968
14.630913
14.164991
14.177280
14.622721
14.155776
11.863040
12.772352
12.298241
14.173183
14.617599
14.145536
11.844608
12.769279
12.307456
14.157824
14.616575
14.174208
14.157824
14.626816
14.100480
11.831296
12.572672
12.044289
13.947905
12.298241
12.318720
12.317696
12.775424
12.310528
14.167040
14.631936
14.180352
14.166016
12.332031
12.292096
12.314624
14.629889
14.185472
14.150656
14.639104
14.140416
11.849728
12.776447
12.311552
14.162945
14.623744
14.148608
14.170113
12.323840
12.301311
12.308480
12.768256
12.162048
13.975552
12.219392
12.036097
12.087296
14.626816
14.161921
14.172160
14.639104
11.867136
12.307456
12.766209
12.322816
12.299264
14.641151
14.163967
14.157824
12.338177
12.299264
12.310528
14.640128
14.153728
14.162944
14.640128
14.155776
14.153728
12.314625
12.297216
Control Period
12.317696
14.620672
14.157824
14.161921
12.342272
11.865088
12.305408
12.784640
12.316672
12.301311
12.782592
12.312576
14.166016
14.602240
14.076928
11.810816
12.627968
12.129280
13.983744
14.651392
14.126080
14.169088
12.331009
12.297216
12.205055
14.570496
14.053375
14.121984
12.281857
12.137472
12.295168
14.626816
14.157824
14.170113
14.638081
11.868160
12.131329
12.599297
14.062592
11.710464
12.271616
12.060673
12.305408
12.771328
12.316671
12.294144
12.773376
14.091264
13.995008
14.536704
11.729919
12.135424
12.550144
14.045183
14.158848
14.632960
14.155776
11.865088
12.780544
12.291072
13.968384
14.586880
14.042112
11.645952
12.679168
12.323840
14.186497
14.635008
14.157824
14.110720
12.293119
12.079103
11.983871
14.608384
14.112768
14.173183
12.326912
12.306432
12.305408
14.616576
14.093312
14.111744
14.602240
11.815935
11.975679
12.621824
14.169088
14.184448
14.641151
11.854848
12.282880
12.617728
12.111872
11.999231
14.587904
14.089216
11.858944
12.779520
Control Period
12.303360
12.297216
12.770304
14.158848
14.175232
14.626816
11.839488
12.295168
12.770304
14.154753
14.132224
14.641151
14.151680
11.830272
12.605440
12.075008
14.106625
14.533632
14.070784
11.854848
12.768256
12.299264
14.153728
14.580736
14.072832
14.050304
12.290049
12.076033
12.215296
12.787712
12.324863
14.158848
14.629889
14.137344
11.857920
12.771328
12.304384
14.157824
14.608384
14.054399
13.965312
12.325888
12.115969
11.996160
14.610432
14.174208
14.158848
12.333055
11.874304
14.107648
14.602240
14.082048
13.970432
14.580736
11.752448
12.331008
12.771328
12.312576
12.308479
14.633984
14.152704
14.172160
14.632959
11.856895
12.298240
12.735488
14.065664
13.974528
14.574593
11.754496
12.241920
12.786688
14.166016
14.160896
14.630912
14.154752
11.856895
12.614656
12.049408
14.125056
14.606337
14.087168
11.679744
12.656640
12.319744
14.171137
14.625792
14.157824
14.155776
12.327936
12.291073
12.301311
12.782592
12.294144
13.987840
14.609408
14.078976
11.722752
12.716032
12.321793
14.168064
Control Period
14.643200
14.159872
14.151680
12.336128
12.303360
12.319744
14.621696
14.145536
14.163968
12.319744
12.315648
12.294144
12.749825
12.316672
14.148607
14.633984
14.159872
14.173183
12.340223
12.320768
12.306433
14.640128
14.159872
14.172160
14.622720
14.171136
11.802624
12.559361
12.043264
14.054399
14.523392
11.738111
12.212224
12.795904
12.318720
12.303360
14.631936
14.158848
14.184448
12.313601
12.306432
12.314625
14.638081
14.166016
14.155776
14.627840
11.860992
12.317696
12.783616
12.317696
12.309504
14.642176
14.169088
14.120960
12.313601
12.299264
12.289024
14.620672
14.164992
14.162944
14.540800
11.759616
12.151808
12.680192
12.036097
11.985920
14.612480
11.853824
12.324864
12.771328
12.297216
12.307456
14.633984
14.152704
14.163968
14.631936
11.866112
14.164992
12.308480
12.301311
12.296192
14.630912
14.156799
14.141439
14.641151
11.851776
12.308480
12.765184
12.291072
12.303360
14.627840
14.170113
14.158848
12.239872
12.030975
11.982847
Control Period
14.577663
14.060544
14.222336
14.654464
11.902976
12.472321
12.915712
14.177280
14.159872
14.622720
14.155776
14.143488
12.322816
12.315648
12.326912
14.632959
14.154752
14.167040
14.621696
11.862016
12.314625
12.778496
12.338177
12.303360
14.630913
14.175232
14.168064
12.315648
12.312576
12.306432
14.635008
14.155776
14.152704
14.638081
11.852800
12.311552
12.794880
12.334080
12.321793
14.623744
14.159872
14.174208
12.304384
12.294144
12.280832
14.622720
14.152704
14.147584
14.626816
14.157824
14.161921
12.352512
12.312576
12.314624
14.612480
14.162944
14.147584
12.318720
12.308479
12.317696
12.768256
12.315647
14.156800
14.633984
14.157824
14.154752
12.335104
12.314625
12.317696
14.633984
14.163968
14.152704
12.323840
12.328960
12.312576
12.769279
12.310528
14.162944
14.636032
14.159872
14.151680
12.328960
12.305408
12.321792
14.611456
14.150656
14.160896
14.637056
14.173183
11.811840
12.789760
12.303360
14.164991
14.622720
14.186497
Control Period
14.163968
12.335104
12.322816
12.317696
12.769279
12.311552
14.159872
14.622721
14.168064
11.849728
12.788736
12.305408
14.166016
14.635008
14.162945
14.175232
12.338177
12.316672
12.304384
12.780544
12.321793
14.157824
14.624768
14.163968
11.856895
12.773376
12.303360
14.156800
14.629889
14.161921
14.139392
12.320768
12.310528
12.311552
12.753920
12.325888
14.166016
14.629889
14.167040
11.857920
12.785664
12.301311
14.158848
14.624767
14.162945
14.161921
14.628864
14.154752
11.867136
12.766209
12.297216
14.157824
14.625792
14.170113
11.851776
12.763136
12.302336
14.166016
14.627840
14.152704
14.172159
14.616576
14.171136
11.847680
12.789761
12.325888
14.163968
14.616575
14.168064
11.845633
12.766208
12.299264
12.302336
12.769279
14.172159
14.162944
14.637056
14.149632
11.876352
12.779520
10.011648
14.148608
14.624767
14.167040
14.163968
14.639104
14.161920
14.161921
14.635008
11.860992
12.320768
12.780544
14.124032
14.169088
14.635008
11.855871
Control Period
12.301312
12.775424
12.306432
12.300288
14.616575
14.156799
14.101504
14.643200
11.864064
12.314625
12.772352
14.172160
14.162944
14.624767
11.780096
12.007423
12.627968
14.097408
14.101503
14.629889
14.150656
11.850752
12.787712
12.301311
14.117888
14.587904
14.066689
11.697152
12.621824
12.264448
14.169088
14.629889
14.164992
14.164991
14.609407
14.092288
11.855871
12.617727
12.079103
14.068735
12.296192
12.116992
12.216320
12.780544
12.306432
14.153728
14.616576
14.129152
13.984768
12.339200
12.118016
12.165120
14.589952
14.125055
14.161921
12.319744
12.318720
12.313601
14.561280
14.005248
14.036991
14.601216
11.850752
11.964417
12.771328
14.156799
14.178304
14.635008
11.847679
12.311552
12.781569
12.301311
12.301311
14.639105
14.144512
14.140416
14.597120
11.844608
12.132352
12.620800
14.087168
14.157824
14.636032
11.855872
12.314624
12.774400
14.142464
14.061568
14.537728
14.004224
11.811840
12.575744
12.141568
14.148608
14.628864
14.170112
11.865088
12.729343
12.034048
13.964289
Control Period
14.565376
13.972481
14.081024
12.321793
12.314625
12.313601
14.622720
14.155776
14.097408
12.300287
12.122112
12.033024
14.594048
14.089216
14.047232
14.557184
11.758593
12.141568
12.624896
14.071808
14.052352
14.592000
11.770880
11.992064
12.607489
14.063616
14.156799
14.654465
14.183424
11.865088
12.776448
12.303360
13.984768
14.538752
14.058496
11.828224
12.306432
14.071808
14.124032
14.597120
14.094336
14.124032
12.292096
12.126207
12.054528
14.617599
14.096384
14.067712
14.599168
11.808768
12.106752
12.552192
14.025728
14.126080
14.620672
11.858944
12.309504
12.768255
14.173184
14.086143
14.599168
14.092288
11.840512
12.599296
12.012545
13.950975
14.596096
14.076928
11.803648
12.581888
12.059649
13.944832
14.597120
14.087168
13.958144
12.267521
12.051456
12.152832
14.531584
14.024704
14.161921
12.329985
12.313601
12.318720
14.627840
14.142464
14.021631
14.526464
11.744256
12.002304
12.624896
14.076927
14.097408
14.569471
11.738111
11.846656
14.602240
14.075905
13.966336
14.578688
Control Period
14.060544
11.821056
12.698624
12.295168
14.158848
14.620672
14.177280
14.087168
14.600192
14.084096
11.837440
12.566528
12.062720
14.164991
12.314624
12.303360
12.318720
12.777472
12.109824
14.112768
14.587904
14.088192
13.954048
12.328960
12.299264
12.302336
14.627840
14.160896
14.127104
12.292095
12.115968
12.146688
14.604288
14.076927
14.166016
14.628864
11.845633
12.311552
12.787712
14.127104
14.093312
14.598145
11.749376
11.998208
12.732416
14.173183
14.167040
14.648320
14.143488
11.829248
12.667904
12.105728
14.108672
14.531584
14.028800
11.856895
12.781569
12.296192
14.167040
14.633984
14.090240
13.968384
12.267520
12.052481
12.164096
12.626944
12.241920
14.158848
12.315648
12.302336
12.303360
12.566528
12.046336
14.046207
14.607360
11.817984
11.984896
12.621824
12.097536
12.146688
14.599168
11.776000
12.235776
12.786688
12.288000
12.295168
14.643200
14.066689
14.035968
14.599169
11.831296
11.930624
12.619776
14.162944
14.161921
14.623744
11.871232
12.314624
12.767232
14.084096
14.058496
Control Period
14.604288
14.095360
11.841536
12.632065
12.315648
14.167040
14.627840
14.162945
11.848703
12.769279
12.267520
14.161921
14.623744
14.160896
14.152704
14.636032
14.154752
11.855871
12.772352
12.295168
14.005248
14.598145
14.066689
11.813888
12.670976
12.321793
14.155776
14.647296
14.155776
14.163968
12.331008
12.314624
12.315648
12.779520
12.310528
14.159872
14.622720
14.167040
11.846657
12.774401
12.307456
14.085119
14.600192
14.121984
13.979648
12.333055
12.160000
12.324863
14.632960
14.168064
14.150656
12.313601
12.300288
12.296192
12.776448
12.314625
14.171137
14.633984
14.134272
13.965312
12.314625
12.119040
12.119040
14.603264
14.077951
14.161921
12.333055
12.295168
12.309504
14.587904
14.168064
14.163967
14.633984
11.849728
12.310528
12.778496
14.169088
14.171136
14.632959
14.145536
14.113792
12.299264
12.119040
11.998208
14.533632
14.039040
11.697152
12.635136
12.300287
12.309504
12.775424
14.153728
14.157824
14.639104
11.854848
12.306432
12.781569
14.166016
14.145536
14.599168
14.045184
Control Period
11.755520
12.642303
12.094463
14.169088
14.644224
14.148608
11.849728
12.764160
12.324863
14.158848
14.622720
14.152704
14.169088
14.628864
14.153728
11.856896
12.774401
12.315648
14.166016
14.617599
14.155776
11.836416
12.778496
12.311552
12.315648
12.790784
14.170113
14.160896
14.627840
14.157824
11.863040
12.774401
12.328960
14.162944
14.637056
14.171136
11.844608
12.784640
12.320768
12.337152
12.780544
14.166016
14.167040
14.629889
14.150656
11.851776
12.772352
12.310528
14.158848
14.646272
14.171137
14.157824
14.620672
11.862016
12.299264
12.759040
14.157824
14.160896
14.623744
14.235648
11.825151
12.575745
12.048384
13.983744
14.606337
14.179328
11.838464
12.769279
12.301311
14.160896
14.623744
14.181376
14.161921
14.635008
14.148608
11.843584
12.784640
12.314625
14.132224
14.625792
14.164992
11.851776
12.776448
12.319744
14.153728
14.636032
14.147584
14.150656
14.635008
14.157824
11.869184
12.788736
12.304384
14.170113
14.629889
14.159872
11.856895
12.784639
12.317696
Control Period
12.313601
12.766208
14.160896
14.160896
14.574592
14.159872
11.875328
12.778496
12.308480
14.151680
14.619648
14.160896
11.854848
12.787712
12.286976
12.316671
12.774401
14.154753
14.149632
12.325888
12.294144
12.296192
12.767232
12.308480
14.161921
14.636032
14.142464
11.844608
12.769279
12.295168
12.309504
12.779520
14.170112
14.164992
14.630913
14.157824
11.869184
12.779520
12.311552
14.171136
14.629889
14.153728
14.162944
14.639105
11.848704
12.299264
12.767232
14.139392
14.151680
14.621696
14.167040
11.854849
12.773376
12.313600
12.307456
12.780544
14.153728
14.163968
14.624767
11.857920
12.315648
12.778496
14.154753
14.158848
14.622720
14.156799
11.868160
12.794880
12.314625
12.299264
12.788736
14.178305
14.171137
14.633984
11.856896
11.872255
14.628864
14.158848
14.153728
14.622721
14.152704
14.167040
14.615552
11.844608
12.301312
12.782592
14.150656
14.146561
14.629889
14.156799
11.874304
12.753920
12.322817
12.311552
12.767232
14.161921
14.164992
14.628864
11.859968
12.312576
Control Period
12.776448
14.173183
14.168064
14.600192
14.163968
11.844608
12.783616
12.296192
12.294144
12.761087
14.151680
11.837440
12.338177
14.162944
14.168064
14.640128
14.159872
14.150656
14.609407
14.134272
11.842560
12.771328
12.305408
14.154753
14.625792
14.154753
14.166016
12.337152
12.303360
12.302336
12.779520
12.310528
14.147584
14.636032
14.181376
11.857920
12.762112
12.306433
14.152704
14.629889
14.159872
14.181376
12.323840
12.317696
12.318720
12.787712
12.311552
14.167040
14.622721
14.178305
11.838465
12.785664
12.308479
14.180352
14.641151
14.168064
14.150656
14.640127
14.126080
11.856895
12.763136
12.305408
14.163968
14.566401
13.986816
11.814912
12.616704
12.129280
14.173183
14.633984
14.184448
14.145536
12.331008
12.311552
12.303360
14.635008
14.159872
14.148608
12.316672
12.306432
12.326912
12.785664
12.303360
9.549824
12.227585
12.307456
12.765184
12.332032
12.315648
12.766209
14.151680
14.169088
14.637056
14.155776
11.849728
12.768255
12.309504
14.162944
Control Period
14.628864
14.154753
14.156800
14.617599
11.860992
12.320768
12.789761
14.159872
14.163968
14.636032
14.156800
11.869184
12.768256
12.300287
12.281857
12.775424
14.168064
14.163968
14.627840
11.846656
12.306433
12.774400
14.152704
14.158848
14.626816
14.168064
11.863040
12.769279
12.328960
12.321792
12.766209
14.163967
14.158848
14.638080
11.830273
12.314625
12.769279
14.158848
14.158848
14.630912
14.151680
14.158848
14.620672
11.851776
12.132353
12.606464
14.071808
11.721727
12.752895
12.321793
12.313601
12.762112
14.150656
14.155776
14.624768
14.164991
11.868160
12.789761
12.303360
14.160896
14.624768
14.167040
14.161921
14.627840
11.874304
12.318720
12.777472
14.152704
14.152704
14.631936
14.149632
11.856895
12.763136
12.312576
12.294144
12.753920
14.153728
14.148608
14.633984
11.851776
12.301312
12.782592
14.152704
14.169088
14.623744
14.158848
11.852800
12.779520
12.123137
12.138496
12.600320
14.074880
11.625472
12.785664
12.299264
14.172160
14.633984
14.159872
14.171136
14.623744
Control Period
14.154752
11.852800
12.900352
12.321793
14.161921
14.628864
14.153728
11.842560
12.778496
12.305408
12.296192
12.775424
14.163968
14.168064
14.631936
14.164992
11.863041
12.791807
12.294144
14.158848
14.624768
14.160896
11.833344
12.769279
12.305408
12.320768
12.774401
14.180352
14.159872
14.627840
14.171136
11.876352
12.775424
12.299264
14.150656
14.641152
14.169088
11.842560
12.772352
12.309504
12.316672
12.784640
14.167040
14.159872
14.628864
14.157824
11.850752
12.770304
12.322817
14.154752
14.619648
14.144512
14.174208
14.625792
11.852800
12.308479
12.766208
14.155776
14.163968
14.630912
14.152704
11.852800
12.761087
12.300287
14.149632
14.631936
14.147584
14.152704
14.625792
11.841536
12.309504
12.778496
14.158848
14.163968
14.639105
14.149632
11.856896
12.768255
12.090368
13.971457
14.540800
14.031872
11.706367
12.773376
12.309504
14.144512
14.626816
14.162944
14.146560
14.614528
14.157824
11.859968
12.783616
12.292096
14.149632
14.625792
14.151680
11.848703
12.775424
Control Period
12.316672
14.150656
14.624767
14.157824
14.170113
14.636032
14.154752
11.865088
12.766209
12.303360
14.159872
14.632960
14.148608
11.859968
12.780544
12.311552
12.311552
12.778496
14.169088
14.164991
14.636032
14.170113
11.864063
12.770304
12.308480
14.156800
14.647296
14.160896
11.862017
12.765184
12.302336
12.307456
12.776448
14.142464
14.160896
14.627840
14.158848
11.873280
12.771328
12.323839
14.167040
14.552064
14.019585
11.800576
12.542976
12.041216
13.961216
14.635008
14.157824
14.162945
12.340223
12.299264
12.312576
12.801023
12.326912
14.161921
14.625792
14.148608
11.847679
12.782593
12.297216
14.144512
14.628864
14.153728
14.175232
12.331008
12.314625
12.312576
12.778496
12.313601
14.145536
14.633984
14.167040
11.844608
12.760064
12.319744
14.155776
14.626816
14.168064
14.151680
14.643200
14.148608
11.874304
12.767232
12.307456
14.124032
14.588928
14.072832
11.810816
12.548096
12.035072
14.155776
14.620672
14.146560
14.161921
12.331009
12.311552
12.311552
14.631936
Control Period
14.160896
14.172160
14.638081
14.158848
11.867136
12.789760
12.304384
14.159872
14.628864
14.180351
14.185472
12.346368
12.319744
12.319744
12.781569
12.316671
14.159872
14.635008
14.149632
11.715584
12.646400
12.134399
13.972480
14.606337
14.156800
14.189568
12.332032
12.293119
12.304384
14.630913
14.157824
14.159872
12.321793
12.313601
12.283904
12.560385
12.052480
14.044160
14.583808
11.800576
12.207104
12.785664
14.160896
14.147584
14.623744
14.157824
14.170112
12.326912
12.310528
12.306432
14.616576
14.166016
14.157824
14.633984
11.855872
12.262400
12.615681
14.064640
14.112768
14.567424
11.663361
12.313601
12.767232
12.295168
12.292096
14.629889
14.145536
14.171137
14.635008
11.862017
12.293120
12.767232
14.090240
14.119936
14.586880
11.766785
12.141568
12.552193
11.785215
14.157824
14.620672
14.156799
14.159872
14.607361
14.150656
14.149632
12.321792
12.296192
12.307455
14.637056
14.177280
14.158848
14.638081
11.872255
12.128256
12.604416
Control Period
14.058496
14.082048
14.621696
11.837440
12.316671
12.775424
12.308480
12.312576
14.648319
14.158848
14.142464
14.631936
11.812864
12.139521
12.639232
14.101503
13.999104
14.604288
11.846656
12.311552
12.775424
14.160896
14.081024
14.539776
14.006271
11.849728
12.634111
12.158976
14.159872
14.642176
14.163968
11.853825
12.687361
12.133376
13.991936
14.530560
14.019584
14.036992
12.317696
12.296192
12.309504
14.620672
14.146560
14.078976
12.294144
12.135424
11.985920
10.033152
12.176384
12.775424
12.301311
12.324863
12.777472
12.295168
14.088192
14.548992
14.023680
14.092288
12.335104
12.180480
12.298241
14.630913
14.149632
14.162945
12.213248
12.049408
11.991039
14.537727
14.001152
14.129152
14.621696
11.876352
12.305408
12.792831
14.154752
13.963264
14.577663
11.752448
12.070911
12.635136
14.124032
14.170113
14.612480
14.172160
11.871232
12.767232
12.313601
14.163968
14.631936
14.168064
14.149632
14.631936
11.855872
12.038144
12.562431
14.018560
13.971457
14.612480
14.116864
11.869184
12.766209
Control Period
12.324863
14.162944
14.628864
14.151680
11.856895
12.767232
12.311552
14.157824
14.638081
14.153728
14.153728
14.629889
14.159872
11.881472
12.785664
12.259328
14.159872
14.629889
14.150656
11.662336
12.630016
12.132352
14.070784
14.612480
14.155776
14.161921
12.328960
12.302336
12.311552
14.642176
14.151680
14.145536
14.646273
14.156799
11.848704
12.791807
12.315648
14.162945
14.631936
14.153728
14.096384
12.339200
12.133376
12.147713
14.562304
14.054399
14.158848
12.307456
12.309504
12.293119
14.624768
14.157824
14.179329
14.631936
11.864064
12.322816
12.755968
12.083200
12.084225
14.581760
14.062592
14.119936
12.299265
12.320768
12.316671
14.635008
14.149632
14.174208
14.630913
11.855872
12.316672
12.773376
14.153728
14.160896
14.624767
11.837440
12.316671
12.762112
12.303360
12.051456
14.606337
14.078976
11.859968
12.599297
12.042240
12.259329
12.787712
14.177280
14.158848
14.620672
11.845633
12.310528
12.775424
14.145536
14.151680
14.631936
14.161921
11.862016
12.777472
Control Period
12.304384
12.308480
12.769279
14.144512
14.155776
14.632959
11.851776
12.303360
12.778496
14.155776
14.164991
14.624767
14.164991
11.867136
12.784640
12.302336
12.308480
12.782592
14.168064
14.155776
14.637056
11.843584
12.298240
12.776447
12.302336
12.297216
14.644224
14.170113
14.153728
14.638081
11.862016
12.299265
12.788736
14.156799
14.155776
14.636032
11.853825
12.344320
12.779520
11.882496
14.168064
14.639104
14.169088
14.159872
14.627840
14.159872
14.148608
12.312576
12.264448
12.298240
14.631936
14.173183
14.144512
14.621696
11.878401
12.307456
12.771328
12.293119
12.295168
14.636032
14.139392
14.106625
12.292095
12.130304
12.109824
14.568448
14.067712
14.148608
14.620672
11.858944
12.306433
12.796928
14.164991
14.146560
14.619648
11.840511
12.318720
12.770304
12.304384
12.317696
14.627840
14.157824
14.174208
14.648320
11.863040
12.301311
12.768256
14.144512
14.150656
14.630912
11.837440
12.300287
12.780544
12.308480
12.294144
14.626816
14.180351
14.185472
Control Period
14.631936
11.856895
12.331008
12.783616
14.220287
14.235647
14.666752
14.235648
14.243840
12.334080
12.303360
12.310528
14.646273
14.157824
14.151680
14.635008
14.154752
14.151680
12.327936
12.299264
12.304384
14.629888
14.161921
14.158848
12.301311
12.311552
12.308480
12.773376
12.313601
14.153728
14.633984
14.161921
14.161921
12.325888
12.305408
12.263424
14.614529
14.162944
14.160896
12.314624
12.297216
12.305408
12.781569
12.314624
14.167040
14.626816
14.151680
14.164992
12.319744
12.304384
12.314625
14.628864
14.163968
14.176256
12.298241
12.293120
12.310528
12.778496
12.298240
14.148607
14.626816
14.148608
14.161921
12.318720
12.312576
12.301311
14.624768
14.151680
14.177280
14.639104
14.191616
11.839488
12.780544
12.306433
14.156800
14.614528
14.164992
14.156800
12.312576
12.311552
12.309504
12.775424
12.310528
14.156799
14.622721
14.142464
11.845633
12.759040
12.319744
14.143488
14.627840
14.162944
14.275584
12.322816
12.289024
12.300288
Control Period
12.767232
12.305408
14.159872
14.621696
14.162944
11.865088
12.777472
12.307456
14.154752
14.624768
14.155776
14.155776
12.325888
12.303360
12.304384
12.769279
12.288000
14.163968
14.622721
14.161921
11.854848
12.781569
12.300287
14.168064
14.645248
14.146561
14.052352
12.320768
12.103680
12.090368
12.617728
12.256256
14.145536
12.311552
12.302336
12.297216
12.773376
12.302336
14.152704
14.628864
14.172160
14.173183
12.334080
12.253183
12.320768
14.641151
14.153728
14.171136
12.292095
12.121088
12.138496
12.604416
12.106752
14.107648
14.636032
11.871232
12.297216
12.785664
12.303360
12.300288
14.635008
14.166016
14.157824
12.328960
12.301311
12.294144
14.621696
14.157824
14.155776
14.626816
11.859968
12.316672
12.780544
12.299264
12.259328
14.595072
14.064640
14.116863
12.247040
12.025856
12.281857
14.621696
14.152704
14.149632
14.643200
11.871232
12.301311
12.769280
14.169088
14.154752
14.613504
14.169088
14.153728
12.320768
12.309504
12.315648
14.625792
14.142464
13.970432
14.615552
Control Period
11.827200
12.028928
12.612608
14.113792
14.167040
14.621696
11.864063
12.324864
12.567553
14.013440
14.087168
14.593023
14.066689
11.842560
12.630016
12.118016
14.011393
14.580736
14.055424
11.823104
12.778496
12.295168
14.178305
14.636032
14.139392
14.076928
12.305408
12.087296
11.961344
14.589952
14.070784
14.118912
12.298241
12.132352
11.992064
14.643200
14.159872
14.164991
14.630912
11.855872
12.256256
12.608512
14.051329
14.005248
14.584831
11.755520
12.081152
12.626944
14.096384
13.960192
14.582785
14.108672
11.841536
12.765184
12.318720
14.153728
14.627840
14.097408
11.656192
12.635136
12.116992
14.073856
14.623744
14.098433
13.985792
12.319744
12.109824
12.149759
14.629889
14.161921
14.153728
12.316671
12.290049
12.312576
14.615552
14.088192
13.963264
14.557184
11.744256
11.993088
12.620800
14.067713
14.121984
14.615552
11.783169
12.137472
12.661760
14.164992
14.162944
14.635008
14.159872
11.869184
12.768255
12.162048
14.117887
14.583808
14.077951
11.649024
12.578815
12.056576
Control Period
14.053375
14.600192
14.107648
14.159872
12.337152
12.308479
12.297216
14.629889
14.112768
13.966335
12.274689
12.076033
12.088320
14.611456
14.166016
14.157824
14.635008
11.838464
12.324863
12.791807
12.145664
12.096512
14.569471
11.731968
12.124161
12.578815
13.947905
14.078976
14.528512
14.018560
11.843584
12.604416
12.260352
14.156800
14.639104
14.146560
11.803648
12.721151
12.131329
13.955072
14.606337
14.103552
14.096384
12.325888
12.316671
12.311552
14.632959
14.166016
14.110720
12.217344
12.025856
12.011520
14.571520
14.059520
14.009344
14.592000
11.793408
12.155904
12.589056
14.078976
14.147584
14.629889
11.838465
12.307456
12.785664
12.230656
12.013568
14.598145
14.097408
11.695105
12.634111
12.114944
14.017536
14.533632
14.058496
11.825152
12.618752
12.193792
14.152704
14.611456
14.166016
14.154752
12.333055
12.219393
12.140544
12.618752
12.116992
13.954048
12.306433
12.307456
12.299264
12.764160
12.310528
14.166016
14.536704
14.020608
Control Period
14.086143
12.339200
12.124160
12.210176
14.639104
14.177280
14.150656
12.318720
12.321793
12.329985
14.639104
14.171136
14.147584
14.623744
11.858944
12.235776
12.579840
12.046336
9.684992
14.618624
14.182400
14.159872
14.628864
14.147584
14.154753
14.624768
14.154753
11.877377
12.779520
12.310528
14.113792
14.590976
14.081024
11.802624
12.598272
12.067841
14.164991
14.638081
14.156800
14.156800
12.343296
12.298240
12.314624
12.778496
12.302336
14.128128
14.594048
14.098433
11.823104
12.571648
12.120064
14.157824
14.629889
14.150656
14.155776
12.317696
12.291073
12.308479
14.627840
14.140416
14.125055
12.294144
12.124160
12.103680
14.552064
14.093311
14.166016
14.635008
11.849728
12.301311
12.784640
14.154753
14.163968
14.639104
14.160896
14.167040
12.198912
12.044288
12.094463
14.598145
14.089216
13.999104
14.637056
11.866112
12.306433
12.780544
14.159872
14.153728
14.627840
11.837440
12.305408
12.785664
14.138369
14.045183
14.587904
14.100480
11.681791
12.599297
12.106752
14.161921
14.636032
Control Period
14.157824
11.845633
12.768255
12.298240
12.314624
12.767232
14.154753
14.147584
14.628864
14.167040
11.862017
12.767232
12.297216
14.151680
14.627840
14.153728
11.852800
12.764160
12.302336
12.303360
12.778496
14.153728
14.148608
14.624768
14.154752
11.874304
12.770304
12.310528
14.168064
14.626816
14.167040
14.155776
14.631935
11.855872
12.204032
12.627968
14.120960
14.091265
14.605312
14.120960
11.863040
12.788736
12.310528
14.153728
14.630913
14.166016
11.855871
12.784639
12.305408
12.297216
12.779520
14.166016
14.160896
14.659584
14.153728
11.857920
12.777472
12.300288
14.157824
14.628864
14.163968
11.855872
12.779520
12.307456
12.314624
12.768256
14.154752
14.157824
14.633984
14.152704
11.852800
12.785664
12.305408
13.957120
14.586880
14.068736
11.748352
12.594175
12.284927
14.166016
14.626816
14.166016
14.153728
12.326912
12.308480
12.308479
12.779520
12.313600
14.160896
14.638080
14.153728
11.829248
12.789761
12.309504
14.152704
14.616576
Control Period
14.173183
14.146560
12.359680
12.474368
12.513280
12.902400
12.473344
14.204927
14.632959
14.174208
11.855871
12.771328
12.308480
12.313601
12.779520
14.159872
14.157824
14.641151
14.168064
11.865088
12.790784
12.292096
14.160896
14.586880
14.160896
14.149632
14.630912
11.848703
12.303360
12.785664
14.147584
14.170113
14.637056
14.167040
11.858944
12.784640
12.304384
12.304384
12.779520
14.170113
14.161921
14.638081
11.840512
12.305408
12.792831
14.158848
14.164991
14.640128
14.153728
11.844608
12.770304
12.307456
12.307456
12.761088
14.152704
14.164991
14.639104
11.854848
12.303360
12.787712
14.149632
14.169088
14.641151
14.153728
14.148607
14.631936
11.863040
12.300287
12.765184
14.167040
14.157824
14.640128
11.855872
12.335104
12.771328
12.286976
12.297216
14.626816
14.162944
14.161921
14.630913
11.860992
12.259328
12.764160
14.160896
14.158848
14.628864
11.866112
12.312576
12.771328
12.312576
12.302336
14.630912
14.164992
14.158848
14.618624
11.845633
12.312576
12.763136
Control Period
14.159872
14.170112
14.631936
11.853825
12.319744
12.769279
12.302336
12.314625
14.613504
14.169088
14.159872
14.652416
11.876352
12.315648
12.767232
14.151680
14.164991
14.629889
14.178305
14.169088
12.318720
12.312576
12.297216
14.640127
14.167040
14.107648
14.641152
11.852800
12.288000
12.781569
14.155776
14.169088
14.628864
14.161921
14.151680
12.327936
12.303360
12.312576
14.616575
14.150656
14.160896
14.637056
11.852800
12.303360
12.764160
14.154752
14.007296
14.582785
11.777023
12.100608
12.578815
14.081024
14.170113
14.637056
14.151680
14.192640
14.631936
11.862017
12.313601
12.770304
14.167040
14.164991
14.628864
11.851776
12.300288
12.776447
12.308479
12.294144
14.631936
14.148608
14.155776
14.637056
11.880447
12.320768
12.797952
14.155776
14.148608
14.635008
11.856895
12.312576
12.741632
12.306433
12.325888
14.627840
14.182400
14.158848
14.637056
11.866112
12.295168
12.772352
14.177280
14.142464
14.544896
11.708416
12.061696
12.623872
14.126080
14.161921
14.621696
Control Period
14.174208
11.864063
12.760064
12.314624
12.307456
12.774400
14.160896
14.154752
14.587904
11.720704
11.997184
12.618752
14.104576
14.146561
14.624768
14.149632
11.860992
12.769280
12.275712
14.118912
14.594048
14.095360
11.814913
12.550144
12.041216
14.086143
14.599169
14.110720
14.071808
12.326912
12.304384
12.322816
14.638081
14.160896
13.983744
12.303360
12.121088
12.146688
14.563328
14.026752
14.091264
14.543872
11.759616
11.991040
12.614656
14.164992
14.163967
14.627840
11.836416
12.210176
12.618752
14.095360
13.924353
14.621696
14.091264
11.672576
12.624895
12.120064
14.107648
14.586880
14.113792
11.847679
12.778496
12.302336
14.128128
14.608384
14.076928
14.071808
12.268544
12.039167
12.152832
14.635008
14.163968
14.168064
12.309504
12.297216
12.275712
12.589056
12.048384
14.062592
14.565376
11.765760
12.091393
12.606464
14.062592
13.956097
14.587904
11.771904
12.054528
12.772352
14.177280
14.175232
14.637056
14.147584
11.851776
12.694529
12.063744
14.121984
Control Period
14.590977
14.078976
11.626495
12.728320
12.311552
14.158848
14.627840
14.176256
14.153728
14.599169
14.103552
11.846656
12.609536
12.104704
13.968384
12.222464
12.054527
12.056576
14.544896
14.008320
14.051329
14.524416
11.755520
12.099584
12.603392
14.102528
14.157824
14.632960
11.850752
12.318720
12.712960
14.089216
14.094336
14.596096
14.099456
11.838464
12.609536
12.102655
13.957120
14.597120
14.080000
11.654144
12.558336
12.048384
14.093311
14.503936
14.015488
14.103552
12.259328
12.049408
11.938816
14.581760
11.823104
12.300288
12.772352
12.291072
12.308480
14.588928
14.051328
14.092288
14.594048
11.821056
12.152832
12.623872
14.093311
11.654144
12.604416
12.123137
14.087168
14.605312
14.112768
14.083072
12.297216
12.066816
12.131329
14.530560
13.998080
14.067712
12.306432
12.304384
12.312576
14.629889
14.173183
14.118912
14.611456
11.822080
12.009472
12.592129
14.040064
14.126080
14.588928
11.773952
12.127232
12.601344
14.050304
14.032896
14.540800
14.018560
11.852800
Control Period
12.604416
12.080128
14.147584
14.639105
14.155776
11.862016
12.721152
12.038144
14.013440
14.566401
14.039040
14.115840
12.308480
12.130304
12.310528
14.621696
14.163968
14.159872
12.297216
12.136448
12.148736
14.565376
14.044160
14.163968
14.639104
11.837440
12.301311
12.774401
12.174335
12.134399
14.588928
11.767808
12.029952
12.744703
12.316671
12.306433
14.628864
14.168064
14.066689
14.587904
11.831296
12.133376
12.556288
14.066689
14.156799
14.639104
11.854848
12.322817
12.572672
14.020608
14.071808
14.579712
14.082048
11.864064
12.787712
12.304384
14.150656
14.626816
14.117887
11.811840
12.626944
12.079103
14.061568
14.613504
14.162944
14.169088
12.327936
12.295168
12.261375
14.598145
14.084096
14.069759
12.281857
12.093440
12.320768
14.652416
14.156799
14.168064
14.630913
11.869184
12.148736
12.644352
12.127232
11.993088
14.520320
11.721727
12.308479
12.779520
12.298241
12.308479
14.533632
14.018560
11.847679
12.552192
12.026880
12.187648
12.776448
14.156800
Control Period
14.145536
14.618624
11.844608
12.292095
12.772352
14.166016
14.170112
14.627840
14.164991
11.849728
12.755968
12.295168
14.160896
14.628864
14.154752
14.172160
14.619648
11.845633
12.305408
12.774400
14.089216
14.038015
14.599169
14.104576
11.849728
12.637184
12.312576
14.168064
14.632959
14.170113
11.838464
12.775424
12.306433
14.170112
14.635008
14.160896
14.150656
14.757888
14.154752
11.844608
12.771328
12.314624
14.140416
14.530560
14.030848
11.646976
12.620800
12.102655
14.095360
14.639104
14.180352
14.175232
12.338177
12.301311
12.302336
14.632959
14.173183
14.172160
14.627840
14.154753
11.845633
12.776447
12.304384
14.168064
14.553088
14.023680
14.076928
12.291072
12.051456
12.007423
14.627840
14.157824
14.155776
12.320768
12.299264
12.314625
14.623744
14.157824
14.146560
14.641151
11.870208
12.312576
12.776447
12.299264
12.312576
14.550016
14.012416
13.956097
12.286976
11.803648
14.145536
14.642176
14.162944
14.170113
14.636032
14.162944
14.171136
12.309504
Control Period
12.315648
12.304384
14.622720
14.171136
14.179328
14.641151
11.858944
12.308479
12.772352
12.315648
12.321793
14.650368
14.156800
14.170113
12.322816
12.304384
12.316671
14.630913
14.175232
14.153728
14.633984
11.871232
12.310528
12.781569
12.314624
12.319744
14.627840
14.157824
14.168064
12.314625
12.297216
12.309504
14.633984
14.168064
14.166016
14.630912
14.159872
14.156799
12.327936
12.302336
12.309504
14.643200
14.158848
14.158848
12.319744
12.311552
12.303360
12.773376
12.297216
14.163968
14.633984
14.151680
14.160896
12.336128
12.333055
12.301311
14.625792
14.161921
14.159872
12.316671
12.314625
12.298240
12.785664
12.314625
14.151680
14.633984
14.153728
14.159872
12.340223
12.332031
12.304384
14.622720
14.147584
14.168064
14.623744
14.161921
11.848703
12.772352
12.180480
14.060544
14.605312
14.101503
13.960192
12.331009
12.259328
12.305408
14.620672
14.162945
14.152704
12.310528
12.313601
12.312576
14.632960
14.149632
14.162944
14.640128
14.171136
Control Period
14.147584
12.336128
12.315648
12.304384
14.629889
14.146560
14.157824
12.319744
12.290048
12.315648
12.766209
12.311552
14.159872
14.626816
14.156800
14.151680
12.329985
12.318720
12.318720
14.632959
14.161921
14.171137
12.324864
12.308480
12.306432
12.776447
12.304384
14.154752
14.632960
14.175232
14.150656
12.338177
12.313601
12.290049
14.619648
14.173183
14.160896
12.325888
12.314624
12.313601
12.781569
12.302336
14.160896
14.627840
14.167040
14.170113
12.334080
12.310528
12.319744
14.624768
14.154752
14.157824
12.317696
11.863040
14.160896
14.637056
14.167040
14.166016
14.628864
14.176256
14.152704
12.329985
12.315648
12.320768
14.624767
14.100479
14.061567
14.605312
11.825152
11.998208
12.557312
14.076928
14.155776
14.635008
11.853824
12.306433
12.765184
12.305408
12.297216
12.325888
14.167040
14.149632
14.633984
14.163968
14.153728
14.624767
14.150656
11.846656
12.771328
12.310528
14.153728
14.640128
14.158848
14.163968
12.350464
12.315648
12.305408
Control Period
12.773376
12.309504
14.154752
14.632960
14.157824
11.849728
12.791808
12.320768
14.161921
14.646273
14.167040
14.163968
12.324864
12.312576
12.299264
12.774400
12.311552
14.174208
14.630913
14.155776
11.855872
12.718081
12.315648
14.177280
14.613504
14.162945
14.148608
12.325888
12.316671
12.294144
12.770304
12.306433
14.142464
14.636032
14.168064
11.862016
12.779520
12.290049
14.167040
14.642176
14.147584
14.152704
14.625792
14.098433
11.687936
12.622849
12.094464
14.120960
12.300287
12.263424
12.315648
12.784639
12.310528
14.159872
14.611456
14.158848
14.166016
12.339200
12.311552
12.305408
14.632959
14.161921
14.163968
12.314624
12.317696
12.311552
12.792832
12.299264
14.167040
14.618624
14.154752
14.160896
12.331008
12.305408
12.298240
14.637056
14.170113
14.167040
14.623744
14.170113
11.849728
12.771328
12.298241
14.144512
14.630913
14.140416
14.214144
12.326912
12.137472
11.995136
14.528512
14.068736
14.161921
12.316671
12.295168
12.316672
14.647296
14.153728
Control Period
14.156799
14.631936
14.163968
14.147584
12.348415
12.312576
12.310528
14.623744
14.142464
14.166016
12.323840
12.310528
12.307456
14.627840
14.166016
14.163968
14.624767
14.168064
14.154752
12.334080
12.315647
12.310528
14.629889
14.164991
14.154753
12.296192
12.138496
11.977728
14.593024
14.092288
14.091264
14.625792
11.860992
12.309504
12.781569
14.147584
14.176256
14.628864
14.157824
14.151680
12.318720
12.313601
12.307456
14.632959
14.143488
14.143488
14.625792
11.849728
12.194817
12.557312
13.975552
14.031872
14.572544
11.773952
12.292096
12.792831
14.167040
14.170113
14.622721
14.159872
11.856895
12.778496
12.302336
12.310528
12.758017
14.150656
14.151680
14.633984
11.839488
12.151808
12.623873
14.106624
13.950975
14.609407
14.112768
11.856895
12.763136
12.305408
14.155776
14.615552
14.154752
11.843584
12.723200
12.309504
12.308479
12.784639
14.159872
14.162944
14.641151
14.159872
11.857920
12.721151
12.083200
14.130177
14.594048
14.085120
11.801600
12.731392
12.312576
14.167040
Control Period
14.623744
14.145536
14.176256
12.322816
12.313601
12.301311
12.787712
12.303360
14.161920
14.628864
14.155776
11.844608
12.778496
12.331008
14.164991
14.627840
14.140416
13.961216
12.312576
12.132353
12.140544
14.597120
14.148608
14.182400
12.322816
12.288000
12.310528
12.784640
12.321793
14.156799
14.625792
14.170113
14.169088
12.344320
12.300287
12.306432
14.628864
14.091265
14.064640
12.270592
12.108800
12.098560
14.628864
14.156799
14.150656
14.636032
14.171136
14.163968
12.339200
12.311552
12.314625
14.626816
14.156800
14.156799
12.332031
12.319744
12.325888
12.744704
12.132352
14.096384
14.541824
11.729919
12.141567
12.622849
14.134272
14.173184
14.644224
14.150656
14.159872
12.264448
12.302336
12.306433
14.628864
14.143488
14.160896
14.628864
11.848703
12.298241
12.775424
14.126080
13.962240
14.601216
11.781120
12.003328
12.712959
14.148607
14.155776
14.630913
14.166016
11.857920
12.775424
12.332031
12.313600
12.784640
14.158848
14.147584
14.618624
11.852800
12.331008
Control Period
12.783615
14.163968
14.162945
14.623744
14.158848
11.853825
12.776447
12.299264
12.300288
12.786688
14.167040
14.143488
14.631936
11.840512
12.309504
12.781569
14.150656
14.162944
14.637056
14.151680
14.156800
14.621696
11.856895
12.320768
12.788736
14.175232
14.149632
14.630912
11.842560
12.317696
12.772352
12.316671
12.315648
14.640128
14.172160
14.170112
14.631936
11.859968
12.297216
12.778496
14.168064
14.161921
14.635008
11.822081
12.141568
12.637184
14.103552
14.086143
14.611456
14.157824
11.854848
12.764160
12.307456
12.307456
12.777472
14.167040
14.169088
14.621696
11.853825
12.323840
12.777472
14.159872
14.166016
14.628864
14.162944
11.864064
12.779520
12.311552
12.294144
12.778496
14.147584
14.176256
14.626816
11.843584
12.308479
12.778496
14.162944
14.152704
14.619648
14.171136
11.859968
12.801023
12.334080
12.319744
10.463232
11.851776
12.257280
12.635136
12.125184
11.985920
12.560384
12.039168
14.156799
12.326912
12.301311
12.301311
12.775424
12.311552
14.168064
Control Period
14.648320
14.181376
14.178304
12.325888
12.309504
12.315648
14.627840
14.157824
14.154752
12.312576
12.284927
12.328960
12.785664
12.298240
14.174208
14.630913
14.159872
14.169088
12.325888
12.326912
12.307456
12.778496
12.325888
14.171137
14.637056
14.151680
11.858944
12.781568
12.318720
9.560064
12.241920
12.327936
12.784640
12.290049
12.301311
12.771328
14.158848
14.164991
14.629889
14.160896
11.854848
12.776447
12.310528
14.154752
14.629889
14.153728
14.172159
14.631936
11.857920
12.301311
12.788736
14.158848
14.166016
14.627840
14.163968
11.849728
12.780544
12.306432
12.308480
12.783616
14.170113
14.156800
14.626816
11.843584
12.315648
12.777472
14.161921
14.151680
14.606337
14.068735
11.750401
12.620800
12.082176
14.098433
14.599169
14.156799
11.859968
12.774401
12.303360
14.169088
14.627840
14.159872
14.170113
14.637056
14.145536
11.866112
12.769279
12.307456
14.169088
14.630913
14.174208
11.846656
12.756992
12.305408
12.302336
12.782593
14.148607
14.158848
Control Period
14.631936
14.159872
11.854849
12.835840
12.486656
14.235647
14.666752
14.233601
14.248960
14.654465
11.860992
12.309504
12.770304
9.552896
12.326912
12.785664
12.326912
12.296192
12.768255
12.293119
14.147584
14.625792
14.161921
14.166016
12.325888
12.298240
12.313600
14.628864
14.155776
14.155776
14.639104
14.171136
11.848703
12.779520
12.292096
14.170113
14.630912
14.145536
14.162945
12.340223
12.307456
12.311552
12.769280
12.304384
14.146561
14.627840
14.153728
11.845632
12.756992
12.316671
14.143488
14.635008
14.148608
14.162944
12.351488
12.254208
12.302336
12.781569
12.310528
14.163968
14.633984
14.163968
11.846656
12.761087
12.303360
14.150656
14.619648
14.160896
14.156800
12.334080
12.308479
10.001408
12.333055
12.298240
12.296192
12.773376
12.308480
12.301311
12.776447
14.155776
14.158848
14.635008
11.853824
12.302336
12.778496
14.142464
14.154752
14.642176
14.163967
11.859968
12.783616
12.306432
12.301311
12.782593
14.150656
14.157824
Control Period
14.631936
11.849728
12.341248
12.907520
12.473345
12.481536
14.650368
14.244864
14.171136
14.645248
11.865088
12.312576
12.772352
12.308479
12.312576
14.631936
14.143488
14.166016
12.315647
12.298240
12.296192
14.626816
14.145536
14.156799
14.636032
11.851776
12.295168
12.778496
12.308480
12.304384
14.637056
14.161921
14.176256
12.318720
12.304384
12.311552
14.643200
14.157824
14.159872
14.625792
11.870208
12.295168
12.780544
12.315648
12.310528
14.633984
14.154753
14.160896
12.315648
12.308480
12.321793
14.653440
14.166016
14.170112
14.625792
14.160896
14.154753
12.323839
12.313601
12.315647
14.652416
14.167040
14.175232
12.322816
12.313600
12.468224
12.917760
12.483583
14.229504
14.676992
14.178305
14.157824
12.326912
12.313601
12.301311
12.767232
12.310528
14.160896
14.625792
14.154752
11.867136
12.780544
12.303360
14.154752
14.618624
14.166016
14.167040
14.622721
14.156799
11.856895
12.765184
12.309504
14.167040
14.632959
14.168064
11.853825
12.329985
14.159872
14.139392
14.626816
14.151680
Control Period
14.154753
14.613504
14.157824
11.867136
12.788736
12.298241
14.152704
14.632960
14.139393
14.160896
12.333055
14.154753
14.164991
14.635008
14.170113
14.173183
14.619648
14.174208
11.838464
12.769279
12.290048
14.152704
14.626816
14.163968
14.170113
12.328960
12.306433
12.316671
12.770304
12.314624
14.149632
14.632960
14.131200
11.805696
12.619776
12.088320
14.070784
14.593023
11.854848
12.302336
12.788736
12.319744
12.295168
14.627840
14.157824
14.169088
12.326912
12.300287
12.310528
14.642176
14.174208
14.159872
14.575616
14.142464
14.166016
12.342272
12.308480
12.302336
14.632959
14.171136
14.161921
12.326912
12.308479
12.314624
12.769279
12.307456
14.159872
14.618624
14.164991
14.105600
12.325888
12.095488
12.035072
14.581760
14.056448
14.169088
12.320768
12.452864
12.313601
14.633984
14.166016
14.160896
14.629889
11.853824
12.323840
12.764160
12.319744
12.318720
14.614528
14.160896
14.162944
12.305408
12.303360
12.301311
14.636032
14.164991
14.150656
14.622720
11.857920
12.298241
12.788736
Control Period
12.303360
12.301311
14.637056
14.169088
14.167040
12.312576
12.305408
12.305408
14.527489
14.006271
14.105600
14.522367
11.741184
12.039167
12.783616
14.166016
14.152704
14.632960
14.159872
14.086143
12.221439
12.029952
11.993088
14.586880
14.112768
11.859968
12.787712
12.309504
12.302336
12.749825
14.053376
11.744256
12.626944
12.101632
13.965312
14.572544
14.061568
14.093312
10.027008
12.083200
12.783616
12.313601
12.308479
12.782592
12.304384
14.081024
14.621696
14.105600
14.083073
12.342272
12.144640
12.296192
14.624768
14.164991
14.159872
12.328960
12.129280
12.133376
14.570496
14.013440
14.101504
14.601216
11.833344
12.099585
12.560384
14.007296
14.153728
14.640128
11.847680
12.298240
12.776447
14.113792
14.105600
14.605312
14.104576
11.844608
12.579840
12.083200
14.172160
14.643200
14.161921
11.845633
12.776447
12.142591
13.968384
14.605312
14.087168
14.073856
12.341248
12.139520
12.136448
14.592000
14.046207
14.121984
12.314624
12.293120
Control Period
12.306433
14.631936
14.158848
14.156799
14.622721
11.860992
12.260352
12.655617
12.040192
11.994112
14.609407
11.795456
11.990016
12.779520
12.311552
12.303360
14.621696
14.134272
14.063616
14.575616
11.801600
12.157951
12.622849
14.162945
11.853825
12.769279
12.302336
12.242945
12.556288
14.006271
14.063616
14.578688
14.041088
11.739136
12.644352
12.144640
14.073856
12.284927
12.128256
12.230656
12.766208
12.308480
14.164991
14.629889
14.107648
14.068735
12.326912
12.124160
12.137472
14.590976
14.081024
14.149632
12.320768
12.309504
12.305408
14.632959
14.131200
14.024704
14.567424
11.798529
12.135424
12.628992
14.182400
14.184448
14.626816
11.849728
12.310528
12.673023
12.135424
12.153856
14.548992
14.026752
11.692032
12.611584
12.086271
14.107649
14.611456
14.091264
11.768831
12.776448
12.315648
14.164991
14.624767
14.135296
13.958144
12.329985
12.123137
9.684992
12.335104
12.118015
12.285952
12.761087
12.314624
12.306433
12.779520
14.107648
14.066689
14.565376
Control Period
11.723776
12.096512
12.765184
14.163968
14.158848
14.635008
14.159872
11.869184
12.777472
12.305408
14.157824
14.622721
14.142464
11.854849
12.767232
12.317696
12.300287
12.769279
14.095360
14.098433
14.532608
14.014463
11.734016
12.542976
12.148736
14.152704
14.620672
14.172160
11.842560
12.784639
12.299265
14.168064
14.625792
14.156799
14.062592
12.337152
12.122112
12.139521
14.516224
13.995008
13.988864
12.332031
12.301311
12.326912
10.029057
12.311552
12.299264
12.786688
12.309504
12.305408
12.774401
14.150656
14.101504
14.613504
14.089216
11.856895
12.613632
12.270592
14.159872
14.625792
14.158848
11.865088
12.776448
12.318720
14.170113
14.636032
14.130177
14.106624
12.308479
12.085248
12.141568
12.628992
12.326912
14.160896
14.635008
14.161921
11.851776
12.771328
12.318720
14.163968
14.644224
14.169088
14.173183
12.321793
12.301311
12.297216
12.765184
12.200960
14.104576
12.297216
12.141568
12.038144
14.585855
14.084096
14.145536
14.632959
Control Period
11.871232
12.294144
12.769280
12.307456
12.303360
14.625792
14.159872
14.153728
12.317696
12.297216
12.309504
14.622720
14.163968
14.160896
14.628864
11.863040
12.312576
12.775424
12.320768
12.301311
14.562304
14.156799
14.158848
12.318720
12.294144
12.313601
14.627840
14.172160
14.283776
14.640128
14.141439
14.166016
12.334080
12.332032
12.312576
14.630912
14.160896
14.186496
12.320768
12.315648
12.306432
12.756992
12.302336
14.168064
14.633984
14.176256
14.156799
12.319744
12.312576
12.301311
14.644224
14.166016
14.160896
12.324863
12.319744
12.304384
12.770304
12.301311
14.167040
14.614529
14.068735
14.060544
12.293120
12.055552
12.078079
14.621696
14.102528
14.164991
12.322816
11.869184
14.177280
14.631936
14.166016
14.148607
14.632959
14.162945
14.162944
12.326912
12.319744
12.307456
14.625792
14.168064
14.170113
14.628864
11.859968
12.299264
12.767232
12.332031
12.322816
14.640127
14.154753
14.155776
12.336128
12.316671
12.297216
14.642176
14.160896
14.171137
14.621696
11.868160
12.307456
Control Period
12.771328
12.331008
12.299264
14.663680
14.262272
14.234625
12.355583
12.496896
12.451839
12.796928
12.320768
14.178304
14.628864
14.146561
14.150656
12.314624
12.289024
12.309504
12.787712
12.307456
14.142464
14.639105
14.168064
11.844608
12.778496
12.312576
14.152704
14.636032
14.171136
14.155776
12.340224
12.304384
12.299264
12.766209
12.312576
14.156799
14.635008
14.168064
11.846657
12.768256
12.305408
14.156799
14.649343
14.168064
14.168064
12.325888
12.315647
12.302336
12.794880
12.326912
14.158848
14.625792
14.162945
11.877377
12.781569
12.305408
14.155776
14.636032
14.154753
14.174208
14.630913
14.159872
11.859968
12.767232
12.327936
14.159872
14.636032
14.171136
11.853825
12.795904
12.316672
12.302336
12.782592
14.140415
14.164992
14.639104
14.149632
11.863040
12.762112
12.321792
14.156799
14.625792
14.153728
11.856895
12.764160
12.317696
12.319744
12.763136
14.153728
14.151680
14.618624
14.161921
11.860992
12.765184
12.312576
14.171136
14.625792
Control Period
14.158848
11.835392
12.769279
12.251136
12.303360
12.761087
14.156799
14.151680
14.622720
14.175232
11.872255
12.769279
12.311552
14.148607
14.617599
14.170113
11.851776
12.791807
12.306432
12.278784
12.557312
14.017536
14.109695
9.942017
12.105728
12.767232
12.292096
12.314625
12.784639
12.318720
14.149632
14.632959
14.174208
14.149632
12.328960
12.308479
12.309504
14.629889
14.163968
14.158848
14.630912
14.153728
11.830273
12.699648
12.076033
14.051329
14.610432
14.098433
14.126080
12.304384
12.290049
12.306432
14.625792
14.151680
14.145536
12.320768
12.301311
12.310528
14.639104
14.166016
14.179328
14.623744
11.852800
12.205056
12.646400
12.123137
9.827328
14.546944
14.029823
14.156799
14.624768
14.155776
14.143488
14.633984
14.159872
11.852800
12.758017
12.310528
14.166016
14.632959
14.163968
11.869184
12.764160
12.309504
12.315648
12.774400
14.067712
14.085120
14.546944
14.014463
11.838465
12.700672
12.258305
14.152704
14.644224
14.164992
11.841536
12.783616
12.299264
Control Period
14.151680
14.624768
14.159872
14.151680
12.329985
12.293119
12.313601
12.769279
12.312576
14.158848
14.623744
14.164991
11.856895
12.770304
12.308479
14.166016
14.622720
14.157824
14.111744
12.258305
12.053504
12.137472
14.583808
14.097408
14.149632
12.320768
12.336128
12.312576
12.774401
12.300288
14.146560
14.615552
14.155776
14.154753
12.340223
12.126208
12.039167
14.581760
14.051328
14.139392
12.318720
12.307456
12.325888
14.627840
14.147584
14.154752
14.626816
11.865088
12.309504
12.776448
12.303360
12.073984
14.577664
14.077951
14.115840
12.228608
12.041216
12.112896
14.628864
14.169088
11.875328
12.784639
12.312576
12.315648
12.781569
14.160896
14.156799
14.635008
11.844608
12.040192
12.607489
14.058496
14.103552
14.607360
14.135296
11.876352
12.776447
12.311552
14.171136
14.635008
14.160896
14.177280
14.643200
11.835392
12.315648
12.616704
14.098433
14.101503
14.584831
14.098432
11.856895
12.801023
12.311552
14.156800
14.624768
14.155776
11.856895
12.781569
Control Period
12.310528
14.160896
14.621696
14.166016
14.163968
14.631936
14.166016
11.867136
12.805120
12.300287
14.171136
14.640128
14.152704
11.855871
12.785664
12.306432
14.155776
14.620672
14.174208
14.166016
14.625792
14.155776
11.863041
12.781569
12.293119
14.164992
14.619648
14.159872
11.840511
12.769279
12.311552
12.311552
12.789761
14.174208
14.151680
14.578688
14.136320
11.847680
12.631041
12.121088
14.135296
14.597120
14.159872
11.859968
12.785664
12.306432
14.171136
14.632960
14.175232
14.150656
12.348415
12.292096
12.310528
12.790784
12.308479
14.159872
14.646272
14.149632
11.848703
12.773376
12.308480
14.157824
14.633984
14.169088
14.157824
14.631936
14.152704
11.863040
12.766209
12.321793
14.166016
14.636032
14.160896
11.868160
12.803072
12.303360
14.157824
14.635008
14.078976
14.087168
14.519296
14.012416
11.774976
12.625920
12.135424
14.164991
12.317696
12.300288
12.304384
12.777472
12.325888
14.182400
14.625792
14.155776
14.154753
12.340223
12.294144
Control Period
12.312576
14.640128
14.173183
14.161921
14.632959
14.166016
11.844608
12.779520
12.301311
14.152704
14.642176
14.170113
14.147584
12.329984
12.301311
12.326912
12.792832
12.322816
14.144512
14.635008
14.167040
11.848703
12.773376
12.301311
14.150656
14.624767
14.161921
14.157824
12.329984
12.315648
12.323840
12.779520
12.292096
14.160896
14.633984
14.154752
11.853825
12.768255
12.291072
14.159872
14.626816
14.162944
14.164992
14.632960
14.166016
11.865088
12.774400
12.302336
14.151680
14.614529
14.166016
11.851776
12.787712
12.302336
14.155776
14.619648
14.154753
14.161921
14.624768
14.149632
11.855872
12.777472
12.303360
14.164992
14.628864
14.168064
11.865088
12.777472
12.294144
14.156800
14.627840
14.172160
14.158848
14.635008
14.171136
11.858944
12.759040
12.319744
14.159872
14.647296
14.148607
11.850752
12.645376
12.113920
14.073856
14.584832
14.069759
14.161921
12.319744
12.329985
12.304384
14.630912
14.153728
14.158848
14.624767
14.164992
11.863040
12.779520
12.313601
14.160896
Control Period
14.630912
14.160896
14.144512
12.324863
12.294144
12.308480
12.772352
12.313601
14.148608
14.637056
14.156799
11.842560
12.768256
12.297216
14.158848
14.617599
14.152704
14.111744
12.327936
12.107776
12.129280
14.527488
14.006272
14.089216
12.320768
12.325888
12.302336
14.633984
14.147584
14.155776
14.626816
14.164991
14.151680
12.333055
12.139520
12.144640
14.586880
14.055424
13.984768
12.329984
12.307456
12.304384
14.630912
14.149632
14.162944
14.629889
11.875328
12.307456
12.781569
14.142464
14.071808
14.526464
11.702272
12.085248
12.670976
14.152704
14.140416
14.630913
14.155776
11.857920
12.782593
12.308479
12.296192
12.764160
14.160896
14.094336
14.528512
11.704320
11.968512
12.595200
14.061568
14.161921
14.614529
14.170113
11.852800
12.765184
12.309504
14.153728
14.643200
14.148608
11.850752
12.776447
12.261375
13.968384
14.568448
14.022655
13.968384
12.316672
12.281857
12.285952
14.629889
14.174208
14.156799
14.653440
14.175232
11.852800
Control Period
12.790784
12.314625
14.176256
14.619648
14.152704
14.157824
12.346368
12.300288
12.075008
14.532608
14.031872
13.949952
12.296192
12.276735
12.301311
14.617599
14.148608
14.160896
14.525440
11.744256
11.977728
12.619776
14.230528
14.138369
14.628864
11.865088
12.311552
12.775424
12.147713
11.972609
14.580736
14.106625
11.680768
12.576768
12.054527
14.163968
14.622721
14.168064
14.158848
14.608383
11.755520
11.970560
12.563456
14.008320
14.087168
12.255232
12.045312
12.101631
14.585855
14.092288
14.153728
12.315648
12.303360
12.288000
12.782593
12.197887
14.087168
14.541824
11.743233
11.993088
12.569600
14.101503
14.179328
14.640127
14.164991
14.162945
12.279808
12.079103
12.145664
14.543873
14.031872
14.023680
14.625792
11.853824
12.307456
12.782592
14.146560
13.943808
14.585855
11.778048
11.997184
12.628992
14.130176
14.150656
14.626816
14.161921
11.848703
12.762112
12.228608
13.962240
14.610432
14.083073
11.788288
12.632064
12.138496
14.053375
Control Period
14.542849
14.035968
14.152704
12.329984
12.297216
12.302336
14.623744
14.137344
14.157824
12.314624
12.316671
12.297216
14.632960
14.146560
14.163968
14.612480
11.824128
12.136448
12.576769
12.048384
12.199936
14.633984
14.151680
14.150656
12.328960
12.313601
12.319744
14.646272
14.147584
14.160896
14.628864
11.829248
12.085248
12.561407
14.034945
13.948928
14.613504
11.852800
12.291073
12.780544
14.160896
14.156800
14.626816
14.160896
11.860992
12.784639
12.278784
12.042240
12.555264
14.004224
11.830272
12.678144
12.329984
12.307456
12.754944
14.166016
14.163968
14.635008
14.166016
11.855871
12.766209
12.319744
14.142464
14.571520
14.044160
11.813889
12.630016
12.094463
14.151680
14.628864
14.157824
14.153728
12.325888
12.224512
11.974656
12.568576
12.043264
14.052352
12.296192
12.296192
12.302336
14.619648
14.158848
14.168064
14.638081
14.161921
14.155776
12.332032
12.302336
12.268544
14.596096
14.052352
14.112768
12.226561
12.035072
12.025856
14.633984
14.107649
14.157824
Control Period
14.637056
11.849728
12.319744
12.768256
14.167040
14.151680
14.631936
14.158848
14.152704
12.321793
12.317696
12.304384
14.636032
14.152704
14.188544
14.642176
11.882496
12.297216
12.781569
14.168064
14.167040
14.636032
14.156800
14.153728
12.308480
12.318720
12.311552
14.628864
14.193665
14.151680
14.635008
11.885569
12.316672
12.775424
12.294144
12.302336
14.630912
14.147584
14.154753
12.328960
12.298240
12.324863
14.617599
14.147584
14.153728
14.633984
11.856895
12.292096
12.777472
12.303360
12.310528
14.643200
14.151680
14.168064
12.314624
12.309504
12.203009
14.582785
14.063616
13.962240
14.488576
11.748352
12.270592
12.793856
14.163968
14.169088
14.637056
11.850752
12.308480
12.784639
12.301311
12.309504
14.612480
14.157824
14.151680
14.630913
11.864064
12.298240
12.780544
14.168064
14.159872
14.633984
11.866112
12.305408
12.782593
12.314624
12.306432
14.654465
14.168064
14.158848
14.628864
11.851776
12.295168
12.778496
14.140416
14.170113
14.627840
Control Period
14.168064
14.155776
12.323840
12.423168
12.480513
14.669824
14.231552
14.237696
14.625792
11.853825
12.297216
12.784640
12.309504
12.308479
14.631936
14.178304
14.162944
12.311552
12.304384
12.293119
14.635008
14.166016
14.157824
14.628864
14.163968
14.167040
12.318720
12.309504
12.295168
14.629889
14.173183
14.169088
12.321793
12.308480
12.314625
12.793856
12.332032
14.173183
14.645248
14.168064
14.161921
12.331008
12.306432
9.992191
12.338177
14.170112
14.176256
14.631936
14.158848
14.172160
14.624767
14.170113
11.848703
12.772352
12.307456
14.166016
14.630912
14.163968
14.159872
12.334080
12.299264
12.301311
12.775424
12.302336
14.157824
14.622720
14.157824
11.865088
12.768256
12.296192
14.147585
14.629889
14.285824
14.166016
12.322816
12.317696
12.313601
12.754944
12.316671
14.161921
14.625792
14.166016
11.835392
12.784640
12.308480
14.153728
14.637056
14.168064
14.160896
14.629889
14.155776
11.862016
12.783616
12.311552
14.161920
14.640128
14.156799
Control Period
11.847680
12.773376
12.320768
14.153728
14.635008
14.148608
14.171136
14.623744
14.150656
11.858944
12.783616
9.936896
14.154753
14.644224
14.170112
14.164992
14.640128
14.155776
14.142464
14.617599
11.867136
12.293119
12.778496
14.161921
14.157824
14.649344
11.848704
12.310528
12.788736
12.299264
12.310528
14.629889
14.155776
14.152704
14.640128
11.862017
12.310528
12.782593
14.167040
14.138369
14.588928
11.756544
12.077056
12.622849
14.104576
14.084096
14.629889
14.155776
11.855871
12.765184
12.309504
12.296192
12.769279
14.167040
14.148607
14.636032
11.841536
12.325888
12.786688
14.116863
14.166016
14.619648
14.164991
11.859968
12.785664
12.307456
12.303360
12.786688
14.168064
14.150656
14.632959
11.852800
12.321793
12.772352
14.170113
14.157824
10.012672
12.319744
12.780544
12.296192
12.314625
12.767232
12.231680
13.970432
14.598145
14.104576
14.050304
12.324863
12.260352
12.312576
14.636032
14.164991
14.156800
12.309504
12.306432
12.315648
14.621696
14.158848
14.166016
14.630913
11.866112
Control Period
12.317696
12.766209
12.296192
12.320768
14.638081
11.827200
11.866112
12.785664
12.315648
12.304384
12.777472
12.310528
12.317696
14.632959
14.164992
14.164991
12.320768
12.285952
11.982847
14.595072
14.096384
13.975552
14.527489
11.726848
12.227585
12.776447
14.157824
14.153728
14.615552
11.853825
12.267520
12.781569
12.311552
12.302336
14.633984
14.163968
14.176256
14.636032
11.859968
12.281857
12.623872
14.076928
13.978624
14.587904
11.750401
12.314625
12.781568
14.154753
14.163968
14.617599
14.161921
11.857920
12.773376
12.304384
12.311552
12.791808
14.113792
14.131200
14.594048
11.747328
12.164096
12.620800
14.070784
14.151680
14.629889
14.166016
11.858944
12.773376
12.302336
14.163968
14.645248
14.167040
11.843584
12.780544
12.298240
12.293119
12.760064
9.563136
12.313601
12.631041
12.111872
12.000256
14.607360
14.107648
14.014464
14.610432
11.863040
12.304384
12.784640
14.152704
14.156800
14.620672
14.145536
14.169088
12.302336
12.299264
12.299264
14.638081
14.149632
Control Period
14.160896
14.636032
11.855872
12.303360
12.770304
12.304384
12.318720
14.638080
14.160896
14.158848
12.322816
12.304384
12.297216
14.643200
14.164992
14.152704
14.642176
11.866112
12.314624
12.781569
12.313601
12.297216
14.635008
14.160896
14.151680
12.312576
12.302336
12.311552
14.642176
14.160896
14.182400
14.622721
14.154752
14.162944
12.334080
12.298240
12.307456
14.640128
14.163968
14.166016
12.328960
12.260352
12.322816
12.786688
12.309504
14.158848
14.627840
14.153728
14.169088
12.315648
12.306432
12.306433
14.622720
14.169088
14.149632
12.334080
12.319744
12.303360
12.768256
12.312576
14.168064
14.636032
14.158848
14.162944
12.347391
12.337152
12.305408
14.624768
14.169088
14.159872
12.322816
12.302336
12.295168
12.792831
12.305408
14.167040
14.635008
14.152704
14.149632
12.329984
12.309504
12.317696
14.622720
14.168064
14.154752
14.649343
14.167040
11.848703
12.768256
12.299264
14.114816
14.543873
14.012416
14.076928
9.989120
12.005376
12.776447
12.303360
Control Period
12.303360
12.775424
12.299264
14.160896
14.630913
14.162944
14.155776
12.334080
12.314624
12.311552
14.618624
14.158848
14.160896
14.642176
14.178305
11.860992
12.766209
12.291072
14.160896
14.629889
14.148608
14.159872
12.336128
12.317696
12.303360
12.768256
12.301311
14.157824
14.631936
14.169088
11.846656
12.766209
12.296192
14.167040
14.630912
14.127104
14.174208
12.334080
12.309504
12.310528
12.773376
12.306432
14.150656
14.616575
14.158848
11.856896
12.761087
12.297216
14.151680
14.636032
14.162945
14.162945
14.637056
14.167040
11.858944
12.786688
12.308479
14.170113
12.319744
11.860992
14.156799
14.627840
14.142464
14.152704
14.624768
14.163968
14.167040
12.321793
12.310528
12.300287
14.619648
14.176256
14.161921
14.624767
11.875328
12.291072
12.779520
12.327936
12.314625
14.619648
14.159872
14.158848
12.340224
12.322817
12.302336
14.622720
14.153728
14.166016
14.648320
11.879423
12.302336
12.777472
12.300288
12.298240
14.632959
14.173184
14.151680
12.316671
12.304384
12.296192
14.641151
Control Period
14.149632
14.155776
14.635008
14.157824
14.151680
12.329985
12.300287
12.298240
14.621696
14.152704
14.154753
12.312576
12.315648
12.311552
14.638081
14.159872
14.169088
14.625792
14.148607
14.162944
12.333055
12.324863
12.318720
14.627840
14.141440
14.164991
12.335104
12.303360
12.306433
12.778496
12.322817
14.159872
14.625792
14.187520
14.156799
12.337152
12.320768
12.298241
14.641151
14.163968
14.167040
12.316671
12.324863
12.319744
12.783616
12.298240
14.160896
14.627840
14.172160
14.152704
12.324863
12.298241
12.309504
14.617599
14.150656
14.146561
12.315647
12.299264
12.315648
12.781568
12.300287
14.159872
14.621696
14.158848
14.154753
12.332031
12.297216
9.987072
14.629889
14.169088
14.176256
14.619648
14.162944
14.151680
14.637056
14.142464
11.862016
12.766209
12.316672
14.155776
14.633984
14.150656
11.849728
12.765184
12.319744
12.307456
12.783616
14.170113
14.167040
14.628864
14.151680
11.860992
12.767232
12.314625
14.153728
Control Period
14.638081
14.166016
11.849728
12.777472
12.301311
12.320768
12.771328
14.143488
14.172160
14.630913
14.173183
11.857920
12.765184
12.261375
14.156800
14.629889
14.164992
11.858944
12.774400
12.307456
12.302336
12.796928
14.164991
14.138368
14.638081
14.144512
11.863040
12.766209
12.307456
14.147584
14.622721
14.152704
14.160896
14.635008
11.847680
12.303360
12.765184
14.177280
14.157824
14.629889
14.164991
11.850752
12.769279
12.316671
12.300288
12.768255
14.158848
14.152704
14.632960
11.848703
12.291073
12.775424
14.152704
14.159872
14.640128
14.156799
11.849728
12.765184
12.302336
12.307456
12.778496
14.148607
14.152704
14.627840
11.842560
12.306433
12.776447
14.169088
14.166016
14.644224
14.152704
11.863040
12.759040
12.162048
11.993088
12.582912
14.017536
11.810816
12.712959
12.300288
14.149632
14.620672
14.155776
14.160896
14.630912
14.139393
11.860992
12.781569
12.320768
14.175232
14.630913
14.152704
11.865088
12.775424
12.302336
12.309504
12.774400
Control Period
14.158848
14.161921
14.639105
14.150656
11.865088
12.781569
12.309504
14.172160
14.621696
14.162944
11.854849
12.763136
12.281857
12.312576
12.772352
14.158848
14.095360
14.522367
14.014463
11.663361
12.625919
12.109823
14.097408
14.628864
14.154752
11.843584
12.771328
12.312576
14.146560
14.650368
14.163968
14.152704
12.329985
12.315648
12.315648
12.773376
12.316671
14.139392
14.623744
14.128128
11.777023
12.556288
12.025856
13.965312
14.538752
11.691008
12.264448
12.767233
12.324863
12.297216
14.620672
14.138369
14.158848
12.300287
12.305408
12.306433
14.639105
14.160896
14.153728
14.630912
11.854848
12.209152
12.570624
14.027777
14.110720
14.574593
11.753471
12.304384
12.777472
12.300287
12.307456
14.619648
14.148608
14.162944
14.647296
11.860992
12.293119
12.794880
14.159872
14.170112
14.628864
14.157824
14.175232
12.321792
12.300288
12.108800
14.597120
14.072832
14.094336
14.551041
11.699200
12.288000
12.780544
14.145536
14.155776
14.619648
11.849728
12.301311
12.771328
Control Period
14.112768
14.166016
14.620672
14.154753
11.878400
12.772352
12.298241
12.300287
12.783616
14.174208
14.149632
14.633984
11.840511
12.309504
12.691456
14.092288
14.099456
14.539776
14.023680
11.724800
12.722176
12.334080
14.159872
14.633984
14.145536
11.859968
12.775424
12.299264
14.157824
14.633984
14.151680
13.978624
14.599169
14.081024
11.691008
12.599297
12.262400
14.164992
14.619648
14.162945
11.848703
12.569600
12.038143
14.085120
14.563328
11.754496
12.193792
12.763136
12.298240
9.989120
12.346368
14.159872
14.152704
14.624767
14.162944
14.156800
14.611456
14.093311
11.654144
12.619776
12.078079
14.076927
14.624768
11.865088
12.299264
12.780544
12.322816
12.305408
14.640127
14.158848
14.153728
12.320768
12.306432
12.311552
14.538752
14.018560
14.072832
14.595072
11.804672
12.166144
12.780544
14.163968
14.155776
14.620672
11.838464
12.081152
12.587008
12.030975
11.979776
14.607360
14.177280
11.857920
12.778496
12.295168
12.303360
12.774400
14.162944
14.162945
Control Period
14.625792
11.838464
12.294144
12.770304
14.154753
14.166016
14.624768
14.157824
11.867136
12.792831
12.297216
12.298241
12.769279
14.146561
14.159872
14.626816
11.836416
12.308480
12.711936
14.104576
14.076928
14.562304
14.015488
11.713535
12.749825
12.301311
14.152704
14.637056
14.154752
11.843584
12.772352
12.303360
12.308480
12.776448
14.151680
14.168064
14.573568
14.159872
11.858944
12.784639
12.128256
14.015488
14.606337
14.060544
11.847680
12.772352
12.334080
14.178304
14.638081
14.159872
14.176256
12.316671
12.309504
12.318720
12.767232
12.309504
14.173183
14.646273
14.137344
11.839488
12.558336
12.051456
14.119936
14.531584
14.071808
14.171136
12.338176
12.303360
12.312576
14.619648
14.178305
14.158848
12.319744
12.310528
12.318720
12.779520
12.310528
14.150656
14.615552
14.089216
14.075904
12.315648
12.080128
12.138496
14.596096
14.143488
14.152704
12.325888
12.320768
12.294144
14.631936
14.169088
14.153728
14.619648
11.866112
12.303360
12.769279
12.289024
Control Period
12.309504
14.635008
14.162945
14.166016
12.327936
12.311552
12.318720
14.636032
14.147584
14.158848
14.626816
11.836416
12.302336
12.785664
12.318720
12.313601
14.620672
14.145536
14.167040
12.305408
12.267520
12.308479
14.631936
14.156800
14.153728
14.619648
11.848703
12.303360
12.776448
12.324863
12.312576
14.635008
14.167040
14.162944
12.315648
12.300288
12.306432
14.627840
14.176256
14.162945
14.615552
14.169088
14.164991
12.329985
12.310528
12.309504
14.626816
14.163968
14.145536
12.322816
12.295168
12.318720
12.778496
12.308479
14.157824
14.631936
14.164991
14.160896
12.318720
12.311552
12.316672
14.626816
14.149632
14.166016
12.316671
12.290049
12.305408
12.771328
12.301311
14.155776
14.632960
14.151680
14.169088
12.327936
12.308480
9.994240
14.636032
14.162944
14.168064
14.629889
14.173183
14.152704
14.633984
14.179328
11.863040
12.783616
12.299264
14.152704
14.618624
14.155776
11.848703
12.779520
12.317696
12.297216
12.766209
Control Period
14.155776
14.168064
14.643200
14.170112
11.914240
12.911615
12.485632
14.224384
14.659584
14.180351
14.160896
14.628864
11.846656
12.301311
12.797952
14.144512
14.164991
14.618624
14.153728
11.863040
12.754944
12.298241
12.295168
12.771328
14.155776
14.153728
14.624768
11.843584
12.315648
12.767232
14.160896
14.145536
14.621696
14.160896
11.888639
12.788736
12.318720
12.301311
12.779520
14.176256
14.150656
14.619648
11.838465
12.322816
12.788736
12.313601
12.316671
14.627840
14.155776
14.167040
14.630912
11.871232
12.317696
12.785664
14.162944
14.150656
14.629888
11.844608
12.322817
12.793856
12.307456
12.296192
14.624767
14.208000
14.236671
14.658560
11.927551
12.464128
12.920832
12.479488
12.312576
14.639104
14.158848
14.145536
12.326912
12.297216
12.299264
14.627840
14.138368
14.148607
14.624767
14.146561
14.154752
12.322817
12.305408
12.303360
14.633984
14.160896
14.158848
12.318720
12.299264
12.312576
12.785664
12.318720
14.161921
14.629889
14.172160
14.171137
Control Period
12.334080
12.316672
12.314625
14.638080
14.161921
14.161921
12.319744
12.313600
12.315648
12.794880
12.311552
14.166016
14.622720
14.160896
14.137344
12.338177
12.295168
12.327936
14.633984
14.167040
14.171136
12.323839
9.555968
12.316671
12.777472
12.312576
12.308479
12.774401
12.312576
14.168064
14.628864
14.159872
14.160896
12.329985
12.307456
12.298241
14.624768
14.162944
14.163968
14.629889
14.156799
11.847679
12.768255
12.302336
14.158848
14.639104
14.158848
14.156799
12.328960
12.291073
12.272640
12.764160
12.316672
14.150656
14.619648
14.159872
11.844608
12.775424
12.297216
14.163968
14.645248
14.157824
14.161921
12.345345
12.334080
12.312576
12.769280
12.318720
14.173183
14.640128
14.172160
11.863040
12.772352
12.309504
14.159872
14.640128
14.156799
14.158848
14.623744
14.114817
11.868160
12.777472
12.321792
14.146561
14.622721
14.155776
11.860992
12.773376
12.299264
14.156800
14.620672
14.080000
14.126080
12.331008
12.124161
12.039167
12.689408
12.310528
Control Period
14.151680
14.640128
14.155776
11.853825
12.779520
12.315648
14.151680
14.618624
14.160896
14.144512
12.336128
12.316672
12.311552
12.788736
12.271616
14.067712
12.225536
12.041216
12.044289
14.534657
14.033920
14.150656
14.633984
11.872255
12.305408
12.782593
12.298241
12.315648
14.621696
14.157824
14.148608
12.314624
12.123137
12.157951
14.521343
14.020608
14.004224
14.603264
11.853825
12.317696
12.775424
14.164992
14.154752
14.627840
11.855871
12.297216
12.779520
12.192768
12.146688
14.523392
13.998080
11.827200
12.616705
12.290049
12.309504
12.780544
14.162944
14.156799
14.620672
11.836416
12.328960
12.791808
14.151680
14.124032
14.598145
14.090240
11.810816
12.611584
12.099585
14.149632
14.648319
14.148608
11.844608
12.767232
12.113920
14.043137
14.571520
14.031872
14.112768
12.318720
12.322816
12.339200
14.633984
14.144512
14.147584
14.614528
14.149632
11.856895
12.779520
12.301311
14.154752
14.620672
14.106625
14.058496
12.293119
12.087296
11.981824
14.612480
14.171136
14.153728
Control Period
12.320768
12.315648
12.295168
14.640127
14.159872
14.158848
14.617599
14.132224
14.089216
12.315648
12.097536
12.135424
14.547968
14.102528
14.147584
12.303360
12.307456
12.289024
14.541824
14.024704
14.058496
14.603264
11.826176
12.177408
12.773376
14.168064
11.853824
12.331008
12.298240
12.289024
12.552192
12.028928
13.952000
14.575616
14.055424
11.856896
12.780544
12.329984
14.157824
14.609407
14.065664
14.105600
12.254208
12.041216
12.137472
14.537727
13.998079
14.124032
12.298240
12.123137
11.973632
14.646273
14.162944
14.156799
14.620672
11.857920
12.104704
12.599297
14.072832
14.113792
14.536703
11.703297
11.966464
12.926976
14.163968
14.168064
14.619648
14.157824
11.700224
12.619776
12.098560
14.117887
14.587904
14.113792
11.862016
12.788736
12.307456
12.312576
12.768256
14.090240
13.985792
14.570496
14.041088
11.693056
12.614656
12.239872
14.162945
14.639104
14.166016
11.855872
12.602368
12.050432
14.067712
14.501888
11.759616
12.158976
12.620800
14.093311
Control Period
13.956097
14.579712
11.779072
12.322816
12.761087
12.311552
12.304384
14.621696
14.150656
14.161920
14.633984
11.873280
12.315648
12.770304
14.174208
14.169088
14.614529
11.806721
11.997184
12.597248
14.052352
14.013440
14.594048
14.139392
11.859968
12.794880
12.310528
14.164991
14.630912
14.138368
14.162944
14.626816
11.856895
12.284928
12.625919
14.082048
14.090240
14.547968
14.097408
11.871232
12.775424
12.318720
14.166016
14.630912
14.155776
11.840511
12.751872
12.292095
14.149632
14.625792
14.108671
14.068736
12.300288
12.087296
12.104704
14.612480
14.167040
14.170113
12.317696
12.291073
12.327936
12.792831
12.302336
14.156800
14.621696
14.160896
13.949951
12.241920
12.042240
12.131329
14.537728
14.042112
14.169088
12.319744
12.309504
12.308479
14.618624
14.160896
14.174208
14.627840
11.867136
12.313601
12.772352
12.295168
12.134399
14.572544
14.053375
13.954048
12.270592
12.292096
12.320768
14.639104
14.173184
14.154753
14.629889
11.854848
12.317696
12.777472
Control Period
14.152704
14.157824
14.622720
11.866112
12.321792
12.777472
12.304384
12.301311
14.642176
14.160896
14.150656
14.637056
11.857920
12.275712
12.781569
14.150656
14.172160
14.626816
11.848703
12.322816
12.777472
12.319744
12.302336
14.578688
14.158848
14.158848
14.639104
11.853825
12.306432
12.788736
14.166016
14.150656
14.622720
14.166016
14.156800
12.306433
12.291072
12.308479
14.628864
14.152704
14.159872
14.631936
11.862016
12.301312
12.779520
14.169088
14.164991
14.623744
14.153728
14.157824
12.321792
12.289024
12.296192
14.631936
14.157824
14.167040
14.623744
11.862017
12.312576
12.756992
14.171136
14.157824
14.618624
14.154752
14.173183
12.335104
12.290049
12.135424
14.607361
14.102528
14.045184
14.611456
11.811840
12.134399
12.789761
14.158848
14.163968
14.631936
11.853824
12.329985
12.783616
14.154753
14.148608
14.627840
14.169088
14.145536
14.629889
11.870208
12.299264
12.791808
14.153728
14.171137
14.631936
11.845632
12.340223
12.771328
Control Period
12.317696
12.320768
14.625792
14.161921
14.174208
14.629889
11.859968
12.320768
12.768255
14.161921
14.168064
14.625792
11.838464
12.309504
12.762112
12.292096
12.304384
14.627840
14.153728
14.162944
14.645248
11.871232
12.308480
12.784639
14.156800
14.151680
14.629889
14.159872
14.160896
12.317696
12.303360
12.297216
14.627840
14.150656
14.150656
14.640128
11.863040
12.295168
12.762112
14.169088
14.148607
14.624768
14.151680
14.171136
12.320768
12.307456
12.305408
14.622720
14.145536
14.159872
14.633984
11.864064
12.310528
12.771328
14.152704
14.154752
14.638080
14.153728
14.167040
12.316671
12.289024
12.297216
14.637056
14.167040
14.156800
14.636032
11.860992
12.312576
12.792831
12.316672
12.302336
14.631936
14.162945
14.166016
12.310528
12.136448
11.978752
14.533632
13.993984
14.091265
14.612480
11.857920
12.302336
12.774401
14.144512
14.166016
14.640128
11.847679
12.305408
12.775424
12.299264
12.309504
14.623744
14.151680
14.164991
14.642176
11.863040
12.310528
12.778496
Control Period
14.154752
14.159872
14.623744
11.850752
12.306433
12.768256
12.301311
12.302336
14.627840
14.153728
14.153728
14.638081
11.859968
12.135424
12.615681
14.085119
13.963264
14.604288
11.853825
12.300288
12.777472
14.157824
14.160896
14.631936
14.076928
11.849728
12.638208
12.125184
14.080000
14.618624
14.154753
11.845633
12.770304
12.298241
14.117887
14.532608
14.029824
13.929472
12.250113
12.046336
12.248064
14.626816
14.142464
14.147584
12.311552
12.307456
12.298241
12.773376
12.309504
14.171136
14.586880
14.034945
13.976576
12.335104
12.141568
12.001280
14.619648
14.170112
14.157824
12.317696
12.300288
12.142591
14.595072
14.065664
13.965312
14.590977
11.826176
12.309504
12.776447
14.171136
14.149632
14.561280
11.710464
12.123137
12.626944
14.095360
14.153728
14.626816
14.156800
11.862017
12.775424
12.324863
12.300287
12.790784
14.170113
14.150656
14.570496
11.703297
12.107776
12.646400
14.108672
14.078976
14.607360
14.162945
11.886592
12.782593
12.309504
14.136320
14.592000
14.055424
Control Period
11.815936
12.562431
12.020737
14.169088
14.628864
14.158848
14.157824
12.323840
12.302336
12.200960
12.619776
12.134399
13.947905
12.281857
12.153856
12.306432
14.642176
14.151680
14.159872
14.615552
11.823104
12.146688
12.617728
14.049280
14.074881
14.532608
11.700224
12.144640
12.559361
14.021631
14.170112
14.626816
14.152704
11.848703
12.791808
12.299264
11.987968
12.564480
14.013440
11.796480
12.627968
12.121088
13.966336
14.545919
14.002176
14.016512
12.343296
12.306432
12.300288
14.625792
14.169088
13.979648
12.216320
12.043264
12.107777
14.613504
14.054399
13.965312
14.541824
11.741184
12.143616
12.624896
14.090240
14.176256
14.633984
11.842560
12.306433
12.777472
14.127104
14.048256
14.585855
14.057472
11.842560
12.624896
12.138496
13.993984
14.585855
14.092288
11.849728
12.776447
12.297216
14.155776
14.636032
14.089216
14.074881
12.343296
12.142591
11.993088
12.615680
12.127232
14.070784
12.271616
12.087296
12.265472
14.633984
14.154753
14.158848
14.631936
14.140416
14.115840
12.262400
12.052480
Control Period
12.001280
14.531584
11.711488
12.269567
12.782593
12.313601
12.315648
14.626816
14.157824
14.172160
14.639104
11.854849
12.300287
12.698624
14.086143
14.114817
14.601216
11.776000
12.148736
12.720127
14.154753
14.161921
14.643200
14.156800
11.867136
12.776447
12.315648
12.295168
12.773376
14.125055
13.967360
14.576640
11.753471
12.143616
12.605440
14.094336
14.160896
14.632960
14.154752
11.864063
12.730368
12.106752
14.099457
14.529535
14.024704
11.729919
12.784639
12.306433
14.166016
14.628864
14.169088
14.153728
12.342272
12.306432
12.296192
14.636032
14.115840
13.940736
12.219393
9.451520
9.376768
5.024768
7.001088
10.021889
5.014528
5.088256
14.168064
14.177280
14.632959
14.170113
13.246464
14.642176
14.138368
14.088192
14.631936
12.911615
14.109695
14.628864
14.178305
14.158848
14.640128
13.224960
14.018560
14.651392
14.134272
14.108672
13.486080
14.175232
14.166016
14.632959
14.181376
14.175232
13.730816
14.181376
14.161921
14.647297
14.120960
12.991488
Control Period
14.562304
14.063616
14.023680
14.601215
14.042112
12.579840
14.593023
13.938688
13.982719
14.589952
12.140544
14.008320
14.615552
14.032896
14.041088
14.604288
12.539904
13.975552
14.572544
13.988864
13.989888
12.805120
14.024704
14.035968
14.605312
14.058496
13.986816
12.961792
13.980672
13.963264
14.587904
13.990911
12.161024
14.595072
13.982719
13.960192
14.583808
14.015488
12.273664
14.609407
14.060544
14.047232
14.600192
12.381184
13.991936
14.585855
13.963264
13.968384
14.592000
12.478464
14.038015
14.615552
14.029823
13.975552
12.839935
13.982720
13.970432
14.574593
13.987841
13.991936
12.729343
13.982719
13.969408
14.619648
14.042112
12.604416
14.605312
14.017536
13.976576
14.582785
13.983744
12.133376
14.601215
14.041088
14.049280
14.614529
12.599296
13.987841
14.605312
13.967360
13.975552
14.585855
12.151808
13.968384
14.548992
13.971457
13.969408
12.746752
14.017536
14.045183
Control Period
14.615552
14.030848
13.466624
14.160896
10.218496
13.833216
13.648896
13.537280
11.701248
13.364224
11.317247
13.730816
13.552640
13.542400
11.668480
13.276159
13.434880
11.858944
13.453312
13.458432
11.698175
13.373440
13.552640
11.857920
13.171713
13.463552
11.652096
13.231104
13.438976
11.873280
13.151232
13.539328
11.692032
13.376512
13.564928
11.874304
13.030399
13.433856
11.665408
13.243392
13.509632
11.879424
13.200384
13.536256
14.085119
11.331584
13.460480
11.869184
13.060097
13.455360
14.084096
11.075584
13.373440
11.864063
13.190144
13.543425
14.080000
11.029504
13.244415
11.860992
13.036544
13.449217
14.096384
11.142144
13.369344
11.870208
13.193216
13.535233
14.092287
11.032576
13.254656
14.083073
11.236352
13.052928
14.082048
11.153408
13.362176
14.096384
11.327488
13.091840
14.069759
11.034624
13.256704
14.088192
11.222015
13.110271
14.085120
11.144192
13.366272
14.076928
11.310080
13.030399
14.081024
13.447168
11.230207
14.078976
11.279360
13.179904
Control Period
14.085120
13.544448
11.072512
13.802496
10.939392
12.601343
14.070784
10.633216
12.707840
11.851776
12.453888
13.063168
11.517952
12.707872
13.059072
11.842560
13.077504
13.047808
11.843584
13.019136
10.903552
14.057472
13.075456
10.492928
13.760511
10.844160
12.472320
14.053375
10.557440
12.761088
11.859968
12.429312
12.978176
11.568129
12.776448
10.858496
13.457409
13.064192
10.550272
13.764608
10.854400
12.372992
14.058496
12.975104
10.768384
14.061568
10.928128
13.066240
14.060544
10.854400
13.064192
11.839488
12.412928
13.052928
11.554815
10.565632
10.550272
13.535233
12.925952
13.110271
11.844608
12.418048
13.053952
11.532288
12.752895
10.844160
11.849728
13.076480
13.174784
11.851776
12.393473
13.048832
11.539456
12.762112
10.853376
13.454336
13.069312
10.533888
13.739008
10.762240
12.486688
14.070784
13.050880
10.821632
14.064640
10.870784
13.112320
14.062592
10.867712
13.069312
11.828224
12.397568
13.067265
11.544608
12.762112
10.845184
13.446144
13.070335
10.539008
13.767679
10.848256
12.469248
14.061567
10.470400
Control Period
12.662784
11.847680
12.450816
13.053951
11.558912
12.773376
13.069312
11.839488
13.050880
13.071360
11.842560
13.101056
10.897408
14.066689
13.037568
10.570752
13.753344
10.845184
12.391424
14.062592
10.539008
12.772352
11.845633
12.479488
13.065216
11.563007
12.775424
12.996609
11.851776
12.984320
13.111296
11.849728
13.064192
10.849279
14.069759
13.069312
10.523680
13.747200
10.760193
12.471296
14.073856
10.563584
12.760064
11.843584
12.472321
13.077504
11.545600
12.689408
10.766336
13.426688
12.991488
10.507264
13.765633
10.767361
12.495872
14.059520
10.566656
12.798976
14.066689
10.871808
13.072384
14.066689
10.842112
13.066240
11.855871
12.474368
13.060097
11.558912
12.768256
10.839040
13.473791
13.062143
10.551296
13.761536
10.866688
12.393472
14.064640
10.539008
12.772352
11.854848
12.443647
12.997632
11.550720
12.788736
13.076481
11.838465
12.994560
13.061120
11.853825
13.057024
10.850304
14.061568
13.073408
10.553345
13.772800
10.809343
12.460032
14.065664
10.546176
12.752895
11.834368
Control Period
12.460032
13.166592
11.550720
12.769279
10.856448
13.484032
13.061120
10.516479
13.749249
10.769407
12.488705
14.067713
13.067265
10.833920
14.077951
10.882048
13.099009
14.063616
10.864640
13.071360
11.848704
12.495872
13.037568
11.526144
12.696576
10.864640
13.452288
13.058048
10.452991
13.749249
10.845184
12.481536
14.081024
10.543104
12.748800
11.842560
12.466175
13.067265
11.553792
12.766208
13.080576
11.831296
13.031424
12.995584
11.844608
13.076480
10.886145
14.065664
13.011969
10.553344
13.767680
10.859520
12.477440
14.069760
10.540064
12.762112
11.845633
12.459008
13.076480
11.548672
12.767232
10.797056
13.437952
13.034496
10.571776
13.773825
10.813440
12.487680
14.067712
13.077503
10.846209
14.054399
10.812416
13.060096
14.063616
10.831872
13.048832
11.853825
12.504065
13.070335
11.522048
12.711936
10.855424
13.454336
13.049856
10.536961
13.760512
10.847232
12.463104
14.069760
10.559488
12.773376
11.852800
12.484608
13.042688
11.526144
12.704768
13.066240
11.836416
13.079552
13.067265
11.852800
Control Period
13.060096
10.852352
14.065664
13.061120
10.546176
13.749249
10.847232
12.389376
14.061568
10.508288
12.763136
11.847680
12.411904
13.044736
11.566080
12.773376
10.848256
13.447168
13.081600
10.553344
13.775872
10.858496
12.473344
14.057472
13.071360
10.492928
13.767679
10.817535
13.045760
14.068736
10.812416
13.048832
11.857920
12.476416
13.088768
9.639936
13.084672
13.202433
14.077952
10.613760
12.762112
11.840512
12.464128
13.084672
11.549696
12.710912
10.847232
13.487104
13.079552
10.533888
13.756416
10.788864
12.498943
14.075905
13.072384
10.757120
14.058496
10.766336
13.060096
14.070784
10.850304
13.072384
11.848704
12.491776
13.036545
11.564032
12.753920
10.853376
13.478912
13.065216
10.548223
13.764608
10.854401
12.451840
9.634816
13.585407
13.545472
14.063616
14.078976
11.530240
13.743104
11.852800
13.419519
14.076928
11.548672
13.782017
11.843584
13.453312
14.066689
11.551744
13.760512
11.851776
13.485056
14.065664
11.538432
13.780993
11.846657
13.488128
14.069759
11.555840
Control Period
13.758464
14.055424
11.834368
14.074881
14.070784
11.837440
11.849728
13.466624
13.451263
14.063616
11.559937
13.744128
11.838464
13.467648
14.072832
11.551744
13.756416
11.867136
13.491199
14.070784
11.559937
13.746176
11.835392
13.458432
14.063616
11.533312
11.544577
11.584512
13.539328
13.780993
14.072832
11.844608
13.455360
14.069760
11.545601
13.755392
11.841536
13.444096
14.054399
11.528193
13.758464
11.840512
13.475840
14.054399
11.553792
13.764608
11.852800
13.472768
14.071808
11.544577
13.765632
11.847680
13.465600
14.070784
14.065664
11.846656
11.859968
13.497344
14.053375
14.057472
11.523072
13.749249
11.841536
13.443072
14.067712
11.559936
13.760511
11.843584
13.473792
14.074881
11.551744
13.746176
11.849728
13.480960
14.069760
11.560960
13.774848
11.851776
13.438976
14.059520
11.546624
13.775872
14.058496
11.850752
14.062592
14.068736
11.849728
14.041088
11.845633
13.498367
14.067713
11.521024
13.744127
11.849728
13.487104
14.080000
11.544577
13.760511
11.839488
13.481983
14.071808
11.552768
Control Period
13.774848
11.843584
13.468672
14.068736
11.541504
13.756416
11.846657
13.469696
14.070784
14.067713
11.845633
14.071808
11.838464
14.050304
14.078976
11.534336
13.761536
11.862016
13.433856
14.050304
11.547648
13.766656
11.840511
13.456385
14.062592
11.540480
13.760511
11.846656
13.456385
14.074881
11.548672
13.780993
11.835392
13.477888
14.064640
11.547647
13.757441
14.068736
11.847680
13.749249
10.892288
13.161472
14.060544
10.860544
13.062144
11.849728
12.464128
13.057024
11.554816
12.773376
10.859520
13.453312
13.063168
10.553345
13.770752
10.857471
12.396544
14.059520
10.535936
12.770304
11.850752
12.424192
12.986368
11.565056
12.772352
13.080576
11.839488
13.065216
13.074432
11.849728
13.067265
10.863616
14.062592
13.111296
10.593280
13.770752
10.853376
12.475391
14.065664
10.535936
12.777472
11.851776
12.480513
13.064192
11.560960
12.771328
13.066240
11.846657
13.008896
13.123584
11.842560
13.017088
10.901505
14.061567
13.139968
10.548223
13.755392
10.844160
12.470272
14.060544
10.560513
12.781569
Control Period
11.856896
12.479488
13.023232
11.564032
12.750849
10.851328
13.469696
8.636415
14.034945
14.078976
11.853825
13.440001
14.053376
11.853824
14.070784
11.850752
13.450240
14.064640
11.557888
13.752319
11.840511
13.462528
14.073856
11.545601
13.774848
11.842560
13.477888
14.060544
11.547647
13.776896
14.059521
11.855872
14.054399
14.069759
11.850752
14.051329
11.859968
13.449217
14.065664
11.560960
13.766656
11.852800
13.490176
14.071808
11.535360
13.756416
11.849728
13.474815
14.084096
11.537409
13.757441
11.855871
13.472768
14.070784
11.552769
13.758465
11.841536
13.451263
13.463552
14.080000
11.840512
14.038015
11.844608
13.498367
14.054399
11.557888
13.754368
11.846656
13.469696
14.056448
11.559937
13.780993
11.840511
13.444096
14.065664
11.548672
13.763584
11.851776
13.440001
14.055424
14.067713
11.842560
14.059521
11.838464
14.058496
14.054399
11.541504
13.777920
11.850752
13.449216
14.060544
11.575296
13.775872
11.846657
13.452288
14.075904
11.550720
13.765632
11.840512
Control Period
13.473792
14.063616
11.556864
13.772800
11.858944
13.468672
14.065664
11.550720
13.763584
14.058496
11.839488
14.053376
14.068736
9.638912
12.997632
13.369344
14.078976
10.676224
12.782593
11.848703
12.478464
13.026304
11.563007
12.771328
10.861568
13.457408
13.074432
10.557440
13.761536
10.850304
12.470304
14.065664
13.059072
10.808320
14.073856
10.897408
13.015039
14.071808
10.908672
13.115393
11.852800
12.401665
12.973057
11.547647
12.771328
10.863616
13.467648
13.069312
10.570752
13.768703
10.845184
12.474367
14.064640
13.076480
10.758144
11.842560
12.376064
13.068289
11.545600
12.775424
13.050880
11.841536
13.065216
13.145088
11.579391
12.829696
10.863616
13.469696
13.081600
10.521601
13.768703
10.833920
12.490752
14.069760
10.569728
12.778496
11.845633
12.480512
13.075457
11.552769
12.795904
13.129728
11.847680
13.060096
13.070335
11.856896
13.077504
10.814465
14.065664
13.044736
10.544128
13.773824
10.859520
12.450816
14.065664
10.563583
12.771328
11.843584
12.409856
13.027328
11.581440
12.776447
13.059072
Control Period
11.834368
12.973056
10.537985
13.769728
10.857472
12.408833
14.067713
13.084672
10.868736
14.063616
10.938368
12.476416
14.054399
10.573824
12.788736
11.848703
12.467199
13.058048
11.545600
12.776448
10.856448
13.475840
13.062144
8.696833
14.081024
14.071808
14.067713
11.563007
13.761536
11.846657
13.480961
14.062592
11.527168
13.741056
11.849728
13.472768
14.064640
11.545600
13.769728
11.848703
13.477888
14.051329
11.555840
13.769728
11.853825
13.460480
14.062624
14.063616
11.843584
14.080000
11.837440
14.068736
14.053376
11.552768
13.778976
11.852800
13.443071
14.064640
11.560960
13.776896
11.854848
13.444096
14.072832
11.560961
13.768703
11.837440
13.444096
14.053376
11.542528
13.780993
11.849728
13.476864
14.071808
14.062592
11.561984
13.777920
11.852800
13.491199
14.070784
11.572224
13.786112
11.853825
13.451263
14.062592
11.548672
13.766656
11.848703
13.453312
14.063616
11.543552
13.754368
11.851776
13.485056
14.075904
11.526144
13.747200
14.068736
11.839488
14.075904
14.145536
11.854848
14.071808
11.855872
13.474816
Control Period
14.061568
11.541504
13.767679
11.828224
13.470720
14.070784
11.533312
13.776896
11.851776
13.466624
14.064640
11.556864
13.772800
14.057472
11.863040
14.054399
14.048256
9.637888
13.003777
13.208576
14.076928
10.628096
12.788736
11.839488
12.482560
13.068288
11.560961
12.750848
10.855424
13.480960
13.076480
10.562560
13.769728
10.820608
12.468224
14.051328
13.078527
10.850304
14.064640
10.857471
13.071360
14.068736
10.853376
13.091840
11.847680
12.531712
13.073408
11.526144
12.694529
10.787840
13.484032
13.078527
10.548223
13.762560
10.847233
12.484608
14.069760
13.071360
10.818560
11.846657
12.462080
13.062143
14.065664
10.849280
13.133824
11.840511
12.605440
13.136896
11.580416
12.888064
10.942464
13.478912
13.078527
10.555392
13.774848
10.857471
12.402688
14.061567
10.557440
12.775424
14.069759
10.819584
12.976128
11.847680
13.068289
10.978304
13.486080
13.076480
10.552320
13.777920
10.854401
12.483583
14.062592
10.543104
12.788736
11.849728
12.464128
13.075457
11.568129
12.770304
13.057024
11.856895
Control Period
13.071360
13.091841
11.848704
13.024256
10.901505
14.072832
13.069312
10.516479
13.742081
10.815489
12.486656
14.064640
10.558464
12.776448
11.831296
12.490751
13.061120
11.537408
12.762112
10.855424
13.485056
13.082624
13.068288
11.852800
13.088768
10.913792
14.062592
13.088768
10.531840
13.761536
10.856448
12.443648
14.054399
10.536960
12.782592
11.866112
12.470272
13.060097
11.552768
12.797953
10.869761
13.455360
13.038591
10.562560
13.770752
10.859520
12.414976
14.056448
13.062143
10.851328
14.081024
10.930176
12.490752
14.068736
10.562560
12.796928
11.847680
12.471296
13.068289
11.534336
12.766209
10.859520
13.477888
13.075457
10.543104
13.762560
10.859520
12.494848
14.073856
13.061120
10.836992
14.058496
10.915840
13.150208
14.060544
10.864640
13.066240
11.849728
12.473344
13.065216
11.532288
12.782593
10.855424
13.445120
13.066240
10.517504
13.769728
10.845184
12.473344
14.063616
10.543104
12.756992
11.839488
12.490751
13.068288
11.557888
12.779520
13.062143
11.856895
12.426240
13.035521
11.553792
12.794880
Control Period
10.853376
14.060544
13.089792
10.585088
13.770752
10.843136
8.634368
13.597696
12.856319
13.184000
14.063616
10.891264
13.129728
11.851776
12.460032
13.081600
11.555840
12.787712
10.862592
13.473792
13.068289
10.550272
13.768703
10.811392
12.352512
14.064640
10.554368
12.765184
11.848703
12.369920
13.146112
11.568129
12.880896
13.167616
11.848703
12.520449
13.070336
11.541504
12.688384
10.854401
13.487104
13.068288
10.497025
13.730816
10.792960
12.469248
14.065664
10.564608
12.759040
11.852800
12.465152
13.070336
11.554816
12.804096
13.176832
11.854848
13.092864
13.089792
11.850752
13.071360
10.848256
14.066689
13.097984
10.672129
13.789185
10.946560
12.523520
14.055424
10.557440
12.751872
11.848703
12.409856
12.981248
11.574272
12.788736
13.081600
11.841536
13.065216
13.065216
11.838465
13.060096
10.850304
14.058496
13.109247
10.580992
13.783040
10.859520
12.479488
14.064640
10.547199
12.793856
11.847680
12.464128
13.078527
11.550720
12.762112
10.855424
13.469696
13.063168
10.559488
13.761536
13.066240
10.814464
Control Period
14.027777
13.105152
10.638336
13.759488
10.851328
12.487680
14.057472
10.563583
12.793856
11.849728
12.471296
13.020161
11.557888
12.755968
10.853376
13.485056
13.068288
8.636416
13.586432
13.573120
14.065664
14.070784
11.848704
14.065664
11.850752
13.461504
14.069759
11.553792
13.758465
11.851776
13.483007
14.070816
11.545601
11.559937
11.548672
13.578239
13.801472
14.059520
11.857920
14.061568
14.134272
11.537408
13.760511
11.840512
13.480960
14.053375
11.553792
13.778944
11.848703
13.461504
14.061568
11.552769
13.767680
11.854849
13.477888
14.059520
11.543552
13.763584
11.850752
13.490175
14.066689
11.545601
13.759488
14.072832
11.849728
14.027776
14.061568
11.843584
14.072832
11.859968
13.467648
14.062592
11.545600
13.761536
11.855872
13.481984
14.076928
11.523071
13.761536
11.853825
13.514752
14.074881
11.585536
13.793280
14.091264
11.852800
14.051329
14.058496
11.838464
14.080000
11.847680
13.456385
14.073856
11.564032
13.766657
11.843584
13.468672
14.073856
11.542528
Control Period
13.759488
11.856895
13.477888
14.066689
11.559936
13.778944
14.052352
11.857920
14.062592
14.056448
11.842560
14.065664
11.832320
13.511681
14.070784
11.551744
13.752319
11.843584
13.469696
14.056448
11.542528
13.757441
11.862017
13.492224
14.072832
11.563008
13.761536
14.058496
11.841536
14.070784
14.072832
11.860992
14.074881
11.850752
13.563904
9.623552
13.576193
13.614080
14.074881
14.080000
11.845633
14.065664
11.855871
13.520896
14.070784
11.561984
13.776896
11.845633
13.463552
14.060544
11.582464
13.806592
14.074881
11.846656
14.071808
14.070784
11.564032
13.812737
11.850752
13.542400
14.068736
11.572224
13.803520
11.845633
13.515776
14.066689
11.577344
13.782017
14.068736
11.856896
13.478912
14.068736
11.580416
13.785088
11.840512
13.508608
14.085120
11.570176
13.787136
11.845633
13.541376
14.074881
11.592704
13.515776
13.769728
11.837440
13.542400
14.054399
11.585536
13.789185
11.846657
13.481984
14.073856
11.582464
13.800447
11.854848
13.483007
14.062592
14.067713
11.855872
Control Period
14.068736
11.846656
13.511681
14.058496
11.575296
13.808640
11.842560
13.507584
14.084096
11.578368
13.795328
14.060544
11.856895
14.075904
14.071808
11.849728
14.041088
11.851776
13.509632
14.076928
11.568129
13.771776
11.850752
13.505536
14.066689
14.061568
11.847680
14.031872
11.862017
14.078976
14.033920
11.583488
13.787136
11.848704
13.483007
14.059521
11.585536
13.792255
11.856895
13.474816
14.060544
11.593728
13.793280
11.847680
13.523968
13.497344
14.066689
11.583488
13.813761
11.850752
13.528064
14.080000
11.568129
13.797376
11.853825
13.519873
14.073856
11.591680
13.784064
14.069759
11.846657
13.521920
14.072832
11.586560
13.810688
11.851776
13.527040
14.075905
11.583488
13.795328
11.842560
13.528064
14.061568
14.076928
11.574272
13.808640
11.856896
13.491199
14.083073
11.588608
13.798400
11.852800
13.478912
14.069760
11.575296
13.783040
14.067713
11.844608
14.072832
14.083072
11.584512
13.810688
11.844608
13.487104
14.066689
11.572224
13.788160
11.852800
Control Period
13.519872
14.060544
14.061567
11.849728
14.070784
11.868160
14.072832
14.068736
11.557888
13.785088
11.852800
13.515776
14.075905
11.566080
13.787136
14.064640
11.848704
14.059520
14.080000
11.864064
14.069760
11.859968
13.509632
14.051329
11.559937
13.817856
11.849728
13.475840
14.069759
11.585536
13.793280
14.069760
11.866112
14.086143
14.034945
11.587584
13.807616
11.843584
13.489152
14.070784
11.577344
13.780993
11.857920
13.506560
14.055424
11.569152
13.788160
11.842560
13.523968
13.501440
14.066689
11.584512
11.579391
11.615232
13.614080
13.775871
14.073856
11.850752
13.495296
14.069759
11.578368
13.795328
11.852800
13.524992
14.067712
11.552768
13.794304
11.848703
13.522943
14.067712
11.616257
13.814784
14.081024
11.842560
11.851776
14.087168
14.082048
11.848704
13.511681
14.066689
11.592704
13.787136
11.859968
13.497344
14.070784
11.570176
13.789185
14.069759
11.838465
13.469696
14.074881
11.584513
13.783040
11.853825
13.499392
14.073856
11.569152
13.783040
11.852800
13.529088
Control Period
14.087168
14.067713
11.855872
14.070784
11.849728
13.505536
9.635840
12.700672
12.977152
14.032896
13.268992
10.574848
13.787136
10.924032
12.575745
14.073856
10.648576
12.873728
11.846657
12.544001
13.064192
11.581440
12.896255
13.168640
11.849728
12.483583
13.070335
11.572224
12.874752
10.948608
13.530111
13.158400
10.669056
13.790209
10.911744
12.627968
14.081024
13.161472
10.938368
14.060544
10.929152
13.197311
14.056448
10.696704
12.809216
11.851776
12.616704
13.152256
11.570176
12.888064
13.171713
11.845633
13.138944
13.274112
11.847680
13.196288
11.001856
13.531136
13.163520
10.671104
13.791232
10.931200
12.531712
14.068736
13.154305
8.664064
14.071808
14.084097
14.072832
11.577344
13.779968
11.842560
13.498367
14.061568
11.567104
13.792255
11.850752
13.497344
14.059520
11.559937
13.789185
14.072832
11.854848
14.055424
14.073856
11.851776
14.052353
11.854848
13.498368
14.066689
11.568129
13.798401
11.855872
13.507584
14.068736
14.064640
11.844608
14.052352
11.848704
14.065664
14.044161
11.580416
Control Period
13.793280
11.856895
13.516800
14.060544
11.569152
13.804544
14.069760
11.853825
14.067713
14.032896
11.848703
14.058496
11.860992
13.477888
14.060544
11.587584
13.812737
11.853825
13.527040
14.067712
11.570176
13.802496
14.067713
11.862017
14.074881
14.073856
11.541504
13.746176
11.858944
13.566976
14.071808
11.580416
13.805568
11.838464
13.523968
14.068736
11.585536
13.799424
14.078976
11.853825
13.505536
14.066689
11.593727
13.790208
11.863040
13.506559
14.070784
11.578368
13.819904
11.850752
13.510656
14.064640
14.061568
11.568129
13.766656
11.847680
13.532160
14.062592
11.584513
13.804544
11.858944
13.503489
14.060544
11.561984
13.785088
11.851776
13.517824
14.070784
14.069759
11.532288
13.754368
11.841536
13.510656
14.074881
11.571199
13.795328
11.854848
11.852800
14.063616
14.042112
11.853825
13.502464
14.071808
11.592704
13.809664
11.860992
13.523968
14.066689
11.615232
13.767680
14.052352
11.845633
14.065664
14.071808
11.592704
13.791232
11.840512
13.470720
14.068736
11.554816
13.771776
11.844608
13.551616
Control Period
14.076928
14.068736
11.852800
14.073856
11.844608
13.503489
14.060544
11.578368
13.802496
11.843584
13.507584
14.073856
11.563008
13.760511
14.067712
11.841536
14.029823
14.066689
11.576320
13.795328
11.847680
13.529088
14.073856
11.550720
13.785088
11.845633
13.538303
14.065664
14.071808
11.855872
11.858944
13.546495
14.082048
11.599873
13.763584
11.848703
13.569024
14.071808
14.059520
11.854849
14.067712
11.857920
13.503489
14.071808
11.578367
13.786112
11.847680
13.517824
14.069759
11.588608
13.802496
14.070784
11.849728
14.061568
14.077951
11.567104
13.793280
11.862017
13.539328
14.064640
11.561984
13.775871
11.852800
13.534208
14.071808
11.565056
13.799424
11.824128
13.506559
13.508608
14.057472
11.558912
13.795328
11.843584
13.505536
14.080000
11.577344
13.797377
11.844608
13.529088
14.067713
11.603968
13.811712
14.069759
11.859968
13.541376
14.078976
11.615232
13.822976
11.862017
13.520896
14.075905
11.577345
13.797377
14.063616
11.856896
13.492224
14.066689
11.558912
13.771776
11.845633
13.526016
14.070784
Control Period
11.550720
13.769728
11.859968
13.518848
14.064640
11.580416
13.793280
14.063616
11.851776
13.518848
14.066689
11.571199
13.792255
11.858944
13.502464
14.069759
11.568129
13.793280
11.856895
13.487104
14.066689
14.067713
11.845633
14.070784
11.843584
14.061600
14.076928
11.602943
13.818880
11.864064
13.526016
14.083073
11.569153
13.784063
14.070784
11.847680
14.084097
14.067713
11.566080
13.764608
11.856895
13.541376
14.061568
11.551744
13.777920
11.862017
13.507584
14.064640
14.068736
11.847680
14.082048
11.864064
13.555712
14.077951
11.578368
13.797377
11.858944
13.502464
14.060544
11.586559
13.807615
14.081024
11.850752
14.077951
14.065664
11.582464
13.796352
11.856895
13.546495
14.061567
11.586559
13.813761
11.846656
13.517824
14.076928
14.080000
11.850752
14.071808
11.860992
13.531136
14.081024
11.555840
13.782016
11.856895
13.508608
14.072832
11.574272
13.801472
14.068736
11.843584
14.068736
14.070784
11.852800
14.024704
11.858944
13.514751
14.076928
11.579391
13.787136
Control Period
11.854848
13.490176
14.085120
14.076928
11.850752
14.085120
11.850752
14.069759
14.069759
11.565056
13.796352
11.856895
13.532160
14.066689
11.581440
13.800447
11.851776
13.511681
14.070784
14.070784
11.855872
14.064640
11.851776
13.564928
14.067712
11.578368
13.788160
11.843584
13.495296
14.076928
14.074881
11.848703
14.070784
11.858944
14.062592
14.070784
11.573248
13.789185
11.850752
13.497344
14.067712
11.571200
13.801472
14.059520
11.834368
14.068736
14.078976
11.850752
14.031872
11.859968
9.635840
13.628416
13.626368
13.548544
14.055424
11.573248
13.797377
11.849728
13.514751
14.063616
11.558912
13.802496
11.862016
13.498368
14.068736
11.577344
13.794304
14.067713
11.856895
13.515776
14.082048
11.571199
13.780993
11.852800
13.558784
11.856895
14.067713
14.075905
11.849728
13.505536
14.050304
11.579392
13.799424
11.846656
13.544448
14.066689
11.581440
13.780993
14.072832
11.857920
14.067712
14.049280
11.580416
13.790209
11.859968
13.514751
14.067713
11.615232
13.827072
11.862016
13.568001
14.073856
14.090240
Control Period
11.579391
13.812737
11.848704
13.520897
14.065664
11.582464
13.799424
11.834368
13.521919
14.080000
11.579391
13.776896
14.064640
11.847680
14.077952
14.072832
11.586560
13.789184
11.850752
13.516800
14.076928
11.547647
13.782017
11.839488
13.530111
14.082048
14.068736
11.851776
14.045184
11.859968
11.844608
14.096384
14.035968
11.858944
13.532160
14.073856
11.564032
13.786112
11.850752
13.467648
14.060544
14.076928
11.849728
14.088192
11.830272
13.518848
14.071808
11.579391
13.807616
11.850752
13.507584
14.062592
11.568129
13.795328
14.074881
11.848703
14.055424
14.082048
11.553792
13.775871
11.860992
13.557760
14.072832
11.584513
13.792255
11.860992
13.496321
14.066689
14.076928
11.846656
14.078976
11.849728
14.075904
14.072832
11.581440
13.796352
11.870208
11.858944
14.082048
14.080000
11.864063
13.533184
14.075905
11.563007
11.557888
11.582464
13.599744
13.828096
14.062592
11.840512
14.065664
14.031872
11.589632
13.797377
11.846656
13.517824
14.066689
11.577344
13.784063
Control Period
11.854849
13.493248
14.080000
14.071808
11.860992
14.060544
11.856896
13.507584
14.067713
11.573248
13.765632
11.846657
13.536256
14.067713
11.564032
13.798401
11.851776
13.517824
14.070784
14.067713
11.565056
13.784063
11.877377
13.526016
14.070784
11.585536
13.808640
11.870208
13.550592
14.066689
11.591681
13.792255
14.051328
11.851776
13.497344
14.066689
11.612160
13.815808
11.852800
13.528065
14.064640
11.571199
13.807616
14.058496
11.859968
14.071808
14.080000
11.583488
13.789185
11.849728
13.502464
14.064640
11.565056
13.770752
11.855872
13.523968
14.070784
9.647104
13.569024
13.632512
14.067712
14.073856
11.560961
13.796352
11.848703
13.515776
14.077952
11.594751
13.803520
11.843584
13.532160
14.060544
14.068736
11.842560
14.027777
11.845633
13.510656
14.083072
11.549696
13.810688
11.807744
11.843584
14.084096
14.077951
11.854848
13.520896
14.158848
11.585536
13.791232
11.853825
13.491199
14.065664
14.081024
11.851776
14.068736
11.862017
13.513727
14.066689
11.563008
13.778944
11.838465
13.518848
14.070784
11.586559
Control Period
13.793280
14.071808
11.854849
14.076928
14.066689
11.596800
13.786112
11.843584
13.526016
14.061600
11.573248
13.783040
11.857920
13.503489
14.074881
14.067713
11.846656
14.058496
11.850752
13.505536
14.069760
11.582464
13.729792
11.866112
13.569024
14.070784
11.584513
13.836288
14.075905
11.845633
14.065664
14.066689
11.553792
13.765633
11.856896
13.521920
14.072832
11.573248
13.792256
11.855872
13.508608
14.071808
14.062592
11.855872
14.055424
11.846657
14.064640
14.064640
11.585535
11.574272
11.645952
13.636608
13.840384
13.997056
11.848703
14.058496
14.069759
11.579391
13.787136
11.862017
13.481983
14.059521
11.600897
13.817856
14.068736
11.850752
14.058496
14.062592
11.853824
14.065664
11.863040
13.533184
14.068736
11.598848
13.800447
11.850752
13.530112
14.054399
9.638912
13.102080
14.101503
13.434880
10.758144
13.795328
10.948608
12.614656
14.063616
13.159424
10.854401
14.062592
10.859520
13.162497
14.056448
10.936320
13.170689
11.849728
12.621824
13.203456
Control Period
11.592705
12.916736
13.262848
11.859968
13.228032
13.221888
11.571200
12.879872
10.952703
13.517824
13.154305
10.674175
13.786112
10.985472
12.605440
14.080000
13.255680
10.958848
14.064640
10.937344
12.610559
14.068736
10.664960
12.875776
11.853825
12.615680
13.151232
11.575296
12.878848
13.199360
11.824127
13.178881
13.166592
11.573248
12.887040
10.955776
13.517824
13.168640
10.569728
13.779968
10.931200
12.609536
14.067712
13.237247
10.983424
14.070784
11.102208
12.657663
14.066689
10.668032
12.899328
11.855872
12.612608
13.136896
11.606016
12.998656
13.174784
11.848703
10.948608
13.355007
14.077952
11.084801
12.634111
14.059521
10.659840
12.880896
11.851776
12.587008
13.153280
11.574272
12.876801
13.151232
11.857920
12.522496
13.264896
11.580416
12.933120
10.942464
13.500416
13.157376
10.669056
13.789185
10.947584
12.617728
14.066689
13.171712
10.668032
13.785088
10.954752
12.607489
14.068736
10.691584
12.905472
11.852800
12.562432
13.152256
11.558912
12.995584
13.265920
11.850752
12.634112
13.151232
Control Period
11.579392
12.872704
11.023360
13.539328
13.245440
10.701824
13.788160
10.932224
12.612608
14.073856
13.138945
10.578943
13.789184
10.850304
12.683264
14.081024
10.774529
12.995584
11.844608
12.736512
13.221888
14.057472
10.944511
13.176832
11.851776
12.569600
13.144064
11.592705
12.880896
10.952703
13.483007
13.105152
10.691584
13.785120
10.946560
12.623873
14.068736
13.239296
10.674175
13.797376
10.925056
12.664831
14.066689
10.790913
12.988417
11.859968
12.727296
13.281281
14.070784
10.973184
13.193216
11.858944
12.627968
13.227008
11.596800
12.894208
10.944511
13.501440
13.140992
10.625024
13.816832
13.229055
11.035648
14.063616
13.209600
10.712064
13.793280
10.952703
12.526592
14.060544
10.685440
12.874752
11.860992
12.596224
13.164544
14.069760
10.947584
13.149183
11.839488
12.562432
13.145088
11.582464
10.670080
10.698751
13.614080
13.057024
13.180927
11.848703
12.644352
13.229055
11.588608
12.926976
11.009024
13.552640
13.267968
13.219840
11.859968
13.147136
10.943488
Control Period
14.063616
13.186049
10.728448
13.805569
10.950656
12.612608
14.068736
10.659840
12.881920
14.041088
10.991616
13.164543
14.076928
11.066368
13.247488
11.870208
10.913792
13.288448
14.075904
11.098112
12.638208
14.064640
10.667008
12.886017
11.852800
12.621824
13.151232
11.575296
12.878847
13.092864
11.844608
8.644608
12.657663
12.981248
14.149632
13.298688
10.628096
13.773824
10.854400
12.638208
14.085119
10.676224
12.897280
11.857920
12.617727
13.227008
14.068736
10.947584
13.216768
11.845633
12.619776
13.170689
11.596800
12.958719
11.038720
13.535232
13.147136
13.172736
11.860992
13.190144
10.969088
14.065664
13.243392
10.780672
13.769728
10.988544
12.634111
14.064640
13.154305
10.940416
14.074881
10.930176
13.161472
14.053375
10.932224
13.134848
11.847680
12.648448
13.191168
11.553792
12.908545
13.153280
11.846657
13.149183
13.154305
11.846656
13.116416
11.087872
13.558784
13.193216
10.688512
13.800448
10.952704
12.587008
14.062592
13.148160
10.866688
14.075905
11.119616
13.205503
14.081024
Control Period
10.719233
12.893185
11.857920
12.601344
13.164544
11.599873
12.908545
13.190144
11.845633
13.176832
13.204480
11.593728
12.917760
10.950656
13.532160
13.158400
10.736640
13.782016
10.944511
12.607489
14.074881
13.164544
10.906624
14.071808
10.989569
12.617727
14.066689
10.657792
12.889088
11.856895
12.742656
13.254656
11.623425
12.995584
13.261824
11.849728
12.545024
13.065216
11.609088
12.980224
11.044865
13.565952
13.263872
10.777600
13.822976
13.229055
10.934272
14.076927
13.174784
10.672129
13.785088
10.937344
12.622849
14.071808
10.662912
12.825600
11.851776
12.621824
13.258752
14.075905
10.969088
11.004929
14.052352
13.236224
13.152256
11.561984
12.871679
10.933248
13.519873
13.155329
10.664960
13.788160
10.943488
12.541952
14.073856
13.144064
10.871808
14.073856
11.100161
12.742657
14.074881
10.722304
12.877825
11.852800
12.625919
13.164544
11.578368
12.891136
13.155328
11.856895
12.618752
13.154305
11.564032
12.876801
10.949632
13.533184
13.169664
10.719233
Control Period
13.804544
10.955776
12.739584
14.084096
13.252608
10.702848
13.793280
10.949632
12.627968
14.074881
10.763264
12.998656
11.852800
12.641279
13.161472
11.588608
12.875776
13.165568
11.842560
12.496896
13.091841
11.544577
12.994560
11.023360
13.563904
13.254656
10.790912
13.815808
10.979328
12.700672
14.092288
13.253632
10.739712
13.784064
10.933249
12.619776
14.069759
10.649600
12.761087
11.857920
12.590080
13.231104
11.597824
13.005824
13.259776
11.849728
12.633088
13.156352
11.555840
10.713088
12.697600
13.513728
13.155329
10.667007
13.793280
13.167616
10.953728
14.074881
13.205536
10.700800
13.724672
11.029504
12.646400
14.070784
10.665984
12.857344
11.846657
12.567553
13.232128
11.628544
12.973057
13.258752
11.857920
12.665855
13.163521
11.563008
12.804096
10.939392
13.517824
13.251584
10.703872
13.796352
13.162497
10.996737
14.070784
13.174784
10.648576
13.810688
10.981377
12.754944
14.064640
10.772480
12.904448
14.075905
11.018240
13.128704
14.081024
10.821632
12.903423
11.854848
12.597248
13.152256
11.591681
Control Period
12.881920
13.155328
11.856895
13.158400
13.246464
11.603968
12.916736
10.953728
13.492224
13.171712
10.618880
13.773825
10.916864
12.672001
14.067713
13.257729
10.947584
14.069760
10.948608
12.632064
14.076928
10.661888
12.876801
11.852800
12.745728
13.257729
11.600896
12.993536
13.258753
11.864063
12.545024
13.130753
11.570176
12.896255
11.003904
13.548544
13.213696
10.787840
13.767679
11.001856
12.620800
14.069759
13.161472
10.657792
13.795328
10.958848
12.630016
14.058496
10.667008
10.656768
11.615232
12.896255
13.120512
14.067713
11.019264
13.165567
14.050304
10.679296
12.867584
11.847680
12.616704
13.161472
11.573248
12.888063
13.145088
11.834368
13.104128
13.163521
11.854848
13.174784
10.978304
13.538303
13.165568
10.682367
13.788160
10.951679
12.580864
14.062592
13.148160
10.978304
14.075904
11.086848
13.346816
14.063616
10.720256
12.881920
11.842560
12.642303
13.229055
11.588608
12.957697
13.254656
11.849728
12.623873
13.158400
11.554815
12.824575
11.033600
13.535233
13.248512
10.789888
13.839359
13.250560
10.992640
Control Period
14.065664
13.160448
10.669056
13.785088
10.939392
12.588032
9.647104
12.748800
12.847104
14.101503
13.262848
10.710016
13.790209
10.947584
12.515327
14.074881
10.682367
12.879872
11.849728
12.619776
13.150208
14.073856
10.931200
13.164544
11.870209
12.653568
13.164544
11.582464
12.904448
10.957824
13.531136
13.164544
10.698751
13.799424
13.152256
11.016191
14.070784
13.268992
10.787840
13.816832
11.038720
12.716032
14.068736
13.182976
10.939392
14.061567
10.984448
13.162497
14.076928
10.738688
12.891136
11.855872
12.559361
13.128704
11.588608
12.901376
13.151232
11.848703
13.157376
13.170689
11.843584
13.150208
10.932224
14.072832
13.207552
10.828800
13.811712
10.990592
12.627968
14.073856
13.167616
10.930176
14.066689
10.966016
13.187072
14.063616
10.693632
12.895232
11.847680
12.653568
13.210624
11.574272
12.886016
13.150208
11.843584
13.169664
13.196288
11.854849
13.251584
11.041792
13.540352
13.160448
10.712064
13.772800
11.023359
12.640256
14.057472
13.150208
Control Period
10.677248
13.769728
10.985472
12.628992
14.060544
13.118464
10.559488
13.759488
10.913792
12.647424
14.075905
10.738688
12.888063
11.844608
12.580864
13.248512
11.591680
12.992512
13.274113
11.859968
12.630016
13.156352
11.854848
13.152256
10.936320
13.509632
13.163520
13.150208
11.847680
13.153280
11.016191
14.069759
13.242369
10.699776
13.747200
11.001856
12.624895
14.060544
10.695681
12.918784
14.064640
10.984447
13.181952
14.081024
10.951680
13.195265
11.854848
12.637184
13.152256
11.553792
12.830720
11.000832
13.563904
13.249537
13.272064
11.849728
13.188096
10.995712
13.529088
13.148160
10.655745
13.804544
11.047936
12.683264
14.067712
13.171713
10.863616
14.063616
11.099136
12.651520
14.061567
10.717184
12.884993
11.856895
12.636160
13.221888
11.609088
13.000704
13.187072
11.848704
12.615680
13.160448
11.575296
12.896256
10.947584
13.516800
13.175808
10.729471
13.792256
10.949632
12.663808
14.085120
13.172736
10.601472
13.783040
10.934272
12.710913
14.091264
10.788864
12.988416
11.858944
12.705791
13.146112
Control Period
11.583488
12.881920
13.151232
11.857920
12.594176
13.186049
11.567104
12.991488
11.047935
13.557760
13.260800
10.783744
13.816832
13.196287
10.955808
14.076927
13.181952
10.672128
13.789185
10.947584
12.759040
14.068736
10.780672
12.876800
11.863040
12.626944
13.158400
14.067712
10.935296
13.239296
11.867136
12.752896
13.213696
11.575296
12.874752
10.931200
13.499392
13.149183
10.673152
13.789185
13.167616
10.961920
14.057472
13.223936
10.789888
13.724672
11.040768
12.741632
14.054400
10.795008
12.987392
14.070784
10.942464
13.160448
14.065664
10.944512
13.153280
11.864064
12.654592
13.156352
11.560961
12.810240
10.974208
13.520896
13.241344
13.212671
11.846656
13.123584
11.004929
14.067713
13.165568
10.607616
13.806592
10.998784
12.741632
14.081024
13.249537
10.986496
14.044161
10.982401
13.108225
14.059520
10.818560
12.999680
11.853825
12.644352
13.167616
11.576321
12.896255
13.113344
11.851776
13.172736
13.232128
11.582464
12.930048
10.943488
13.532160
13.167616
Control Period
10.719233
13.806592
10.938368
12.624896
14.075904
13.179904
10.735616
13.800447
10.935296
12.664832
14.054399
10.683392
12.956672
11.856895
12.695552
13.255680
11.615232
12.950527
13.256704
11.837440
12.542976
13.154305
11.554815
12.997632
11.031551
13.560832
13.253632
10.774529
13.860864
13.202432
10.942464
14.066689
13.157376
10.661888
13.774848
10.935296
10.946560
14.087168
13.247488
11.019264
13.520896
8.725504
13.576192
13.659136
13.589504
14.072832
11.578368
13.777920
11.839488
13.499392
14.077951
11.580416
13.803520
14.054399
11.849728
14.069760
14.038015
11.603968
13.822976
11.848703
13.546495
14.074881
11.557888
13.810688
11.851776
13.508608
14.076928
14.059520
11.851776
14.070784
11.862017
13.511680
14.074881
11.585536
13.801472
11.858944
13.572096
14.066689
14.064640
11.845633
14.063616
11.850752
14.070784
14.080000
11.578368
13.799424
11.878400
13.558784
14.052352
11.606016
13.805568
14.067712
11.849728
13.505536
14.074881
11.584512
13.786112
11.862016
13.522943
14.077951
11.588608
Control Period
13.788160
11.853825
13.496321
14.072832
14.085120
11.862017
14.080000
11.870208
13.523968
14.061567
11.584512
13.799423
11.866112
13.561855
14.067712
11.591681
13.764608
14.073856
11.848704
13.534208
14.068736
11.583488
13.806592
11.844608
13.572096
14.022655
11.600896
13.813760
14.070784
11.864064
13.563904
14.071808
11.596800
13.790209
11.862016
13.542400
14.074881
14.076928
11.857920
14.039040
11.851776
14.066689
14.075904
11.591681
13.819904
11.850752
13.534208
14.062592
11.583488
13.799424
14.065664
11.853825
14.073856
14.076928
11.845633
11.858944
11.857920
14.071808
14.084096
11.853825
13.511681
14.062592
11.609088
13.830144
11.866112
13.541376
14.077951
14.064640
11.855871
14.070784
11.854848
13.584385
14.066689
11.586559
13.808640
11.815936
13.535233
14.064640
11.603968
13.799424
14.077951
11.854848
13.502464
14.070784
11.578368
13.794304
11.860992
13.553663
14.080000
11.570176
13.786112
14.073856
11.844608
13.505536
14.056448
11.576321
13.779968
11.850752
13.520896
14.068736
11.578368
13.789185
11.852800
13.541376
Control Period
14.063616
14.070784
11.581440
13.802496
11.862016
13.559808
14.088192
11.577345
13.800447
11.863040
13.531136
14.067712
11.579391
13.812737
14.076928
11.854849
13.506560
14.059521
11.557888
13.825024
11.863040
13.566977
14.065664
11.599873
13.816832
14.070784
11.856895
14.068736
14.068736
11.585536
13.799424
11.852800
13.538303
14.055424
11.593728
13.801472
14.083073
11.851776
14.070784
14.068736
11.855872
14.060544
11.852800
13.530111
14.071808
11.584512
13.799423
11.866112
13.572096
14.055424
14.064640
11.849728
14.085120
11.841536
13.487104
14.061567
11.563008
13.808640
11.860992
13.532160
14.028800
11.587584
13.826048
14.002176
11.801600
13.511681
14.074881
11.581440
13.777920
11.854849
13.574144
14.035969
11.640832
13.806592
11.846657
13.538303
13.521919
14.070784
11.580416
13.810688
11.870208
13.559808
14.066689
11.589632
13.793280
11.846656
13.518848
14.018560
14.074881
11.587584
13.793280
11.858944
13.509632
14.073856
11.553792
13.790208
11.865088
11.853856
14.088192
14.088192
11.862017
Control Period
13.528064
14.071808
11.571200
13.807615
11.847680
13.550592
14.067712
11.566080
13.821953
14.067712
11.855872
13.564928
14.070784
11.602943
13.794304
11.848703
13.547520
14.071808
14.084096
11.853825
14.051328
11.826176
14.074881
14.072832
11.566080
13.795328
11.864063
13.536256
14.069759
11.582464
13.793280
14.058496
11.855872
14.059521
14.073856
11.573248
13.805568
11.855872
13.515776
14.075904
11.602944
13.801472
11.852800
13.566977
14.034945
14.074881
11.586560
13.791232
11.854848
13.478912
14.081024
11.586559
13.796352
11.853825
13.489153
14.065664
11.581440
13.815808
14.080000
11.854849
13.519873
14.070784
11.566080
13.768703
11.856895
13.553663
14.068736
11.582464
13.823999
11.844608
13.543424
13.541376
14.152704
11.576321
13.797376
11.848703
13.494272
14.063616
11.578368
13.759488
11.852800
13.541376
14.058496
11.576321
13.539328
13.792256
11.855872
13.540352
14.089216
11.582464
13.793280
11.845633
13.529087
14.072832
11.545600
13.818880
14.029823
11.850752
13.549568
14.030848
11.603968
13.811712
Control Period
11.846657
13.544448
14.080000
11.580416
13.795328
11.812864
13.512704
14.096384
14.078976
11.582464
13.811712
11.811840
13.547520
14.072832
11.588608
13.798400
11.857920
13.566976
14.077951
14.063616
11.860992
14.078976
11.851776
13.498368
14.030848
11.597824
13.789185
11.858944
13.537280
14.067712
14.061567
11.843584
14.055424
11.815936
14.082048
14.052352
11.583488
13.795328
11.841536
13.530112
14.065664
11.546624
13.780993
11.863040
13.530111
14.069759
14.083072
11.848704
14.087168
11.868160
13.494272
14.077952
11.565056
13.831168
11.860992
13.571072
14.075905
14.074881
11.858944
14.070784
11.864063
13.522943
14.064640
11.604992
13.772800
11.854849
13.554688
14.078976
11.637760
13.798400
14.067713
11.847680
13.502464
14.063616
11.572224
13.797376
11.852800
13.509632
14.075905
11.589632
13.804544
11.858944
13.579264
14.086143
14.072832
11.593727
13.794304
11.848704
13.500416
14.012417
11.612160
13.751296
11.857920
13.530111
14.067713
11.589632
13.799424
14.052352
Control Period
11.853825
13.524992
14.084096
11.604992
13.779968
11.853825
13.564928
14.073856
11.583488
13.777920
14.049280
11.841536
13.546496
14.021631
11.610112
13.808640
11.839488
13.512705
14.069759
11.593728
13.796352
11.849728
13.509632
14.071808
14.072832
11.580416
13.793280
11.855872
11.554815
13.601791
13.853696
14.032896
11.850752
13.506560
14.071808
11.583488
13.805569
11.854848
13.518848
14.076928
11.582464
13.831168
14.083073
11.849728
14.074881
14.065664
11.580416
13.806592
11.850752
13.544448
14.072832
11.571200
13.789185
14.073856
11.811840
14.067712
14.064640
11.579391
13.765633
11.853825
13.564928
14.064640
11.571200
13.811712
11.871232
13.542400
13.526016
9.628672
13.637632
13.633535
14.076928
14.061568
11.583488
13.797376
11.848703
13.501440
14.070784
9.646080
14.085119
14.025760
14.077951
11.573248
13.803520
11.848703
13.537280
14.065664
11.577345
13.791232
11.857920
13.471745
14.088192
14.036991
11.842560
14.071808
11.848704
13.543424
14.069760
11.571199
13.800447
11.848704
13.542400
14.078976
11.553792
Control Period
13.766657
14.072832
11.856895
13.547520
14.081024
11.570176
13.825024
11.856895
13.550592
14.067712
11.595776
13.840384
14.053376
11.853825
13.524992
14.061567
11.544577
13.796352
11.851776
13.551616
14.071808
11.591681
13.810688
14.073856
11.862017
14.048256
14.024704
11.592704
13.821953
11.856896
13.559809
14.070784
11.590656
13.791231
14.078976
11.804672
14.065664
14.072832
11.840511
14.073856
11.846656
13.597696
14.081024
11.593728
13.824000
14.082048
11.847680
13.498368
14.064640
11.617280
13.774848
11.858944
13.584384
14.048256
11.606016
13.828096
14.077951
11.852800
14.080000
14.066689
11.597824
13.799424
11.840511
13.498367
14.068736
11.598848
13.793280
14.078976
11.821056
14.042112
9.633792
14.072832
14.083072
14.078976
11.600896
13.834240
11.858944
13.536256
14.060544
11.581440
13.793280
14.059520
11.847679
13.526016
14.067713
11.597824
13.831168
11.857920
13.545471
14.029823
11.608064
13.798400
14.070784
11.844608
14.071808
14.085120
11.590656
13.801472
11.857920
13.573120
14.077952
11.599873
Control Period
11.592704
11.852800
14.093311
14.081024
11.849728
13.565952
14.073856
11.604992
13.820929
14.029823
11.848703
13.519872
14.063616
11.591681
13.816832
11.847680
13.591553
14.042112
11.555840
13.776896
14.066689
11.854848
14.072832
14.070784
11.589632
13.840384
11.856895
13.526016
14.070784
11.553792
13.780993
14.022655
11.857920
14.076928
14.057472
11.604992
13.818880
11.865088
13.538304
14.073856
11.550720
13.806592
11.851776
13.465600
14.055424
14.074881
11.571199
13.789185
11.815936
13.578239
14.063616
11.609088
13.802496
11.821056
13.562880
14.073856
14.062592
11.591681
13.817856
11.811840
13.507584
14.072832
11.620352
13.728767
11.837440
13.535233
14.074880
14.029824
11.850752
14.073856
11.847680
13.574144
14.029824
11.594752
13.827072
11.854848
13.516800
14.081024
14.082048
11.848703
14.057472
11.844608
13.544448
14.070784
11.564032
13.798400
11.858944
13.538304
14.068736
14.032896
11.582464
13.822976
11.863040
13.507584
14.084096
11.604992
13.787136
11.851776
Control Period
13.556736
14.071808
14.067712
11.845633
14.081024
11.850752
13.540352
14.088192
11.622400
13.791232
11.854848
13.493248
14.078976
14.050304
11.538432
13.798400
11.855872
13.540352
14.074881
11.584512
13.794304
11.849728
13.563904
14.045184
14.067712
11.579391
13.833216
11.856895
13.575169
14.068736
11.581440
13.814784
14.083073
11.866112
14.073856
14.077952
11.600896
13.804544
11.864064
13.513728
14.024704
11.544577
13.816832
11.844608
13.556736
14.083073
14.074881
11.593728
13.853696
11.853825
13.555712
14.058496
11.574272
13.772800
14.024704
11.864063
14.082048
14.074881
11.608064
13.819904
11.855872
13.544448
14.062592
11.608065
13.834240
14.084097
11.856896
13.496320
14.066689
11.581440
13.801472
11.859968
13.528064
14.073856
11.576320
13.812737
11.843584
13.543424
13.575169
14.025728
11.545601
13.832191
11.849728
13.518848
14.066689
11.598848
13.802496
11.858944
13.575169
14.069760
14.061568
11.589632
13.806592
11.838464
13.512704
14.024704
11.586559
13.798400
14.085119
11.850752
14.067712
Control Period
14.072832
11.589632
13.838336
11.844608
13.519873
14.074881
11.548672
13.829120
11.854848
13.544448
13.561856
14.080000
11.589632
13.825024
11.854849
13.515776
14.069760
11.590656
13.827072
14.073856
11.853825
14.073856
14.078976
11.586559
13.834240
11.860992
13.563904
14.076928
11.593728
13.822976
14.043137
11.853825
13.551617
14.076928
11.557888
13.822976
11.875328
13.542400
14.064640
11.578368
13.792255
14.069759
11.867136
13.560832
14.048256
11.604992
13.735936
11.848704
13.462528
14.066689
11.602943
13.772800
14.056448
11.852800
14.065664
14.078976
11.582464
13.789185
11.853825
13.506560
14.064640
11.564032
13.728767
14.080000
11.856895
14.022655
14.072832
11.597824
13.816832
11.857920
13.570048
14.069759
11.550720
13.798401
14.069759
11.849728
13.535233
14.034945
11.569153
13.832191
11.856896
13.568001
14.087168
11.607040
13.812737
14.059520
11.850752
14.074881
14.049280
11.582464
13.801472
11.848703
13.570048
14.107648
11.584513
13.817856
14.095360
11.850752
13.565952
14.083072
11.592704
13.822976
Control Period
11.852800
13.556736
14.067712
14.072832
11.843584
14.072832
11.851776
13.556736
14.017536
11.577345
13.821953
11.855871
13.568000
14.053375
14.056448
11.849728
14.068736
11.852800
13.535232
14.075904
11.576321
13.784063
11.853825
13.554688
14.080000
14.082048
11.614208
13.813761
11.856895
13.574144
14.083073
11.609088
13.764608
11.854848
13.570047
14.066689
14.073856
11.879423
14.025728
11.849728
13.502464
14.074881
11.549696
13.812737
11.853825
13.500416
14.068736
14.070784
11.849728
14.031872
11.854848
13.557760
14.056448
11.577344
13.833216
11.850752
13.490176
14.064640
11.586559
13.551616
13.816832
11.817984
13.548544
14.071808
11.589632
13.817856
11.862017
13.576192
14.090240
14.062592
11.859968
14.034945
11.864064
13.534208
14.077951
11.566080
13.805568
11.854848
13.557760
14.080000
14.070784
11.614208
13.817856
11.850752
13.512705
14.067712
11.606016
13.836288
11.847680
13.547520
14.060544
14.063616
11.567104
13.799424
11.869184
13.549568
9.639936
13.561855
13.684736
14.074881
14.077951
Control Period
11.611135
13.817856
11.849728
13.538303
14.072832
11.613184
13.782017
13.991936
11.864063
13.540352
14.063616
11.554816
13.807616
11.868160
13.562880
14.024704
11.558912
13.809664
11.867136
13.531136
13.515776
14.068736
11.577344
13.815807
11.867136
13.470720
14.072832
11.606016
13.851648
14.069759
11.814913
14.069759
14.072832
11.608065
13.773825
11.827200
13.569024
14.062592
11.576321
13.766656
14.090240
11.856895
14.072832
14.076928
11.602943
13.815807
11.858944
13.537280
14.083072
11.559936
13.825024
11.855872
13.544448
14.070784
14.083073
11.598848
13.840384
11.851776
13.560832
14.035969
11.595776
13.804544
14.075904
11.850752
14.070784
14.072832
11.614208
13.802496
11.857920
13.504512
14.069760
11.585536
13.788160
14.063616
11.855872
13.553663
14.087168
11.610112
13.828096
11.847680
13.517824
14.076927
11.589632
13.773824
14.030848
11.871231
13.563904
14.084096
11.612160
13.774848
11.856895
13.473792
14.075904
11.599873
13.834240
14.069760
11.855871
14.069759
14.082048
11.600897
13.815807
Control Period
11.856895
13.579264
14.101504
11.592705
13.832192
14.074880
11.849728
13.528064
14.064640
11.602943
13.770752
11.854848
13.574144
14.074881
11.589632
13.831167
14.009344
11.864063
13.532160
14.038015
11.609088
13.765633
11.863040
13.524992
14.086143
11.602944
13.805569
14.073856
11.848703
14.085119
14.073856
11.597824
13.809664
11.820032
13.462528
14.061567
11.632640
13.768703
14.041088
11.858944
14.068736
14.089216
11.598848
13.812737
11.867136
13.546495
14.064640
11.563007
13.771776
14.021631
11.850752
13.521920
14.074881
11.595776
13.820929
11.864063
13.561856
14.070784
11.604992
13.838336
14.063616
11.855872
14.056448
14.067713
11.588608
13.816832
11.859968
13.559809
14.064640
11.589632
13.803520
14.096384
11.858944
13.990911
14.075905
11.568129
13.794304
11.839488
13.509632
14.073856
11.595776
13.837312
11.847680
13.552640
13.498367
14.058496
11.552769
13.767680
11.846657
13.471745
14.048256
11.609088
13.797377
11.859968
13.576193
14.069760
14.081024
11.593728
13.820929
11.858944
Control Period
13.507584
14.067712
11.588608
13.762560
14.067713
11.813889
14.055424
14.028800
11.866112
14.028800
11.820032
13.583361
14.058496
11.588608
13.814784
11.854849
13.556736
14.041088
14.070784
11.586559
13.807615
11.849728
13.544448
14.076928
11.599873
13.732864
11.853825
13.476864
14.064640
11.587584
13.553664
13.809664
11.868160
13.576192
14.074881
11.606016
13.811712
11.849728
13.566977
14.018560
14.061568
11.868160
14.078976
11.853825
13.523968
14.085120
11.583488
13.815808
11.853825
13.517824
14.068736
14.065664
11.803648
14.076928
11.849728
13.564928
14.084096
11.610112
13.764608
11.866112
13.550592
14.031872
14.047232
11.590656
13.818880
11.846656
13.563904
14.071808
11.594752
13.807615
11.849728
13.555712
14.081024
14.082048
11.853825
14.070784
11.826176
13.513728
14.073856
11.556864
13.803520
11.847680
13.491200
14.073856
14.078976
11.850752
14.064640
11.871232
13.541376
14.069760
11.546624
13.804544
11.853825
13.529088
14.034945
11.609088
13.808640
14.062592
11.837440
13.551616
14.066689
11.618303
13.771776
Control Period
11.841536
13.473792
14.063616
11.555840
13.807615
14.073856
11.853825
13.556736
14.067713
11.594751
13.813760
11.852800
13.506559
14.034945
14.072832
11.848703
14.051329
11.850752
13.548544
14.075904
11.603968
13.794304
11.812864
13.533184
14.074881
11.575296
13.735935
14.080000
11.850752
13.570048
14.082048
11.611135
13.816832
11.864064
13.551616
14.077951
14.070784
11.859968
14.066689
11.855872
13.510656
14.069760
11.591681
13.811712
11.854848
13.555712
14.072832
14.066689
11.855872
14.087168
11.856895
13.566977
14.057472
11.611135
13.808640
11.810816
13.543425
14.063616
13.992960
11.596800
13.736959
11.860992
13.549568
14.080000
11.597824
13.824000
11.846657
13.524992
14.031872
14.077951
11.862017
14.069759
11.859968
13.507584
14.025728
11.570176
13.792255
11.868160
13.515776
14.024704
14.062592
11.851776
14.078976
11.860992
13.580288
14.065664
11.589632
13.808640
11.846656
13.486080
14.080000
14.062592
11.579391
13.818880
11.866112
13.494272
14.039040
11.594752
13.767680
11.876352
13.572096
Control Period
14.069759
14.089216
11.858944
14.078976
11.850752
13.518848
14.050304
11.587584
13.814784
11.858944
13.523968
14.072832
14.078976
11.602943
13.816832
11.871232
13.563904
14.088192
11.594751
13.818880
14.025728
11.848703
14.060544
14.069760
11.558912
13.828096
11.850752
13.577216
14.077951
11.594751
13.832191
14.062592
11.864064
13.521920
14.063616
11.610112
13.830145
11.858944
13.569024
14.054399
11.595776
13.793280
14.035968
11.813889
13.577215
14.033920
11.608065
13.809664
11.857920
13.506559
14.069759
11.590656
13.815808
14.081024
11.863040
14.066689
14.081024
11.563007
13.805569
11.816959
13.527040
14.040064
11.611135
13.811712
14.071808
11.860992
13.533184
14.049280
11.601920
13.797377
11.857920
13.532160
14.071808
11.546624
13.816832
14.070784
11.842560
13.558784
14.071808
11.585536
13.823999
11.862016
13.546495
14.070784
14.062592
11.839488
14.081024
11.857920
14.077951
14.078976
11.584512
13.815807
11.815936
13.541376
14.064640
11.585536
13.726720
14.055424
11.865088
13.531136
14.068736
11.552769
Control Period
13.831168
11.852800
13.550592
14.052352
11.542528
13.805569
14.070784
11.854848
13.571072
14.070784
11.545600
13.789184
11.848704
13.550592
14.056448
14.080000
11.855872
14.094336
11.862017
13.508608
14.027777
11.590656
13.786112
11.812864
13.527040
14.069760
11.552769
13.820929
14.041088
11.846657
13.571072
14.043137
11.604992
13.824000
11.857920
13.553663
14.073856
11.548672
13.810688
14.074881
11.852800
13.534208
14.075904
11.578368
13.803520
11.851776
13.585407
14.075905
14.035969
11.853825
14.075905
11.857920
13.609983
14.093311
11.584512
13.803520
11.843584
13.500416
14.068736
14.045184
11.581440
13.821953
11.858944
13.577215
14.068736
11.571199
13.765633
11.853825
13.542400
14.073856
14.068736
11.857920
14.074881
11.859968
13.554688
14.072832
11.571200
13.798400
11.848703
13.557760
14.071808
14.064640
11.587584
13.802496
11.836416
13.526016
14.064640
11.584513
13.810688
11.832320
13.508608
14.070784
14.054399
11.581440
13.765633
11.856895
13.538303
14.073856
11.544577
Control Period
13.821953
14.075905
11.847680
14.068736
14.093312
11.559937
13.800447
11.864064
13.492224
14.038016
11.594751
13.807615
11.847680
13.526016
14.068736
14.062592
11.573248
13.814784
11.854848
13.543425
14.069759
11.602943
13.786112
11.850752
13.529088
14.070784
14.063616
11.599873
13.821952
11.849728
13.528064
14.025728
11.588608
13.825024
11.841536
13.568000
14.038015
14.072832
11.852800
14.058496
11.855872
13.546495
14.049280
11.613184
13.816832
11.849728
13.561855
14.030848
14.071808
11.572224
13.819904
11.865088
13.605888
14.087168
11.587584
13.810688
14.071808
11.860992
14.064640
14.088192
11.580416
13.793280
11.817984
13.560832
14.080000
11.601920
13.797377
14.061567
11.855872
13.544448
14.064640
11.612160
13.832191
11.850752
13.509632
14.027776
11.594752
13.818880
14.034945
11.860992
13.503489
14.021632
11.600897
13.818880
11.856896
13.543425
14.077952
11.586560
13.825024
14.084096
11.853825
14.070784
14.071808
11.599873
13.830144
11.851776
13.534208
14.073856
11.602944
13.831168
14.083073
11.852800
Control Period
13.574144
14.075904
11.593728
13.833216
11.846657
13.547520
14.041088
14.031872
11.853825
14.085120
11.855872
13.556736
14.080000
11.589632
13.801472
11.806720
13.557760
14.063616
14.078976
11.865088
14.082048
11.853825
13.582336
14.039040
11.594751
13.819904
11.829248
13.504512
14.074880
14.057472
11.587584
13.785088
11.862016
13.534208
14.068736
11.626496
13.809664
11.832319
13.478912
14.032896
11.546624
13.810688
14.078976
11.846656
13.507584
14.058496
11.569152
13.793280
11.858944
13.521919
14.046207
14.006271
11.854848
14.088192
11.860992
13.605888
14.069760
11.590656
13.823999
11.843584
13.500416
14.089216
11.551744
13.535233
13.811712
11.842560
13.555712
14.084097
11.589632
13.774848
11.835392
13.577215
14.067713
14.078976
11.852800
14.073856
11.855872
13.544448
14.087168
11.583488
13.801472
11.850752
13.529088
14.084097
14.083073
11.579392
13.808640
11.862017
13.465600
14.067712
11.590656
13.809664
11.816960
13.562880
14.077952
14.076928
11.584512
13.789185
11.862017
13.552640
14.074881
Control Period
11.610111
11.601920
11.613184
13.730816
13.633536
13.850624
11.851776
13.533184
14.075904
11.607040
13.775872
14.068736
11.867136
14.065664
14.082048
11.593727
13.807615
11.852800
13.508608
14.021632
11.604992
13.835264
11.850784
13.461504
13.987840
13.991936
11.859968
14.069759
11.860992
13.554688
14.054399
11.601919
13.808640
11.856896
13.569024
14.060544
14.060544
11.590656
13.830145
11.862017
11.850752
14.091264
14.078976
11.860992
13.517824
14.023680
11.616256
13.848576
11.862016
13.562880
14.063616
14.076928
11.596800
13.814784
11.842560
13.516800
11.859968
14.071808
14.067712
11.824128
13.526016
14.019584
11.585536
13.822976
11.848703
13.481984
14.075905
14.024704
11.870209
14.063616
11.846656
13.498367
14.021631
11.555840
13.809664
11.856895
13.531136
14.072832
14.071808
11.601919
13.809664
11.864064
13.530111
14.074881
11.607040
13.733888
11.868160
13.569024
14.071808
14.069759
11.851776
14.076928
11.867136
13.613056
14.068736
11.589632
13.803520
11.853825
Control Period
13.555712
13.544448
14.065664
11.581440
13.794304
11.862017
13.505536
14.031872
11.599873
13.805569
11.841536
13.539328
14.072832
14.033920
11.607040
13.785088
11.852800
13.529088
14.080000
11.558912
13.773825
14.100479
11.856896
11.812864
14.074881
14.076928
11.860992
13.555712
14.074881
11.569153
13.801472
11.822081
13.523968
14.069760
14.016512
11.601920
13.830145
11.815936
13.535232
14.086143
11.561984
13.772800
11.853825
13.555712
14.027776
14.069759
11.863040
14.080000
11.860992
13.561856
14.063616
11.615232
13.817856
11.858944
13.547520
14.067713
14.082048
11.572224
13.793280
11.853825
13.524992
14.067712
11.552769
13.818880
11.825151
13.586432
14.068736
14.077951
11.603968
13.818880
11.807744
13.570047
14.063616
11.554815
13.751296
11.847680
13.576192
14.087168
14.069759
11.855872
14.073856
11.868160
13.522943
14.066689
11.602943
13.801472
11.846656
13.520897
14.070784
14.083072
11.608065
13.776928
11.849728
13.560832
14.032896
11.551744
13.815807
11.834368
13.529088
Control Period
14.060544
14.071808
11.587584
13.802496
11.856895
13.578239
14.074881
11.613184
13.732864
11.844608
13.577216
14.077952
14.071808
11.854849
14.032896
11.849728
13.549568
14.074881
11.551744
13.761536
11.850752
13.547520
14.062592
14.073856
11.602943
13.815808
11.853825
13.521952
14.044160
11.608065
13.829120
11.859968
13.562880
14.070784
14.068736
11.607040
13.822976
11.849728
13.504513
14.094336
11.594752
13.741056
11.855871
13.468672
14.026752
11.597824
13.832191
14.087168
11.859968
11.600896
13.612032
13.844481
14.080000
11.865088
13.549568
14.078976
11.590656
13.850624
11.863040
13.608960
14.070784
14.081024
11.612160
13.764608
11.822081
13.527040
14.065664
11.543552
13.814784
11.850752
13.549568
14.055424
14.060544
11.862017
14.020608
11.868160
13.588480
14.055424
11.613184
13.776896
11.858944
13.488129
14.065664
14.075905
11.852800
11.858944
11.844608
14.103552
14.069759
11.872255
13.534208
14.081024
11.617280
13.831168
14.067713
11.851776
14.074881
14.042112
11.595776
13.812737
11.854849
13.534208
Control Period
14.056448
11.561984
13.821953
14.067712
11.855872
14.072832
14.083073
11.616256
13.789185
11.883520
13.555712
14.033920
11.588608
13.821952
14.038016
11.839488
13.512704
14.072832
11.599873
13.791232
11.846657
13.536256
14.070784
14.080000
11.863040
14.089216
11.854848
13.594624
14.081024
11.563007
13.794304
11.844608
13.495296
14.082048
11.601920
13.553663
13.836288
11.859968
13.477888
14.067712
11.590656
13.814784
11.857920
13.578239
14.068736
14.071808
11.855872
14.084096
11.856895
13.465600
14.074881
11.607040
13.785088
11.856896
13.539328
14.070784
14.028800
11.593727
13.807616
11.851776
13.572096
14.074881
11.548672
13.784063
11.852800
13.554688
14.031872
14.071808
11.609088
13.829121
11.824127
13.523968
14.073856
11.618303
13.771776
14.074881
11.820032
14.095360
14.028800
11.595776
13.821952
11.833344
13.577216
14.063616
11.575296
13.818880
11.864063
13.558784
14.066689
14.073856
11.603968
13.813761
11.856895
13.564928
14.022655
11.584513
13.776896
11.870208
13.565952
Control Period
14.077951
14.047232
11.597824
13.798401
11.850752
13.561855
14.095360
11.642879
13.844480
14.075904
11.851776
13.552640
14.030848
11.555840
13.832191
11.854848
13.577216
14.082048
11.612160
13.833216
14.069759
11.853825
13.574144
14.088192
11.617279
13.805568
11.849728
13.547520
14.075904
14.070784
11.586559
13.820928
11.856896
13.516800
14.083072
11.590656
13.775872
11.816960
13.589504
14.074881
14.072832
11.570175
13.790208
11.858944
13.616128
14.077952
11.622400
13.850624
14.084096
11.850752
14.014464
14.074881
9.643007
13.663233
13.655040
13.598720
14.078976
11.580416
13.798400
11.850752
13.556736
14.075904
14.066689
11.850752
14.051329
11.848704
13.506560
14.041088
11.584512
13.814784
11.844608
13.529088
14.064640
11.547647
13.811712
14.078976
11.862017
13.521920
14.071808
11.590656
13.840384
11.853825
13.521919
14.065664
14.067713
11.849728
14.083073
11.856895
13.566977
14.066689
11.578368
13.779968
11.853825
13.543425
14.070784
14.035969
11.857920
14.064640
11.849728
Control Period
13.557760
14.038015
11.603968
13.816832
11.860992
13.517824
14.065664
11.589632
13.523968
13.828096
11.850752
13.526016
14.068736
11.611135
13.776896
11.862017
13.598721
14.062592
14.058496
11.845633
14.026752
11.859968
13.535233
14.063616
11.557888
13.832191
11.857920
13.562880
14.049280
14.006271
11.601920
13.804544
11.859968
13.564928
14.059521
11.601920
13.820929
11.855872
13.549568
14.071808
14.063616
11.591681
13.811712
11.811840
13.544448
14.068736
11.582464
13.796352
14.064640
11.813889
14.040064
9.638912
13.587456
13.604864
13.984768
14.029823
11.589632
13.811712
11.817984
13.555712
14.071808
11.614208
13.821953
14.066689
11.814912
14.064640
14.070784
11.633664
13.843456
11.858944
13.606913
14.065664
11.619328
13.843456
14.035968
11.851776
13.560832
14.070784
11.584512
13.792255
11.855872
13.503489
14.075905
14.071808
11.868160
14.090240
11.862016
14.025728
14.086143
11.593728
13.799424
11.820032
13.557760
14.087168
11.619328
13.566977
13.821952
11.816959
13.531136
14.081024
11.592704
13.812737
Control Period
11.853825
13.579264
14.062592
14.068736
11.849728
14.062592
11.852800
13.595648
14.082048
11.619328
13.834240
11.850752
13.492224
14.052352
14.030848
11.569152
13.786112
11.855872
13.607936
14.064640
11.603968
13.768704
14.066689
11.852800
14.070784
14.084097
11.615232
13.826048
11.821056
13.539328
14.072832
11.592705
13.818880
14.063616
11.846656
13.554688
14.078976
11.600896
13.776896
11.858944
11.865088
14.072832
14.076928
11.870208
13.512704
14.067713
11.550720
13.751296
11.863040
13.508608
14.071808
14.026752
11.862017
14.033920
11.849728
13.505536
14.072832
11.602943
13.824000
11.862017
13.616128
14.093312
14.087168
11.612160
13.840384
11.851776
13.554688
14.071808
11.615232
13.843456
14.072832
11.857920
14.076928
14.091264
11.601920
13.834240
11.845633
13.583361
14.024704
11.604992
13.757441
14.060544
11.851776
13.581312
14.065664
11.622400
13.788160
11.858944
13.536256
14.077951
11.583488
13.828096
14.080000
11.849728
13.507584
14.066689
11.574272
13.812737
11.873280
13.532160
14.072832
Control Period
11.590656
13.819904
14.048256
11.851776
14.072832
14.074881
11.610111
13.845505
11.863040
13.611008
14.082048
14.068736
11.580416
13.791231
11.856895
13.611008
14.082048
11.627520
13.841408
14.076928
11.866112
13.580288
14.085120
11.615232
13.824000
11.848703
13.550592
14.056448
14.092288
11.858944
14.083072
11.855871
13.566977
14.066689
11.593728
13.835264
11.859968
13.509632
14.090240
14.034945
11.599873
13.804544
11.863040
13.526016
14.046207
11.594751
13.827072
11.848704
13.506559
14.065664
14.031872
11.575296
13.826048
11.837440
11.844608
14.089216
14.089216
11.854849
13.594624
14.083073
11.611135
13.832191
14.061567
11.860992
14.074881
13.996033
11.600896
13.749249
11.853825
13.523968
14.055424
11.563007
13.792255
14.066689
11.811840
14.052352
14.076928
11.541504
13.805569
11.852800
13.581312
14.075905
11.537408
13.791232
11.827200
13.569024
13.581312
14.072832
11.610112
13.769728
11.851776
9.640961
13.624319
13.677568
14.086144
14.074881
11.555840
13.820929
11.847680
13.497344
Control Period
14.054399
11.588608
13.763584
14.086143
11.845633
13.532160
14.083073
11.617280
13.836288
11.852800
13.556736
14.057472
14.069759
11.847712
14.076928
11.872255
13.594624
14.083073
11.600896
13.821953
11.860992
13.554688
14.038015
14.026752
11.588608
13.837313
11.854849
13.517824
14.085119
11.576320
13.828096
11.845633
13.563904
14.081024
9.641984
12.816384
12.877824
14.068736
13.247488
10.790913
13.778944
11.045888
12.713984
14.087168
10.743808
13.016064
14.052352
11.042816
13.212671
14.078976
10.730495
12.991488
11.858944
12.669952
13.260800
11.582464
12.954624
13.246464
11.864063
12.655616
13.212671
11.611135
12.939264
11.040768
13.480960
13.262848
10.743808
13.778944
13.339648
11.084801
14.091264
13.314049
10.920960
13.841408
11.076608
12.754944
14.073856
13.263872
10.687489
13.796352
10.963968
12.888064
14.074881
10.878977
13.004800
14.067712
11.008000
13.255680
14.075904
10.910720
13.100032
11.871232
12.716032
13.204480
11.547647
12.971008
13.257729
11.944960
Control Period
12.773376
13.258753
11.607040
13.021184
11.037696
11.855872
13.256704
13.465600
11.857920
12.803072
13.239296
11.550720
13.006847
13.254656
11.808768
12.664832
13.221888
11.563007
12.997632
11.032576
13.472768
13.256704
10.733568
13.801472
13.259776
10.954752
14.081024
13.344769
10.900480
13.837313
11.129856
12.881920
14.094336
13.260799
10.780672
13.841408
11.031551
12.746752
14.061567
10.774528
12.999680
14.036992
11.029504
13.215744
14.074881
10.999808
13.251584
11.856895
12.689408
13.236223
11.604992
12.955648
13.235201
11.858944
13.268992
13.320192
11.587584
12.932096
11.044865
13.573120
13.206528
10.799104
13.816832
11.044864
11.041792
14.077951
13.296640
11.031552
13.514752
13.203456
10.787840
13.771776
11.020288
12.759041
14.076928
13.252607
10.802176
13.779968
11.031551
12.709888
14.064640
10.896383
13.114368
14.069760
11.142143
12.773376
14.087168
10.783744
13.010944
11.863040
12.710913
13.248512
11.589632
12.942336
13.254656
11.804672
12.627968
13.252607
11.622400
Control Period
12.992512
11.041792
13.497344
13.250560
13.205503
11.855872
13.238272
11.036673
13.545471
13.249537
10.732544
13.772800
11.045888
12.696576
14.081024
13.282305
11.044865
14.072832
11.031552
12.732416
14.069760
10.722304
12.949504
11.858944
12.722176
13.258753
14.076928
11.041792
13.315072
11.855872
12.892160
13.342720
11.617280
13.093888
13.341696
11.873280
12.751872
8.815617
13.614080
12.965888
13.300735
14.075904
10.770432
12.990464
11.860992
12.682240
13.227009
11.559936
12.988417
13.216768
11.862016
12.732416
13.244416
11.613184
13.009920
10.963968
13.531136
13.163520
10.769408
13.826048
13.263872
11.049984
14.077952
13.307903
10.793983
13.823999
11.063295
12.679169
14.031872
13.247488
10.975232
14.085120
11.164672
12.881920
14.077952
10.899456
13.115392
14.067712
11.099136
13.273088
14.068736
10.853376
12.992512
11.856895
12.711936
13.240320
11.555840
13.011969
13.250561
11.841536
12.703744
13.245440
11.552769
13.017088
11.038720
13.587456
13.237247
8.819712
13.631488
13.674496
14.069760
14.064640
Control Period
11.559937
13.833216
11.850752
13.551617
14.078976
9.643007
14.074881
14.093311
14.077951
11.591680
13.803520
11.854849
13.514752
14.066689
11.596800
13.822976
14.026752
11.853825
13.560832
14.078976
11.617280
13.832191
11.859968
13.618176
14.088192
14.076928
11.574272
13.807615
11.849728
13.506559
14.082048
11.591681
13.840384
11.815936
13.493248
14.085120
14.077952
11.572224
13.820929
11.814912
13.555712
14.068736
11.622400
13.853696
14.074881
11.864064
14.039040
14.072832
11.614208
13.802496
11.867136
13.566977
14.048256
11.616257
13.829121
11.844608
13.585408
13.575168
14.088192
11.603968
13.811712
11.852800
13.574144
14.075904
14.063616
11.855872
14.081024
11.858944
13.595648
14.083073
11.636736
13.842432
14.087168
11.852800
14.069759
14.066689
11.587584
13.767679
11.875328
13.577216
14.096384
11.595776
13.768736
14.074881
11.857920
14.082048
14.069759
11.603968
13.807615
11.859968
13.584384
14.082048
11.574272
13.808640
14.067713
11.857920
13.471745
14.069759
11.572224
13.834240
11.867136
11.856895
Control Period
14.075904
14.091264
11.841536
13.481984
14.027776
11.606016
13.832191
11.852800
13.526016
13.526016
14.075905
11.638784
13.835264
11.870208
13.617151
14.076928
14.083072
11.851776
14.081024
11.856895
13.527040
14.051329
11.599872
13.816832
11.819008
13.490176
14.067712
11.594751
13.577216
13.771776
11.819008
13.583360
14.065664
11.613184
13.797376
11.853825
13.488128
14.044161
14.025728
11.837440
14.074881
11.831296
13.561855
14.059521
11.693056
13.771776
11.849728
13.495296
14.063616
14.078976
11.859968
14.062592
11.844608
13.576193
14.076928
11.615232
13.776896
11.837440
13.526016
14.057472
14.072832
11.572224
13.830145
11.868160
13.631488
14.066689
11.559937
13.736959
14.069760
11.855872
14.085120
14.069759
11.853825
14.040064
11.875328
13.559808
14.070784
11.551744
13.776896
11.860992
13.556736
14.098433
14.078976
11.606016
13.825024
11.862016
13.527040
14.031872
11.626495
13.813761
14.060544
11.859968
14.071808
14.073856
11.592704
13.813760
11.860992
13.530111
14.082048
Control Period
11.564032
13.778944
14.076928
11.846656
13.563904
14.062592
9.638912
13.178880
13.345792
14.089216
10.795008
12.986368
11.868160
12.740608
13.215744
11.556864
12.993536
13.241344
11.856895
12.755968
13.338624
11.622400
13.020161
11.037697
13.500416
13.257729
13.229056
11.847680
13.189119
11.167744
13.605888
13.296640
10.729472
13.770752
11.034624
12.752895
14.070784
13.257729
10.774529
13.823999
11.038720
12.696576
14.069760
10.739712
12.945408
14.075905
11.027456
13.205503
14.078976
11.033600
13.263872
11.856895
12.707840
13.315072
11.628544
13.103104
13.344769
11.864063
12.776448
13.272064
11.591681
12.941312
10.985472
13.554688
13.205503
10.734592
13.771776
13.251584
10.980352
14.065664
13.241344
10.807296
13.799423
11.029504
12.744703
14.069760
13.207552
10.958848
14.086144
11.230207
12.891136
14.071808
10.831872
12.986368
11.846656
12.637184
13.329409
14.085119
11.128832
13.296640
11.857920
12.720128
13.238272
11.586560
12.947456
13.252607
11.851776
13.216768
13.252607
11.559937
13.032448
Control Period
11.039743
13.528064
13.241344
10.804224
13.762560
11.045888
12.696576
14.075904
13.258752
10.707968
13.757440
11.043840
12.750848
14.077951
10.795008
12.934144
14.066689
10.949632
13.332479
14.076928
10.889215
12.989440
11.846656
12.718081
13.251584
11.594751
10.717184
10.796032
13.719552
13.274113
13.347840
11.860992
12.787712
13.345792
11.628544
13.120512
13.321217
11.851776
12.736511
13.255680
11.567104
12.944384
11.041792
13.534208
13.182976
10.782721
13.772800
13.200384
11.024384
14.081024
13.253632
10.738688
13.778944
10.996736
12.680192
14.069760
10.790913
13.005824
14.072832
11.037696
13.228032
14.067712
10.820608
13.000704
11.866112
12.662784
13.255680
11.617280
12.960768
13.248512
11.857920
12.732416
13.250561
11.603968
12.949504
11.025408
13.511680
13.260800
10.778624
13.863935
13.352960
11.072512
13.499392
13.230080
8.829952
13.626368
13.664256
14.080000
14.069759
11.589632
13.828096
11.859968
13.575169
14.071808
11.582464
13.799424
11.850752
13.557760
Control Period
13.483007
14.083072
11.555840
13.831168
11.863040
13.516800
14.068736
11.607040
13.820929
11.815936
13.517824
14.074881
14.035969
11.597824
13.727744
11.817984
13.550592
14.059520
11.576320
13.786112
11.862017
13.518848
14.018560
14.067713
11.859968
14.075905
11.867136
13.596672
14.075904
11.597824
13.816832
11.854848
13.592576
13.614080
14.036992
11.575296
13.831168
11.853825
13.533184
14.028800
11.557888
13.826048
14.078976
11.849728
14.054399
14.076928
11.621376
13.849600
11.864064
13.559809
14.038015
11.596800
13.547520
13.804544
11.853825
13.536256
14.068736
11.623425
13.760511
11.849728
13.544448
14.073856
14.064640
11.844608
14.061568
11.871231
13.532160
14.061568
11.575296
13.831167
11.857920
13.531136
14.027777
14.061567
11.850752
14.074881
11.850752
13.601791
14.035968
11.565056
13.773825
11.806720
13.555712
14.089216
14.075904
11.616257
13.806592
11.867136
13.578239
14.075905
11.617280
13.830144
14.065664
11.845633
13.645824
14.074881
11.550720
13.818880
Control Period
11.862017
13.576193
14.078976
11.618303
13.784064
14.039040
11.862017
13.539328
14.078976
11.619328
13.776896
11.853825
13.474816
14.053376
11.620352
13.720576
14.077952
11.819008
14.018560
14.060544
11.600897
13.773824
11.853825
13.533184
14.068736
11.604992
13.836288
14.085120
11.825151
14.068736
14.073856
11.595776
13.764608
11.859968
13.608959
14.074881
11.617280
13.838336
14.070784
11.868160
13.582336
14.075904
11.548672
13.831168
11.854849
13.532160
14.033920
14.057472
11.606016
13.810688
11.857920
13.469728
14.068736
11.544577
13.823999
11.848704
13.548544
14.058496
11.602944
13.552640
13.801472
11.862016
13.561855
14.080000
11.597824
13.832191
11.866112
13.540352
14.034945
14.092288
11.851776
14.062592
11.849728
13.581312
14.074881
11.557888
13.770752
11.868160
13.556736
14.044161
14.050304
11.607040
13.848576
11.862017
13.515776
14.067712
11.563008
13.841408
14.050304
11.862017
14.072832
14.020608
11.566080
13.814783
11.805696
13.513728
14.069760
11.555840
13.767679
14.072832
11.800575
Control Period
14.062592
14.075904
9.635839
10.967040
13.599744
14.083073
11.229184
12.879871
14.081024
10.796032
12.995584
14.028800
11.018240
13.202433
14.074881
10.858496
13.015039
11.860992
12.704768
13.193216
11.627520
13.115392
13.339648
11.868160
12.784640
13.249537
11.590656
12.992512
13.251584
11.858944
13.257728
13.322240
11.602943
13.000704
10.994688
13.559808
13.243392
10.798080
13.771776
11.032576
12.724224
14.087168
13.264896
10.770432
13.815808
11.023360
12.729343
14.055424
10.766335
12.977152
14.066689
11.044865
13.275136
14.088192
10.896383
13.090816
11.854848
12.732416
13.247488
11.596800
13.011969
13.259776
11.852800
12.734464
13.201408
11.582464
12.946432
11.044865
13.467648
13.259776
13.246464
11.849728
13.276159
11.112448
13.581312
13.268991
10.740736
13.766656
11.042816
12.678144
14.073856
13.245440
10.695681
13.771776
11.038720
12.718081
14.047232
10.730495
13.026304
11.855872
12.741632
13.248512
14.062592
11.041792
13.275136
11.867136
12.741632
13.243392
11.577345
12.932096
13.244415
11.858944
13.257729
13.343744
Control Period
11.614208
12.977152
11.038720
13.562880
13.334528
10.896384
13.850624
13.347839
11.080704
14.070784
13.260799
10.777599
13.771776
11.034624
12.652544
14.062592
13.242369
8.764416
14.088192
14.097408
14.094336
11.629568
13.836288
11.863040
13.617152
14.067712
14.091264
11.595776
13.805568
11.848703
13.590528
14.063616
11.599873
13.821952
11.859968
13.554688
14.093311
14.062592
9.636864
12.826624
13.602816
13.317120
13.255680
11.613184
13.011969
11.033600
13.555712
13.270016
10.807296
13.810688
11.031552
12.774400
14.071808
13.244416
10.767360
13.808640
11.040768
12.740608
14.076928
13.250560
10.988544
14.074881
11.073536
12.732416
14.063616
10.735616
13.028352
11.865088
12.874752
13.278208
14.090240
11.038720
13.320192
11.870208
12.756992
13.267968
9.649152
13.254656
13.357056
14.084096
10.785792
13.006848
11.854849
12.745728
13.265921
11.539455
12.997632
13.250561
11.843584
12.626944
13.217793
11.604992
12.996608
10.982400
13.554688
13.219840
10.763264
13.783040
13.261824
11.026432
14.023680
Control Period
13.254656
10.795008
13.770752
11.026432
12.705791
14.070784
13.234177
11.041792
14.093312
11.100161
12.653568
9.643007
14.083072
14.086143
14.075904
11.611135
13.828096
11.846657
13.540352
14.040064
11.592705
13.829121
14.040064
11.844608
13.565952
14.078976
11.583488
13.806592
11.849728
13.515776
14.075905
14.025728
11.842560
14.077952
11.860992
13.559808
14.033920
11.610112
13.844481
11.811840
13.558784
14.072832
11.557888
13.499392
13.805569
11.859968
13.521919
14.066689
11.559937
13.783040
11.852800
13.530112
14.070784
9.645056
14.052353
14.069759
14.078976
11.620352
13.785088
11.860992
13.534208
14.035969
11.552769
13.817856
14.060544
11.852800
13.584384
14.078976
11.634687
13.838336
11.862017
13.607936
14.059521
14.035969
11.593728
13.766656
11.852800
13.491199
14.032896
11.607040
13.785088
11.836416
13.501440
14.076928
11.629568
13.560832
13.827072
11.860992
13.543425
14.073856
11.550720
13.749249
11.851776
13.520896
14.065664
14.063616
11.847680
14.083073
11.864064
13.505536
14.064640
Control Period
11.564032
13.807615
11.851776
13.466623
14.071808
14.034945
11.848703
14.049280
11.863040
13.554688
14.068736
11.598848
13.761536
11.850752
13.531136
14.051328
14.071808
11.604992
13.844481
11.847680
13.553664
14.081024
11.559937
13.835264
11.852800
13.580288
14.070784
14.065664
11.593727
13.805568
11.851776
13.489152
14.044160
11.594751
13.808640
11.854849
13.507584
14.026752
14.030848
11.612160
13.850624
11.857920
13.596672
14.086143
11.606016
13.776896
14.078976
11.854848
14.070784
14.029824
11.596800
13.789185
11.850752
13.522943
14.082048
11.544577
13.816832
14.059521
11.849728
13.588480
14.065664
11.590656
13.789184
11.855872
13.526016
14.034945
11.587584
13.824000
14.070784
11.857920
13.616128
14.074881
11.612160
13.748224
11.854848
13.509632
14.075905
14.042112
11.870208
14.082048
11.839488
13.558784
14.033920
11.557888
13.862912
11.866112
13.609983
14.074881
14.075905
11.611136
13.821952
11.820032
13.522943
14.038016
11.582464
13.794304
14.064640
11.853825
14.067712
Control Period
14.083073
11.619328
13.818880
11.855872
13.474815
14.072832
11.541504
13.834240
14.026752
11.858944
13.576193
14.068736
11.575296
13.767680
11.845633
13.557760
14.054399
11.618303
13.858816
14.082048
11.869184
13.556736
14.023680
9.637888
13.209600
14.096384
13.552640
10.858496
13.775871
11.044865
12.777472
14.075904
13.251584
10.771456
13.806592
11.032576
12.641280
14.065664
10.746880
13.007872
11.859968
12.687360
13.256704
14.071808
11.017216
13.282305
11.866112
12.752896
13.242369
11.610112
12.984320
13.261824
11.854848
12.692480
13.239296
11.539456
12.998656
11.025408
13.470720
13.237247
10.740736
13.822976
13.319168
11.087872
14.076928
13.366272
10.838017
13.761536
11.026432
12.684288
14.076928
13.248512
11.043840
14.068736
11.113472
12.764160
14.073856
10.745856
12.996609
11.859968
12.722176
13.242369
14.067712
10.984447
13.250561
11.849728
12.670976
13.254656
11.601920
13.019136
13.247488
11.853825
13.200384
13.411327
11.622400
13.045760
10.986496
13.556736
13.195264
10.733568
13.770752
11.017216
12.703744
Control Period
14.080000
13.263872
10.789888
13.763584
11.049984
12.677120
14.076928
10.790913
13.019136
14.069759
11.032576
13.253632
14.062592
10.735617
12.954624
11.847680
12.729343
13.328384
11.613184
13.118464
13.337601
11.850752
12.723200
13.264896
11.546624
12.947456
11.056128
13.526016
11.032576
13.291520
14.076928
11.058176
12.704768
14.073856
10.738688
12.962816
11.857920
12.874752
13.350912
14.076928
10.846208
12.993536
11.866112
12.681215
13.173759
11.559937
12.988417
13.243392
11.846656
13.211648
13.369345
11.615232
13.114368
11.127808
13.598720
13.344769
13.306880
11.852800
13.228032
11.084800
13.475840
13.241344
10.726400
13.760511
11.032576
12.736512
14.073856
13.254656
11.049984
14.070784
11.075584
12.689408
14.076928
10.748928
12.934144
11.856895
12.688384
11.017216
14.091264
13.559808
11.143167
13.613056
13.348864
10.886145
13.845505
13.307903
11.035648
13.549568
13.260800
10.736640
13.801472
11.006976
12.743680
14.060544
13.243392
10.765312
13.817856
11.035648
12.713984
14.070784
Control Period
10.760192
12.993536
11.862017
12.756992
13.251584
14.073856
11.001856
13.341696
11.859968
12.703744
13.257729
11.565056
13.024256
13.256704
11.855872
13.270016
13.344769
11.617280
13.051904
11.044865
13.512704
13.231104
10.829824
13.769728
13.266945
11.041792
14.071808
13.312000
10.830848
13.779968
11.025408
12.739584
14.072832
13.264896
11.029504
14.082048
11.094016
12.747776
14.083073
10.738688
13.009920
11.853825
12.703744
13.244416
14.072832
10.996737
13.254656
11.857920
12.740608
13.248512
11.543552
12.991488
13.273088
11.856895
13.209600
13.395967
9.639936
13.294592
13.576192
14.086143
10.934273
13.121536
11.843584
12.751872
13.201408
14.069760
11.021312
13.251584
11.860992
12.723200
13.236224
11.616257
12.941312
13.242368
11.843584
13.175808
13.235201
11.602943
12.976128
11.062272
13.505536
13.261824
10.754047
13.769728
11.042816
12.881920
14.076928
13.350912
10.748928
13.798400
11.015168
12.758017
14.075904
13.255680
10.986496
14.077952
11.158528
12.862464
14.076928
Control Period
10.893312
13.118464
14.070784
11.092992
13.227009
14.085120
9.006081
13.415424
14.088192
13.409280
10.801151
13.773824
10.981377
12.638208
14.074881
13.261824
10.745855
13.760512
10.989569
12.797953
14.075905
10.779648
10.772480
11.864064
13.388800
13.445120
11.847680
12.715008
13.247488
11.582464
12.915712
13.245440
11.809792
13.192192
13.249537
11.627520
13.002752
11.032576
13.533184
13.247488
10.787840
13.821952
13.245440
11.030528
14.064640
13.264896
10.917889
13.836288
11.120640
12.873728
14.063616
13.348896
10.807296
11.590656
10.752000
13.001728
13.861888
13.390848
11.106304
13.536256
13.258753
10.755072
13.809664
11.017216
12.698624
14.040064
13.201408
10.791936
13.814784
11.039743
12.690432
14.080000
10.739712
12.978176
11.864064
12.656639
13.254656
14.068736
11.037697
13.323264
11.855872
12.672001
13.232128
11.603968
12.997631
13.252608
11.863040
13.212672
13.377537
11.618304
13.114368
11.123713
13.597696
13.340672
13.304832
11.855872
13.203456
11.149312
Control Period
13.604864
13.360128
10.896384
13.835264
13.344769
11.085824
14.070784
13.242368
10.786816
13.819904
11.044865
12.667904
14.069759
10.730495
13.001728
14.055424
11.032576
13.237247
14.066689
10.791936
12.957696
11.857920
12.704767
13.256704
11.550720
12.969984
13.270016
11.857920
12.744704
13.244415
11.580416
12.925952
11.000832
13.514751
13.252608
10.736640
13.762560
13.260799
11.034624
14.067712
13.330433
10.895360
13.830144
11.130880
12.774401
14.075905
13.301760
10.807296
13.847551
11.123713
12.882944
14.068736
10.894336
13.094912
14.068736
11.031552
13.223936
14.085120
10.774529
12.930048
11.860992
12.702720
13.242369
11.602943
13.019136
13.251584
11.854848
12.710912
13.280256
11.623425
13.115393
11.137024
13.605888
13.333504
13.335552
11.836416
13.277184
11.063296
13.464577
13.267967
10.785791
13.778944
10.992640
12.745728
14.071808
13.229055
10.744832
13.802496
11.036673
12.706816
14.085120
10.773504
12.993536
11.859968
12.666880
13.283328
14.088192
11.132929
13.352961
11.858944
Control Period
12.732416
13.270016
11.601920
13.002752
13.251584
11.851776
12.677120
13.222912
11.550720
12.973057
11.029504
13.490176
13.247488
10.762239
13.850624
13.316096
11.040768
14.080000
13.295616
10.865664
13.731840
11.041792
12.703744
14.065664
13.248512
11.030528
14.090240
11.007999
12.769279
14.052352
10.753024
13.008896
11.855872
12.707840
13.267968
11.583488
13.009920
13.248512
11.859968
12.755968
13.256704
11.565056
13.006847
11.034624
13.521919
13.246464
13.264896
11.858944
13.258752
11.039743
13.575169
13.252608
10.731520
11.590656
11.042816
13.546495
14.073856
11.175936
12.880896
14.067712
10.820608
12.996609
14.076928
11.030528
13.239296
14.078976
10.903552
13.122561
11.859968
12.887039
13.296640
14.065664
11.027456
13.161472
11.854848
12.746752
13.253632
11.542528
13.007872
13.242368
11.850752
13.248512
13.247488
11.870208
13.249537
11.044864
13.546495
13.194241
10.778624
13.762560
11.030528
12.654593
14.069759
13.247488
10.745855
13.797377
11.027456
12.737535
14.069759
10.762239
12.941312
11.852800
Control Period
12.751872
13.295616
14.077951
11.030528
13.241344
11.865088
12.784639
13.258752
11.632640
13.101056
13.341696
11.853825
12.683264
13.265921
11.622400
13.123585
11.056128
13.537279
13.263872
13.248512
11.865088
13.265921
11.195392
13.609983
13.348864
10.838017
13.808640
11.039743
12.763136
14.072832
13.249537
10.708992
13.813761
11.028481
12.734464
14.083072
10.735617
12.952576
11.852800
12.758017
13.251584
14.015488
10.988544
13.346815
11.860992
12.875776
13.338624
11.626496
13.112320
13.280256
11.860992
12.743680
13.236223
11.540480
12.998655
11.030528
13.491199
13.261824
8.816641
14.102528
14.107648
14.084096
11.634687
13.836288
11.866112
13.602816
14.095360
14.031872
11.598848
13.832192
11.853825
13.529088
14.056448
11.604992
13.829121
11.850752
13.557760
14.064640
14.067712
11.593728
13.778944
11.856895
13.537280
14.080000
11.583488
13.809664
14.077951
11.816959
14.077952
14.082048
11.612160
13.822976
11.856895
13.598721
14.094336
14.073856
11.852800
14.042112
11.860992
13.558784
14.063616
Control Period
11.551744
13.773824
11.843584
13.528064
14.074881
14.081024
11.858944
14.068736
11.868160
13.563904
14.062592
11.612160
13.850624
14.073856
11.857920
14.070784
14.074881
11.592704
13.812737
11.863040
13.564928
14.074881
11.609088
13.818880
14.092288
11.854848
13.571072
11.847680
14.094336
14.075904
11.854848
13.509632
14.033920
11.598848
13.826048
11.869184
13.584384
13.511680
14.071808
11.608065
13.813761
11.851776
13.557760
14.070784
11.601920
13.799424
14.021631
11.852800
14.068736
14.073856
11.607040
13.810688
11.855872
13.475840
14.066689
11.553792
13.817856
14.059520
11.843584
13.591553
14.071808
11.633663
13.840384
11.867136
13.566976
14.080000
14.033920
11.859968
14.080000
11.851776
13.568001
14.076928
11.596800
13.831168
11.875328
13.518848
14.028800
14.029823
11.554815
13.817856
11.853825
13.461504
14.068736
11.588608
13.808640
11.814912
13.614080
14.073856
14.071808
11.602943
13.815807
11.813889
13.529088
14.035968
11.595776
13.780993
14.075905
11.854848
Control Period
14.061568
14.085120
11.632640
13.852673
11.856895
13.607936
14.071808
14.077951
11.855872
14.028800
11.862017
11.853825
14.087168
14.075905
11.815936
13.557760
14.063616
11.603968
13.775871
11.855872
13.524992
14.071808
14.086143
11.860992
14.069760
11.841536
13.555712
14.066689
11.560960
13.827072
11.847680
13.589504
14.068736
14.025728
11.849728
14.091265
11.846656
13.578240
14.025728
11.614208
13.737984
11.857920
13.596672
14.071808
14.059521
11.599872
13.818880
11.849728
13.553664
14.081024
11.625472
13.773824
14.042112
11.857920
14.091264
14.072832
11.627520
13.835264
11.866112
13.596672
14.070784
14.077952
11.854848
14.029824
11.850752
13.585407
14.067713
11.580416
13.769728
11.856896
13.539328
14.072832
14.080000
11.862016
14.044160
11.854849
13.540352
14.077951
11.609088
13.769728
11.866112
13.599744
14.066689
14.035969
11.590656
13.814784
11.814913
13.626368
14.076928
11.629568
13.849600
14.076928
11.851776
14.094336
14.074881
11.608065
13.780993
Control Period
11.850752
13.506559
14.062592
11.566080
13.822976
11.862017
13.523968
13.537280
14.039040
11.631617
13.844481
11.856895
14.067712
14.080000
14.087168
11.865088
14.075904
11.844608
13.522943
14.068736
11.588608
13.807616
11.856896
13.573120
14.080000
14.063616
11.594752
13.822976
11.851776
13.612032
14.064640
11.621376
13.837312
14.072832
11.847680
13.554688
14.095360
11.603968
13.811712
11.858944
11.852800
14.080000
14.077952
11.865088
13.554688
14.077952
11.610112
13.836288
14.067713
11.860992
14.049280
14.075904
11.594751
13.817856
11.850752
13.522943
14.071808
11.573248
13.758464
11.847680
13.515776
14.027777
14.035968
11.596800
13.811712
11.849728
13.504512
14.061567
11.552769
13.830145
11.814912
13.534208
14.070784
13.985792
11.607040
13.793312
11.851776
13.543425
14.070784
9.637888
12.780544
12.982271
14.080000
13.350912
8.884224
14.090240
13.443072
13.504512
11.613184
13.137920
13.335552
11.859968
13.260799
13.240320
11.578367
12.942336
11.034624
13.570048
13.245440
Control Period
10.779648
13.821952
11.041792
12.697599
14.062592
13.203456
10.720256
13.764608
11.040768
12.749825
14.038015
10.758144
13.016064
11.860992
12.709888
13.253632
14.069760
11.047935
13.279232
11.849728
12.793856
13.257729
11.615232
12.946432
13.251584
11.809792
13.214720
13.324287
11.606016
12.963840
11.038720
13.552640
13.322240
10.914816
13.839360
13.344769
11.065344
13.560832
13.254656
10.784768
13.857792
11.139072
12.872704
14.069760
13.343744
10.785791
13.801472
11.035648
12.762112
14.063616
10.716160
12.998655
14.077951
10.988544
13.275136
14.083073
10.756096
13.008896
11.857920
12.705791
13.192192
11.604992
12.946432
13.238272
11.862017
12.759040
13.244416
11.558912
12.999680
11.025408
13.561855
13.240320
10.745856
13.779968
13.255680
11.026432
14.057472
13.335552
10.905600
13.841408
11.123713
12.884993
14.069760
13.340672
10.719233
13.807616
11.035648
12.896255
14.076928
10.905600
13.114368
14.075904
11.113472
12.730368
14.084097
10.741760
12.943360
11.862016
12.686337
13.246464
11.608065
13.009920
Control Period
13.204480
11.856896
12.746752
13.248512
11.560960
13.016064
11.043840
13.521920
13.255680
13.262848
11.863040
11.033600
8.910849
13.609983
12.874752
13.288448
14.068736
10.824703
13.057024
11.853825
12.744704
13.259776
11.534336
12.925952
13.286400
11.851776
13.267967
13.343744
11.553792
12.956672
11.034624
13.520896
13.250560
10.790913
13.785088
13.342720
11.149312
14.059521
13.369344
10.949632
13.851648
11.144192
12.773376
14.092288
13.253632
10.716160
13.790208
11.040768
12.699648
14.072832
8.819712
13.603840
13.712384
13.541376
14.061567
11.601920
13.811712
11.848704
13.570047
14.069760
14.059520
11.849728
14.059520
11.852800
14.077951
14.076928
11.549696
13.811712
11.832319
13.536256
14.041088
11.606016
13.758464
14.069759
11.820032
13.550592
14.071808
11.572224
13.792256
11.855872
13.553663
14.075904
11.630592
13.844480
14.081024
11.847679
13.551617
14.076928
11.638784
13.841408
11.860992
13.598721
14.030848
14.041088
11.588608
13.805569
11.846656
13.503489
14.041088
11.550720
13.833216
11.821056
Control Period
13.527040
14.075904
14.059521
11.612160
13.740032
11.858944
13.578240
14.066689
11.555840
13.829120
11.863040
13.542400
14.048256
14.065664
11.816959
14.067713
11.850752
13.527040
14.056448
11.586559
13.826048
11.799552
13.565952
14.082048
14.062592
11.597824
13.838336
11.850752
13.599744
9.639936
13.046783
13.149184
14.085120
13.348864
10.816512
13.769728
11.049984
12.705791
14.076928
13.254656
10.979328
14.081024
11.035648
12.742656
14.064640
10.743808
12.985344
11.857920
12.710913
13.257729
14.071808
10.980352
13.244416
11.856896
12.736511
13.301760
11.606016
13.010944
13.252608
11.867136
13.268991
13.298688
11.631616
13.114368
11.126783
13.562880
13.257729
10.740736
13.775871
13.249537
11.025408
14.068736
13.280256
10.741760
13.773825
11.045888
12.886016
14.073856
13.339648
11.114496
14.081024
11.136000
12.894208
14.073856
10.884096
13.109248
14.071808
11.104256
13.253632
14.061568
10.780672
13.000704
11.846657
12.698624
13.225985
11.585536
12.991488
13.206528
11.848704
12.758017
Control Period
13.245440
11.554816
12.978176
11.031551
13.552640
13.240320
10.778624
13.767680
13.249537
11.049984
14.072832
13.307903
10.781696
13.809664
11.017216
12.718081
14.073856
13.241344
10.989568
14.096384
11.109376
12.875776
14.073856
10.911744
13.113344
11.846656
12.825600
13.252607
14.050304
11.030528
13.367296
11.857920
12.754944
13.252607
11.599873
13.005824
13.246464
11.839488
12.732416
13.254656
11.624448
12.995584
11.038720
13.518848
13.275136
10.768385
13.806592
13.237247
11.040768
14.087168
13.250560
10.778624
13.828096
11.036673
12.680192
14.066689
13.247488
11.049984
14.091264
11.089920
12.759041
14.036992
10.787840
12.949504
11.847680
12.701696
13.261824
14.062592
11.009024
13.245440
11.852800
12.706816
13.254656
11.540480
12.988416
11.064320
13.632512
13.345793
13.323263
11.548672
12.963840
11.026432
13.500416
13.244416
10.744832
13.779968
11.117568
12.861441
14.067712
13.337601
10.808320
13.780993
11.039776
12.682240
14.067713
10.742785
12.965888
14.073856
11.047936
13.262848
Control Period
14.084096
10.791936
12.996608
11.850752
12.700672
13.266944
11.613184
12.976128
13.251584
11.810816
12.720128
13.338624
11.619328
13.128704
11.121664
13.612032
13.331455
13.267968
11.853825
13.239296
11.046912
13.554688
13.246464
10.791937
13.766656
11.039743
12.750848
14.062592
13.289473
10.793983
13.773825
10.997760
12.860416
14.069760
10.892288
13.096960
14.077951
11.120640
12.704767
14.065664
10.804224
13.001728
11.806720
12.666880
13.262848
11.619328
12.953600
13.246464
11.850752
12.719104
13.255680
11.565056
12.958720
11.037697
13.512704
13.250561
10.735617
13.775871
13.197311
10.983424
14.088192
13.363200
10.884096
13.851648
11.083776
12.668928
14.064640
13.254656
8.814592
14.088192
14.084096
14.083073
11.624448
13.847551
11.850752
13.583361
14.080000
14.075904
11.580416
13.807616
11.851776
13.549568
14.039040
11.599873
13.773825
11.858944
13.551616
14.067712
14.048256
11.603968
13.777920
11.869184
13.522943
14.078976
11.556864
13.837313
14.084096
11.819008
Control Period
14.016512
14.070784
11.871232
14.089216
11.860992
13.540352
14.028800
11.595776
13.813761
11.844608
13.568001
14.038016
14.053376
11.571200
13.819904
11.853825
13.617151
14.071808
11.631617
13.845504
14.071808
11.863040
13.485056
14.052352
11.601920
13.832191
11.846656
13.545472
14.067712
11.597824
13.768703
14.069759
11.855872
13.530112
14.062592
11.546624
13.815807
11.855872
13.526016
14.069759
11.582464
13.821953
14.071808
11.838464
13.568000
14.064640
11.546623
13.802496
11.869184
13.618176
14.087168
14.073856
11.602943
13.822976
11.853825
13.554688
14.076928
11.606016
13.837313
14.056448
11.842560
14.066689
14.081024
11.612160
13.854720
11.856896
13.603840
14.077952
14.071808
11.611135
13.808640
11.868160
13.565952
14.053375
11.595776
13.816832
14.056448
11.803648
14.076928
14.081024
11.621376
13.832191
11.849728
13.545472
14.065664
11.604992
13.832191
14.027777
11.842560
13.542400
14.036992
11.564032
13.774848
11.856896
13.616128
14.076928
11.613184
13.846528
14.077951
Control Period
11.868160
13.502464
14.027777
11.600897
13.768703
11.860992
13.604864
14.081024
14.072832
11.558912
13.821952
11.859968
13.606913
14.077951
11.617280
13.832191
14.074881
11.856896
13.527040
14.053375
11.588608
13.785088
11.854848
13.572096
14.080000
11.596800
13.784063
14.071808
11.849728
13.577215
14.031872
11.588608
13.797377
11.856895
13.538304
14.048256
11.599873
13.812737
14.069759
11.853825
14.026752
14.043137
11.584512
13.826048
11.868160
13.600767
14.074881
11.625472
13.593599
13.814784
11.845633
13.574144
14.067712
11.621376
13.758464
11.859968
13.527040
14.047232
14.065664
11.853825
14.089216
11.868160
13.603840
14.081024
11.599873
13.815808
14.028800
11.862017
13.617152
14.029824
11.550720
13.782017
11.841536
13.483007
14.023680
11.598848
13.772800
14.071808
11.848704
14.069760
14.089216
11.624449
13.828096
11.850752
13.568000
14.072832
14.048256
11.593728
13.764608
11.856895
13.504513
14.072832
11.625472
13.805569
11.852800
13.577216
14.068736
14.074881
11.855872
14.024704
Control Period
11.870208
13.603840
14.075905
11.559937
13.837313
11.841536
13.472768
14.032896
14.033920
11.860992
14.089216
11.856895
9.644032
13.779968
13.760511
14.090240
14.077951
11.609088
13.811712
11.851776
13.476864
14.071808
14.074881
11.595776
13.773824
11.855872
13.543424
14.060544
11.597824
13.793280
11.844608
13.509632
14.064640
14.058496
11.845633
14.087168
11.856895
13.591553
14.072832
11.635712
13.843456
14.068736
11.867136
13.571072
14.072832
11.567104
13.779968
11.857920
13.497344
14.067712
14.021632
11.850752
14.053376
11.842560
14.063616
14.027776
11.585536
13.775871
11.863040
13.604864
14.090240
14.078976
11.632641
13.838336
11.860992
13.614080
14.077952
11.589632
13.800447
14.055424
11.843584
13.526016
14.070784
11.610112
13.834240
11.849728
13.526016
14.058496
11.620352
13.818880
14.059520
11.851776
13.557760
14.029824
11.600897
13.844481
11.854849
13.466623
14.068736
14.062592
11.852800
14.094336
11.847680
13.564928
14.065664
11.548672
13.809664
11.811840
Control Period
13.573120
14.061568
11.606016
13.562880
13.823999
11.846656
13.560832
14.084096
11.641856
13.847551
14.064640
11.854848
14.064640
14.082048
11.616257
11.623425
13.597696
13.608959
14.063616
14.076928
11.859968
11.866112
11.878400
14.089216
14.082048
11.867136
13.603840
14.067713
9.649152
14.086144
14.082048
14.080000
11.607040
13.778944
11.863040
13.480960
14.047232
11.603968
13.808640
14.054399
11.813889
13.521920
14.071808
11.604992
13.808640
11.855871
13.583360
14.065664
11.598848
13.813761
14.016512
11.844608
14.107648
14.078976
11.584512
13.821953
11.854848
13.470720
14.077951
11.624448
13.791231
14.043137
11.856895
13.554688
14.084096
11.632640
13.840384
11.849728
13.602816
14.074881
14.064640
11.548672
13.826048
11.848703
13.609983
14.065664
11.626495
13.834240
14.068736
11.854849
13.517824
14.028800
11.614208
13.774848
11.863040
13.571072
14.073856
14.031872
11.853825
14.004225
11.848704
13.568000
14.070784
11.621376
13.829121
11.868160
13.565952
14.080000
Control Period
14.069759
11.603968
13.812737
11.850752
13.559808
14.067712
11.610112
13.826048
14.064640
11.860992
14.024704
14.038016
11.583488
13.826048
11.847680
13.494272
14.071808
11.548672
13.828096
11.845633
13.497344
14.049280
14.074881
11.617280
13.839359
11.849728
13.612032
14.068736
11.619328
13.845504
14.067712
11.855871
14.064640
14.024704
11.579391
13.810688
11.858944
13.534208
14.057472
11.598848
13.759488
14.041088
11.843584
13.511680
14.078976
11.578368
13.787136
11.864063
13.560832
14.077951
11.551744
13.819904
14.067712
11.811840
13.552640
14.074881
11.596800
13.824000
11.851776
13.580288
14.061568
14.066689
11.858944
14.032896
11.843584
13.495296
14.025728
11.608065
13.765633
11.836416
13.545471
14.072832
11.551744
13.753344
14.068736
11.836416
13.522943
14.082048
11.580416
13.789185
11.852800
13.600768
14.072832
14.070784
11.862016
14.071808
11.844608
13.569024
14.068736
11.588608
13.815807
11.850752
13.571072
14.046207
14.073856
11.593728
13.764608
Control Period
11.849728
13.485056
14.046207
11.593728
13.813761
11.810816
13.495296
14.071808
14.033920
11.606016
13.825024
11.845633
13.520896
14.053375
11.598848
13.743104
11.847680
13.469696
14.032896
14.063616
11.845633
14.069759
11.847680
13.559809
14.023680
11.570176
13.823999
11.858944
13.470720
14.027776
14.024704
11.862017
14.087168
11.855872
13.600767
14.065664
11.614208
13.835264
14.068736
11.855872
14.069759
14.066689
11.577344
13.771776
11.810816
13.480960
14.026752
11.550720
13.733889
14.045184
11.857920
14.070784
14.064640
11.548672
13.832191
11.855872
13.577216
14.028800
11.564032
13.824000
11.841536
13.565952
13.551616
14.029824
11.570176
13.768703
11.856896
13.569024
14.038015
11.551744
13.767712
11.813889
13.538303
14.078976
14.067712
11.585536
13.812737
11.809792
13.607936
14.073856
11.629568
13.848576
14.070784
11.857920
13.575169
14.072832
11.550720
13.720576
11.856895
13.500416
14.033920
11.551744
13.763584
14.033920
11.849728
13.478912
14.021632
11.582464
13.768703
11.848703
13.475840
14.028800
11.545600
13.772800
14.056448
11.845633
14.062592
14.023680
11.589632
13.803520
11.816959
13.484032
14.066689
11.590656
13.812737
14.068736
11.830272
14.064640
14.067713
11.594751
13.779968
11.852800
13.468672
14.031872
11.572224
13.771776
11.843584
13.530111
14.039040
14.064640
11.598848
13.776896
11.846656
13.616128
14.072832
11.624449
13.847551
14.027777
11.839488
14.062592
14.027776
11.599872
13.804544
11.813889
13.528064
14.077951
11.595776
13.800447
14.064640
11.849728
13.559808
