14.113792
9.631744
11.878401
11.855871
8.999936
11.757568
7.104512
4.822016
9.351168
9.366528
7.261184
7.099392
7.218176
11.220991
4.834304
9.517056
9.602048
4.831232
8.415232
9.380864
4.818944
6.630400
7.223296
14.110720
4.827136
4.832256
9.586688
4.839424
9.658367
9.389056
4.838400
7.245824
7.087104
9.491456
4.817920
4.828160
11.011072
4.835328
4.822016
9.388032
4.842496
8.412160
7.092224
7.235584
6.630400
4.832256
12.648448
7.209984
4.831232
7.087104
9.617409
9.637888
4.820992
11.631617
9.017344
4.819968
11.772928
7.215104
4.832256
9.467904
9.616385
11.886592
7.087104
7.217152
7.229440
4.819968
8.893440
7.099392
4.822016
10.546176
9.374720
4.838400
8.726528
7.207936
10.539008
4.816896
7.097344
9.613312
4.827136
9.657344
9.378817
4.837376
7.247872
7.229440
14.132224
4.834304
4.828160
9.610240
4.839424
7.248896
9.387009
4.836352
7.244800
7.213056
7.220224
6.620160
4.824064
12.868608
4.828160
4.841472
9.377792
4.847616
8.421375
7.096320
7.217152
6.615040
4.825088
14.127104
7.217152
4.829184
8.851456
4.839424
7.249920
7.090176
9.619455
6.626304
4.822016
11.017216
9.017344
4.814848
10.642431
7.216128
4.832256
7.209984
9.607168
10.649600
7.095296
9.638912
7.222272
4.833280
11.752448
7.230464
4.830208
9.368576
9.394176
7.259136
7.117824
7.209984
8.892416
4.830208
8.881152
9.597952
4.823040
8.420352
9.374720
4.837376
8.741888
7.216128
12.871679
4.829184
4.833280
9.598976
4.833280
8.424448
9.382912
4.835328
6.623232
7.100416
14.134272
4.839424
4.825088
11.018240
4.842496
7.239680
7.212032
7.226368
6.629376
7.087104
11.875328
7.244800
4.839424
12.642303
4.825088
4.820992
7.108608
9.614336
9.637888
4.839424
11.644928
9.008128
4.824064
11.891712
7.214080
4.827136
9.474048
9.603071
11.900928
7.101440
9.393152
9.004032
4.822016
9.015296
7.221248
4.824064
10.542080
9.613312
4.838400
7.106560
9.389055
10.527744
4.828160
9.522177
7.229440
4.820992
9.672705
9.597952
4.818944
9.348096
7.213056
11.783168
7.102464
7.097344
9.598976
4.844544
7.249920
9.382912
4.834304
8.429567
7.215104
4.834304
6.631424
7.092224
12.869633
4.851712
4.829184
9.365504
4.832256
8.431616
7.222272
7.224320
6.614016
4.834304
14.129152
7.214080
4.830208
11.005952
4.837376
7.242752
7.088128
7.232512
6.630400
4.823040
11.871232
9.643008
4.838400
10.655745
7.218176
4.829184
7.212032
9.619456
10.656769
4.830208
11.638784
9.006081
4.823040
11.767808
7.218176
4.826112
9.477120
9.393152
11.901952
7.096320
7.216128
7.213056
4.826112
8.890368
7.096320
4.841472
10.464256
9.388032
4.842496
8.748032
7.209984
10.519552
7.104512
7.101440
9.604095
4.828160
9.671680
9.380864
4.830208
7.241728
7.221248
8.752129
8.743937
7.098368
11.238400
4.825088
7.263232
9.380864
4.835328
7.258112
7.223296
7.232512
6.631424
4.828160
12.874752
4.829184
4.824064
7.214080
4.827136
10.650623
7.096320
7.104512
7.246848
4.829184
13.900801
7.215104
4.830208
8.843264
7.112704
11.899904
7.106560
9.379841
9.012224
4.833280
9.008128
7.216128
4.839200
10.647552
9.607168
4.830208
7.113728
9.399296
10.654720
4.830208
9.636864
7.221248
4.826112
11.767808
9.613312
4.822016
9.362432
9.375744
11.786240
7.111680
7.228416
9.604095
4.824064
6.619136
9.601024
4.828160
8.421375
9.382912
4.838400
6.635520
7.086080
12.876801
4.823040
4.833280
9.382912
4.836352
8.416256
7.209984
4.833280
6.621184
7.107584
14.123008
4.829184
4.834304
11.004929
4.836352
7.260160
7.218176
7.220224
6.623232
7.097344
11.868160
7.249920
4.828160
12.642303
7.235584
4.822016
7.102464
9.615360
9.639936
4.823040
11.640832
9.008127
4.824064
11.894784
7.221248
4.815872
9.478144
9.625600
11.888639
7.097344
9.377792
9.006081
4.818944
11.767808
7.215104
4.838400
10.530816
9.618432
Control Period
4.818944
8.734720
9.388032
12.889088
4.823040
4.833280
9.604095
4.819968
9.670656
9.612288
4.825088
8.431616
9.633792
4.828160
9.360384
9.383936
4.830208
8.737792
9.375744
11.897856
7.216128
9.379841
9.532415
7.107584
11.634687
9.528320
7.108608
11.885568
9.604095
4.828160
10.663937
9.601025
4.830208
8.739841
9.613312
8.856576
7.111680
9.634815
10.651648
7.212032
11.636736
9.527296
7.107584
11.009024
11.244544
4.822016
10.647552
9.611263
4.820992
8.740864
9.611263
11.907072
7.209984
9.617408
10.659840
7.223296
11.628544
9.523200
7.101440
11.007999
11.252736
4.827136
10.648576
9.604095
4.822016
8.834047
9.616385
11.891712
7.207936
9.624577
10.653696
7.225344
11.627520
9.524224
7.117824
11.010048
11.249664
4.827136
10.644480
9.595903
4.823040
8.855553
9.612288
8.850432
7.101440
9.618432
10.634240
7.215104
11.637760
9.517056
7.100416
11.016191
11.251713
4.831232
10.641408
9.607168
4.837376
8.854528
9.623552
11.890688
7.218176
9.625600
10.656768
7.219200
11.638784
9.519104
7.100416
11.011072
11.245568
4.824064
10.654720
9.608192
4.837376
8.846336
9.623552
11.892736
7.208960
9.607168
10.664960
7.211008
11.629568
9.525248
7.107584
11.008000
11.243520
4.828160
Control Period
10.657792
9.611264
4.828160
9.472000
9.614336
7.241728
8.854528
9.613312
11.886592
7.222272
9.611263
10.651648
7.219200
9.614336
10.533888
7.091200
11.018240
11.239424
4.828160
10.528769
9.368576
4.837376
9.356288
9.384960
4.819968
8.737792
9.619456
7.247872
8.856576
9.606144
11.902976
7.215104
9.614336
10.639360
7.214080
9.609217
10.537984
7.092224
11.002880
11.234304
4.833280
10.534912
9.376768
4.828160
9.476096
9.388032
7.247872
8.853504
9.622528
11.888639
7.206912
9.604095
10.533888
7.104512
11.637760
11.852800
4.833280
11.768832
9.375744
4.835328
8.425472
9.377792
4.846592
9.363456
9.392128
4.838400
8.755199
9.611263
7.248896
8.853504
9.621504
11.894784
7.208960
9.627647
10.648577
7.217152
9.625600
10.548223
7.104512
11.010048
11.232256
4.822016
10.541056
9.384960
4.820992
9.355265
9.378817
4.820992
8.855553
9.632769
8.850431
8.847361
9.610240
11.899904
7.221248
9.622528
10.645504
7.214080
11.877377
9.526272
7.111680
11.001856
11.235328
4.820992
10.652672
9.375744
4.826112
9.468927
9.611264
7.241728
8.857600
9.636864
11.913216
7.216128
9.618432
10.636288
7.222272
9.619455
10.534912
7.102464
11.014144
11.236352
4.817920
10.542080
9.384960
4.825088
9.357312
9.380864
4.830208
8.736768
9.617409
7.244800
8.850431
9.616385
11.886592
7.221248
9.621504
Control Period
10.527744
7.098368
11.640833
11.859968
7.214080
14.006271
7.205888
7.211008
12.753920
7.214080
11.248640
11.242496
7.217152
12.875776
7.212032
11.244544
11.240448
9.464832
11.865088
7.215104
12.860416
9.593856
11.886592
7.213056
9.611263
11.895807
9.622528
9.010176
11.017216
7.227392
10.645504
7.215104
11.883520
11.859968
4.826112
12.744703
7.218176
7.211008
11.624448
7.103488
12.643328
9.388032
11.785216
9.497601
9.634815
11.867136
9.608192
11.883520
7.211008
9.607168
10.529793
9.494528
9.011200
11.007999
7.217152
12.755968
7.209984
11.872255
11.863040
4.824064
12.872704
7.224320
9.484288
11.870209
9.640960
11.634687
9.593856
11.894784
7.212032
9.364480
12.875776
7.218176
14.008320
7.218176
7.213056
10.652672
7.213056
11.874304
11.857920
7.205888
12.763136
7.206912
11.243521
11.241472
4.820992
11.867136
7.215104
14.123009
9.608192
9.464832
9.462784
9.376768
12.858368
7.215104
8.880128
11.003904
7.215104
11.889664
7.206912
9.610240
10.539008
7.100416
11.905024
9.383936
7.202816
12.752895
7.217152
11.245568
11.239424
4.820992
11.855872
7.206912
14.126080
9.604095
7.243776
11.621376
9.372672
12.877824
7.213056
8.886272
11.016191
7.219200
11.885568
7.216128
9.618432
10.531839
7.094272
11.890688
9.389055
7.209984
12.764160
7.207936
Control Period
11.252736
11.237376
7.205888
12.871680
7.208960
12.656639
9.374720
12.888063
9.604095
11.777024
9.391104
13.991936
9.607168
11.236352
11.237375
9.017344
11.002880
11.857920
11.859968
11.857920
11.859968
7.207936
12.870656
7.207936
13.883392
9.383936
12.886016
9.598976
11.788288
9.374720
13.999104
9.602048
11.240448
11.237375
9.014272
11.004929
11.855872
11.855872
11.864064
11.866112
7.207936
12.876801
7.225344
13.896704
9.389056
14.120960
9.608192
11.770880
9.374720
11.126783
11.239424
11.232256
11.226112
9.008128
10.994688
11.855871
11.845633
11.852800
11.856895
7.203840
12.618752
9.476095
12.859392
7.202816
14.126080
9.586688
11.754496
9.362432
11.113472
11.212800
9.625600
11.611135
11.615232
11.848703
11.845633
11.847680
11.846656
11.850752
7.217152
12.627968
9.470976
14.093311
7.205888
11.219968
11.226112
9.451520
11.843584
9.621504
11.610112
11.604992
11.849728
9.603072
12.857344
9.593856
10.519552
9.482241
14.107648
9.603072
14.104576
7.213056
11.237375
11.219968
9.475072
11.844608
9.620480
11.628544
9.363456
12.869632
9.589760
11.769855
9.355265
13.983744
9.592833
11.227136
11.220992
14.112768
7.207936
11.842560
11.847680
11.842560
Control Period
11.836416
7.198720
12.861441
11.839488
11.839488
11.845632
11.845632
11.232256
11.216896
14.096384
9.584640
14.103552
9.594880
12.846080
11.839488
11.853824
11.847679
11.852800
11.231232
11.229183
14.107648
9.609216
14.106625
9.594880
12.852224
9.601025
12.861440
11.842560
11.848703
11.853824
11.845633
11.219968
11.228160
14.105600
9.581568
14.107648
9.590784
12.858368
11.848703
11.835392
11.847679
11.848703
11.227137
11.242496
14.100480
9.582592
14.112768
9.593856
12.855296
11.850752
11.850752
11.847680
11.859968
11.219968
11.224064
14.101503
9.612288
14.105600
9.586687
12.869632
11.841536
11.848703
11.855871
11.844608
11.218944
11.224064
11.222015
11.225088
14.097408
9.597952
12.854272
9.597952
12.858368
11.858944
11.852800
11.849728
11.849728
11.220991
11.225088
14.120960
9.591808
14.102528
9.590784
12.862464
11.927552
11.852800
11.844608
11.848703
11.231232
11.235329
14.091264
9.594880
14.097408
9.597952
12.856319
11.846656
11.838464
11.842560
11.845632
11.222015
11.225088
14.104576
9.590784
14.092287
9.597952
12.853248
11.831297
11.838464
11.845633
11.851776
Control Period
11.225088
11.225088
11.231232
11.222015
14.106625
11.836416
11.843584
11.227137
11.226112
14.099456
9.592833
12.856319
11.845633
11.846656
14.093311
9.582592
14.097408
11.849728
11.851776
11.227137
11.236352
14.101503
9.589760
12.854272
11.839488
11.831296
14.089216
9.580544
12.861440
11.846656
11.844608
11.223040
11.229184
14.101503
9.587711
12.853248
11.842560
11.838464
14.096384
9.590784
12.850176
11.841536
11.842560
11.219968
11.232256
14.104576
11.846656
11.854848
11.849728
11.845632
14.114817
9.583616
12.853248
11.850752
11.845633
11.222016
11.230207
14.098433
11.843584
11.850752
11.224064
11.231232
14.097408
9.593856
12.868608
11.856895
11.851776
11.215872
11.223040
14.116864
11.855871
11.855872
11.227137
11.215872
14.102528
9.589760
12.848127
11.852800
11.855872
11.231232
11.229183
14.100480
11.860992
11.842560
11.218945
11.229184
14.092288
9.594880
12.859392
11.851776
11.841536
14.108671
9.601024
12.859392
11.850752
11.849728
11.210752
11.224064
14.104576
9.602048
12.853248
11.850752
11.842560
14.097408
9.605120
12.864511
11.840511
11.848703
Control Period
11.229184
11.213823
14.099456
11.848703
11.849728
14.106624
9.595903
12.855295
11.224064
11.228160
14.102528
11.851776
11.846656
14.098432
11.847680
11.842560
11.219968
11.217920
12.859392
11.849728
11.837440
14.098432
11.844608
11.858944
11.233280
11.224064
12.840960
11.854848
11.848703
14.112768
11.844608
11.853824
14.102528
9.594879
12.862464
11.231232
11.229184
14.110720
11.854848
11.855871
14.101503
9.606144
12.862464
11.227137
11.219968
14.106625
11.850752
11.842560
14.083073
11.841536
11.855872
11.224064
11.220991
12.863488
11.840512
11.845633
14.191616
11.496449
13.578239
14.265345
13.876225
13.565952
14.232576
13.815808
13.430784
14.177280
13.812737
13.435904
14.174208
13.796352
13.427711
14.162945
13.804544
13.431808
14.158848
13.805569
13.443072
14.156799
13.792255
13.431808
14.162944
13.792255
13.442048
14.171136
13.813761
13.422592
14.167040
13.818880
13.565952
14.253056
13.856768
13.572096
14.182400
13.806592
13.441024
14.161921
13.816832
13.436928
14.168064
Control Period
13.811712
13.432832
14.170113
13.810688
13.444096
14.174208
13.807616
13.431808
14.164992
13.797376
13.450240
14.166016
13.804544
13.448193
14.180352
13.805569
13.445120
14.166016
13.803520
13.435904
14.251007
13.853696
13.568000
14.256128
13.856768
13.425664
14.178304
13.803520
13.433856
14.166016
13.798400
13.440001
14.159872
13.797377
13.430784
14.161921
13.798401
13.441025
14.157824
13.807615
13.421568
14.178304
13.802496
13.440001
14.159872
13.814784
13.435904
14.162945
13.808640
13.427711
14.217216
13.857792
13.569023
14.256128
13.855743
13.481984
14.170112
13.794304
13.422592
14.154753
13.799423
13.434880
14.163968
13.801472
13.435904
14.156799
13.788160
13.421568
14.152704
13.803520
13.430784
14.164991
13.808640
13.422592
14.162944
13.790208
13.436928
14.169088
13.790208
13.441024
14.217216
13.865984
13.559809
14.249984
13.846528
13.423616
14.158848
13.820928
13.427711
Control Period
14.156799
13.794304
13.443071
11.893761
13.788160
11.899904
12.244992
13.448193
13.802496
11.901952
13.441024
13.799423
11.893760
13.413376
9.958400
11.750401
9.622528
11.447296
9.966593
11.512832
4.971520
11.163649
13.458432
12.272640
14.168064
13.428736
11.508736
12.263424
11.570176
11.979776
11.984896
9.261056
11.287552
14.252031
9.021440
13.443071
9.763840
11.507711
13.337601
9.958401
11.510784
9.634816
9.946112
9.620480
9.957376
4.977664
11.177984
4.968448
9.027584
14.092288
9.253888
11.514880
9.637888
11.153408
11.906048
11.905024
9.210880
9.646080
12.255232
11.174911
13.836288
11.915264
13.445120
12.300287
13.581312
13.617152
9.997313
11.882496
12.006400
11.534336
11.912191
11.487232
4.967424
11.188224
13.473792
12.281857
14.185472
13.480960
11.510784
12.273664
11.532288
11.894784
11.473920
9.219072
11.195393
13.396992
7.486465
13.452288
9.762815
11.533312
13.355008
9.985023
11.531264
9.647104
9.957376
Control Period
9.636864
9.994240
7.104512
12.298240
4.981760
13.581312
12.015615
13.827072
13.448193
11.907072
11.520000
11.914240
14.107649
11.194368
14.194689
9.032703
14.552064
13.445120
13.453312
12.290049
13.450240
13.457408
11.919359
13.841408
11.908096
14.169088
11.517952
13.820928
11.914240
13.465600
12.285952
13.459455
13.461504
11.917312
13.823999
14.186496
13.542400
9.998337
13.893633
11.999231
13.580288
13.869056
11.972609
14.186496
13.821952
13.481983
9.656320
14.169088
13.820928
13.471744
13.465600
12.293119
14.186497
13.463552
13.828096
11.907072
13.447168
13.836288
11.908096
14.187520
9.036800
14.560256
13.479937
13.465600
12.288000
13.462528
13.465600
11.917312
13.825024
11.913216
14.190592
9.029632
14.555136
13.457408
13.460480
12.277760
13.513728
13.592576
12.020736
13.885441
12.018688
14.266368
13.890560
13.542400
11.897856
13.840384
13.457408
11.914240
14.557184
13.465600
13.458431
9.967616
13.825024
11.906048
13.457408
13.826048
Control Period
11.921408
13.473792
14.192640
13.818880
11.912192
13.464576
13.821953
11.905024
14.185472
13.825024
13.452288
11.913216
13.822975
13.441024
14.172160
13.832191
11.991040
13.563904
13.875200
11.986944
14.231552
13.806592
13.422592
13.433856
12.260352
14.155776
13.429760
13.805568
11.889664
13.444096
13.813760
14.168064
13.438976
12.282881
13.437952
13.443071
12.267520
14.173183
13.438976
13.803520
11.889664
13.424641
13.795328
14.166016
13.425664
12.265472
13.513727
13.553663
12.274689
14.259199
13.573120
13.841408
13.428736
11.897856
13.802496
14.158848
13.435904
12.275712
13.435904
13.424641
12.265472
14.166016
13.445120
13.800447
13.428736
11.893761
13.797377
14.159872
13.431808
12.262400
13.421568
13.425664
12.269567
14.164991
13.448192
13.817856
13.424641
12.004353
14.563328
13.586432
13.562880
12.276735
13.494272
13.436928
14.538752
13.432833
11.893761
13.801472
13.447168
11.895808
14.541824
13.433856
13.436928
12.274689
Control Period
13.436928
13.429760
14.523392
13.429760
11.905024
13.798400
13.437952
14.156800
13.809664
11.895808
13.442048
13.811712
14.166016
13.533184
12.289024
13.579264
14.276608
13.853696
13.508608
13.464577
12.271616
14.164991
13.437952
13.809664
13.436928
11.912191
14.539776
13.430784
13.434880
13.814784
11.886592
14.172160
13.800447
13.436928
13.421568
12.269567
14.157824
13.441025
13.825024
13.446144
11.910144
14.541824
13.410304
13.443071
13.813761
14.163968
13.428736
12.282880
13.563904
13.557760
14.544895
13.562880
11.996161
13.856768
13.428736
14.172159
13.801472
11.896832
13.433856
13.815807
14.170112
13.420544
12.267520
13.438976
13.458431
14.542849
13.428736
11.900928
13.793280
14.159872
13.447168
13.807615
13.425664
11.894784
14.536704
13.423616
13.412352
13.797377
11.891712
14.178305
13.868032
13.569024
12.001280
13.855743
14.239744
13.550592
13.813761
13.422592
11.896832
14.533632
13.436928
13.433856
Control Period
13.819904
14.162944
13.423616
12.252160
13.422592
14.169088
13.801472
13.441024
13.417472
14.553087
13.429760
11.889664
13.792255
13.432832
14.174208
13.814784
13.427711
11.896832
14.538752
13.568000
13.569024
13.859840
14.258176
13.460480
13.798400
11.904000
14.171136
13.806592
13.437952
13.447168
14.539776
13.420544
13.426688
12.257280
14.169088
13.433856
13.790208
13.429760
14.161921
13.808640
11.894784
13.422592
14.522368
13.416449
13.441024
13.800447
11.900928
14.175232
13.797377
13.428736
13.560832
14.554111
13.566977
13.571072
12.282881
14.249985
13.447168
13.803520
13.418496
14.168064
13.816832
13.435904
11.906048
14.528512
13.424641
13.442048
13.815808
14.168064
13.417472
13.811712
11.888639
14.171136
13.810688
13.432832
13.429760
14.531584
13.418496
11.883520
13.801472
14.168064
13.441025
13.806592
13.431808
11.894784
14.539776
13.435904
13.577216
13.865984
14.265344
13.571072
13.812737
Control Period
14.167040
13.437952
12.273664
13.423616
14.168064
13.794304
13.444096
13.444096
14.534656
13.431808
13.432832
14.541824
13.445120
11.909120
13.792256
14.169088
13.434879
13.812737
13.443071
14.172159
13.797376
13.408257
14.169088
13.792256
11.886592
13.426688
14.539776
13.431808
13.566977
14.554111
13.562880
13.555712
13.810688
14.159872
13.425664
13.788160
14.146561
13.419519
12.260352
13.413376
14.167040
13.812737
13.446144
13.438976
14.551040
13.432833
13.425664
14.532608
13.426688
11.895808
13.803520
14.157824
13.441025
13.805568
13.434879
14.159872
13.792256
13.451263
14.279680
13.870080
13.572096
11.987968
14.541824
13.441024
13.458431
14.523392
13.425664
13.441024
13.828096
14.163967
13.431808
13.809664
14.174208
13.430784
12.282880
13.445120
14.171136
13.804544
13.431808
13.434879
14.527489
13.419519
13.449216
14.543872
13.434880
13.441024
12.276736
14.263296
13.562880
13.880320
Control Period
14.249984
13.566977
13.829120
13.438976
14.180351
13.797377
13.431808
13.217793
13.273088
10.969088
12.078080
13.266945
10.955776
13.216768
8.527872
13.224960
13.261824
12.076033
10.849280
13.235200
12.000256
9.845760
11.971584
10.887168
10.972160
12.152832
13.218816
12.090368
12.077056
9.846785
13.281281
10.962944
12.085248
13.290496
10.948608
13.215744
12.086271
13.262848
10.885120
10.933249
10.882048
11.937792
13.228032
10.915840
10.983424
10.948608
12.080128
12.136448
13.215744
12.091393
10.968064
12.149759
12.073984
10.956800
12.078080
10.933249
12.091393
13.090816
11.994112
11.885569
7.395328
13.182976
10.970112
12.107777
10.971136
13.268991
12.080128
10.966016
12.106752
11.002880
13.225984
12.079104
12.080128
9.851904
13.172736
8.602624
11.944960
9.656321
11.931648
13.182976
10.954752
12.068864
10.951680
12.107777
13.276159
12.089344
10.975231
12.097536
9.872383
13.264896
12.086271
10.966016
11.939840
12.137472
13.132800
11.936768
10.845184
12.138496
12.086272
10.971136
10.977280
10.972160
12.080128
13.266944
10.974208
10.974208
10.970112
Control Period
12.078080
14.395392
12.089344
10.967040
13.245440
12.020737
10.895360
14.338048
11.932673
11.925504
13.180927
10.946560
13.223936
10.983424
13.265921
10.957825
12.083200
13.274113
13.220863
12.063744
12.155904
12.060672
11.942912
14.339071
11.888639
10.862593
13.238272
12.003328
10.914816
12.085248
14.406656
12.087296
10.968063
13.260800
11.945984
13.156352
13.172736
10.844160
11.962368
13.282304
10.963968
12.108800
12.089344
13.260800
10.957825
12.087296
13.282304
13.219839
12.082176
12.139521
11.975679
11.996161
14.499840
11.884544
10.893312
13.232128
12.000256
10.969088
13.229055
13.270016
12.084224
10.969088
13.288448
13.224960
12.092416
13.260799
10.968064
12.033024
13.170689
13.099009
12.012544
12.128256
11.997185
12.104704
14.400513
12.087296
10.963968
13.282304
12.081152
10.980352
14.396416
12.098560
12.078080
13.274113
13.224960
11.907072
9.836544
13.173759
10.834944
11.991039
13.247488
13.224960
12.094463
12.131329
12.078079
12.089344
14.396416
12.090368
10.974208
13.261824
12.079103
10.924032
Control Period
13.102079
13.245440
11.988993
12.000256
12.131329
13.197312
12.090368
13.282304
12.084225
13.201408
13.265921
10.950656
12.084225
13.276159
13.219840
11.991040
13.240320
10.850304
13.149184
13.241344
11.985920
12.088320
14.397440
12.083200
10.954752
13.265921
12.086271
13.220863
13.267967
12.083200
10.979328
14.390272
12.006400
11.966464
13.168640
13.089792
11.941888
12.145664
12.092416
12.096512
14.399488
12.089344
10.895360
13.182976
13.155328
11.988993
13.158400
12.045312
10.964993
14.395391
12.078080
12.071936
13.271040
13.234176
12.106752
13.250561
10.971136
13.213696
13.259775
12.007423
11.943935
12.151808
13.149184
11.910144
13.262848
12.080128
13.221888
13.262848
10.960896
12.079104
14.397440
12.090368
12.088320
13.258752
10.962944
13.176832
13.235200
11.933696
11.997184
14.329856
11.938816
10.943488
13.277184
13.206528
12.097536
13.263872
12.082176
10.952703
14.410751
12.083200
12.105728
13.245440
13.136896
11.923456
12.135424
11.938816
12.009472
14.347263
12.094464
12.094463
Control Period
12.130304
13.218816
12.083200
13.260800
12.084224
13.236223
13.282304
12.064768
13.181952
13.179904
10.841087
11.974656
14.339072
11.975679
11.884544
13.281281
13.219840
12.091393
13.258752
10.963968
13.218816
13.275136
12.097536
12.104704
14.404608
12.088320
12.094464
14.392321
11.937792
11.935744
12.122112
13.105152
11.990016
13.258752
12.077056
13.214720
13.249537
12.098560
13.220863
13.263872
10.959872
12.096512
14.391296
12.042240
10.901505
12.009472
12.122112
13.144064
11.998208
13.265921
13.207552
12.104704
13.263872
12.091393
13.174784
13.135872
10.844160
11.933696
14.380032
11.950080
12.075008
13.259776
13.233152
12.084224
13.286400
13.217793
12.082176
12.141568
12.072960
13.220863
13.259776
11.940864
11.924480
14.333952
11.937792
11.929600
12.129280
13.213696
12.088320
13.279232
13.216768
12.095488
13.277184
12.103680
13.223936
13.279232
12.068864
10.883072
14.390272
11.894784
11.927552
13.164544
13.160448
12.080128
13.271040
13.220863
12.097536
13.265921
10.959872
Control Period
13.219840
13.262848
12.098560
12.076033
14.390272
12.006399
11.947008
14.390272
11.921408
11.941889
14.363648
12.000256
12.087296
14.405632
12.076033
12.068864
12.134400
13.216768
12.091393
13.270016
13.202433
12.093440
13.179904
13.142015
11.900928
13.223936
13.143040
11.932673
13.124608
12.035072
13.217793
13.265921
12.095488
13.221888
13.265921
12.103680
13.223936
13.280256
10.960896
12.102655
14.394367
11.990016
11.924480
14.393345
11.893760
12.006400
14.382080
12.095488
12.084225
13.263872
13.210624
12.095488
13.267968
13.210624
12.082176
13.267968
13.219840
11.940865
13.175808
13.106176
11.894785
13.227008
10.960896
13.224960
13.271040
12.069888
13.230080
13.223936
11.939840
11.934720
14.345216
11.983871
12.013568
14.396416
12.101632
12.079103
14.405632
12.096512
12.099584
14.393344
12.098560
12.082176
14.398464
12.038143
11.987968
12.100609
13.132800
11.879424
13.161472
13.153280
12.085248
13.264896
13.223936
12.095488
13.259776
12.079103
13.237247
13.257729
12.077056
Control Period
13.218817
13.258753
11.991040
13.157375
13.135872
11.980801
13.108224
13.243392
12.088320
13.331455
13.267968
12.080128
13.219840
13.271040
12.087296
13.213696
13.273088
12.078079
13.216768
13.246464
11.987968
13.096960
13.126656
11.934720
13.095936
13.129728
12.065792
13.222912
13.285376
12.084225
13.212672
13.260799
12.093440
13.222912
13.251584
12.082176
13.161472
13.129728
11.935743
13.143040
13.177856
12.015615
13.209600
13.271040
12.087296
13.212671
13.263872
12.076033
13.209600
13.258752
12.083200
13.204479
13.215744
11.934720
13.143040
13.197311
11.992064
13.177856
13.272064
12.071936
13.221888
13.261824
12.091393
13.212672
13.260799
12.083200
13.215744
13.270016
12.045313
13.093887
13.155329
11.925505
13.159424
13.192192
12.086272
13.232128
13.267968
12.091393
13.209600
13.181952
11.932673
13.145088
13.237248
11.936768
13.158400
13.275136
12.086272
13.230080
13.273088
12.070911
13.224960
13.291519
12.102655
13.220864
13.266944
11.985920
13.164543
Control Period
13.189119
11.998208
13.132800
13.126656
12.036097
13.218816
13.265921
12.081152
13.214720
13.261824
12.097536
13.223936
13.268991
12.086272
13.206528
13.127680
11.986944
13.115393
13.171712
11.929600
13.117440
13.266944
12.098560
13.214720
13.288448
12.082176
13.208576
13.253632
12.087296
13.220864
13.260800
11.941888
13.159424
13.129728
11.925504
13.177856
13.285376
12.100608
13.216768
13.273088
12.097536
13.219840
13.276159
12.086271
13.206528
13.270016
12.047360
13.150208
13.167616
11.998208
13.102079
13.179904
12.013568
13.216768
13.254656
12.087296
13.227008
13.268991
12.094463
13.220864
13.267967
12.087296
13.224960
13.216768
11.942911
13.097984
13.174784
11.943935
13.121536
13.280256
12.095488
13.231104
13.268991
12.068865
13.211648
13.276160
12.087296
13.223936
13.271040
12.082176
13.139968
13.221888
11.940865
13.147136
13.177856
12.054528
13.207552
13.254656
12.069888
13.219839
13.172735
11.968512
13.089792
13.205504
11.999231
13.221888
13.291520
Control Period
12.089344
13.215744
13.263872
12.090368
13.219840
13.283328
12.090368
13.216768
13.280256
12.080128
13.166592
13.237248
11.920383
13.101056
13.174784
12.030975
13.229055
13.262848
12.080128
13.223936
13.251584
12.068864
13.221888
13.281281
12.100608
13.191168
13.199360
11.937792
13.108224
13.184000
11.938816
13.168640
13.278208
12.085248
13.216768
13.280256
12.075008
13.212671
13.262848
12.095488
13.222912
13.259776
12.095488
13.135872
13.129728
12.004353
13.090816
13.192192
11.928576
13.206528
13.266944
12.081152
13.217792
13.266944
12.077056
13.218816
13.261824
12.083200
13.217793
13.274113
12.232704
13.365248
13.346816
12.273664
13.347839
13.334528
12.173312
13.293568
13.307904
12.172288
13.328384
13.347840
12.279808
13.355007
13.348864
12.272640
13.320192
13.312000
12.183552
13.286400
13.308928
12.197887
13.362176
13.348864
12.282880
13.349888
13.348864
12.268544
13.299711
13.299711
12.177408
13.279232
13.305857
12.230656
13.359104
13.348864
12.276736
Control Period
13.355007
13.339648
12.204032
13.292543
13.305856
12.181503
13.277184
13.297665
12.188672
13.286400
13.304832
12.179457
13.314049
13.345793
12.267520
13.357056
13.347839
12.288000
13.341696
13.305856
12.181503
13.289473
13.308928
12.170240
13.366272
13.352961
12.274688
13.363200
13.340672
12.260352
13.301760
13.318144
12.198912
13.284351
13.310976
12.288000
13.356031
13.336576
12.268543
13.352961
13.318144
12.189695
13.285376
13.302784
12.182528
13.366272
13.362176
12.280832
13.353984
13.329409
12.228608
13.292543
13.312000
12.189695
13.290496
13.314048
12.178432
13.288448
13.301760
12.176384
13.291520
13.302784
12.282880
13.346815
13.343744
12.284928
13.357056
13.313025
12.181504
13.278208
13.304832
12.184576
13.316095
13.331456
12.295168
13.350912
13.349888
12.269567
13.278208
13.309952
12.206079
13.285376
13.306880
12.238848
13.363199
13.355008
12.269567
13.358080
13.342720
12.215296
13.293568
13.295616
12.187648
13.284351
13.331456
12.288000
Control Period
13.355007
13.341696
12.293119
13.297665
13.301760
12.180480
13.278208
13.322240
12.191744
13.284351
13.299712
12.184576
13.294592
13.296640
12.286976
13.346815
13.338624
12.284927
13.334528
13.316096
12.186625
13.285376
13.317120
12.191744
13.358080
13.352960
12.286976
13.365248
13.347839
12.267520
13.276159
13.301760
12.196864
13.270016
13.312000
12.234752
13.369344
13.334528
12.280832
13.340672
13.329409
12.197887
13.291519
13.295616
12.170240
13.282304
13.310976
12.170240
13.293568
13.307904
12.186625
13.361152
13.327360
12.280832
13.347839
13.348864
12.283904
13.282305
13.318144
12.177408
13.282304
13.315072
12.243968
13.353984
13.337600
12.281857
13.347839
13.329409
12.181504
13.280256
13.299711
12.199936
13.288448
13.340672
12.288000
13.361152
13.334528
12.293119
13.340672
13.310976
12.194817
13.282304
13.310976
12.172288
13.309952
13.344769
12.285952
13.352961
13.324287
12.303360
13.336576
13.295616
12.185600
13.285376
13.317120
12.181504
Control Period
13.293568
13.315071
12.186625
13.283327
13.320192
12.256256
13.370368
13.361152
12.290049
13.350912
13.356032
12.174335
13.277184
13.315072
12.180480
13.282304
13.331455
12.296192
13.356031
13.352961
12.285952
13.291520
13.302784
12.188672
13.292543
13.307903
12.192768
13.364223
13.352961
12.269567
13.346816
13.348864
12.212224
13.287424
13.317120
12.178432
13.277184
13.312000
12.264448
13.371391
13.347839
12.273664
13.362176
13.341696
12.197887
13.290496
13.300735
12.198912
13.298688
13.315072
12.182528
13.277184
13.315072
12.188672
13.370368
13.332479
12.289024
13.360128
13.333504
12.190720
13.293568
13.305856
12.204032
13.301760
13.350912
12.284927
13.349888
13.346816
12.266496
13.292543
13.314048
12.171264
13.307904
13.315072
12.282881
13.360128
13.338624
12.283904
13.316095
13.304832
12.186625
13.280256
13.308928
12.179456
13.295616
13.302784
12.188672
13.287424
13.302784
12.210176
13.362176
13.356032
12.275712
13.345792
13.343744
12.251136
Control Period
13.305857
13.310976
12.172288
13.289473
13.331456
12.279808
13.357056
13.359104
12.280832
13.295616
13.316095
12.179456
13.292543
13.297665
12.236800
13.364223
13.347840
12.271616
13.365248
13.301760
12.190720
13.268991
13.310976
12.181504
13.355008
13.344769
12.301311
13.351936
13.342720
12.241920
13.291520
13.303808
12.182528
13.279232
13.310976
12.172288
13.292543
13.305857
12.182528
13.279232
13.325312
12.281857
13.364223
13.345792
12.288000
13.350912
13.316095
12.185600
13.281281
13.310976
12.188672
13.352961
13.341696
12.309504
13.353984
13.345793
12.238848
13.286400
13.321216
12.187649
13.293568
13.317120
12.291072
13.359104
13.339647
12.278784
13.368320
13.329408
12.177408
13.271040
13.292544
12.181503
13.283328
13.349888
12.291072
13.360128
13.343744
12.278784
13.306880
13.313024
12.187648
13.294592
13.292543
12.203008
13.296640
13.303808
12.191744
13.279232
13.293568
12.181503
13.282304
13.300735
12.275712
13.350912
13.342720
12.283904
Control Period
13.367296
13.313025
12.190720
13.282305
13.293568
12.195840
13.351936
13.353984
12.270592
13.353984
13.349888
12.234753
13.285376
13.293568
12.172288
13.297665
13.315072
12.284927
13.361153
13.336576
12.273664
13.340672
13.315072
12.188672
13.287424
13.416449
12.191744
13.289473
13.308928
12.178432
13.284351
13.308928
12.188672
13.301760
13.348864
12.274688
13.347839
13.349888
12.283904
13.280256
13.321216
12.174336
13.294592
13.299712
12.215296
13.357056
13.334528
12.270592
13.355008
13.341696
12.182528
13.296640
13.303808
12.194817
13.282304
13.353984
12.298241
13.364223
13.355008
12.296192
13.283328
13.318144
12.191744
13.281281
13.298688
12.185600
13.283328
13.340672
12.289024
13.362176
13.344769
12.280832
13.363200
13.316095
12.183552
13.291520
13.299711
12.183552
13.278208
13.307904
12.187649
13.282304
13.301760
12.216320
13.348864
13.338624
12.280832
13.350912
13.353984
12.173312
13.304832
13.298688
12.172288
13.289473
13.340672
12.306433
Control Period
13.366272
13.357056
12.290049
13.296640
13.299712
12.185600
13.277184
13.306880
12.222464
13.367296
13.328384
12.293119
13.350912
13.336576
12.266497
13.297664
13.316095
12.182528
13.283327
13.302784
12.274688
13.361153
13.342720
12.281857
13.366272
13.326336
12.194817
13.295616
13.305857
12.166143
13.296640
13.294592
12.183552
13.292543
13.306880
12.195840
13.356031
13.336576
12.273664
13.355008
13.338624
12.204033
13.290496
13.309952
12.183552
13.283328
13.328384
12.277760
13.341696
13.349888
12.291072
13.291520
13.321217
12.188672
13.270016
13.313025
12.232704
13.360128
13.346816
12.302336
13.353984
13.310976
12.176384
13.277184
13.303808
12.172288
13.295616
13.302784
12.176384
13.290496
13.302784
12.185600
13.347839
13.342720
12.288000
13.345792
13.344769
12.270592
13.288448
13.310976
12.189695
13.280256
13.301760
12.275712
13.355008
13.342720
12.279808
13.359104
13.342720
12.185600
13.303808
13.308928
12.166143
13.281281
13.307903
12.191744
13.344769
Control Period
13.359104
12.295168
13.358080
13.339648
12.207104
13.281281
13.302784
12.190720
13.289472
13.312000
12.276735
13.371392
13.346816
12.290049
13.341696
13.297665
12.184576
13.290496
13.299712
12.184576
13.291519
13.301760
12.183552
13.299712
13.298688
12.212224
13.355007
13.357056
12.283904
13.370368
13.349888
12.184576
13.284351
13.309952
12.189695
13.286400
13.334528
12.273664
13.369345
13.356031
12.295168
13.297664
13.306880
12.188672
13.281280
13.304832
12.232704
13.375488
13.345792
12.294144
13.353984
13.330433
12.205055
13.295616
13.312000
12.181504
13.283328
13.331455
12.292096
13.355007
13.349888
12.268544
13.277184
13.309952
12.194816
13.282304
13.301760
12.184576
13.297665
13.312000
12.191744
13.292544
13.318144
12.282880
13.360128
13.347840
12.274688
13.362176
13.315072
12.176384
13.285376
13.310976
12.193792
13.369345
13.352960
12.288000
13.352961
13.342720
12.210176
13.289472
13.301760
12.175360
13.286400
13.313025
12.182528
13.353984
Control Period
13.343744
12.298240
13.355008
13.339647
12.283904
13.357056
13.319168
12.190720
13.283327
13.313025
12.194817
13.358080
13.356031
12.288000
13.358080
13.347839
12.284927
13.363200
13.340672
12.281857
13.352960
13.341696
12.282880
13.350912
13.353984
12.282880
13.362176
13.334528
12.200960
13.301760
13.299711
12.180480
13.328384
13.352961
12.280832
13.366272
13.339647
12.289024
13.356031
13.364223
12.290049
13.361152
13.341696
12.272640
13.360128
13.351936
12.289024
13.372416
13.340672
12.228608
13.286400
13.314048
12.178432
13.277184
13.312000
12.256256
13.368320
13.343744
12.304384
13.364223
13.336576
12.284927
13.357056
13.361152
12.272640
13.344768
13.349888
12.298240
13.369345
13.350912
12.295168
13.347840
13.343744
12.248064
13.296640
13.305856
12.182528
13.297664
13.321216
12.251136
13.472768
13.352961
12.277760
13.372416
13.335552
12.282880
13.365248
13.339647
12.283904
13.345792
13.349888
12.286976
13.339648
13.346815
12.225536
13.281281
Control Period
13.309952
12.175360
13.275136
13.298688
12.259329
13.363200
13.331456
12.282880
13.371391
13.344768
12.276735
13.350912
13.349888
12.283904
13.365248
13.353984
12.280832
13.358080
13.369344
12.259328
13.286400
13.318144
12.176384
13.297664
13.290496
12.185600
13.364223
13.346816
12.281857
13.351936
13.343744
12.292096
13.352961
13.353984
12.296192
13.349888
13.328384
12.299265
13.373440
13.342720
12.292096
13.337600
13.314048
12.195840
13.285376
13.310976
12.176384
13.286400
13.333504
12.302336
13.358080
13.336576
12.278784
13.353984
13.341696
12.273664
13.358080
13.339647
12.279808
13.348864
13.333504
12.157952
13.297665
13.298688
12.175360
13.307904
13.344769
12.279808
13.355007
13.353984
12.268544
13.369345
13.352961
12.286976
13.373440
13.353984
12.299264
13.353984
13.346816
12.284928
13.338624
13.299712
12.192768
13.281281
13.312000
12.195840
13.282304
13.342720
12.293119
13.364223
13.339648
12.273664
13.353984
13.343744
12.276735
Control Period
13.353984
13.333504
12.280832
13.346816
13.330432
12.285952
13.375488
13.329408
12.214272
13.290496
13.307904
12.189696
13.297665
13.300735
12.274689
13.361152
13.340672
12.279808
13.367296
13.351936
12.281857
13.347839
13.334528
12.278784
13.359104
13.351936
12.277760
13.346816
13.310976
12.199936
13.285376
13.306880
12.207104
13.346816
13.330432
12.284927
13.361152
13.332480
12.281857
13.346816
13.341696
12.276735
13.353984
13.330432
12.283904
13.369344
13.353984
12.278784
13.357056
13.331455
12.187649
13.302784
13.318144
12.185600
13.277184
13.326336
12.270592
13.370368
13.334528
12.282881
13.365248
13.344769
12.271616
13.355008
13.347839
12.269567
13.352960
13.343744
12.282880
13.349888
13.340672
12.238848
13.295616
13.317120
12.174335
13.287424
13.315072
12.275712
13.358080
13.348864
12.288000
13.355008
13.353985
12.294144
13.346816
13.347839
12.271616
13.346815
13.315071
12.170240
13.289473
13.295616
12.172288
13.365248
13.348864
12.273664
Control Period
13.349888
13.348864
12.277760
13.362176
13.339648
12.264448
13.360128
13.342720
12.280832
13.353984
13.339647
12.292096
13.367296
13.333504
12.180480
13.298688
13.302784
12.188672
13.312000
13.347839
12.286976
13.349888
13.345793
12.277760
13.356031
13.343744
12.286976
13.346816
13.335552
12.279808
13.349888
13.338624
12.272640
13.346815
13.323264
12.178432
13.278208
13.291519
12.184576
13.303808
13.303808
12.289024
13.366272
13.350912
12.283904
13.353984
13.339648
12.276735
13.347839
13.340672
12.283904
13.358080
13.360128
12.285952
13.370368
13.338624
12.198912
13.295616
13.313024
12.168192
13.286400
13.316095
12.270592
13.373440
13.349888
12.283904
13.341696
13.341696
12.266496
13.362176
13.343744
12.281857
13.372416
13.341696
12.286976
13.362176
13.349888
12.279808
13.306880
13.320192
12.186625
13.286400
13.320192
12.228608
13.380608
13.342720
12.305408
13.363200
13.344769
12.285952
13.361152
13.349888
12.282880
13.373440
13.352960
12.284928
Control Period
13.371392
13.364223
12.258304
13.286400
13.293568
12.172288
13.299711
13.298688
12.194816
13.353984
13.350912
12.300288
13.352961
13.346816
12.289024
13.366272
13.356031
12.291072
13.372416
13.339648
12.289024
13.347839
13.337601
12.272640
13.291519
13.323264
12.181504
13.280256
13.301760
12.219392
13.358080
13.347839
12.278784
13.353984
13.344769
12.285952
13.349888
13.353984
12.279808
13.362176
13.321216
12.189695
13.290496
13.302784
12.203009
13.285376
13.300735
12.284927
13.351936
13.336576
12.264448
13.356031
13.335552
12.273664
13.357056
13.334528
12.283904
13.374464
13.357056
12.288000
13.360128
13.342720
12.275712
13.274112
13.299712
12.164097
13.283328
13.307903
12.236800
13.369345
13.340672
12.280832
13.350912
13.334528
12.280832
13.367296
13.344769
12.276735
13.351936
13.338624
12.295168
13.360128
13.346816
12.270592
13.296640
13.321217
12.179457
13.285376
13.305856
12.248064
13.359104
13.343744
12.275712
13.352960
13.338624
12.281857
Control Period
13.357056
13.340672
12.267521
13.334528
13.338624
12.284927
13.361153
13.353984
12.263424
13.310976
13.292544
12.189695
13.283328
13.306880
12.211201
13.362176
13.359104
12.271616
13.360128
13.349888
12.291072
13.366272
13.355007
12.282880
13.341696
13.338624
12.288000
13.352961
13.334528
12.258304
13.290496
13.295616
12.172288
13.298688
13.296640
12.258304
13.355007
13.357056
12.282880
13.359104
13.350912
12.285952
13.370368
13.363200
12.232704
13.351936
13.346816
12.294144
13.353984
13.364223
12.290049
13.343744
13.295616
12.204032
13.273088
13.310976
12.186625
13.358080
13.344768
12.301311
13.367296
13.344769
12.273664
13.371391
13.330432
12.297216
13.357056
13.333504
12.195840
13.298688
13.313025
12.193792
13.303808
13.355008
12.291072
13.365248
13.332480
12.274688
13.357056
13.348864
12.291072
13.364223
13.326336
12.274689
13.363199
13.343744
12.280832
13.348864
13.329409
12.182528
13.298688
13.293568
12.188672
13.352961
13.327360
12.265472
Control Period
13.356031
13.332479
12.290049
13.363199
13.334528
12.277760
13.355008
13.342720
12.281857
13.336576
13.333504
12.271616
13.345792
13.345792
12.277760
13.293568
13.323263
12.171264
13.284351
13.299711
12.175360
13.312000
13.355008
12.278784
13.366272
13.329409
12.277760
13.350912
13.346816
12.276736
13.358080
13.339647
12.288000
13.349888
13.341696
12.277760
13.351936
13.321217
12.191744
13.291520
13.320192
12.177408
13.303808
13.353984
12.285952
13.360128
13.348864
12.274689
13.360128
13.358080
12.281857
13.364223
13.333504
12.279808
13.356031
13.339648
12.270592
13.358080
13.333504
12.191744
13.290496
13.285376
12.191744
13.307903
13.339647
12.281856
13.353984
13.356031
12.283904
13.357056
13.353984
12.282880
13.356031
13.341696
12.284928
13.357056
13.340672
12.282881
13.360128
13.358080
12.258305
13.281281
13.309952
12.164097
13.286400
13.320192
12.284927
13.365248
13.337601
12.281857
13.353984
13.341696
12.278784
13.359104
13.348864
12.273664
Control Period
13.356031
13.347840
12.284928
13.367296
13.338624
12.180480
13.298688
13.303808
12.194817
13.306880
13.338624
12.296192
13.358080
13.346816
12.296192
13.358080
13.357056
12.283904
13.360128
13.326336
12.190720
13.281280
13.289473
12.180480
13.322240
13.332479
12.277760
13.359104
13.332479
12.297216
13.358080
13.340672
12.303360
13.372416
13.328384
12.285952
13.369345
13.338624
12.282880
13.348864
13.309952
12.193792
13.296640
13.302784
12.201984
13.295616
13.307904
12.286976
13.356031
13.329408
12.299264
13.359104
13.350912
12.278784
13.364223
13.357056
12.290049
13.352960
13.357056
12.285952
13.353984
13.341696
12.281857
13.377537
13.342720
12.276735
13.359104
13.342720
12.305408
13.366272
13.351936
12.283904
13.350912
13.338624
12.292095
13.350912
13.353985
12.297216
13.360128
13.338624
12.283904
13.342720
13.349888
12.311552
13.353984
13.344769
12.286976
13.330432
13.305856
12.163073
13.282304
13.305857
12.207104
13.301760
13.341696
12.277760
Control Period
13.351936
13.342720
12.286976
13.366272
13.350912
12.283904
13.350912
13.359104
12.291073
13.383680
13.360128
12.290049
13.361152
13.346816
12.280832
13.360128
13.338624
12.280832
13.349888
13.335552
12.281857
13.359104
13.334528
12.283904
13.320192
13.308928
12.171265
13.289472
13.290496
12.180480
13.341696
13.344769
12.279808
13.360128
13.343744
12.273664
13.356031
13.342720
12.283903
13.361153
13.367296
12.276736
13.365248
13.328384
12.285952
13.363199
13.355008
12.284928
13.349888
13.345792
12.290049
13.349888
13.348864
12.296192
13.360128
13.334528
12.234753
13.293568
13.314049
12.195840
13.282305
13.315072
12.270592
13.340672
13.345793
12.307456
13.345793
13.352961
12.291073
13.359104
13.348864
12.270592
13.361152
13.331456
12.270592
13.349888
13.343744
12.278784
13.343744
13.336576
12.286976
13.356031
13.344769
12.267520
13.350912
13.338624
12.253183
13.298688
13.295616
12.180480
13.280256
13.312000
12.262400
13.377537
13.346816
12.285952
Control Period
13.372416
13.372416
12.299264
13.363199
13.338624
12.272640
13.358080
13.336576
12.285952
13.351936
13.341696
12.274689
13.363199
13.342720
12.289024
13.366272
13.345792
12.298240
13.365248
13.350912
12.283904
13.350912
13.341696
12.188672
13.286400
13.317120
12.177408
13.301760
13.353984
12.289024
13.363200
13.330432
12.261376
13.353984
13.345792
12.271616
13.373440
13.326336
12.281856
13.366272
13.335552
12.300287
13.355007
13.344769
12.288000
13.358080
13.347839
12.266496
13.337600
13.338624
12.270592
13.369344
13.339648
12.194816
13.288448
13.300735
12.188672
13.325312
13.342720
12.278784
13.363200
13.333504
12.264448
13.364223
13.340672
12.297216
13.365248
13.346815
12.279808
13.358080
13.350912
12.276736
13.359104
13.334528
12.290048
13.370368
13.335552
12.272640
13.362176
13.346816
12.272640
13.357056
13.343744
12.255232
13.306880
13.307903
12.184576
13.298688
13.297664
12.195841
13.355008
13.357056
12.276735
13.359104
13.345792
12.290049
Control Period
13.348864
13.333504
12.271616
13.325312
13.323264
12.280832
13.352961
13.351936
12.279808
13.369344
13.331456
12.278784
13.356031
13.352961
12.299264
13.346815
13.344769
12.277760
13.347839
13.301760
12.196864
13.289473
13.312000
12.189696
13.372416
13.335552
12.282880
13.347839
13.348864
12.293119
13.360128
13.332480
12.284928
13.356031
13.344769
12.269567
13.361153
13.339648
12.273664
13.367296
13.352961
12.279808
13.363199
13.358080
12.286976
13.368320
13.344769
12.294144
13.365248
13.306880
12.191744
13.283328
13.309952
12.178432
13.316095
13.334528
12.292096
13.360128
13.340672
12.282881
13.351936
13.348864
12.268543
13.364223
13.340672
12.278784
13.368320
13.336576
12.283904
13.351936
13.344769
12.293119
13.362176
13.332479
12.290049
13.362176
13.345793
12.285952
13.346816
13.341696
12.199936
13.297664
13.304832
12.177408
13.285376
13.348864
12.280832
13.362176
13.351936
12.280832
13.366272
13.338624
12.280832
13.355007
13.338624
Control Period
12.273664
13.363200
13.353984
12.306433
13.360128
13.350912
12.275712
13.355007
13.330433
12.270592
13.359104
13.332479
12.289024
13.360128
13.342720
12.280832
13.340672
13.305857
12.171265
13.285376
13.305856
12.182528
13.347839
13.352961
12.294144
13.353984
13.340672
12.300287
13.367296
13.351936
12.276736
13.352961
13.342720
12.277760
13.365248
13.334528
12.276736
13.356031
13.342720
12.278784
13.362176
13.344768
12.281857
13.356031
13.344769
12.282880
13.345792
13.345792
12.256256
13.282305
13.286400
12.180480
13.286400
13.303808
12.267520
13.351936
13.337600
12.280832
13.346816
13.334528
12.288000
13.349888
13.338624
12.293120
13.346816
13.332479
12.296192
13.348864
13.331455
12.292095
13.352960
13.348864
12.276736
13.351936
13.348864
12.291072
13.367296
13.363200
12.290049
13.365248
13.340672
12.273664
13.295616
13.303808
12.205055
13.280256
13.296640
12.194817
13.308928
13.333504
12.284927
13.359104
13.338624
12.289024
13.355007
13.347840
Control Period
12.301311
13.362176
13.349888
12.292095
13.369345
13.338624
12.281856
13.348864
13.335552
12.273664
13.356031
13.345792
12.277760
13.358080
13.318144
12.176384
13.299711
13.318144
12.177408
13.297665
13.351936
12.297216
13.366272
13.336576
12.274688
13.361152
13.342720
12.298240
13.352960
13.340672
12.290048
13.337600
13.342720
12.278784
13.358080
13.347839
12.285952
13.358080
13.342720
12.273664
13.344768
13.342720
12.280832
13.352960
13.335552
12.275712
13.310976
13.323264
12.186624
13.280256
13.321216
12.275712
13.353984
13.340672
12.273664
13.349888
13.347840
12.281857
13.345792
13.343744
12.289024
13.361153
13.357056
12.301311
13.353984
13.352961
12.281857
13.361152
13.346816
12.273664
13.352961
13.322241
12.294144
13.371391
13.355008
12.281857
13.350912
13.323264
12.204032
13.290496
13.314048
12.188672
13.361153
13.332479
12.278784
13.355007
13.351936
12.296192
13.353984
13.347840
12.273664
13.362176
13.342720
12.299264
13.355007
13.339647
Control Period
12.278784
13.369345
13.343744
12.279808
13.362176
13.331455
12.277760
13.360128
13.341696
12.280832
13.356031
13.350912
12.273664
13.285376
13.323263
12.185600
13.280256
13.308928
12.171265
13.295616
13.350912
12.286976
13.367296
13.336576
12.279808
13.357056
13.324287
12.296192
13.345792
13.341696
12.284927
13.353984
13.343744
12.280832
13.351936
13.345793
12.267520
13.364223
13.363199
12.281857
13.353984
13.347839
12.279808
13.353984
13.362176
12.280832
13.331456
13.319168
12.182528
13.277184
13.304832
12.193792
13.345792
13.346816
12.275712
13.352961
13.342720
12.283904
13.360128
13.339648
12.277760
13.352960
13.344769
12.276735
13.374464
13.336576
12.272640
13.342720
13.353984
12.278784
13.360128
13.340672
12.282880
13.363199
13.355007
12.280832
13.360128
13.342720
12.279808
13.347839
13.335552
12.187649
13.277184
13.301760
12.169216
13.320192
13.344769
12.271616
13.352961
13.345793
12.269567
13.347839
13.343744
12.303360
13.352961
13.341696
Control Period
12.282880
13.360128
13.361152
12.289024
13.356031
13.344769
12.270592
13.378560
13.328384
12.300288
13.350912
13.345792
12.292096
13.347839
13.343744
12.275712
13.291520
13.310976
12.185600
13.283327
13.297665
12.242944
13.370368
13.340672
12.270592
13.352961
13.337600
12.270592
13.370368
13.325312
12.283903
13.348864
13.357056
12.267520
13.358080
13.343744
12.279808
13.348864
13.340672
12.275712
13.360128
13.330432
12.294144
13.355008
13.334528
12.284928
13.340672
13.356031
12.238848
13.298688
13.310976
12.186625
13.287424
13.305856
12.277760
13.357056
13.343744
12.297216
13.372416
13.360128
12.288000
13.376513
13.351936
12.275712
13.359104
13.332479
12.285952
13.367296
13.343744
12.274688
13.352961
13.352960
12.284927
13.353984
13.334528
12.289024
13.346816
13.346816
12.282881
13.350912
13.344769
12.224512
13.287424
13.293568
12.191744
13.277184
13.306880
12.275712
13.360128
13.342720
12.279808
13.353984
13.349888
12.297216
13.370368
13.330432
Control Period
12.276735
13.350912
13.352961
12.288000
13.348864
13.339648
12.272640
13.360128
13.347839
12.279808
13.348864
13.351936
12.290048
13.366272
13.336576
12.280832
13.370368
13.350912
12.286976
13.362176
13.335552
12.272640
13.347840
13.341696
12.273664
13.343744
13.336576
12.277760
13.347839
13.329409
12.275712
13.356031
13.337600
12.277760
13.360128
13.346816
12.271616
13.356031
13.335552
12.285952
13.356031
13.349888
12.288000
13.359104
13.323263
12.291072
13.351936
13.332479
12.296192
13.347839
13.350912
12.288000
13.361153
13.343744
12.235776
13.298688
13.322241
12.164096
13.286400
13.301760
12.249088
13.365248
13.349888
12.293120
13.367296
13.344769
12.282881
13.362176
13.356031
12.281857
13.363199
13.327360
12.285952
13.363200
13.334528
12.274689
13.362176
13.331455
12.291073
13.357056
13.339648
12.289024
13.363200
13.353984
12.272640
13.362176
13.345793
12.283904
13.363199
13.355008
12.262400
13.355007
13.350912
12.271616
13.297664
13.302784
Control Period
12.186625
13.296640
13.306880
12.227584
13.350912
13.334528
12.308480
13.355008
13.355007
12.286976
13.362176
13.348864
12.274688
13.346816
13.335552
12.285952
13.352960
13.327360
12.286976
13.346815
13.332479
12.297216
13.347839
13.347839
12.282881
13.362176
13.342720
12.280832
13.361153
13.345792
12.277760
13.366272
13.365248
12.292096
13.365248
13.340672
12.193792
13.281281
13.292543
12.173312
13.316095
13.349888
12.308479
13.372416
13.342720
12.292095
13.344769
13.348864
12.289024
13.361153
13.335552
12.279808
13.358080
13.359104
12.279808
13.361152
13.345792
12.291072
13.363200
13.337600
12.289024
13.359104
13.345793
12.273664
13.363199
13.339648
12.275712
13.347839
13.350912
12.295168
13.362176
13.347840
12.285952
13.313025
13.301760
12.187648
13.283327
13.295616
12.193792
13.355007
13.357056
12.275712
13.369345
13.342720
12.283903
13.358080
13.338624
12.297216
13.367296
13.343744
12.289024
13.349888
13.346816
12.269567
13.360128
Control Period
13.342720
12.305408
13.361152
13.325312
12.280832
13.370368
13.359104
12.295168
13.362176
13.337601
12.272640
13.352961
13.339648
12.299264
13.357056
13.332479
12.278784
13.277184
13.324287
12.199936
13.286400
13.308928
12.211200
13.370368
13.353984
12.282880
13.373440
13.346816
12.292095
13.359104
13.370368
12.286976
13.368320
13.344769
12.281856
13.353984
13.339648
12.266497
13.356031
13.345792
12.277760
13.359104
13.351936
12.279808
13.365248
13.350912
12.283903
13.360128
13.342720
12.281857
13.347839
13.334528
12.281857
13.360128
13.337600
12.264448
13.362176
13.347839
12.275712
13.349888
13.324287
12.187648
13.290496
13.300735
12.182528
13.331456
13.361152
12.286976
13.372416
13.351936
12.298241
13.347839
13.333504
12.280832
13.355007
13.350912
12.272640
13.366272
13.348864
12.279808
13.351936
13.325312
12.271616
13.353984
13.347839
12.274688
13.356031
13.341696
12.285952
13.364223
13.335552
12.275712
13.346815
13.351936
12.294144
13.370368
Control Period
13.352961
12.303360
13.310976
13.303808
12.195841
13.283328
13.305857
12.187648
13.353984
13.334528
12.265472
13.349888
13.346816
12.283904
13.361152
13.355008
12.290049
13.358080
13.340672
12.279808
13.357056
13.335552
12.286976
13.368320
13.329409
12.278784
13.360128
13.338624
12.289024
13.360128
13.342720
12.282881
13.367296
13.339647
12.272640
13.367296
13.348864
12.277760
13.343744
13.313025
12.185600
13.275136
13.308928
12.203009
13.287424
13.339647
12.282880
13.359104
13.332479
12.278784
13.355008
13.338624
12.288000
13.368320
13.344769
12.273664
13.352960
13.345792
12.268543
13.353985
13.345792
12.284928
13.353984
13.344769
12.292095
13.359104
13.356031
12.279808
13.357056
13.342720
12.276736
13.369344
13.350912
12.285952
13.351936
13.343744
12.277760
13.344769
13.322240
12.180480
13.273088
13.310976
12.186624
13.307904
13.294592
12.218369
13.352960
13.352961
12.284927
13.350912
13.338624
12.280832
13.347839
13.337600
12.285952
13.356031
Control Period
13.336576
12.280832
13.367296
13.336576
12.270592
13.349888
13.337600
12.279808
13.352960
13.345793
12.280832
13.357056
13.353984
12.284928
13.351936
13.328384
12.276735
13.355008
13.333504
12.274688
13.280256
13.302784
12.177408
13.280256
13.308928
12.224512
13.350912
13.343744
12.281857
13.358080
13.349888
12.268544
13.351936
13.345792
12.274688
13.352960
13.341696
12.278784
13.336576
13.360128
12.284927
13.359104
13.351936
12.291072
13.361152
13.339648
12.266497
13.351936
13.313025
12.270592
13.362176
13.346816
12.288000
13.373440
13.341696
12.286976
13.359104
13.346815
12.228608
13.290496
13.320192
12.174335
13.275136
13.318144
12.209152
13.350912
13.365248
12.294144
13.356031
13.336576
12.289024
13.347839
13.339648
12.282880
13.373440
13.343744
12.276735
13.355008
13.338624
12.278784
13.356031
13.347839
12.274688
13.353984
13.361152
12.277760
13.364223
13.344769
12.277760
13.348864
13.338624
12.278784
13.352961
13.344768
12.271616
13.352960
Control Period
13.337601
12.267520
13.368320
13.346816
12.289024
13.360128
13.331456
12.161024
13.286400
13.293568
12.193792
13.358080
13.336576
12.271616
13.368320
13.335552
12.273664
13.361152
13.343744
12.277760
13.368320
13.355007
12.278784
13.371391
13.348864
12.301311
13.346816
13.351936
12.276736
13.352961
13.350912
12.278784
13.347839
13.356031
12.288000
13.350912
13.351936
12.295168
13.358080
13.333504
12.277760
13.356031
13.342720
12.268543
13.284351
13.308928
12.182528
13.296640
13.316095
12.274689
13.372416
13.365248
12.291072
13.358080
13.339648
12.273664
13.365248
13.330433
12.286976
13.351936
13.358080
12.295168
13.370368
13.342720
12.282880
13.363199
13.343744
12.291072
13.349888
13.335552
12.286976
13.380608
13.348864
12.274689
13.364223
13.332479
12.293119
13.364223
13.325312
12.290049
13.352960
13.350912
12.198912
13.287424
13.304832
12.181503
13.285376
13.321217
12.283904
13.353984
13.347839
12.283904
13.349888
13.345792
12.286976
13.365248
Control Period
13.343744
12.286976
13.349888
13.344769
12.297216
13.347839
13.356031
12.266497
13.357056
13.346816
12.278784
13.365248
13.347839
12.285952
13.359104
13.340672
12.279808
13.350912
13.352961
12.296192
13.367296
13.341696
12.270592
13.364223
13.339647
12.194817
13.275136
13.310976
12.184576
13.360128
13.343744
12.270592
13.349888
13.346815
12.289024
13.341696
13.344769
12.280832
13.343744
13.332479
12.294144
13.361153
13.337601
12.282880
13.349888
13.338624
12.279808
13.358080
13.350912
12.276735
13.366272
13.338624
12.278784
13.347840
13.346816
12.255232
13.348864
13.339647
12.260352
13.363199
13.329408
12.192768
13.298688
13.304832
12.171265
13.291520
13.291520
12.243968
13.343744
13.358080
12.271616
13.343744
13.337600
12.270592
13.349888
13.347839
12.280832
13.357056
13.339648
12.284928
13.363199
13.346816
12.275712
13.351936
13.349888
12.274689
13.360128
13.332479
12.292095
13.365248
13.328384
12.277760
13.357056
13.344769
12.310528
13.342720
Control Period
13.350912
12.275712
13.272064
13.306880
12.190720
13.283328
13.310976
12.185600
13.336576
13.338624
12.282881
13.342720
13.341696
12.288000
13.363199
13.333504
12.275712
13.368320
13.348864
12.283904
13.376513
13.334528
12.279808
13.347839
13.338624
12.282880
13.350912
13.342720
12.291072
13.350912
13.343744
12.285952
13.373440
13.339648
12.289024
13.356031
13.340672
12.284927
13.361152
13.343744
12.279808
13.362176
13.351936
12.276735
13.356031
13.339648
12.187649
13.284352
13.305857
12.178432
13.282304
13.313024
12.285952
13.343744
13.344769
12.284928
13.346816
13.344769
12.272640
13.355008
13.353984
12.291072
13.349888
13.337600
12.286976
13.350912
13.346816
12.275712
13.360128
13.349888
12.297216
13.351936
13.341696
12.290048
13.360128
13.353984
12.278784
13.344769
13.348864
12.289024
13.363199
13.333504
12.272640
13.365248
13.338624
12.286976
13.370368
13.359104
12.283903
13.362176
13.348864
12.284927
13.351936
13.334528
12.280832
13.347839
Control Period
13.345792
12.281857
13.361152
13.346816
12.270592
13.353984
13.333504
12.234753
13.282304
13.298688
12.176384
13.301760
13.317120
12.275712
13.363200
13.343744
12.271616
13.355007
13.340672
12.290049
13.346815
13.342720
12.284927
13.351936
13.348864
12.267520
13.358080
13.344769
12.278784
13.369344
13.335552
12.281857
13.357056
13.340672
12.266496
13.341696
13.343744
12.280832
13.356031
13.346816
12.277760
13.366272
13.341696
12.268543
13.358080
13.327360
12.284927
13.360128
13.348864
12.274688
13.321216
13.309952
12.178432
13.295616
13.317120
12.170240
13.288448
13.317120
12.254208
13.367296
13.350912
12.277760
13.348864
13.333504
12.272640
13.367296
13.350912
12.294144
13.356031
13.345792
12.273664
13.343744
13.333504
12.271616
13.359104
13.340672
12.267520
13.364223
13.355008
12.293119
13.352960
13.346816
12.284927
13.365248
13.339647
12.278784
13.377536
13.348864
12.278784
13.361152
13.338624
12.276735
13.339648
13.329408
12.275712
Control Period
13.345792
13.299711
12.192768
13.278208
13.295616
12.199936
13.352960
13.346816
12.275712
13.363199
13.339647
12.285952
13.360128
13.348864
12.299264
13.363199
13.340672
12.289024
13.358080
13.337600
12.275712
13.353984
13.343744
12.275712
13.350912
13.342720
12.295168
13.344769
13.336576
12.275712
13.359104
13.352961
12.288000
13.349888
13.349888
12.288000
13.342720
13.342720
12.281857
13.364223
13.345792
12.275712
13.359104
13.344769
12.223488
13.294592
13.309952
12.177408
13.299711
13.322240
12.273664
13.346816
13.332479
12.291072
13.367296
13.358080
12.292096
13.355008
13.331456
12.276735
13.363199
13.342720
12.292096
13.355008
13.350912
12.278784
13.344769
13.341696
12.279808
13.363199
13.329408
12.275712
13.357056
13.353984
12.303360
13.346816
13.331455
12.295168
13.360128
13.351936
12.281857
13.360128
13.304832
12.166143
13.283328
13.300735
12.184576
13.294592
13.343744
12.280832
13.362176
13.347840
12.276736
13.349888
13.351936
12.290049
Control Period
13.357056
13.341696
12.284928
13.343744
13.337600
12.273664
13.360128
13.340672
12.296192
13.357056
13.345792
12.279808
13.353984
13.336576
12.288000
13.353984
13.344769
12.268544
13.360128
13.338624
12.286976
13.362176
13.351936
12.267521
13.357056
13.341696
12.267520
13.340672
13.324287
12.173312
13.301760
13.297665
12.203009
13.340672
13.358080
12.302336
13.348864
13.342720
12.286976
13.366272
13.348864
12.270592
13.355007
13.341696
12.295168
13.353984
13.344769
12.275712
13.352961
13.341696
12.265472
13.366272
13.363200
12.299264
13.366272
13.362176
12.292096
13.363199
13.363199
12.285952
13.343744
13.342720
12.299264
13.373440
13.342720
12.280832
13.374464
13.346816
12.280832
13.361152
13.335552
12.282881
13.288448
13.315071
12.182528
13.295616
13.298688
12.270592
13.353984
13.336576
12.283904
13.359104
13.342720
12.274689
13.359104
13.336576
12.270592
13.362176
13.333504
12.281857
13.363199
13.344768
12.283904
13.363200
13.350912
12.294144
Control Period
13.362176
13.357056
12.281857
13.353984
13.352960
12.277760
13.355007
13.338624
12.306432
13.360128
13.364223
12.281857
13.356031
13.330432
12.288000
13.356031
13.346816
12.278784
13.357056
13.341696
12.273664
13.289472
13.324287
12.192768
13.278208
13.297664
12.247040
13.353984
13.320192
12.275712
13.374464
13.351936
12.296192
13.360128
13.346816
12.282880
13.364223
13.358080
12.275712
13.358080
13.336576
12.289024
13.346815
13.335552
12.275712
13.349888
13.335552
12.282880
13.347839
13.327360
12.293119
13.355007
13.338624
12.282880
13.353984
13.351936
12.276736
13.366272
13.329408
12.171265
13.299712
13.306880
12.182528
13.333504
13.333504
12.279808
13.375488
13.332479
12.286976
13.359104
13.373440
12.284927
13.360128
13.329409
12.283904
13.352960
13.348864
12.268543
13.362176
13.340672
12.295168
13.350912
13.332479
12.273664
13.341696
13.337600
12.273664
13.361152
13.336576
12.273664
13.375488
13.345793
12.296192
13.349888
13.330432
12.293120
Control Period
13.384705
13.358080
12.291073
13.363200
13.332479
12.199936
13.286400
13.314049
12.162048
13.308928
13.345793
12.280832
13.343744
13.347840
12.283904
13.351936
13.337600
12.271616
13.362176
13.339648
12.272640
13.343744
13.328384
12.276735
13.353984
13.350912
12.275712
13.359104
13.350912
12.281857
13.367296
13.345792
12.285952
13.369345
13.338624
12.295168
13.358080
13.349888
12.290049
13.375488
13.347839
12.278784
13.363199
13.348864
12.277760
13.365248
13.348864
12.271616
13.349888
13.323264
12.178432
13.303808
13.289473
12.195840
13.353984
13.336576
12.271616
13.353984
13.346816
12.289024
13.336576
13.337600
12.286976
13.352961
13.336576
12.268543
13.345792
13.348864
12.280832
13.357056
13.338624
12.277760
13.370368
13.349888
12.277760
13.351936
13.348864
12.272640
13.348864
13.336576
12.277760
13.365248
13.343744
12.282880
13.352961
13.335552
12.299264
13.345792
13.338624
12.278784
13.288448
13.304832
12.183552
13.276159
13.278208
12.207104
Control Period
13.351936
13.335552
12.273664
13.370368
13.355008
12.279808
13.368320
13.333504
12.285952
13.350912
13.328384
12.270592
13.368320
13.345792
12.272640
13.357056
13.349888
12.267520
13.360128
13.341696
12.295168
13.360128
13.335552
12.301311
13.357056
13.356031
12.295168
13.353984
13.349888
12.288000
13.346816
13.343744
12.299264
13.309952
13.305857
12.187648
13.290496
13.297664
12.223488
13.352960
13.344769
12.261375
13.370368
13.329409
12.276735
13.364223
13.338624
12.290048
13.373440
13.355008
12.302336
13.367296
13.358080
12.288000
13.367296
13.352961
12.269567
13.350912
13.345792
12.270592
13.357056
13.340672
12.297216
13.341696
13.336576
12.289024
13.360128
13.337600
12.278784
13.339647
13.350912
12.269567
13.348864
13.351936
12.280832
13.293568
13.303808
12.196863
13.288448
13.298688
12.192768
13.347839
13.337600
12.272640
13.368320
13.342720
12.291072
13.370368
13.343744
12.281857
13.359104
13.352961
12.298241
13.345792
13.355008
12.273664
Control Period
13.358080
13.348864
12.266496
13.352960
13.341696
12.291072
13.353984
13.348864
12.272640
13.361152
13.333504
12.265472
13.359104
13.341696
12.291073
13.363199
13.332480
12.283904
13.378560
13.350912
12.275712
13.368320
13.342720
12.266497
13.290496
13.307904
12.173312
13.288448
13.303808
12.179456
13.358080
13.337601
12.267520
13.336576
13.345792
12.284927
13.345792
13.338624
12.278784
13.345792
13.341696
12.280832
13.353984
13.339648
12.279808
13.349888
13.363200
12.274688
13.452288
13.330432
12.268543
13.350912
13.347839
12.277760
13.361153
13.341696
12.283904
13.360128
13.343744
12.288000
13.357056
13.344769
12.278784
13.358080
13.348864
12.277760
13.363199
13.332480
12.246016
13.292543
13.305856
12.188671
13.279232
13.291520
12.239872
13.346815
13.336576
12.301311
13.359104
13.340672
12.285952
13.362176
13.340672
12.281856
13.364223
13.343744
12.283904
13.348864
13.341696
12.283903
13.338624
13.345792
12.280832
13.357056
13.335552
12.278784
Control Period
13.358080
13.317120
12.270592
13.359104
13.344769
12.267520
13.351936
13.343744
12.288000
13.302784
13.316096
12.177408
13.297665
13.297664
12.212224
13.352960
13.352961
12.281857
13.365248
13.349888
12.291072
13.356031
13.348864
12.302336
13.351936
13.339648
12.300288
13.366272
13.342720
12.290049
13.348864
13.335552
12.274689
13.349888
13.359104
12.262400
13.356031
13.342720
12.268544
13.363200
13.343744
12.286976
13.362176
13.333504
12.285952
13.362176
13.348864
12.281857
13.359104
13.343744
12.281857
13.350912
13.333504
12.295168
13.349888
13.340672
12.274689
13.346816
13.326336
12.286976
13.357056
13.322240
12.196863
13.284351
13.312000
12.181503
13.280256
13.334528
12.277760
13.360128
13.341696
12.293119
13.358080
13.352960
12.295168
13.360128
13.345792
12.278784
13.358080
13.339648
12.280832
13.342720
13.330432
12.291072
13.369345
13.343744
12.277760
13.303808
13.337601
12.276735
13.350912
13.338624
12.284928
13.342720
13.338624
Control Period
12.274688
13.363199
13.338624
12.286976
13.360128
13.337601
12.302336
13.353984
13.347840
12.273664
13.346816
13.348864
12.169216
13.288448
13.294592
12.182528
13.282304
13.321216
12.286976
13.351936
13.350912
12.288000
13.351936
13.331456
12.271616
13.345792
13.339648
12.271616
13.361153
13.358080
12.278784
13.350912
13.355007
12.308479
13.371391
13.340672
12.289024
13.362176
13.353984
12.294144
13.356031
13.344768
12.282880
13.348864
13.352961
12.274688
13.345792
13.344769
12.295168
13.367296
13.361152
12.285952
13.355007
13.330432
12.179457
13.292543
13.288448
12.182528
13.296640
13.347840
12.274689
13.358080
13.345792
12.285952
13.353984
13.351936
12.290049
13.352961
13.351936
12.288000
13.373440
13.341696
12.285952
13.361153
13.341696
12.284928
13.361153
13.341696
12.294144
13.361152
13.345792
12.273664
13.360128
13.344769
12.299264
13.363200
13.344769
12.291072
13.359104
13.342720
12.289024
13.350912
13.350912
12.286976
13.353984
13.329408
Control Period
12.181504
13.297664
13.317120
12.183552
13.350912
13.362176
12.289024
13.351936
13.349888
12.269567
13.366272
13.353984
12.284928
13.348864
13.356031
12.266497
13.373440
13.348864
12.280832
13.351936
13.336576
12.296192
13.356031
13.357056
12.270592
13.358080
13.358080
12.288000
13.350912
13.341696
12.299264
13.363199
13.342720
12.263424
13.347839
13.336576
12.281857
13.360128
13.352960
12.273664
13.365248
13.309952
12.178432
13.302784
13.308928
12.206079
13.376513
13.337601
12.279808
13.356031
13.338624
12.279808
13.370368
13.355008
12.269567
13.360128
13.331456
12.288000
13.353984
13.334528
12.267520
13.355007
13.338624
12.278784
13.357056
13.353984
12.288000
13.349888
13.353984
12.303360
13.351936
13.343744
12.286976
13.340672
13.333504
12.282881
13.350912
13.338624
12.284928
13.358080
13.351936
12.285952
13.362176
13.339648
12.197887
13.285376
13.306880
12.172288
13.291520
13.338624
12.282880
13.368320
13.342720
12.274689
13.372416
13.353984
Control Period
12.284928
13.358080
13.323264
12.285952
13.374464
13.342720
12.274689
13.368320
13.453312
12.292096
13.360128
13.333504
12.283904
13.371391
13.345792
12.285952
13.369344
13.344769
12.299264
13.340672
13.333504
12.279808
13.347839
13.347840
12.283904
13.350912
13.357056
12.273664
13.355008
13.335552
12.175360
13.276160
13.300735
12.208128
13.361153
13.360128
12.278784
13.352960
13.342720
12.288000
13.352961
13.331455
12.300288
13.364223
13.341696
12.285952
13.343744
13.352961
12.276735
13.361153
13.334528
12.282880
13.365248
13.330432
12.278784
13.360128
13.340672
12.294144
13.347839
13.357056
12.284928
13.364223
13.349888
12.269567
13.357056
13.341696
12.289024
13.355007
13.331456
12.291072
13.371392
13.327360
12.171264
13.288448
13.290496
12.173312
13.288448
13.308928
12.257280
13.371391
13.330432
12.278784
13.361152
13.350912
12.282880
13.365248
13.347839
12.288000
13.357056
13.328384
12.282880
13.344768
13.351936
12.290048
13.365248
13.356031
Control Period
12.276735
13.343744
13.332479
12.280832
13.359104
13.348864
12.257280
13.361153
13.349888
12.297216
13.352960
13.339647
12.274688
13.348864
13.339648
12.285952
13.382656
13.349888
12.279808
13.361152
13.306880
12.196863
13.300735
13.300735
12.177408
13.361152
13.344769
12.274688
13.349888
13.344769
12.281857
13.350912
13.335552
12.278784
13.355008
13.349888
12.279808
13.347839
13.334528
12.302336
13.362176
13.328384
12.288000
13.370368
13.347839
12.289024
13.363200
13.338624
12.289024
13.350912
13.344769
12.280832
13.366272
13.368320
12.293120
13.367296
13.334528
12.294144
13.344769
13.347840
12.285952
13.369344
13.343744
12.262400
13.296640
13.305856
12.180480
13.281281
13.314049
12.259329
13.360128
13.347840
12.282880
13.365248
13.340672
12.293119
13.360128
13.358080
12.292095
13.365248
13.351936
12.296192
13.363199
13.339647
12.286976
13.353984
13.338624
12.291072
13.359104
13.335552
12.280832
13.348864
13.334528
12.265472
13.358080
13.346816
Control Period
12.280832
13.361153
13.342720
12.280832
13.345792
13.347839
12.279808
13.359104
13.358080
12.288000
13.324287
13.327360
12.196863
13.291519
13.309952
12.213248
13.350912
13.345793
12.267520
13.362176
13.328384
12.271616
13.330433
13.333504
12.272640
13.357056
13.340672
12.278784
13.341696
13.331456
12.272640
13.358080
13.349888
12.278784
13.368320
13.347839
12.283904
13.361153
13.339648
12.259328
13.364223
13.351936
12.284927
13.378560
13.342720
12.291072
13.343744
13.344768
12.281857
13.352961
13.338624
12.220416
13.285376
13.292543
12.189695
13.286400
13.318144
12.272640
13.373440
13.328384
12.281857
13.359104
13.346815
12.277760
13.348864
13.337600
12.271616
13.348864
13.359104
12.270592
13.345792
13.341696
12.270592
13.355007
13.345792
12.293119
13.356031
13.338624
12.286976
13.350912
13.341696
12.272640
13.361153
13.347839
12.276736
13.363199
13.341696
12.296192
13.361152
13.353984
12.290049
13.365248
13.338624
12.212224
13.300735
13.302784
Control Period
12.179457
13.287424
13.320192
12.288000
13.367296
13.361152
12.280832
13.350912
13.337600
12.283903
13.356031
13.347839
12.300287
13.357056
13.346816
12.289024
13.370368
13.340672
12.281857
13.359104
13.355008
12.298241
13.351936
13.342720
12.285952
13.357056
13.352960
12.285952
13.366272
13.345792
12.279808
13.374464
13.340672
12.280832
13.345792
13.347839
12.268543
13.367296
13.347839
12.280832
13.355008
13.316096
12.177408
13.283327
13.312000
12.186624
13.339647
13.326336
12.280832
13.353984
13.333504
12.283903
13.363200
13.344769
12.264448
13.357056
13.343744
12.280832
13.347839
13.327360
12.272640
13.364223
13.351936
12.296192
13.475840
13.361152
12.283903
13.362176
13.343744
12.279808
13.352961
13.336576
12.288000
13.362176
13.347839
12.290049
13.359104
13.355008
12.284927
13.377537
13.344769
12.295168
13.365248
13.327360
12.181503
13.277184
13.294592
12.186625
13.356031
13.343744
12.285952
13.356031
13.357056
12.283904
13.352960
Control Period
13.346816
12.278784
13.358080
13.333504
12.272640
13.345793
13.346816
12.281857
13.358080
13.339647
12.269567
13.338624
13.344769
12.276735
13.362176
13.357056
12.293119
13.365248
13.340672
12.278784
13.362176
13.336576
12.274688
13.369344
13.336576
12.288000
13.358080
13.342720
12.280832
13.358080
13.350912
12.229631
13.287424
13.297665
12.179456
13.280256
13.305857
12.273664
13.357056
13.346816
12.275712
13.358080
13.340672
12.283904
13.349888
13.336576
12.266497
13.362176
13.369344
12.290048
13.368320
13.336576
12.275712
13.353984
13.333504
12.291073
13.360128
13.355008
12.281857
13.366272
13.331455
12.290049
13.350912
13.338624
12.282880
13.358080
13.347839
12.294144
13.357056
13.346816
12.271616
13.357056
13.345792
12.256256
13.359104
13.359104
12.292096
13.366272
13.335552
12.288000
13.370368
13.343744
12.291072
13.363200
13.341696
12.288000
13.358080
13.340672
12.282881
13.352961
13.351936
12.278784
13.352960
13.353984
12.284928
13.361152
Control Period
13.333504
12.273664
13.361153
13.356031
12.277760
13.345793
13.340672
12.267520
13.353984
13.353984
12.277760
13.353984
13.343744
12.275712
13.359104
13.313025
12.178432
13.285376
13.310976
12.179457
13.338624
13.341696
12.294144
13.373440
13.333504
12.290049
13.345792
13.333504
12.293119
13.366272
13.333504
12.288000
13.349888
13.328384
12.292095
13.347839
13.340672
12.282881
13.362176
13.330432
12.289024
13.348864
13.357056
12.282881
13.356031
13.353984
12.272640
13.353984
13.340672
12.284927
13.358080
13.339648
12.276736
13.359104
13.341696
12.282880
13.357056
13.343744
12.205056
13.290496
13.304832
12.181503
13.289473
13.300735
12.283904
13.353984
13.332479
12.280832
13.350912
13.356032
12.289024
13.356031
13.341696
12.270592
13.356031
13.323264
12.292096
13.361153
13.351936
12.288000
13.359104
13.327360
12.289024
13.346816
13.350912
12.266497
13.375488
13.350912
12.285952
13.357056
13.340672
12.282880
13.362176
13.346816
12.284927
13.367296
Control Period
13.340672
12.271616
13.368320
13.352960
12.291072
13.282304
13.314049
12.192768
13.288448
13.303808
12.193792
13.365248
13.343744
12.272640
13.367296
13.342720
12.278784
13.350912
13.335552
12.272640
13.362176
13.348864
12.288000
13.338624
13.340672
12.265472
13.360128
13.342720
12.280832
13.382656
13.325312
12.268543
13.362176
13.358080
12.262400
13.361152
13.350912
12.277760
13.370368
13.334528
12.269568
13.364223
13.339648
12.274689
13.366272
13.358080
12.289024
13.361153
13.349888
12.193792
13.297665
13.296640
12.223488
13.295616
13.355008
12.297216
13.359104
13.343744
12.263424
13.340672
13.344769
12.276736
13.360128
13.348864
12.295168
13.352961
13.327360
12.285952
13.349888
13.359104
12.274689
13.355008
13.340672
12.285952
13.365248
13.351936
12.303360
13.347839
13.349888
12.297216
13.360128
13.355008
12.285952
13.352960
13.342720
12.286976
13.360128
13.336576
12.270592
13.362176
13.350912
12.203009
13.294592
13.300736
12.193792
13.288448
Control Period
13.321217
12.298241
13.351936
13.348864
12.284927
13.374464
13.345792
12.284928
13.342720
13.352961
12.267520
13.351936
13.331455
12.289024
13.351936
13.349888
12.295168
13.367296
13.328384
12.283904
13.351936
13.334528
12.286976
13.356031
13.461504
12.282881
13.353984
13.345793
12.277760
13.356031
13.350912
12.281857
13.350912
13.351936
12.281857
13.360128
13.349888
12.275712
13.273088
13.314048
12.175360
13.287424
13.308928
12.281857
13.368320
13.357056
12.268544
13.353984
13.341696
12.289024
13.358080
13.360128
12.286976
13.363199
13.346816
12.290048
13.345792
13.334528
12.263424
13.361153
13.340672
12.299264
13.355008
13.342720
12.277760
13.370368
13.355008
12.275712
13.365248
13.341696
12.282880
13.344769
13.342720
12.279808
13.352960
13.338624
12.272640
13.363199
13.345792
12.293119
13.355008
13.333504
12.175360
13.291519
13.312000
12.177408
13.286400
13.310976
12.261375
13.349888
13.360128
12.271616
13.374464
13.358080
12.288000
13.356031
Control Period
13.344769
12.303360
13.375488
13.362176
12.290049
13.352961
13.352961
12.291072
13.355007
13.331455
12.294144
13.350912
13.328384
12.291072
13.367296
13.350912
12.285952
13.360128
13.339648
12.285952
13.353984
13.346816
12.295168
13.365248
13.355007
12.274689
13.347839
13.313025
12.188672
13.286400
13.300735
12.184576
13.365248
13.345792
12.273664
13.361152
13.342720
12.285952
13.361152
13.344769
12.292095
13.353984
13.342720
12.289024
13.367296
13.348864
12.278784
13.356031
13.344769
12.230656
13.363200
13.334528
12.285952
13.360128
13.344768
12.298240
13.343744
13.346816
12.272640
13.360128
13.331455
12.293119
13.373440
13.356031
12.264448
13.362176
13.345793
12.303360
13.358080
13.327360
12.191744
13.297664
13.313024
12.194816
13.282304
13.339647
12.297216
13.365248
13.342720
12.290048
13.348864
13.353984
12.288000
13.363199
13.341696
12.296192
13.376513
13.336576
12.268544
13.363200
13.340672
12.284928
13.368320
13.346816
12.280832
13.362176
Control Period
13.341696
12.279808
13.350912
13.349888
12.265472
13.364223
13.346816
12.268544
13.350912
13.334528
12.290049
13.361153
13.353984
12.271616
13.350912
13.331455
12.178432
13.294592
13.295616
12.179456
13.333504
13.348864
12.290048
13.364223
13.345793
12.284927
13.366272
13.345792
12.288000
13.357056
13.339647
12.282880
13.363199
13.349888
12.296192
13.380608
13.353984
12.285952
13.367296
13.356031
12.296192
13.359104
13.344769
12.268544
13.356031
13.329409
12.273664
13.362176
13.339647
12.284927
13.352961
13.344769
12.268543
13.355008
13.355007
12.279808
13.308928
13.313025
12.183552
13.273088
13.298689
12.215296
13.344768
13.334528
12.263424
13.365248
13.340672
12.273664
13.366272
13.337601
12.263424
13.357056
13.341696
12.283904
13.357056
13.341696
12.279808
13.351936
13.327360
12.283904
13.365248
13.356031
12.274689
13.355008
13.342720
12.290049
13.363199
13.342720
12.284927
13.377537
13.348864
12.279808
13.356031
13.343744
12.296192
Control Period
13.348864
13.342720
12.263424
13.364223
13.347840
12.199936
13.288448
13.300735
12.180480
13.265920
13.307903
12.229631
13.360128
13.343744
12.273664
13.366272
13.344769
12.294144
13.378560
13.364223
12.301311
13.356031
13.355008
12.266496
13.344769
13.342720
12.277760
13.351936
13.365248
12.293119
13.348864
13.342720
12.290049
13.350912
13.346816
12.284927
13.355008
13.361152
12.281857
13.372416
13.328384
12.283904
13.357056
13.342720
12.279808
13.344769
13.339648
12.279808
13.281281
13.302784
12.182528
13.292543
13.321217
12.206079
13.359104
13.342720
12.285952
13.353985
13.335552
12.297216
13.348864
13.352960
12.262400
13.367296
13.345792
12.290049
13.352960
13.336576
12.284928
13.371391
13.332479
12.277760
13.352960
13.347839
12.285952
13.373440
13.340672
12.275712
13.368320
13.349888
12.283904
13.353984
13.352961
12.281857
13.374464
13.340672
12.290049
13.365248
13.344768
12.282880
13.362176
13.329408
12.181503
13.294592
13.318144
12.180480
Control Period
13.321217
13.357056
12.290048
13.358080
13.353984
12.284927
13.372416
13.359104
12.290048
13.360128
13.339647
12.276736
13.362176
13.334528
12.304384
13.355008
13.333504
12.288000
13.363200
13.336576
12.273664
13.372416
13.345793
12.268544
13.352961
13.342720
12.285952
13.360128
13.351936
12.274689
13.374464
13.346816
12.281857
13.350912
13.345792
12.268543
13.349888
13.338624
12.254208
13.291520
13.307903
12.194816
13.284351
13.308928
12.292096
13.373440
13.341696
12.266496
13.347839
13.331456
12.278784
13.358080
13.353984
12.273664
13.357056
13.346815
12.293119
13.343744
13.351936
12.283904
13.364223
13.324287
12.282881
13.358080
13.336576
12.280832
13.345792
13.330432
12.292096
13.366272
13.352961
12.273664
13.355008
13.338624
12.280832
13.342720
13.355007
12.268543
13.292543
13.303808
12.188672
13.280256
13.315072
12.256256
13.344769
13.344769
12.275712
13.355008
13.347839
12.269567
13.353984
13.331456
12.293119
13.358080
13.339648
12.275712
Control Period
13.353984
13.350912
12.292095
13.363199
13.346816
12.275712
13.345792
13.326336
12.281857
13.358080
13.325312
12.273664
13.356031
13.351936
12.284927
13.357056
13.347840
12.279808
13.373440
13.349888
12.291072
13.372416
13.359104
12.285952
13.359104
13.342720
12.257280
13.361153
13.339647
12.269568
13.361153
13.356032
12.278784
13.364223
13.341696
12.274689
13.345792
13.359104
12.269567
13.351936
13.345793
12.278784
13.362176
13.345792
12.293120
13.368320
13.338624
12.284927
13.355008
13.338624
12.295168
13.357056
13.325312
12.272640
13.350912
13.355007
12.285952
13.360128
13.328384
12.296192
13.358080
13.344769
12.270592
13.293568
13.303808
12.173311
13.277184
13.320192
12.282880
13.346816
13.340672
12.281857
13.358080
13.348864
12.291072
13.358080
13.347840
12.298241
13.363199
13.346816
12.285952
13.364223
13.329409
12.290049
13.342720
13.350912
12.274689
13.369345
13.338624
12.280832
13.370368
13.346816
12.282881
13.351936
13.341696
12.251136
Control Period
13.357056
13.341696
12.276735
13.339647
13.337600
12.292096
13.346815
13.346816
12.284928
13.357056
13.348864
12.169216
13.280256
13.308928
12.194817
13.285376
13.323263
12.289024
13.366272
13.337600
12.268544
13.350912
13.335552
12.274688
13.367296
13.338624
12.279808
13.373440
13.350912
12.280832
13.364223
13.331455
12.268543
13.367296
13.344769
12.277760
13.364223
13.326336
12.267520
13.365248
13.358080
12.294144
13.348864
13.347839
12.279808
13.353984
13.347839
12.277760
13.362176
13.342720
12.291072
13.365248
13.352961
12.274689
13.355007
13.328384
12.187648
13.301760
13.321216
12.183552
13.287424
13.318144
12.261375
13.362176
13.353984
12.291072
13.351936
13.348864
12.279808
13.350912
13.338624
12.262400
13.361153
13.361153
12.304384
13.362176
13.339648
12.295168
13.345792
13.344769
12.278784
13.376513
13.355008
12.282880
13.353984
13.334528
12.301311
13.366272
13.348864
12.290048
13.347839
13.334528
12.276736
13.364223
13.349888
12.282880
Control Period
13.348864
13.335552
12.279808
13.277184
13.304832
12.192768
13.282304
13.312000
12.183552
13.360128
13.339647
12.275712
13.348864
13.351936
12.269567
13.347839
13.341696
12.279808
13.348864
13.365248
12.276736
13.359104
13.365248
12.289024
13.373440
13.332479
12.284927
13.360128
13.334528
12.285952
13.365248
13.353984
12.275712
13.351936
13.335552
12.268543
13.355008
13.345793
12.275712
13.349888
13.334528
12.284928
13.352961
13.330433
12.216320
13.281281
13.301760
12.180480
13.287424
13.328384
12.275712
13.369345
13.340672
12.280832
13.344769
13.340672
12.298241
13.367296
13.348864
12.284928
13.376513
13.345792
12.273664
13.349888
13.349888
12.307456
13.364223
13.338624
12.271616
13.356031
13.339648
12.280832
13.360128
13.334528
12.288000
13.364223
13.358080
12.279808
13.370368
13.327360
12.300288
13.349888
13.330432
12.276736
13.369344
13.356031
12.234753
13.300735
13.310976
12.175360
13.294592
13.320192
12.279808
13.367296
13.346816
12.291072
Control Period
13.358080
13.342720
12.281857
13.367296
13.345792
12.284927
13.352961
13.360128
12.290049
13.356031
13.349888
12.284927
13.352960
13.355007
12.291072
13.362176
13.339648
12.274688
13.349888
13.342720
12.285952
13.357056
13.339647
12.296192
13.368320
13.334528
12.270592
13.349888
13.346816
12.267520
13.355008
13.345792
12.277760
13.281281
13.298688
12.187648
13.278208
13.295616
12.215296
13.361153
13.342720
12.278784
13.360128
13.339648
12.280832
13.361152
13.359104
12.293120
13.345792
13.361152
12.292096
13.364223
13.367296
12.284927
13.351936
13.340672
12.282880
13.355007
13.367296
12.270592
13.364223
13.339647
12.275712
13.353984
13.342720
12.297216
13.352961
13.340672
12.284927
13.338624
13.338624
12.274688
13.356032
13.346815
12.236800
13.293568
13.314048
12.198912
13.297665
13.291520
12.204032
13.350912
13.338624
12.295168
13.357056
13.334528
12.266497
13.363199
13.344769
12.276736
13.357056
13.341696
12.297216
13.346815
13.340672
Control Period
12.280832
13.344769
13.331456
12.279808
13.355007
13.336576
12.280832
13.339648
13.344769
12.270592
13.360128
13.353984
12.286976
13.356031
13.350912
12.282881
13.361153
13.353984
12.272640
13.360128
13.347839
12.279808
13.356031
13.350912
12.289024
13.316095
13.307904
12.182528
13.285376
13.298688
12.233728
13.339648
13.344769
12.276735
13.371392
13.361152
12.291072
13.359104
13.355008
12.283904
13.363200
13.343744
12.283904
13.360128
13.344769
12.294144
13.339648
13.336576
12.286976
13.365248
13.344769
12.282880
13.368320
13.344769
12.274688
13.364223
13.346816
12.272640
13.361152
13.346816
12.265472
13.364223
13.340672
12.284927
13.350912
13.358080
12.288000
13.288448
13.319168
12.169216
13.289473
13.299711
12.195840
13.352960
13.355007
12.274689
13.370368
13.352961
12.278784
13.350912
13.344769
12.274688
13.351936
13.358080
12.281857
13.347839
13.331455
12.267521
13.347839
13.350912
12.290049
13.361152
13.329409
12.283904
13.350912
13.340672
Control Period
12.277760
13.358080
13.336576
12.273664
13.367296
13.345792
12.270592
13.358080
13.340672
12.274688
13.290496
13.319168
12.186625
13.292543
13.309952
12.267520
13.370368
13.339648
12.269567
13.359104
13.342720
12.271616
13.364223
13.342720
12.281857
13.349888
13.348864
12.305408
13.349888
13.346816
12.283904
13.349888
13.356031
12.277760
13.370368
13.341696
12.272640
13.361153
13.353984
12.265472
13.367296
13.346816
12.292096
13.352961
13.340672
12.268544
13.357056
13.343744
12.284927
13.350912
13.334528
12.281857
13.347839
13.323263
12.172288
13.297664
13.305856
12.177408
13.322240
13.358080
12.290049
13.367296
13.338624
12.282880
13.361152
13.360128
12.283903
13.348864
13.344769
12.268543
13.347839
13.340672
12.272640
13.369344
13.332479
12.268544
13.359104
13.320192
12.286976
13.364223
13.329409
12.273664
13.361153
13.358080
12.279808
13.349888
13.338624
12.290049
13.359104
13.345793
12.283904
13.366272
13.346816
12.279808
13.343744
13.336576
Control Period
12.289024
13.288448
13.301760
12.203008
13.307903
13.356031
12.278784
13.352961
13.352961
12.285952
13.368320
13.342720
12.278784
13.339648
13.341696
12.276736
13.356031
13.341696
12.280832
13.356031
13.355008
12.276735
13.356031
13.358080
12.268544
13.369344
13.330432
12.285952
13.342720
13.330432
12.284927
13.349888
13.346815
12.271616
13.359104
13.343744
12.290049
13.356031
13.346816
12.298240
13.373440
13.335552
12.190720
13.306880
13.298689
12.181503
13.291520
13.348864
12.278784
13.372416
13.347839
12.291073
13.344769
13.338624
12.281857
13.349888
13.337601
12.290049
13.357056
13.342720
12.268543
13.353984
13.351936
12.283904
13.360128
13.334528
12.281857
13.356031
13.328384
12.281856
13.352960
13.356031
12.275712
13.347839
13.328384
12.289024
13.341696
13.333504
12.271616
13.342720
13.339647
12.273664
13.362176
13.333504
12.289024
13.349888
13.301760
12.172288
13.291520
13.307903
12.180480
13.352961
13.353984
12.275712
13.356031
13.342720
Control Period
12.283904
13.352961
13.357056
12.292096
13.371391
13.338624
12.283904
13.367296
13.338624
12.282880
13.352960
13.344769
12.279808
13.353984
13.332479
12.279808
13.364223
13.340672
12.281857
13.357056
13.327360
12.282880
13.355008
13.349888
12.290049
13.373440
13.332479
12.288000
13.355008
13.334528
12.277760
13.358080
13.337601
12.240896
13.295616
13.317120
12.183552
13.281281
13.310976
12.198912
13.350912
13.351936
12.280832
13.359104
13.352960
12.281856
13.368320
13.350912
12.281857
13.368320
13.336576
12.275712
13.361153
13.332479
12.284927
13.358080
13.339648
12.282881
13.351936
13.357056
12.274688
13.352961
13.333504
12.283904
13.344769
13.356031
12.264448
13.355008
13.344769
12.297216
13.358080
13.343744
12.293119
13.369344
13.330432
12.288000
13.356031
13.338624
12.272640
13.376513
13.333504
12.294144
13.347839
13.344769
12.284928
13.348864
13.341696
12.264448
13.355007
13.331455
12.276736
13.352961
13.331455
12.283904
13.361153
13.341696
Control Period
12.277760
13.356032
13.352960
12.299264
13.356031
13.349888
12.288000
13.353984
13.352961
12.273664
13.345792
13.321217
12.286976
13.363200
13.347839
12.265472
13.353984
13.348864
12.252159
13.289473
13.308928
12.179457
13.290496
13.316095
12.278784
13.353984
13.338624
12.290048
13.351936
13.350912
12.281857
13.363199
13.338624
12.284928
13.351936
13.344769
12.282881
13.356031
13.330432
12.272640
13.351936
13.355008
12.284928
13.359104
13.335552
12.298241
13.378560
13.341696
12.299264
13.350912
13.339647
12.281857
13.351936
13.346816
12.274688
13.355008
13.344769
12.289024
13.364223
13.341696
12.274688
13.280256
13.297665
12.177408
13.266945
13.302784
12.265472
13.356031
13.337601
12.272640
13.364223
13.339648
12.278784
13.366272
13.332479
12.284927
13.362176
13.343744
12.275712
13.379583
13.353985
12.273664
13.362176
13.338624
12.293119
13.364223
13.342720
12.294144
13.361152
13.338624
12.282881
13.363199
13.367296
12.290049
13.352961
Control Period
13.339647
12.291072
13.359104
13.343744
12.303360
13.381632
13.336576
12.181504
13.283328
13.301760
12.178432
13.286400
13.304832
12.305408
13.360128
13.345793
12.279808
13.364223
13.345792
12.276736
13.340672
13.329409
12.279808
13.353984
13.338624
12.295168
13.363199
13.339648
12.293119
13.358080
13.342720
12.274689
13.364223
13.343744
12.276735
13.357056
13.338624
12.258305
13.349888
13.343744
12.283904
13.363200
13.342720
12.288000
13.371392
13.341696
12.276736
13.317120
13.301760
12.200960
13.287424
13.301760
12.182528
13.300735
13.341696
12.289024
13.358080
13.338624
12.296192
13.346816
13.343744
12.298240
13.349888
13.338624
12.276735
13.363200
13.338624
12.317696
13.364223
13.348864
12.275712
13.348864
13.337601
12.302336
13.361152
13.348864
12.274688
13.362176
13.339648
12.297216
13.363200
13.344769
12.293119
13.350912
13.343744
12.281856
13.356031
13.333504
12.275712
13.298688
13.309952
12.198912
13.290496
13.313025
12.231680
13.371392
Control Period
13.348864
12.266496
13.356031
13.332479
12.280832
13.365248
13.333504
12.269567
13.367296
13.345792
12.293119
13.346816
13.346816
12.277760
13.360128
13.336576
12.281857
13.345792
13.322240
12.286976
13.356031
13.332479
12.275712
13.355008
13.334528
12.274689
13.352960
13.338624
12.276735
13.365248
13.329409
12.279808
13.353984
13.340672
12.289024
13.307903
13.307904
12.200960
13.288448
13.297665
12.164096
13.321216
13.329409
12.269567
13.360128
13.344769
12.305408
13.355008
13.348864
12.285952
13.355008
13.351936
12.281857
13.371391
13.342720
12.295168
13.356031
13.332479
12.275712
13.348864
13.355008
12.268544
13.353984
13.339647
12.290049
13.364223
13.334528
12.273664
13.353984
13.369345
12.272640
13.348864
13.346815
12.291072
13.367296
13.347839
12.283904
13.349888
13.343744
12.224512
13.294592
13.303808
12.177408
13.290496
13.312000
12.284927
13.368320
13.350912
12.291072
13.340672
13.340672
12.279808
13.342720
13.355007
12.275712
13.367296
Control Period
13.338624
12.278784
13.348864
13.339648
12.288000
13.363199
13.342720
12.291072
13.365248
13.346816
12.277760
13.359104
13.343744
12.279808
13.352961
13.348864
12.276735
13.361153
13.342720
12.286976
13.348864
13.333504
12.284927
13.358080
13.357056
12.204032
13.287424
13.308928
12.183552
13.274113
13.310976
12.264448
13.367296
13.339647
12.285952
13.361153
13.349888
12.275712
13.357056
13.333504
12.281857
13.359104
13.346816
12.283904
13.362176
13.336576
12.277760
13.361153
13.341696
12.277760
13.358080
13.349888
12.274688
13.365248
13.341696
12.282881
13.367296
13.348864
12.291072
13.360128
13.352961
12.278784
13.350912
13.333504
12.292095
13.368320
13.333504
12.290049
13.349888
13.344769
12.177408
13.290496
13.284351
12.180480
13.312000
13.351936
12.270592
13.367296
13.350912
12.281856
13.356031
13.350912
12.280832
13.365248
13.355008
12.281857
13.368320
13.340672
12.260352
13.352961
13.348864
12.285952
13.364223
13.345792
12.288000
13.352960
Control Period
13.345792
12.288000
13.363199
13.359104
12.281856
13.371391
13.350912
12.292096
13.352960
13.338624
12.278784
13.360128
13.341696
12.288000
13.363199
13.345792
12.238848
13.286400
13.319168
12.174335
13.278208
13.322240
12.284927
13.362176
13.344769
12.289024
13.364223
13.337600
12.284927
13.349888
13.335552
12.296192
13.337601
13.335552
12.275712
13.369345
13.339647
12.282881
13.365248
13.347839
12.284927
13.349888
13.353984
12.288000
13.361153
13.352961
12.288000
13.355008
13.348864
12.263424
13.352960
13.355008
12.291072
13.362176
13.341696
12.284927
13.356031
13.339648
12.272640
13.284351
13.307904
12.186625
13.275136
13.320192
12.194816
13.360128
13.336576
12.270592
13.368320
13.341696
12.272640
13.348864
13.338624
12.285952
13.347839
13.356031
12.277760
13.350912
13.336576
12.292095
13.352960
13.332479
12.284927
13.364223
13.351936
12.280832
13.363200
13.347839
12.291073
13.365248
13.325312
12.285952
13.343744
13.332479
12.274689
13.355007
Control Period
13.345793
12.281857
13.351936
13.333504
12.290049
13.318144
13.313024
12.191744
13.291520
13.313024
12.191744
13.371391
13.361152
12.273664
13.360128
13.461504
12.286976
13.371392
13.334528
12.280832
13.355008
13.355008
12.277760
13.358080
13.331456
12.284928
13.350912
13.338624
12.271616
13.361152
13.347840
12.286976
13.360128
13.355008
12.283904
13.347839
13.338624
12.286976
13.356032
13.351936
12.266497
13.356031
13.330432
12.279808
13.365248
13.349888
12.281857
13.299712
13.306880
12.179457
13.292543
13.291520
12.183552
13.343744
13.342720
12.280832
13.342720
13.346816
12.272640
13.358080
13.347839
12.278784
13.364223
13.356031
12.285952
13.355007
13.348864
12.274689
13.367296
13.361152
12.291072
13.353984
13.334528
12.291073
13.366272
13.357056
12.292096
13.362176
13.341696
12.284927
13.357056
13.336576
12.274688
13.355007
13.348864
12.283904
13.361153
13.343744
12.283904
13.322240
13.309952
12.179456
13.283328
13.303808
12.213247
13.351936
Control Period
13.339648
12.285952
13.356031
13.337601
12.274688
13.365248
13.327360
12.284928
13.349888
13.351936
12.268544
13.367296
13.348864
12.292096
13.361152
13.348864
12.276736
13.378560
13.337600
12.273664
13.344769
13.356031
12.278784
13.361153
13.337600
12.285952
13.356031
13.360128
12.280832
13.368320
13.344769
12.284928
13.359104
13.333504
12.285952
13.380608
13.345792
12.285952
13.270016
13.295616
12.166144
13.276160
13.309952
12.269567
13.350912
13.335552
12.298241
13.357056
13.332479
12.298240
13.361153
13.353985
12.289024
13.367296
13.351936
12.298241
13.376513
13.341696
12.274688
13.348864
13.357056
12.300288
13.356031
13.351936
12.275712
13.353984
13.335552
12.284927
13.346816
13.334528
12.272640
13.375488
13.337601
12.276736
13.357056
13.344769
12.281857
13.343744
13.336576
12.294144
13.366272
13.338624
12.183552
13.302784
13.313025
12.179457
13.292543
13.326336
12.263424
13.359104
13.337601
12.280832
13.361153
13.358080
12.289024
Control Period
13.348864
13.360128
12.265472
13.369345
13.348864
12.271616
13.363200
13.336576
12.271616
13.355007
13.327360
12.282880
13.349888
13.349888
12.280832
13.362176
13.326336
12.286976
13.355007
13.340672
12.283904
13.371391
13.349888
12.273664
13.362176
13.350912
12.264448
13.275136
13.291520
12.180480
13.278208
13.316095
12.291072
13.331455
13.340672
12.265472
13.357056
13.347840
12.296192
13.365248
13.349888
12.286976
13.367296
13.349888
12.288000
13.349888
13.339648
12.277760
13.370368
13.327360
12.288000
13.360128
13.348864
12.277760
13.340672
13.345792
12.271616
13.352961
13.320192
12.278784
13.363199
13.347839
12.290049
13.342720
13.333504
12.270592
13.366272
13.344768
12.274688
13.345793
13.303808
12.173312
13.285376
13.308928
12.175360
13.285376
13.319168
12.279808
13.353984
13.336576
12.286976
13.305857
13.349888
12.298241
13.360128
13.351936
12.302336
13.361153
13.338624
12.288000
13.362176
13.344768
12.289024
13.365248
13.342720
12.272640
Control Period
13.350912
13.335552
12.303360
13.348864
13.334528
12.292095
13.362176
13.351936
12.274688
13.349888
13.350912
12.292096
13.357056
13.345792
12.304384
13.375488
13.337601
12.225536
13.293568
13.308928
12.176384
13.294592
13.306880
12.189695
13.353984
13.348864
12.272640
13.357056
13.332479
12.281857
13.365248
13.351936
12.275712
13.366272
13.356031
12.296192
13.368320
13.345793
12.273664
13.363199
13.332479
12.279808
13.368320
13.324288
12.286976
13.358080
13.347839
12.265472
13.340672
13.341696
12.300288
13.366272
13.347840
12.297216
13.355008
13.329409
12.277760
13.363199
13.288448
12.274688
13.362176
13.308928
12.204032
13.303808
13.306880
12.187648
13.274113
13.343744
12.284927
13.364223
13.328384
12.275712
13.466624
13.346816
12.274688
13.361153
13.338624
12.288000
13.368320
13.350912
12.271616
13.355007
13.335552
12.267520
13.367296
13.353984
12.291072
13.355008
13.351936
12.272640
13.363199
13.349888
12.281857
13.351936
13.349888
12.286976
Control Period
13.347839
13.338624
12.279808
13.359104
13.350912
12.280832
13.350912
13.331456
12.184576
13.290496
13.295616
12.168192
13.310976
13.345792
12.290048
13.350912
13.332479
12.268543
13.353984
13.347839
12.295168
13.344769
13.339647
12.273664
13.346816
13.344769
12.282881
13.355007
13.335552
12.279808
13.351936
13.352960
12.281857
13.353984
13.345793
12.268543
13.363199
13.347840
12.280832
13.346816
13.328384
12.280832
13.349888
13.342720
12.280832
13.363199
13.329409
12.279808
13.295616
13.307903
12.178432
13.295616
13.288448
12.260352
13.363199
13.338624
12.269567
13.367296
13.360128
12.298241
13.359104
13.348864
12.288000
13.358080
13.346816
12.294144
13.370368
13.338624
12.293119
13.357056
13.342720
12.278784
13.363199
13.352961
12.286976
13.357056
13.344769
12.278784
13.362176
13.327360
12.286976
13.366272
13.347839
12.292096
13.356031
13.337600
12.276735
13.372416
13.344768
12.298241
13.344769
13.357056
12.274688
13.298688
13.314048
12.184576
Control Period
13.287424
13.299711
12.256256
13.339647
13.326336
12.285952
13.359104
13.357056
12.291072
13.367296
13.338624
12.312576
13.371392
13.345792
12.301311
13.367296
13.364223
12.292096
13.367296
13.353984
12.276736
13.366272
13.353984
12.289024
13.355007
13.338624
12.290049
13.355008
13.332479
12.281857
13.366272
13.331456
12.273664
13.364223
13.341696
12.280832
13.348864
13.343744
12.269567
13.359104
13.332479
12.222464
13.281280
13.298688
12.182528
13.278208
13.307904
12.274688
13.360128
13.339648
12.284927
13.362176
13.338624
12.277760
13.353984
13.352961
12.271616
13.372416
13.341696
12.284928
13.368320
13.353985
12.272640
13.363199
13.351936
12.258304
13.360128
13.338624
12.278784
13.361153
13.345793
12.274689
13.367296
13.341696
12.274688
13.361152
13.352961
12.279808
13.365248
13.340672
12.290049
13.352961
13.364223
12.264448
13.284351
13.293568
12.185600
13.284351
13.304832
12.252160
13.360128
13.351936
12.280832
13.361152
13.342720
12.276735
Control Period
13.349888
13.343744
12.270592
13.356031
13.340672
12.275712
13.367296
13.333504
12.273664
13.360128
13.344769
12.291073
13.361152
13.339648
12.275712
13.353984
13.351936
12.277760
13.344768
13.341696
12.273664
13.370368
13.324288
12.280832
13.356031
13.342720
12.276736
13.365248
13.352961
12.265472
13.287424
13.301760
12.188671
13.277184
13.297664
12.234753
13.353984
13.360128
12.277760
13.361152
13.342720
12.285952
13.346815
13.344769
12.276735
13.337601
13.322241
12.280832
13.353984
13.353984
12.286976
13.362176
13.349888
12.291072
13.363199
13.357056
12.270592
13.355008
13.338624
12.282880
13.342720
13.353984
12.302336
13.366272
13.349888
12.284927
13.362176
13.344768
12.292096
13.352960
13.343744
12.277760
13.278208
13.295616
12.183552
13.274112
13.299712
12.248064
13.362176
13.328384
12.277760
13.361153
13.346816
12.283904
13.380608
13.350912
12.291072
13.379583
13.340672
12.297216
13.368320
13.344769
12.276736
13.360128
13.339648
12.293119
Control Period
13.345792
13.346816
12.267520
13.348864
13.343744
12.277760
13.373440
13.328384
12.277760
13.357056
13.339648
12.276736
13.356031
13.352960
12.290049
13.357056
13.345792
12.185600
13.294592
13.296640
12.177408
13.310976
13.335552
12.286976
13.348864
13.342720
12.285952
13.355008
13.353984
12.286976
13.360128
13.452288
12.288000
13.353984
13.358080
12.285952
13.362176
13.344769
12.277760
13.376513
13.344769
12.277760
13.358080
13.357056
12.282880
13.345792
13.338624
12.272640
13.355008
13.349888
12.263424
13.348864
13.341696
12.281857
13.344769
13.344769
12.274689
13.365248
13.355007
12.270592
13.359104
13.324287
12.197887
13.288448
13.297664
12.186625
13.361152
13.353984
12.283904
13.359104
13.347839
12.273664
13.363200
13.356031
12.285952
13.353984
13.355007
12.294144
13.365248
13.355007
12.281857
13.366272
13.346816
12.290048
13.361153
13.328384
12.284928
13.350912
13.345792
12.282880
13.355008
13.349888
12.291072
13.351936
13.347839
Control Period
12.291072
13.350912
13.329409
12.276736
13.364223
13.328384
12.291072
13.348864
13.348864
12.229631
13.281281
13.303808
12.189695
13.283328
13.316095
12.200960
13.370368
13.323263
12.273664
13.361152
13.337600
12.292095
13.348864
13.337600
12.290048
13.368320
13.356032
12.276735
13.352960
13.347840
12.292095
13.356031
13.361153
12.279808
13.365248
13.337600
12.273664
13.360128
13.340672
12.275712
13.344769
13.340672
12.282880
13.356031
13.339647
12.286976
13.372416
13.340672
12.279808
13.361153
13.342720
12.281857
13.350912
13.320192
12.194817
13.294592
13.307903
12.199936
13.366272
13.341696
12.278784
13.349888
13.342720
12.271616
13.363200
13.346816
12.284928
13.355008
13.330433
12.264448
13.352960
13.329409
12.271616
13.360128
13.338624
12.288000
13.348864
13.340672
12.285952
13.372416
13.345792
12.284928
13.371392
13.346815
12.289024
13.348864
13.340672
12.298241
13.359104
13.345792
12.279808
13.349888
13.346816
12.274688
13.374464
13.357056
Control Period
12.285952
13.346816
13.301760
12.178432
13.276159
13.304832
12.203008
13.352961
13.338624
12.289024
13.356031
13.332479
12.293119
13.361153
13.345792
12.293119
13.344769
13.343744
12.294144
13.356031
13.330432
12.299265
13.343744
13.339647
12.293119
13.351936
13.339648
12.288000
13.358080
13.339647
12.299264
13.348864
13.339648
12.292095
13.363199
13.361153
12.284927
13.353984
13.343744
12.294144
13.361153
13.340672
12.269567
13.368320
13.334528
12.181504
13.295616
13.318144
12.192768
13.332479
13.349888
12.283904
13.350912
13.357056
12.275712
13.361152
13.348864
12.283904
13.336576
13.335552
12.270592
13.361152
13.350912
12.277760
13.353984
13.345793
12.278784
13.350912
13.338624
12.285952
13.342720
13.343744
12.294144
13.368320
13.353984
12.281857
13.360128
13.355007
12.278784
13.349888
13.349888
12.291072
13.353984
13.348864
12.286976
13.359104
13.344769
12.288000
13.348864
13.348864
12.281857
13.360128
13.337601
12.278784
13.367296
13.327360
Control Period
12.279808
13.362176
13.342720
12.284927
13.356031
13.340672
12.274688
13.356031
13.324287
12.284927
13.357056
13.333504
12.276735
13.365248
13.344769
12.280832
13.367296
13.344769
12.291072
13.358080
13.346815
12.303360
13.368320
13.337600
12.292096
13.356031
13.349888
12.184576
13.276160
13.289473
12.182528
13.293568
13.305857
12.293120
13.359104
13.347839
12.275712
13.352960
13.324287
12.290048
13.346816
13.338624
12.279808
13.359104
13.333504
12.288000
13.375488
13.345792
12.291072
13.368320
13.355007
12.299264
13.351936
13.335552
12.266497
13.359104
13.349888
12.283904
13.367296
13.359104
12.270592
13.347840
13.336576
12.261375
13.342720
13.330432
12.280832
13.373440
13.341696
12.201984
13.303808
13.299712
12.192768
13.297665
13.333504
12.293119
13.350912
13.352961
12.291073
13.360128
13.341696
12.278784
13.363199
13.333504
12.282880
13.365248
13.351936
12.270592
13.349888
13.355008
12.302336
13.362176
13.343744
12.300287
13.368320
13.356031
Control Period
12.294144
13.369344
13.333504
12.288000
13.347839
13.344769
12.275712
13.368320
13.337601
12.278784
13.357056
13.335552
12.320768
13.357056
13.321217
12.295168
13.336576
13.310976
12.200960
13.284351
13.304832
12.192768
13.359104
13.360128
12.285952
13.348864
13.347840
12.288000
13.349888
13.346816
12.292096
13.356031
13.338624
12.270592
13.357056
13.347839
12.289024
13.360128
13.341696
12.288000
13.360128
13.340672
12.284927
13.351936
13.321217
12.290048
13.361152
13.338624
12.274688
13.365248
13.339647
12.281857
13.358080
13.342720
12.293119
13.355007
13.351936
12.277760
13.301760
13.325312
12.189695
13.276160
13.304832
12.198912
13.367296
13.345793
12.278784
13.358080
13.345792
12.293120
13.347839
13.336576
12.285952
13.351936
13.363200
12.305408
13.345792
13.345792
12.285952
13.347839
13.340672
12.276736
13.360128
13.345792
12.303360
13.353984
13.345792
12.288000
13.386752
13.341696
12.267520
13.352960
13.332479
12.279808
13.347839
13.343744
Control Period
12.282880
13.337601
13.345792
12.280832
13.374464
13.340672
12.279808
13.313024
13.298689
12.190720
13.284351
13.288448
12.204032
13.357056
13.353984
12.276735
13.355008
13.345792
12.296192
13.353984
13.336576
12.283904
13.349888
13.336576
12.278784
13.348864
13.353984
12.279808
13.359104
13.346816
12.291073
13.350912
13.351936
12.282880
13.345792
13.349888
12.291072
13.377536
13.340672
12.289024
13.343744
13.332479
12.275712
13.343744
13.337600
12.274688
13.355007
13.337600
12.267520
13.367296
13.332479
12.230656
13.296640
13.306880
12.179456
13.289472
13.308928
12.262400
13.347839
13.340672
12.282881
13.365248
13.329409
12.289024
13.356031
13.332479
12.290049
13.367296
13.352961
12.299264
13.368320
13.339647
12.291072
13.361152
13.342720
12.312576
13.359104
13.334528
12.275712
13.363200
13.321217
12.288000
13.370368
13.340672
12.291072
13.364223
13.366272
12.283904
13.363199
13.348864
12.290048
13.361153
13.360128
12.276736
13.360128
Control Period
13.346816
12.213247
13.286400
13.325312
12.187648
13.275136
13.312000
12.295168
13.367296
13.335552
12.270592
13.369345
13.351936
12.286976
13.348864
13.347840
12.263424
13.356031
13.333504
12.265472
13.359104
13.343744
12.295168
13.373440
13.332479
12.278784
13.353984
13.326336
12.281857
13.358080
13.333504
12.293120
13.349888
13.327360
12.280832
13.350912
13.344769
12.282880
13.352960
13.339648
12.274689
13.365248
13.321216
12.198912
13.297665
13.306880
12.167168
13.357056
13.338624
12.278784
13.362176
13.347839
12.276735
13.351936
13.334528
12.271616
13.356031
13.335552
12.280832
13.358080
13.340672
12.293119
13.345792
13.356031
12.275712
13.362176
13.352960
12.277760
13.355008
13.348864
12.291072
13.361152
13.350912
12.272640
13.361153
13.333504
12.284928
13.353984
13.336576
12.273664
13.356031
13.350912
12.284927
13.357056
13.323264
12.260352
13.291520
13.302784
12.196864
13.291519
13.321217
12.282881
13.368320
13.348864
12.280832
13.349888
Control Period
13.325312
12.285952
13.350912
13.343744
12.285952
13.350912
13.344769
12.275712
13.357056
13.357056
12.280832
13.366272
13.341696
12.286976
13.347839
13.341696
12.274688
13.373440
13.352961
12.274689
13.355007
13.341696
12.280832
13.352960
13.338624
12.303360
13.371392
13.362176
12.288000
13.349888
13.367296
12.302336
13.359104
13.347839
12.297216
13.294592
13.335552
12.190720
13.292543
13.305857
12.241920
13.362176
13.349888
12.273664
13.356031
13.326336
12.291072
13.351936
13.336576
12.297216
13.358080
13.339648
12.298241
13.346815
13.343744
12.288000
13.352961
13.342720
12.295168
13.344769
13.341696
12.291073
13.352961
13.331456
12.286976
13.353984
13.353984
12.279808
13.338624
13.344769
12.275712
13.366272
13.332479
12.276735
13.369345
13.336576
12.281857
13.335552
13.304832
12.191744
13.286400
13.303808
12.181504
13.356031
13.344769
12.291072
13.358080
13.355008
12.289024
13.351936
13.332480
12.294144
13.356031
13.342720
12.276736
13.357056
Control Period
13.351936
12.277760
13.364223
13.359104
12.296192
13.361153
13.346816
12.292096
13.362176
13.342720
12.260352
13.363199
13.345792
12.299264
13.365248
13.349888
12.274689
13.355008
13.348864
12.288000
13.363200
13.344769
12.261375
13.283328
13.312000
12.183552
13.277184
13.304832
12.231680
13.351936
13.320192
12.271616
13.367296
13.342720
12.293119
13.366272
13.334528
12.274688
13.357056
13.328384
12.279808
13.371392
13.345792
12.301311
13.352961
13.341696
12.304384
13.360128
13.329409
12.278784
13.345792
13.345792
12.265472
13.366272
13.325312
12.286976
13.355008
13.350912
12.280832
13.344769
13.332479
12.279808
13.351936
13.337601
12.288000
13.286400
13.315071
12.187648
13.294592
13.308928
12.182528
13.328384
13.335552
12.270592
13.360128
13.353984
12.284927
13.365248
13.339647
12.284927
13.358080
13.339648
12.284927
13.357056
13.345792
12.297216
13.358080
13.332479
12.279808
13.352960
13.343744
12.275712
13.361153
13.333504
12.282881
13.356031
Control Period
13.330432
12.293119
13.371392
13.352961
12.289024
13.348864
13.344769
12.282880
13.357056
13.339647
12.273664
13.345792
13.334528
12.282880
13.319168
13.329409
12.185600
13.284351
13.299712
12.205056
13.343744
13.360128
12.257280
13.343744
13.339648
12.282881
13.353984
13.332479
12.299264
13.357056
13.324287
12.296192
13.363200
13.347839
12.290049
13.349888
13.347840
12.291072
13.357056
13.340672
12.278784
13.361153
13.341696
12.276736
13.367296
13.336576
12.286976
13.369345
13.356031
12.280832
13.356031
13.345792
12.291072
13.367296
13.343744
12.270592
13.376513
13.332479
12.221439
13.281281
13.294592
12.188672
13.294592
13.301760
12.198912
13.358080
13.338624
12.292096
13.344769
13.339647
12.285952
13.359104
13.328384
12.288000
13.355008
13.345792
12.291072
13.350912
13.359104
12.272640
13.360128
13.356031
12.291073
13.345792
13.347839
12.273664
13.358080
13.328384
12.276736
13.352961
13.340672
12.266497
13.359104
13.351936
12.273664
13.349888
Control Period
13.353985
12.272640
13.356031
13.348864
12.281857
13.353984
13.346816
12.173312
13.287424
13.316096
12.178432
13.284351
13.306880
12.237823
13.362176
13.344769
12.304384
13.357056
13.344769
12.291073
13.361152
13.337600
12.278784
13.351936
13.334528
12.279808
13.353985
13.359104
12.288000
13.364223
13.337601
12.299264
13.364223
13.325312
12.304384
13.353984
13.337601
12.279808
13.366272
13.358080
12.295168
13.370368
13.343744
12.289024
13.362176
13.350912
12.304384
13.365248
13.346816
12.298241
13.347839
13.356031
12.298241
13.366272
13.348864
12.295168
13.353984
13.342720
12.282881
13.370368
13.352961
12.278784
13.350912
13.348864
12.289024
13.347839
13.345793
12.295168
13.365248
13.339647
12.282881
13.370368
13.356031
12.285952
13.363199
13.339647
12.283904
13.337601
13.312000
12.191744
13.290496
13.293568
12.204032
13.356031
13.338624
12.281857
13.363200
13.346816
12.283904
13.357056
13.330432
12.289024
13.352961
13.347839
12.284927
13.360128
Control Period
13.344769
12.295168
13.353984
13.350912
12.282880
13.349888
13.336576
12.408833
13.351936
13.339647
12.295168
13.349888
13.343744
12.282880
13.359104
13.357056
12.273664
13.369344
13.357056
12.272640
13.362176
13.343744
12.276736
13.350912
13.332479
12.254208
13.297665
13.294592
12.193792
13.293568
13.315072
12.203008
13.355007
13.330432
12.275712
13.350912
13.355007
12.292096
13.364223
13.345792
12.280832
13.357056
13.331455
12.282880
13.372416
13.347839
12.286976
13.370368
13.331456
12.278784
13.363199
13.350912
12.280832
13.350912
13.347839
12.277760
13.366272
13.343744
12.284927
13.359104
13.329408
12.276736
13.345792
13.329408
12.291072
13.374464
13.340672
12.273664
13.355007
13.333504
12.176384
13.284351
13.315072
12.174335
13.313025
13.338624
12.274689
13.359104
13.337600
12.271616
13.352961
13.342720
12.285952
13.357056
13.328384
12.278784
13.357056
13.346816
12.282881
13.343744
13.357056
12.284927
13.356031
13.340672
12.279808
Control Period
13.349888
13.343744
12.297216
13.366272
13.343744
12.274689
13.353984
13.356031
12.279808
13.358080
13.333504
12.283904
13.359104
13.336576
12.270592
13.321217
13.289473
12.182528
13.276160
13.300736
12.192768
13.358080
13.337601
12.288000
13.364223
13.337600
12.290049
13.362176
13.334528
12.275712
13.353984
13.340672
12.275712
13.352961
13.346816
12.280832
13.357056
13.356031
12.280832
13.363199
13.349888
12.282881
13.349888
13.343744
12.289024
13.358080
8.777728
4.926464
7.380992
4.948992
7.394304
4.937728
7.382016
7.539712
13.336576
13.361153
14.416896
12.361729
13.337601
14.413824
13.359104
13.304832
13.344769
13.305856
13.310976
14.411776
12.161024
13.352960
14.415872
13.339647
13.334528
13.431808
13.339648
13.331455
14.409727
12.357632
13.320192
14.418943
13.334528
13.331456
13.449216
13.330433
13.344769
14.411776
12.370943
13.331456
14.403584
13.348864
13.338624
13.457408
13.332479
13.325312
14.410752
12.356607
13.328384
14.419968
13.342720
Control Period
13.344769
13.461504
13.347839
13.342720
14.398464
12.311552
13.316095
14.403584
13.285376
13.293568
13.237247
13.316095
13.347839
14.425088
12.362752
13.340672
14.398464
13.342720
13.347839
13.438976
13.370368
13.348864
14.414848
12.379136
13.324288
14.409728
13.356031
13.333504
13.421568
13.340672
13.344769
14.427135
12.376064
13.345792
14.414848
13.343744
13.333504
13.449216
13.350912
13.346816
14.417920
12.369921
13.340672
14.417920
13.338624
13.341696
13.427711
13.295616
13.305857
14.410751
12.130304
13.301760
14.406656
13.343744
13.331455
13.427711
13.351936
13.327360
14.412800
12.361728
13.338624
14.405632
13.336576
13.331456
13.433856
13.338624
13.339648
14.408704
12.368896
13.330433
14.408704
13.350912
13.339647
13.449216
13.339647
13.334528
14.433280
12.384256
13.344769
14.418943
13.342720
13.334528
13.442047
13.335552
13.340672
14.427135
12.359680
13.323264
14.409727
13.290497
13.312000
Control Period
13.242369
13.288448
13.348864
12.154881
13.345792
13.355008
11.082752
13.349888
12.170240
12.166143
13.359104
12.162048
12.151808
13.343744
12.163073
12.157951
13.349888
12.157951
12.162048
13.235201
12.153856
12.150784
13.342720
12.156928
11.189247
14.401536
13.332479
11.175936
13.340672
12.185600
13.342720
13.335552
13.347840
13.344769
12.225536
11.053056
13.302784
13.305856
11.043840
12.233728
12.142592
12.161024
13.336576
12.158976
11.185152
13.349888
12.165120
12.156928
13.348864
11.111423
12.156928
14.433280
12.158976
13.339648
14.409728
12.161024
12.165120
13.247488
13.331456
12.361728
13.160448
11.082752
13.339648
13.325312
11.094015
12.374016
13.349888
11.088896
13.335552
13.338624
10.114048
13.352961
12.154880
11.068417
13.298688
12.149759
11.061248
12.021760
12.153856
12.152832
13.255680
12.154881
Control Period
11.176960
14.407680
12.158976
12.162048
13.336576
12.152832
11.080704
13.345792
14.407681
10.009600
12.169216
14.413824
11.163649
12.166143
13.335552
13.351936
11.077633
13.328384
13.350912
12.157951
12.160000
13.328384
12.167168
12.151808
12.267521
13.343744
11.085824
12.275712
13.294592
12.149760
12.139521
13.294592
12.162048
11.117568
13.359104
13.343744
10.095615
13.347839
14.403584
12.298241
12.151808
14.425088
11.176960
11.092993
13.363200
13.335552
11.083776
12.156927
14.409728
12.152832
12.144640
13.335552
12.164096
11.080704
12.349440
13.331456
11.091969
12.359680
14.408705
12.153856
11.167744
13.351936
12.147713
10.961920
13.313025
13.285376
13.308928
12.158976
14.412800
12.157951
12.152832
13.331456
13.342720
11.076609
13.334528
13.332479
Control Period
12.163072
12.147713
14.427135
12.158976
11.101184
13.345793
13.344769
11.085824
12.377089
13.344769
12.166143
12.161024
14.426112
12.161024
11.180032
13.351936
13.335552
10.112000
13.342720
13.341696
12.322816
12.143616
14.391296
10.967040
12.147712
13.343744
13.331456
11.085824
12.166143
13.333504
13.344769
12.147712
14.430208
12.165120
11.097088
12.372992
13.353984
11.074560
12.363775
13.357056
12.168192
12.161024
13.351936
12.160000
11.181056
13.348864
13.350912
10.109952
13.361152
14.405632
11.192320
12.150784
13.346816
11.078656
11.055104
13.320192
13.320192
11.079679
13.337600
14.418943
12.160000
12.160000
13.318144
12.154881
11.086847
12.370943
13.340672
11.082752
12.367872
14.433280
12.164096
11.185152
13.341696
13.345792
10.104832
Control Period
13.338624
13.349888
12.365824
12.164096
14.418943
11.191296
12.144640
13.338624
11.098112
11.080704
13.350912
13.314048
13.301760
12.166143
13.043712
12.167168
12.166143
12.282881
13.342720
11.092992
12.399616
13.349888
13.321217
11.183104
14.406656
12.164097
11.188224
13.333504
13.344769
10.123264
13.333504
13.345792
12.386305
12.164096
14.419968
14.427135
13.347840
13.351936
12.092417
13.361153
12.155904
13.165567
12.169216
12.167168
13.340672
13.309952
11.047935
13.301760
13.319168
12.156928
11.206656
14.409727
12.154881
12.163073
13.342720
13.348864
11.081728
13.345793
14.428160
11.092992
12.156928
14.414848
12.167168
12.167168
13.340672
11.588608
8.364032
11.578367
9.603072
11.851776
9.618432
7.186432
11.558912
4.818944
9.634816
11.814912
4.829184
Control Period
9.615360
9.575424
4.829184
9.648129
7.190528
10.339328
8.458241
4.808704
12.730368
4.813824
9.619455
9.041920
4.837376
9.614336
6.940672
11.876352
9.631744
4.817920
12.705791
4.819968
7.226368
9.796608
4.845568
9.629696
6.952960
4.830208
9.633793
4.809728
14.057472
8.436736
4.816896
13.483007
4.813824
9.627647
9.431040
4.833280
9.640961
4.840448
11.453440
9.616385
4.829184
13.428736
5.929984
4.823040
10.981377
4.825088
8.457216
7.871488
9.588736
9.639936
4.823040
13.441025
11.857920
4.816896
10.540032
4.818944
9.624577
11.592704
9.567232
9.634816
4.816896
9.597952
11.867136
4.816896
11.856895
9.364480
4.820992
11.527168
9.569281
10.493952
8.724480
7.189504
10.459136
4.825088
9.633792
Control Period
11.834368
4.825088
10.601472
9.588736
9.644032
9.633793
7.192576
10.360832
6.362112
7.240704
10.585088
4.824064
9.631744
9.581568
4.814848
8.626176
7.198720
11.556864
9.630720
4.822016
14.042112
4.830208
9.636864
9.766912
4.847616
9.641984
7.033856
7.244800
9.638912
4.813824
14.065664
5.980160
4.826112
11.320320
4.837376
8.444928
7.196672
4.826112
9.635839
4.813824
14.068736
9.630720
4.823040
13.418495
4.815872
9.632769
9.447424
4.842496
8.266752
4.830208
7.228416
9.634816
4.815872
12.261375
7.217152
4.826112
11.862017
4.818944
9.637888
9.197568
6.934528
9.636864
4.824064
13.467648
11.855872
4.841472
11.845633
4.812800
7.232512
10.894337
6.950912
9.625601
6.161408
11.225088
11.863040
4.819968
Control Period
11.843584
10.341376
4.832256
11.520000
9.565184
9.632769
9.638912
8.922112
11.847680
4.811776
11.573248
11.839487
4.816896
11.554815
10.334208
4.815872
9.632769
8.914944
10.500095
8.689664
6.895616
10.380287
4.826112
9.634816
9.604095
4.809728
9.627647
7.200768
11.887616
9.628672
4.814848
11.591681
4.822016
7.240704
10.508288
4.820992
8.370176
7.200768
4.852736
8.651776
4.822016
12.932096
8.463360
4.803584
12.426240
4.856832
4.822016
11.849728
4.814848
8.406015
4.828160
7.263232
9.652224
4.813824
10.066944
6.106112
4.829184
10.001408
4.840448
8.477695
7.205888
4.840448
8.470528
4.831232
14.069760
9.649152
4.810752
13.416448
4.815872
9.639936
9.427968
4.838400
9.633793
4.818944
9.475072
9.633793
Control Period
4.820992
12.818432
8.587264
4.827136
13.447168
6.060032
4.818944
13.470720
4.828160
9.556992
10.940416
4.826112
9.641984
10.675200
4.825088
9.626624
7.032832
7.225344
9.639936
6.942720
11.851776
8.332289
4.832256
13.445120
11.853825
4.816896
11.810816
11.863041
4.816896
11.844608
8.259584
4.834304
11.577344
7.204864
7.227392
11.509760
9.565184
9.630720
9.643007
9.566208
9.629696
9.133057
8.977408
11.851776
4.827136
9.612288
11.638784
4.812800
11.567104
12.735488
4.830208
11.575296
11.828224
4.826112
10.545152
11.812864
4.825088
8.565760
8.999936
7.232512
9.620480
7.194624
11.864063
9.626624
6.867968
11.513856
8.697856
4.814848
14.073856
4.817920
4.811776
12.722176
4.817920
9.639936
11.461632
4.854784
9.635840
9.926657
4.835328
8.566784
7.206912
4.842496
Control Period
9.634816
9.974784
4.847616
8.656897
11.342848
4.831232
8.626176
11.272192
4.818944
8.677376
11.283456
4.839424
8.644608
11.380736
4.822016
8.660992
11.240448
4.831232
8.687616
11.310080
4.826816
8.666112
11.378689
4.833280
8.639488
11.248640
4.822016
8.616961
11.276288
4.828160
8.687616
11.414528
4.832256
8.736769
11.283456
4.816896
8.600576
11.308032
4.835328
10.677248
11.387904
4.837376
10.612736
11.275265
4.827136
10.524672
11.225088
4.834304
10.616832
11.284480
4.829184
10.537984
11.319296
4.833280
10.559488
11.235328
4.835328
10.558464
11.264000
4.838400
9.627647
11.328512
4.843520
9.635839
11.246592
4.835328
9.623552
11.243520
4.833280
9.622528
11.369473
4.812800
9.633792
11.284479
4.827136
9.634816
11.237375
4.818944
9.635839
11.331584
4.837376
9.636864
11.273216
4.814848
9.622528
11.246592
4.830208
9.631744
11.266048
4.831232
Control Period
9.644032
11.309055
4.828160
11.545600
14.073856
4.810752
11.549696
14.071808
6.337536
11.581440
11.600896
9.183232
9.608192
10.693632
9.170944
11.246592
11.841536
10.655744
6.984704
9.640961
11.801600
7.206912
9.636864
11.847680
9.614336
4.813824
13.625344
6.450176
4.813824
12.078079
10.776576
4.833280
12.107777
11.848703
8.403968
14.066689
10.799104
10.763264
9.452544
9.632769
9.451520
4.822016
8.642560
12.469248
4.815872
9.637888
12.611584
4.826112
9.641984
14.086144
4.826112
9.643007
14.089216
6.408192
9.324544
11.603968
9.200640
7.192576
11.860992
10.612736
9.037824
11.858944
11.582464
10.825727
7.233536
10.690559
10.739712
4.827136
10.488832
10.496000
4.830208
12.175360
11.839488
6.893568
13.471745
10.820608
9.160704
11.841536
8.544256
11.854848
7.200768
8.640512
10.771456
4.817920
8.511488
12.492800
4.849664
9.633793
12.683264
4.822016
9.655296
13.586432
4.827136
7.238656
13.554688
4.811776
4.805632
14.068736
6.172672
4.817920
Control Period
14.070784
9.644032
7.154688
11.869184
11.862016
12.447744
4.816896
10.556416
13.483007
4.806656
9.654272
13.464577
4.820992
9.643007
13.515776
8.722432
4.818944
13.524992
8.730623
4.809728
13.461504
11.598848
6.913024
13.445120
10.430464
10.501120
11.838464
10.900480
11.851776
10.867712
9.629696
11.852800
9.347073
7.227392
13.502464
8.727552
4.807680
13.453312
11.603968
6.924288
13.467648
10.791936
10.800128
11.833344
10.855424
11.856896
10.805248
9.640960
13.488128
9.341951
7.232512
13.545472
8.709120
4.818944
13.464577
11.858944
7.205888
14.065664
10.820608
10.800128
7.196672
8.632320
11.853825
7.188480
9.636864
13.504512
4.816896
7.227392
13.440001
8.585217
4.813824
12.165120
10.532864
6.913024
13.465600
11.577344
9.165824
11.830272
10.785792
11.839488
10.778624
9.632769
11.855872
9.297920
9.626624
13.492224
9.306112
4.815872
12.086271
10.520576
6.912000
13.520896
11.608065
9.180161
11.821056
10.884096
11.848703
13.111296
9.637888
13.551616
9.345024
9.648129
13.520896
9.332736
4.811776
12.276735
Control Period
10.960896
6.908928
14.088192
10.854401
10.853376
11.829248
11.846657
11.856896
11.830273
11.814913
10.946560
13.178881
11.862017
11.859968
13.514752
4.811776
11.578368
13.533184
10.938368
9.640960
12.582912
10.697727
9.344000
13.527040
14.069760
4.819968
11.846656
14.063616
9.592833
11.852800
14.090240
11.860992
9.605120
14.084096
11.858944
9.458689
11.561984
13.809664
11.855872
11.832320
11.858944
11.856895
11.787264
11.844608
11.003904
13.259775
7.236608
10.955776
14.088192
6.307840
11.577344
13.103104
11.081728
9.630720
13.200384
11.860992
11.047935
14.092288
11.857920
9.444352
9.452544
10.705920
13.539328
10.959872
9.638912
12.617727
13.169664
11.860992
11.869184
14.061568
4.822016
11.872256
14.080000
9.604095
11.852800
14.078976
11.852800
9.616385
11.578368
13.834240
9.453568
11.607040
13.812737
11.862016
9.172992
11.589632
13.523968
11.825151
11.857920
10.967040
13.138944
7.240704
11.851776
14.060544
4.805632
11.592705
14.068736
9.376768
11.613184
14.069759
11.614208
9.362432
13.114368
11.611135
8.334335
13.474815
13.103104
10.944512
11.858944
Control Period
14.072832
11.869184
9.618432
14.075904
11.573248
9.172992
13.555712
14.074881
11.568129
13.807616
11.863040
14.071808
11.588608
13.795328
14.068736
9.609217
13.120512
11.858944
10.959871
13.559809
14.078976
9.324545
11.575296
12.556288
13.146112
11.853825
11.837440
13.505536
11.814913
10.640384
13.771776
10.929152
13.160448
14.056448
10.948608
11.841536
14.052352
14.075904
11.553792
13.780993
11.850752
14.057472
11.590656
11.545600
11.840512
14.065664
11.573248
13.785088
11.839488
13.529088
9.445376
12.874752
11.835392
12.587008
14.064640
11.850752
9.428991
14.067713
11.561984
13.780993
11.843584
13.477888
14.050304
11.581440
13.800447
11.837440
11.819008
11.841536
11.847680
13.528064
14.062592
11.588608
9.169920
13.517824
14.065664
11.563008
13.764608
11.841536
14.075904
9.208832
12.987392
11.856896
12.653568
13.154305
11.570176
10.585088
13.539328
14.070784
9.320448
11.584512
12.545024
13.178881
11.860992
14.075904
11.849728
11.817984
10.650624
13.786112
10.921984
12.515327
14.073856
10.924032
11.838465
Control Period
13.508608
14.058496
11.575296
13.794304
14.055424
11.853825
13.485056
14.075904
14.063616
11.579392
11.539456
11.847680
12.490752
13.072384
14.060544
10.599424
12.859392
14.069759
10.925056
12.584960
13.516800
9.631744
11.321344
13.704192
14.068736
14.062592
11.564032
13.771776
14.068736
11.852800
13.511681
14.061567
14.060544
11.545600
13.797376
14.067713
11.843584
13.500416
14.067713
14.062592
11.548672
13.799424
14.063616
11.836416
13.519873
14.062592
14.060544
11.569152
13.794304
14.060544
11.847680
13.501440
14.059521
14.059520
11.549696
13.770752
14.061567
11.837440
13.506559
14.056448
14.065664
11.542528
13.770752
11.841536
13.496321
14.060544
14.049280
11.574272
13.765633
14.044161
14.060544
11.846656
13.504513
14.063616
11.572224
13.788160
14.072832
11.844608
13.521920
14.068736
14.064640
11.569153
13.791232
14.060544
11.830272
13.522943
14.048256
14.072832
11.575296
13.795328
14.055424
11.836416
13.510656
14.066689
14.067712
11.570176
13.777920
Control Period
14.055424
14.066689
11.828224
13.481984
13.519872
14.054399
14.056448
14.053376
14.069760
11.546623
13.777920
14.069759
14.077951
14.063616
11.839488
13.542400
13.472769
14.067713
14.067713
14.063616
14.052352
11.553792
13.455360
13.785088
14.062592
14.058496
11.849728
13.493248
13.516800
13.505536
14.059520
14.059520
14.062592
11.561984
13.493248
13.782017
14.059520
14.063616
14.061567
14.048256
11.845633
13.483007
14.064640
14.067712
14.065664
14.064640
11.583488
13.527040
13.491199
13.772800
14.056448
14.067712
11.845633
13.511681
13.494272
14.057472
14.059521
14.063616
14.065664
11.556864
13.533184
13.792255
14.069760
14.071808
14.069760
11.845633
13.506559
13.494272
9.626624
14.069759
11.822081
13.272064
14.055424
10.684416
12.564480
13.783040
13.161472
13.096960
14.052352
10.847233
12.475392
13.517824
13.134848
13.160448
14.048256
10.654720
12.606464
13.491200
12.812288
13.083648
14.072832
10.938368
12.628992
13.580288
Control Period
12.596224
13.083649
14.057472
13.133823
13.137920
14.061568
13.060097
13.058048
14.057472
13.050880
13.080576
14.050304
13.065216
13.051904
14.054399
13.120512
13.078527
14.064640
10.658816
12.639232
13.533184
12.603392
12.618752
13.513728
12.540928
12.481536
13.483007
12.479488
12.478464
13.466624
12.536833
12.648448
13.497344
12.581888
12.489728
13.518848
12.875776
13.071360
14.051329
13.140992
13.066240
14.057472
13.068289
13.063168
14.069759
13.125632
13.144064
14.053376
13.099009
13.050880
14.058496
13.072384
13.123585
14.067712
13.087744
13.106176
14.053375
13.084672
10.890240
13.527040
12.640257
12.616704
13.502464
12.621824
12.544000
13.471744
10.844160
13.186049
14.063616
13.256704
13.166592
14.056448
13.100032
13.080576
14.053375
13.099009
13.058048
14.044160
13.072384
13.139968
14.067712
13.154305
13.151232
14.057472
13.142015
13.059072
14.048256
13.105152
13.096960
14.052352
13.092864
10.844160
Control Period
13.510656
12.595200
12.512257
13.499392
12.519424
12.467199
13.487104
12.448769
12.560385
13.500416
12.572672
12.605440
13.496320
12.589056
12.548096
13.489152
12.515327
12.598272
13.517824
12.600321
12.595200
13.512705
12.528640
12.504065
13.491199
12.509184
12.547071
13.495296
12.530687
12.532736
13.486080
12.547072
12.593152
13.498368
12.567553
12.473345
13.509632
12.553216
12.573696
13.494272
12.590080
12.591105
13.484032
12.503040
12.468224
13.466623
12.489728
12.534784
13.471745
12.532736
12.519424
13.455360
12.465153
12.476416
13.504512
12.581888
12.594175
13.495296
12.580864
12.613632
13.480960
12.490752
12.590080
13.518848
12.591105
12.541952
13.473792
12.519424
12.535809
13.508608
12.579840
12.593152
13.511680
12.528640
12.511232
13.505536
12.526592
12.550144
13.490176
12.548096
12.540928
13.469696
12.555264
12.595200
13.498367
12.558336
12.482560
13.478912
12.484608
12.552192
13.504512
Control Period
12.565504
12.491776
13.504512
12.540928
12.461056
13.476864
12.505088
12.599296
13.515776
12.616704
12.539904
13.536256
12.609535
12.532736
13.545471
12.651520
12.603392
13.510656
12.591105
12.580864
13.461504
12.512257
12.580864
13.511681
12.571648
12.507135
13.472768
12.493824
12.475391
13.522943
12.520449
12.488705
13.506559
12.525568
12.512256
13.508608
12.589056
12.569599
13.467648
12.539904
12.527617
13.473792
12.487680
12.486656
13.481984
12.442624
12.446720
13.502464
12.560385
12.611584
13.494272
12.583936
12.592128
13.533184
12.591105
12.609536
13.510656
12.589056
12.533760
13.465600
12.533760
12.595200
13.496321
12.571648
12.496897
13.501440
12.526592
12.538880
13.517824
12.583936
12.571648
13.455360
12.495872
12.572672
13.481984
12.481536
12.488705
13.468672
12.509184
12.574720
13.531136
12.591105
12.515327
13.496320
12.496897
12.474368
13.458432
12.479488
12.584960
13.478912
12.572672
Control Period
12.575744
13.476864
12.580864
12.600321
13.501440
12.584960
12.585983
13.511681
12.596224
12.607489
13.490176
12.592129
12.576768
13.487104
12.590080
12.551168
13.466623
12.512257
12.555264
13.484032
12.469248
12.470272
13.536256
12.575745
12.516352
13.493248
12.525568
12.524544
13.461504
12.610560
12.584960
13.475840
12.493824
12.469248
13.448193
12.473345
12.470272
13.468672
12.471296
12.462080
13.520896
12.577792
12.600320
13.526016
12.514303
12.493824
13.520896
12.605440
12.610560
13.487104
12.596224
12.665855
13.515776
12.609535
12.608512
13.518848
12.601344
12.575745
13.506560
12.538880
12.469248
13.470720
12.477440
12.480512
13.467648
12.508160
12.591105
13.503489
12.610559
12.545024
13.518848
12.577791
12.514303
13.524992
12.580864
12.516352
13.501440
12.528640
12.468224
13.453312
12.461056
12.477440
13.487104
12.475391
12.559360
13.480960
12.469248
12.474367
13.514751
12.573696
12.581888
13.522944
Control Period
12.594176
12.607488
13.557760
12.644352
12.599297
13.517824
12.599297
12.592128
13.499392
12.536832
12.526592
13.474815
12.550144
12.525568
13.517824
12.601344
12.578815
13.524992
12.596224
12.611584
13.459455
12.498943
12.594175
13.497344
12.592128
12.553216
13.465600
12.503040
12.534784
13.474815
12.477440
12.485632
13.534208
12.548096
12.507135
13.501440
12.522496
12.473344
13.461504
12.528640
12.601344
13.510656
12.578816
12.621824
13.501440
12.608512
12.596224
13.517824
12.603392
12.583937
13.508608
12.516352
12.478464
13.510656
12.525568
12.454912
13.478912
12.515327
12.580864
13.499392
12.594175
12.576768
13.524992
12.608512
12.561408
13.501440
12.660736
12.599297
13.502464
12.600321
12.595200
13.453312
12.491776
12.470272
13.484032
12.482559
12.487680
13.470720
12.502016
12.530688
13.479937
12.479488
12.488705
13.517824
12.590080
12.597248
13.505536
12.605440
12.608512
13.490176
12.577792
Control Period
12.626944
13.492224
12.578815
12.584960
13.499392
12.574720
12.589056
13.505536
12.582912
12.597248
13.498367
12.602368
12.583937
13.506560
12.604416
12.540928
13.454336
12.521472
12.578815
13.485056
12.487680
12.485632
13.432833
12.576768
12.525568
13.492224
12.516352
12.459008
13.470720
12.469248
12.472320
13.447168
12.477440
12.572672
13.503489
12.592129
12.613632
13.486080
12.593152
12.596224
13.509632
12.594175
12.585984
13.540352
12.588032
12.603392
13.468672
12.545024
12.597248
13.486080
12.528640
12.513280
13.495296
12.548096
12.592129
13.524992
12.601344
12.614656
13.521920
12.593152
12.614656
13.483007
12.493824
12.572672
13.501440
12.579840
12.562431
13.475840
12.513281
12.540928
13.472769
12.471296
12.470272
13.502464
12.580864
12.505088
13.514751
12.528641
12.519424
13.481983
12.536832
12.582912
13.507584
12.599297
12.599297
13.512705
12.605440
12.590080
13.508608
12.592128
12.598272
Control Period
13.510656
12.531712
12.490752
13.499392
12.517376
12.474368
13.476864
12.525568
12.604416
13.499392
12.618752
12.589056
13.531136
12.597248
12.525568
13.524992
12.599297
12.610560
13.520896
12.593152
12.580864
13.455360
12.521472
12.568576
13.512704
12.595200
12.607489
13.503489
12.575745
12.577791
13.495296
12.576769
12.581888
13.514751
12.524544
12.460032
13.462528
12.488704
12.610559
13.480960
12.602367
12.645376
13.502464
12.588032
12.487680
13.473792
12.478464
12.486656
13.515776
12.544001
12.566528
13.501440
12.593152
12.615680
13.484032
12.587008
12.569600
13.472768
12.508160
12.553216
13.473792
12.527617
12.588032
13.526016
12.598272
12.515327
13.487104
12.514304
12.528640
13.515776
12.609535
12.613632
13.507584
12.609536
12.594175
13.505536
12.580864
12.488704
13.472769
12.473345
12.465153
13.513728
12.595200
12.583937
13.508608
12.535809
12.564480
13.502464
12.599297
12.597248
13.471745
Control Period
12.544001
12.513281
13.479937
12.531712
12.522495
13.507584
12.599297
12.590080
13.509632
12.594175
12.584960
13.499392
12.592128
12.595200
13.570047
12.594175
12.591105
13.489152
12.491776
12.466175
13.471744
12.474368
12.477440
13.512704
12.584960
12.580864
13.509632
12.534784
12.606464
13.489152
12.557312
12.567553
13.483007
12.577792
12.610559
13.514751
12.591105
12.574720
13.503489
12.595200
12.607489
13.515776
12.601344
12.573696
13.504513
12.594175
12.537855
13.481983
12.494848
12.529664
13.465600
12.466176
12.475391
13.524992
12.572672
12.556288
13.546495
12.643328
12.617728
13.488129
12.529663
12.582912
13.494272
12.594175
12.581888
13.513728
12.585984
12.588032
13.493248
12.577792
12.600321
13.499392
12.591105
12.513280
13.515776
12.533760
12.489728
13.480960
12.502016
12.591105
13.480960
12.548096
12.624896
13.497344
12.605440
12.499968
13.512704
12.582912
12.591105
13.496321
12.588032
Control Period
12.584960
13.432832
12.482560
12.607489
13.506559
12.622849
12.605440
13.495296
12.574720
12.572672
13.508608
12.588032
12.596224
13.513728
12.525568
12.474368
13.479936
12.495872
12.607489
13.494272
12.579840
12.659712
13.513728
12.604416
12.580896
13.509632
12.580864
12.598272
13.499392
12.549120
12.544000
13.494272
12.579840
12.577791
13.495296
12.591104
12.544000
13.451263
12.513280
12.547072
13.459456
12.470272
12.469248
13.519873
12.573696
12.626944
13.549568
12.663808
12.569600
13.479937
12.548096
12.580864
13.496320
12.604416
12.620800
13.506560
12.587008
12.489728
13.493248
12.569600
12.611584
13.492224
12.582912
12.584960
13.511711
12.530688
12.579840
13.508608
12.597248
12.539904
13.480960
12.521472
12.602368
13.504512
12.559361
12.529664
13.566977
12.657663
12.583937
13.507584
12.590080
12.595200
13.501440
12.585984
12.564480
13.451264
12.477440
12.483583
13.486080
12.473344
12.462080
Control Period
13.507584
12.545024
12.583937
13.559809
12.640256
12.594175
13.505536
12.599296
12.591105
13.488128
12.547071
12.518400
13.540352
12.599297
12.596224
13.518848
12.585983
12.588032
13.505536
12.602367
12.603392
13.479936
12.510208
12.581888
13.498367
12.581888
12.581888
13.507584
12.610559
12.584960
13.530111
12.585983
12.579840
13.512704
12.542976
12.515327
13.508608
12.596224
12.583936
13.456384
12.537856
12.529664
13.487104
12.537856
12.588032
13.490175
12.583936
12.587008
13.531136
12.567553
12.562431
13.494272
12.609536
12.577791
13.496321
12.585984
12.579840
13.480960
12.499968
12.526592
13.514752
12.576769
12.582912
13.535233
12.583937
12.577791
13.491199
12.528641
12.534784
13.512704
12.602367
12.590080
13.496320
12.618752
12.604416
13.513728
12.573696
12.482560
13.503489
12.522496
12.604416
13.500416
12.605440
12.581888
13.507584
12.530688
12.466176
13.469696
12.505088
12.689407
13.506559
Control Period
12.603392
12.595200
13.517824
12.596224
12.539904
13.546496
12.650496
12.594175
13.510656
12.584960
12.603392
13.510656
12.573696
12.573696
13.508608
12.591105
12.602367
13.512704
12.587008
12.593152
13.490175
12.485632
12.494848
13.511681
12.529664
12.593152
13.469696
12.523520
12.591105
13.475840
12.530688
12.584960
13.504512
12.597248
12.518400
13.513728
12.580864
12.582912
13.490176
12.581888
12.607489
13.470720
12.488704
12.577791
13.514752
12.613632
12.600321
13.500416
12.594176
12.539904
13.502464
12.575744
12.582912
13.504513
12.525568
12.507135
13.512704
12.603392
12.620800
13.502464
12.600320
12.660736
13.496320
12.624896
12.590080
13.492224
12.575744
12.587008
13.515776
12.594176
12.578815
13.468672
12.482560
12.556288
13.507584
12.604416
12.548096
13.459455
12.526592
12.528640
13.515776
12.566528
12.597248
13.514751
12.581888
12.597248
13.512704
12.545024
12.609536
13.471745
12.528640
Control Period
12.582912
13.502464
12.602368
12.584960
13.501440
12.576768
12.616704
13.523968
12.587008
12.584960
13.507584
12.588032
12.590080
13.502464
12.587008
12.606464
13.511681
12.597248
12.553217
13.514751
12.580864
12.599297
13.539328
12.579840
12.600320
13.516800
12.522496
12.532736
13.489152
12.546048
12.602367
13.523968
12.595200
12.579840
13.501440
12.574720
12.502016
13.512704
12.573696
12.566528
13.502464
12.577791
12.594176
13.516800
12.520449
12.478464
13.484032
12.519424
12.601343
13.497344
12.620800
12.592129
13.516800
12.584960
12.510208
13.548544
12.648448
12.604416
13.498368
12.609536
12.588032
13.505536
12.584960
12.608512
13.504512
12.599297
12.598272
13.495296
12.587008
12.591105
13.499392
12.588032
12.577792
13.524992
12.529663
12.474367
13.474815
12.503040
12.604416
13.500416
12.606464
12.502016
13.541376
12.590080
12.530687
13.524992
12.585984
12.590080
13.502464
12.584960
12.588032
Control Period
13.499392
12.595200
12.601344
13.495296
12.585984
12.579840
13.511681
12.599297
12.591105
13.512705
12.603392
12.599297
13.507584
12.535809
12.584960
13.500416
12.599297
12.602367
13.503489
12.599297
12.583937
13.518848
12.601344
12.540928
13.511681
12.604416
12.605440
13.490176
12.597248
12.592128
13.499392
12.587008
12.608512
13.497344
12.599297
12.599297
13.494272
12.587008
12.581888
13.521920
12.561408
12.479488
13.516800
12.534784
12.495872
13.519872
12.591105
12.581888
13.481984
12.553216
12.687360
13.512705
12.609535
12.589056
13.524992
12.587008
12.584960
13.519873
12.591105
12.614656
13.510656
12.592129
12.602367
13.493248
12.577791
12.599297
13.491199
12.610559
12.593152
13.507584
12.582912
12.597248
13.512704
12.535808
12.519424
13.510656
12.612608
12.622849
13.474815
12.529664
12.524544
13.483007
12.527617
12.587008
13.508608
12.594175
12.597248
13.515776
12.596224
12.626944
13.502464
Control Period
12.584960
12.601344
13.502464
12.576768
12.583936
13.510656
12.597248
12.542976
13.499392
12.572672
12.578815
13.518848
12.598272
12.597248
13.510656
12.604416
12.623872
13.486080
12.563456
12.653568
13.523968
12.606464
12.595200
13.523968
12.592128
12.589056
13.513728
12.606464
12.593152
13.504513
12.595200
12.616704
13.496321
12.603392
12.576768
13.503489
12.597248
12.544001
13.464577
12.464128
12.474368
13.516800
12.585984
12.598272
13.512704
12.598272
12.596224
13.445120
12.546047
12.583936
13.501440
12.598272
12.603392
13.510656
12.598272
12.588032
13.511681
12.597248
12.602367
13.512704
12.583936
12.602367
13.517824
12.595200
12.598272
13.507584
12.614656
12.557312
13.469696
12.475391
12.471296
13.524992
12.590080
12.619776
13.560832
12.658688
12.604416
13.490175
12.545025
12.591105
13.514751
12.592128
12.595200
13.503489
12.588032
12.592128
13.523968
12.598272
12.599296
13.504512
12.587008
Control Period
12.580864
13.516800
12.597248
12.610559
13.506559
12.606464
12.549120
13.467648
12.488705
12.463104
13.515776
12.585983
12.624896
13.540352
12.650496
12.603392
13.508608
12.606464
12.570623
13.497344
12.603392
12.605440
13.499392
12.613632
12.485632
13.511680
12.560385
12.603392
13.495296
12.589056
12.590080
13.512704
12.526592
12.570624
13.503489
12.595200
12.596224
13.507584
12.613632
12.569600
13.530111
12.593152
12.550144
13.554688
12.650496
12.601344
13.503489
12.607489
12.584960
13.498367
12.579840
12.593152
13.510656
12.613632
12.597248
13.512704
12.582912
12.596224
13.496320
12.578815
12.592129
13.514752
12.537855
12.466175
13.471745
12.510208
12.597248
13.504512
12.606464
12.587008
13.523968
12.592128
12.508160
13.513728
12.568576
12.618752
13.518848
12.603392
12.616704
13.499392
12.591105
12.609536
13.501440
12.613632
12.596224
13.516800
12.585984
12.589056
13.526016
12.588032
12.591105
Control Period
13.512704
12.529664
12.592129
13.506560
12.583936
12.600321
13.496321
12.599297
12.577792
13.513728
12.600320
12.507136
13.512704
12.580864
12.578815
13.505536
12.570624
12.614656
13.500416
12.570623
12.562432
13.500416
12.605440
12.592128
13.503489
12.612608
12.598272
13.498367
12.585984
12.603392
13.452288
12.520449
12.493824
13.519873
12.601343
12.596224
13.465600
12.609536
12.652544
13.491199
12.594176
12.587008
13.513728
12.590080
12.606464
13.501440
12.591105
12.602368
13.504512
12.595200
12.619776
13.508608
12.612608
12.591105
13.496321
12.596224
12.579840
13.506560
12.582912
12.588032
13.510656
12.523520
12.510208
13.527040
12.607489
12.584960
13.499392
12.618752
12.567553
13.500416
12.613632
12.582912
13.510656
12.572672
12.577791
13.505536
12.583937
12.606464
13.516800
12.601344
12.611584
13.505536
12.601343
12.595200
13.488128
12.617728
12.585984
13.534208
12.606464
12.594175
13.514751
Control Period
12.533760
12.489729
13.500416
12.605440
12.620800
13.491199
12.529664
12.667904
13.518848
12.604416
12.615681
13.510656
12.583936
12.575745
13.507584
12.578816
12.598272
13.500416
12.592129
12.583937
13.499392
12.592129
12.587008
13.490175
12.608512
12.626944
13.529088
12.604416
12.598272
13.529088
12.587008
12.591105
13.501440
12.598272
12.608512
13.468672
12.522496
12.587008
13.504512
12.627968
12.600321
13.518848
12.584960
12.578815
13.518848
12.603392
12.623872
13.519872
12.595200
12.605440
13.491199
12.579840
12.581888
13.512704
12.588032
12.602368
13.526016
12.593152
12.585983
13.509632
12.525568
12.507135
13.509632
12.591105
12.621824
13.508608
12.597248
12.616704
13.499392
12.590080
12.581888
13.495296
12.589056
12.589056
13.512704
12.590080
12.591105
13.519873
12.571648
12.587008
13.497344
12.585984
12.595264
13.513728
12.613632
12.564480
13.508608
12.564480
12.588032
13.510656
12.578815
Control Period
12.601344
13.494272
12.535809
12.599297
13.486080
12.550144
12.593152
13.498367
12.624896
12.593152
13.515776
12.591105
12.590080
13.527040
12.595200
12.611584
13.507584
12.582912
12.600320
13.497344
12.607489
12.611584
13.507584
12.605440
12.529664
13.527040
12.564480
12.592129
13.520896
12.574720
12.601344
13.509632
12.589056
12.610559
13.476864
12.555264
12.582912
13.502464
12.602368
12.593152
13.499392
12.595200
12.598272
13.521920
12.574720
12.612608
13.495296
12.577791
12.595200
13.494272
12.588032
12.594176
13.504512
12.596224
12.556288
13.463552
12.518400
12.593152
13.522943
12.580864
12.595200
13.493248
12.551168
12.608512
13.511681
12.615680
12.581888
13.503489
12.609536
12.614656
13.509632
12.601344
12.562431
13.509632
12.594175
12.608513
13.507584
12.587008
12.593152
13.516800
12.584960
12.613632
13.572096
12.611584
12.521472
13.465600
12.524544
12.600320
13.524992
12.599297
12.603392
Control Period
13.522943
12.615680
12.610559
13.518848
12.618752
12.587008
13.498367
12.574720
12.595200
13.503489
12.622849
12.594175
13.521919
12.585983
12.607489
13.509632
12.600320
12.604416
13.514751
12.600320
12.602367
13.497344
12.604416
12.526592
13.472768
12.533760
12.599297
13.521919
12.589056
12.608512
13.500416
12.555264
12.634111
13.523968
12.611584
12.583937
13.505536
12.574720
12.599296
13.514752
12.613632
12.591105
13.511680
12.591105
12.607489
13.502464
12.577791
12.568576
13.532160
12.592129
12.585984
13.506559
12.648448
12.676096
13.508608
12.588032
12.608512
13.516800
12.594176
12.588032
13.503489
12.534784
12.527617
13.517824
12.602368
12.592128
13.498367
12.592129
12.587008
13.515776
12.593152
12.571648
13.502464
12.593152
12.597248
13.508608
12.577791
12.596224
13.524992
12.605440
12.601343
13.513727
12.646400
12.617727
13.519873
12.602367
12.587008
13.513728
12.591105
12.601343
13.519873
Control Period
12.592128
12.627968
13.498367
12.606464
12.575744
13.500416
12.608512
12.580864
13.506560
12.598272
12.583937
13.513728
12.608512
12.599297
13.506559
12.578815
12.576768
13.503489
12.588032
12.595200
13.499392
12.598272
12.548096
13.466623
12.536833
12.590080
13.522943
12.577792
12.591105
13.504512
12.582912
12.602368
13.509632
12.616704
12.587008
13.501440
12.604416
12.617728
13.510656
12.608513
12.591105
13.502464
12.575745
12.608513
13.496320
12.589056
12.602368
13.522943
12.604416
12.614656
13.512705
12.646400
12.683264
13.527040
12.572672
12.577792
13.520897
12.578815
12.599297
13.499392
12.606464
12.616704
13.489152
12.536832
12.584960
13.494272
12.616704
12.602368
13.504513
12.609536
12.595200
13.528065
12.597248
12.607489
13.499392
12.595200
12.618752
13.526016
12.589056
12.605440
13.511681
12.606464
12.597248
13.513728
12.595200
12.584960
13.521920
12.588032
12.584960
13.528064
12.596224
Control Period
12.634111
13.489152
12.565504
12.646400
13.508608
12.608512
12.601344
13.515776
12.610560
12.583936
13.511681
12.587008
12.590080
13.505536
12.600320
12.592128
13.500416
12.597248
12.597248
13.496321
12.606464
12.597248
13.513728
12.588032
12.600320
13.528065
12.593152
12.598272
13.521919
12.596224
12.617728
13.483007
12.598272
12.651520
13.494272
12.615680
12.589056
13.513728
12.581888
12.599297
13.522943
12.576768
12.605440
13.501440
12.580864
12.607489
13.497344
12.590080
12.603392
13.502464
12.615681
12.618752
13.559809
12.644352
12.599297
13.524992
12.660736
12.602367
13.519872
12.600320
12.611584
13.498367
12.668928
12.658688
13.531136
12.596224
12.596224
13.522944
12.614656
12.594175
13.560832
12.688384
12.740608
13.542400
12.748800
12.690432
13.490176
12.619776
12.626944
13.533184
12.624895
12.610559
13.531136
12.616704
12.619776
13.577215
12.726273
12.737535
13.574144
12.750848
12.682240
Control Period
13.514752
12.615680
12.609536
13.534208
12.730368
12.729343
13.532160
12.646400
12.615681
13.517824
12.616704
12.613632
13.521920
12.598272
12.596224
13.528064
12.606464
12.605440
13.523968
12.605440
12.696576
13.574144
12.746752
12.723200
13.554688
12.711936
12.618752
13.533184
12.618752
12.612608
13.522943
12.606464
12.603392
13.527040
12.635136
12.733440
13.553664
12.749825
12.677120
13.522943
12.599297
12.616704
13.573120
12.730368
12.795904
13.556736
12.742656
12.741632
13.526016
12.630016
12.581888
13.521920
12.610559
12.620800
13.554688
12.660736
12.613632
13.508608
12.608512
12.607489
13.526016
12.615681
12.721151
13.539328
12.739584
12.739584
13.554688
12.687361
12.628992
13.526016
12.610559
12.607489
13.524992
12.608513
12.594175
13.507584
12.636160
12.676096
13.572096
12.723200
12.719104
13.532160
12.654593
12.607489
13.522943
12.601344
12.702721
13.543424
12.677120
12.640256
13.522943
Control Period
12.636160
12.719105
13.550592
12.673024
12.594176
13.518848
12.613632
12.600321
13.532160
12.612608
12.625919
13.511681
12.612608
12.611584
13.550592
12.652544
12.702721
13.456385
12.626944
12.673024
13.537280
12.635136
12.609535
13.514752
12.621824
12.693504
13.532160
12.604416
12.592129
13.530111
12.610559
12.638208
13.606913
12.780544
12.721151
13.531136
12.679169
12.749825
13.572096
12.713984
12.624896
13.515776
12.613632
12.615680
13.530111
12.615681
12.569600
13.529088
12.624896
12.608512
13.523968
12.613632
12.598272
13.528064
12.615681
12.610559
13.569024
12.728320
12.737535
13.562880
12.661760
12.605440
13.523968
12.661760
12.741632
13.555712
12.711936
12.620800
13.532160
12.633088
12.639232
13.561855
12.665855
12.643328
13.499392
12.655616
12.679169
13.540352
12.668928
12.720128
13.530111
12.717056
12.704768
13.546495
12.707840
12.722176
13.519873
12.630016
12.624895
13.498367
Control Period
12.614656
12.610559
13.515776
12.619776
12.615681
13.523968
12.579840
12.627968
13.587456
12.679169
12.608512
13.517824
12.651520
12.698624
13.545471
12.726273
12.716032
13.572096
12.707840
12.635136
13.564928
12.650496
12.612608
13.497344
12.637184
12.621824
13.539328
12.646400
12.717056
13.564928
12.766209
12.708864
13.549568
12.770304
12.733440
13.510656
12.625919
12.613632
13.519873
12.616704
12.601344
13.533184
12.594176
12.612608
13.531136
12.613632
12.621824
13.564928
12.627968
12.608512
13.519873
12.632064
12.724224
13.544448
12.729343
12.640256
13.536256
12.605440
12.628992
13.576193
12.743680
12.734464
13.520896
12.675072
12.670977
13.547520
12.613632
12.618752
13.522943
12.618752
12.620800
13.559808
12.705791
12.754944
13.579264
12.734464
12.766209
13.556736
12.717056
12.625919
13.527040
12.612608
12.619808
13.528065
12.610559
12.607489
13.524992
12.598272
12.614656
13.529088
12.640256
Control Period
12.675072
13.511681
12.616704
12.614656
13.573120
12.729343
12.742656
13.519873
12.625920
12.609536
13.494272
12.650496
12.688384
13.542400
12.719104
12.664832
13.535232
12.756992
12.617727
13.524992
12.615680
12.590080
13.528064
12.621824
12.709888
13.579264
12.744704
12.712959
13.551617
12.729343
12.747776
13.512705
12.676096
12.623873
13.509632
12.583937
12.598272
13.528065
12.634111
12.680192
13.522943
12.604416
12.628992
13.513728
12.611584
12.661760
13.562880
12.752895
12.725248
13.502464
12.664832
12.651520
13.535232
12.593152
12.615681
13.452288
12.734465
12.718081
13.568000
12.717056
12.713984
13.503489
12.636160
12.610559
13.507584
12.613632
12.611584
13.494272
12.691456
12.721152
13.551616
12.728320
12.735488
13.564928
12.735488
12.701696
13.535232
12.659712
12.612608
13.513728
12.600321
12.620800
13.509632
12.733440
12.628992
13.515776
12.606464
12.615680
13.514752
12.652544
12.650496
Control Period
13.528064
12.609536
12.613632
13.516800
12.595200
12.605440
13.512704
12.701696
12.754944
13.508608
12.745728
12.746752
13.572096
12.718081
12.636160
13.522943
12.619776
12.605440
13.521920
12.593152
12.622849
13.513728
12.737535
12.761088
13.555712
12.770304
12.723200
13.535233
12.702720
12.732416
13.577216
12.692480
12.634111
13.513728
12.610559
12.604416
13.517824
12.658688
12.653568
13.516800
12.595200
12.613632
13.512704
12.648448
12.608512
13.519873
12.616704
12.617727
13.533184
12.614656
12.721151
13.574144
12.651520
12.737535
13.556736
12.751872
12.732416
13.555712
12.711936
12.739584
13.556736
12.730368
12.716032
13.516800
12.598272
12.624896
13.561855
12.635136
12.707840
13.582336
12.742657
12.727297
13.546495
12.700672
12.721151
13.562880
12.754944
12.633088
13.524992
12.599297
12.608512
13.556736
12.659712
12.600320
13.500416
12.592129
12.591105
13.521920
12.603392
12.620800
13.517824
Control Period
12.598272
12.598272
13.559808
12.711936
12.718081
13.539328
12.703744
12.730368
13.555712
12.752895
12.727296
13.552640
12.737535
12.734465
13.571072
12.664832
12.621824
13.553663
12.650496
12.608512
13.514751
12.655617
12.706816
13.565952
12.733440
12.721151
13.473792
12.718081
12.644352
13.550592
12.650496
12.609536
13.504512
12.593152
12.631041
13.528065
12.611584
12.611584
13.518848
12.594176
12.599297
13.529088
12.607489
13.503489
13.574144
13.518848
13.527040
13.501440
13.545471
13.542400
13.538304
13.561855
13.573120
13.501440
13.550592
13.530112
13.537280
13.537280
13.552640
13.508608
13.548544
13.558784
13.563904
13.572096
13.528064
13.550592
13.544448
13.499392
13.559809
11.279360
13.498367
13.500416
13.515776
13.521919
13.530111
13.522943
13.542400
13.509632
13.527040
13.515776
13.513728
13.507584
13.506559
13.496320
13.537280
13.520896
13.543425
13.510656
13.512704
13.499392
13.545471
Control Period
14.059521
14.055424
14.066689
14.078976
14.063616
14.073856
14.071808
14.056448
14.067712
14.063616
14.064640
14.059520
14.065664
14.081024
14.072832
14.055424
14.057472
14.057472
14.068736
14.093311
14.065664
14.074881
14.059521
14.048256
14.071808
14.062592
14.082048
14.067712
14.048256
14.070784
14.063616
14.064640
14.061567
14.055424
14.050304
14.059521
14.060544
14.055424
14.058496
14.054399
14.057472
14.050304
14.064640
14.057472
14.062592
14.065664
14.072832
14.069759
14.088192
14.075905
14.085120
14.092288
14.062592
14.065664
14.064640
14.061568
14.062592
14.050304
14.051329
14.066689
14.073856
14.075904
14.072832
14.016512
14.065664
14.086143
14.065664
14.077951
14.070784
14.060544
14.066689
14.038015
14.057472
14.075905
14.060544
14.066689
14.058496
14.069759
14.068736
14.071808
14.055424
14.060544
14.053375
14.060544
14.066689
14.059521
14.052352
14.057472
14.072832
14.066689
Control Period
11.825151
13.279232
14.060544
13.260800
13.246464
14.056448
13.225985
13.247488
14.069760
13.159424
13.149184
14.058496
13.149183
13.096960
14.059520
13.208576
13.145088
14.060544
13.153280
13.245440
14.057472
13.231104
13.248512
14.068736
13.247488
13.182976
14.063616
13.288448
13.240320
14.060544
13.186049
13.175808
14.060544
13.159424
13.145088
14.070784
13.140991
13.140991
14.064640
13.143040
13.192192
14.062592
13.257729
13.258752
14.083073
13.234177
13.241344
14.057472
13.250560
13.255680
14.075904
13.232128
13.165568
14.063616
13.160448
13.146112
14.067712
13.107201
13.201408
14.142464
13.145088
13.143040
14.060544
13.138945
13.145088
14.055424
13.199360
13.181952
14.051328
13.233152
13.254656
14.029823
13.236223
13.234177
14.068736
13.243392
13.224960
14.059521
13.260799
13.247488
14.052352
13.153280
13.140991
14.065664
13.145088
13.150208
14.084096
13.158400
13.155328
14.064640
13.228032
Control Period
13.236224
14.076927
13.235200
13.242369
14.072832
13.232128
13.207552
14.062592
13.154305
13.155328
14.071808
13.194240
13.152256
14.055424
13.145088
13.139968
14.068736
13.176832
13.285376
14.061568
13.257729
13.176832
14.061568
13.237247
13.248512
14.060544
13.228032
13.243392
14.072832
13.240320
13.244415
14.063616
13.248512
13.162497
14.067712
13.156352
13.139968
14.059520
13.152256
13.152256
14.049280
13.159424
13.220864
14.041088
13.243392
13.208576
14.057472
13.230080
13.192192
14.059521
13.208576
13.150208
14.055424
13.151232
13.235200
14.059521
13.155329
13.136896
14.054399
13.144064
13.154305
14.062592
13.229055
13.264896
14.086143
13.236223
13.238272
14.061568
13.233152
13.244415
14.071808
13.237247
13.243392
14.059520
13.178880
13.155328
14.058496
13.156352
13.143040
14.062592
13.169664
13.168640
14.065664
13.148160
13.165567
14.064640
13.223936
13.242368
14.062592
13.214720
13.218816
Control Period
14.056448
13.206528
13.198336
14.070784
13.151232
13.145088
14.068736
13.147137
13.162497
14.054399
13.193216
13.137920
14.066689
13.257729
13.259776
14.058496
13.251584
13.229056
14.063616
13.265920
13.233152
14.065664
13.249537
13.248512
14.066689
13.166592
13.151232
14.072832
13.152256
13.152256
14.066689
13.144064
13.132800
14.071808
13.236223
13.256704
14.028800
13.240320
13.264896
14.078976
13.235200
13.206528
14.070784
13.155328
13.142015
14.064640
13.214720
13.156352
14.063616
13.158400
13.154305
14.071808
13.171712
13.288448
14.043137
13.243392
13.209600
14.050304
13.271040
13.262848
14.059521
13.225985
13.263872
14.072832
13.248512
13.227008
14.025728
13.246464
13.169664
14.062592
13.148160
13.161472
14.066689
13.167616
13.145088
14.070784
13.159424
13.156352
14.055424
13.112320
13.210624
14.035968
13.261824
13.193216
14.050304
13.200384
13.145088
14.060544
13.142015
13.231104
14.062592
Control Period
13.189120
13.209600
14.060544
13.153280
13.165567
14.070784
13.252608
13.191168
14.017536
13.213696
13.245440
14.066689
13.224960
13.243392
14.022655
13.216768
13.259776
14.017536
13.213696
13.153280
14.055424
13.142015
13.145088
14.059521
13.144064
13.165567
14.072832
13.109248
13.207552
14.061567
13.152256
13.157376
14.061567
13.243392
13.244416
14.074881
13.181952
13.257728
14.052353
13.250560
13.193216
14.053376
13.140992
13.143040
14.065664
13.241344
14.063616
14.065664
14.080000
14.073856
14.073856
14.082048
14.057472
14.060544
14.068736
14.064640
14.042112
14.059520
14.022655
14.068736
14.054399
14.058496
14.072832
14.072832
14.058496
14.066689
14.051329
14.012417
14.063616
14.060544
14.056448
14.086143
14.062592
14.065664
14.066689
14.093311
14.076928
14.065664
14.070784
14.043137
14.057472
14.088192
14.078976
14.066689
14.068736
14.066689
14.058496
14.052352
14.064640
14.065664
Control Period
14.057472
14.070784
14.067712
14.057472
14.051329
14.067712
14.062592
14.075904
14.070784
14.057472
14.070784
14.065664
14.076928
14.077952
14.075904
14.061568
14.064640
14.074881
14.055424
14.059521
14.035968
14.112768
14.080000
14.056448
14.060544
14.063616
14.061567
14.062592
14.052352
14.056448
14.070784
14.063616
14.070784
14.082048
14.039040
14.076928
14.066689
14.067712
14.080000
14.068736
14.048256
14.060544
14.067712
14.072832
14.061567
14.064640
14.069760
14.065664
14.066689
14.062592
14.068736
14.059521
14.021632
14.034945
14.063616
14.058496
14.060544
14.065664
14.024704
14.068736
14.072832
14.065664
14.052352
14.046207
14.055424
14.061567
14.070784
14.045184
14.066689
14.088192
14.083073
14.023680
14.013439
14.071808
14.066689
14.080000
14.057472
14.052352
14.055424
14.068736
14.074881
14.065664
14.077952
14.084096
14.075904
14.054399
14.075905
14.075904
14.060544
14.065664
14.053376
Control Period
14.086143
14.080000
14.066689
14.067713
14.060544
14.067713
14.064640
14.064640
14.074881
14.067712
14.064640
14.062592
14.068736
14.050304
14.058496
14.059521
14.061568
14.026752
14.066689
14.068736
14.055424
14.066689
14.068736
14.065664
14.056448
14.075904
14.070784
14.077951
14.074880
14.059520
14.010368
14.039040
14.075905
14.070784
14.060544
14.066689
14.064640
14.066689
14.070784
14.068736
14.020608
14.043137
14.064640
14.074881
14.073856
14.066689
14.036992
14.076928
14.070784
14.057472
14.060544
14.063616
14.072832
14.071808
14.083072
14.056448
14.076928
14.054399
14.016512
14.045184
14.060544
14.075904
14.085120
14.059520
14.058496
14.059520
14.058496
14.061568
14.053375
14.058496
14.095360
14.062592
14.038015
14.064640
14.086143
14.070784
14.077951
14.069760
14.072832
14.050304
14.056448
14.066689
14.064640
14.073856
14.072832
14.082048
14.077951
14.092288
14.078976
14.065664
14.075905
Control Period
14.038016
14.060544
14.070784
14.063616
14.068736
14.065664
14.052352
14.064640
14.068736
14.065664
14.069759
14.050304
14.069760
14.057472
14.063616
14.068736
14.063616
14.070784
14.068736
14.061567
14.050304
14.051329
14.053376
14.069760
14.089216
14.084097
14.074881
14.070784
14.062592
14.066689
14.082048
14.082048
14.063616
14.075904
14.073856
14.075904
14.072832
14.066689
14.064640
14.073856
14.055424
14.085120
14.070784
14.064640
14.044161
14.064640
14.069760
14.070784
14.065664
14.058496
14.054399
14.065664
14.094336
14.073856
14.032896
14.068736
14.061567
14.062592
14.073856
14.063616
14.073856
14.070784
14.052352
14.073856
14.032896
14.096384
14.071808
14.074881
14.067712
14.059521
14.080000
14.056448
14.058496
14.065664
14.062592
14.067712
14.074881
14.075904
14.067712
14.064640
14.071808
14.081024
14.043137
14.080000
14.103552
14.067712
14.052352
14.047264
14.047232
14.062592
14.060544
Control Period
14.046207
14.066689
14.064640
14.061567
14.054399
14.074881
14.066689
14.065664
14.061567
14.066689
14.083073
14.066689
14.043137
14.068736
14.067712
14.067713
14.022655
14.065664
14.068736
14.060544
14.071808
14.054399
14.066689
14.069760
14.063616
14.063616
14.062592
14.095360
14.067713
14.066689
14.065664
14.022655
14.065664
14.067713
14.068736
14.055424
14.065664
14.020608
14.065664
14.071808
14.066689
14.064640
14.058496
14.075904
14.063616
14.059520
14.055424
14.054399
14.064640
14.070784
14.062592
14.063616
14.026752
14.060544
14.043137
14.061568
14.039040
14.073856
14.064640
14.065664
14.055424
14.065664
14.059520
14.065664
14.012416
14.081024
14.043137
14.057472
14.053375
14.064640
14.056448
14.064640
14.061567
14.139392
14.060544
14.069760
14.074881
14.066689
14.051329
14.054399
14.103552
14.056448
14.082048
14.085120
14.078976
14.024704
14.059521
14.067713
14.044160
14.058496
Control Period
14.076928
14.077952
14.061567
14.083072
14.062592
14.053375
14.067712
14.085120
14.081024
14.064640
14.063616
14.070784
14.070784
14.064640
14.070784
14.061568
14.056448
14.043136
14.019584
14.056448
14.070784
14.056448
14.070784
14.070784
14.069760
14.063616
14.080000
14.061568
14.072832
14.059520
14.072832
14.063616
14.072832
14.057472
14.064640
14.067712
14.081024
14.092287
14.069760
14.091264
14.074881
14.061568
14.059521
14.062592
14.067713
14.051328
14.076928
14.061568
14.059521
14.069759
14.057472
14.064640
14.071808
14.063616
14.074881
14.069759
14.067712
14.064640
14.067713
14.070784
14.057472
14.052352
14.070784
14.076928
14.080000
14.078976
14.064640
14.061567
14.065664
14.034945
14.064640
14.030848
14.087168
14.075904
14.070784
14.057472
14.065664
14.059521
14.066689
14.094336
14.067712
14.067713
14.072832
14.061567
14.070784
14.072832
14.061567
14.061567
14.053376
14.060544
14.061567
Control Period
14.019584
14.021632
14.018560
13.983744
14.039040
14.070784
14.075904
14.090240
14.010368
14.057472
14.063616
14.072832
14.065664
14.064640
14.078976
14.067712
14.068736
14.062592
14.054399
14.064640
14.057472
14.014463
14.061568
14.024704
14.069759
14.074881
14.055424
14.053375
14.063616
14.080000
14.067712
14.061567
14.057472
14.049280
14.075905
14.062592
14.062592
14.066689
14.055424
14.065664
14.058496
14.051328
14.073856
14.059520
14.056448
14.074881
14.096384
14.077951
14.052353
14.072832
14.071808
14.070784
14.084096
14.063616
14.067712
14.068736
14.085120
14.077951
14.070784
14.076928
14.061568
14.063616
14.062592
14.064640
14.065664
14.053375
14.012416
14.058496
14.088192
14.061568
14.080000
14.056448
14.065664
14.062592
14.069759
14.062592
14.078976
14.075905
14.061568
14.059521
14.054399
14.075905
14.064640
14.084096
14.072832
14.061567
14.100479
14.064640
14.075905
14.052352
14.069759
Control Period
14.072832
14.076928
14.076928
14.075904
14.061568
14.083073
14.055424
14.067712
14.021632
14.051328
14.070784
14.065664
14.019584
14.028800
14.066689
14.085119
14.076928
14.063616
14.060544
14.057472
14.065664
14.056448
14.064640
14.048256
14.054399
14.050304
14.071808
14.056448
14.070784
14.072832
14.077952
14.057472
14.074881
14.086143
14.068736
14.091265
14.060544
14.066689
14.075905
14.069760
14.087168
14.077951
14.058496
14.064640
14.058496
14.068736
14.060544
14.057472
14.060544
14.082048
14.071808
14.032896
14.076927
14.049280
14.058496
14.069759
14.074881
14.068736
14.073856
14.056448
14.069759
14.068736
14.060544
14.064640
14.061567
14.058496
14.051329
14.058496
14.070784
14.068736
14.059521
14.032896
14.051329
14.078976
14.091265
14.074881
14.067713
14.055424
14.065664
14.061568
14.062592
14.068736
14.074881
14.051328
14.047232
14.086143
14.068736
14.076928
14.068736
14.081024
Control Period
14.087168
14.073856
14.078976
14.060544
14.103552
14.073856
14.056448
14.068736
14.071808
14.078976
14.073856
14.078976
14.022655
14.022655
14.057472
14.025728
14.073856
14.062592
14.062592
14.050304
14.009344
14.055424
14.048256
14.064640
14.058496
14.049280
14.061567
14.063616
14.071808
14.017536
14.081024
14.102528
14.067713
14.076927
14.046207
14.067713
14.070784
14.075905
14.074881
14.015488
14.078976
14.061567
14.089216
14.067712
14.062592
14.074881
14.039040
14.061568
14.073856
14.068736
14.021632
14.083072
14.056448
14.074881
14.064640
14.012416
14.073856
13.983744
14.013440
14.072832
14.064640
14.071808
14.062592
14.068736
14.065664
14.060544
14.062592
14.080000
14.073856
14.083073
14.083072
14.070784
14.064640
14.073856
14.064640
14.059520
14.070784
14.059520
14.059520
14.068736
14.067712
14.050304
14.057472
14.047232
14.085119
14.063616
14.040064
14.054399
14.050304
14.051328
14.071808
Control Period
14.054399
14.078976
14.086144
14.087168
14.069759
14.063616
14.084097
14.043137
14.069760
14.065664
14.085120
14.060544
14.087168
14.072832
14.074881
14.035969
14.080000
14.066689
14.084096
14.063616
14.025728
14.076928
14.068736
14.055424
14.060544
14.075904
14.066689
14.069759
14.046207
14.064640
14.064640
14.064640
14.059521
14.054399
14.057472
14.064640
14.054399
14.060544
14.057472
14.021631
14.078976
14.014463
14.023680
14.060544
14.065664
14.057472
14.073856
14.078976
14.057472
14.089216
14.024704
14.081024
14.061567
14.054399
14.075904
14.076928
14.085119
14.073856
14.050304
14.064640
14.076927
14.065664
14.074881
14.059521
14.054400
14.074881
14.065664
14.075904
14.046207
14.080000
14.077952
14.072832
14.076928
14.069760
14.074881
14.059520
14.074881
14.089216
14.073856
14.070784
14.074881
14.062592
14.070784
14.053375
14.058496
14.066689
14.068736
14.064640
14.053376
14.061567
14.069760
Control Period
14.049280
14.072832
14.088192
14.040064
14.067712
14.067712
14.060544
14.053375
14.078976
14.053375
14.041088
14.047232
14.070784
14.066689
14.053376
14.028800
14.029824
14.068736
14.065664
14.078976
14.057472
14.064640
14.072832
14.071808
14.047232
14.056448
14.078976
14.059521
14.090240
14.074881
13.991936
14.054400
14.076928
14.064640
14.072832
14.064640
14.097408
14.069759
14.062592
14.060544
14.062592
14.077951
14.062592
14.096384
14.058496
14.049280
14.073856
14.072832
14.059520
14.074881
14.068736
14.060544
14.066689
14.057472
14.055424
14.059521
14.068736
14.064640
14.059521
14.086143
14.084096
14.066689
14.057472
14.042112
14.065664
14.053376
14.085120
14.043137
14.062592
14.073856
14.058496
14.049280
14.040064
14.069760
14.041088
14.072832
14.045184
14.018560
14.063616
14.069759
14.069759
14.063616
14.056448
14.065664
14.076928
14.073856
14.070784
14.070784
14.061568
14.070784
Control Period
14.070784
14.072832
14.059520
14.055424
14.059521
14.065664
14.074881
14.068736
14.056448
14.063616
14.064640
14.057472
14.073856
14.069760
14.064640
14.074881
14.058496
14.072832
14.067713
14.065664
14.058496
14.082048
14.056448
14.061568
14.059520
14.068736
14.068736
14.064640
14.075904
14.087168
14.062592
14.066689
14.072832
14.066689
14.054399
14.080000
14.063616
14.083073
14.072832
14.066689
14.063616
14.031872
14.026752
14.071808
14.070784
14.067712
14.016512
14.074881
14.049280
14.066689
14.058496
14.053375
14.057472
14.057472
14.075904
14.080000
14.071808
14.074881
14.082048
14.059521
14.063616
14.075905
14.074881
14.068736
14.069760
14.074881
14.013439
14.066688
14.068736
14.058496
14.072832
14.044160
14.073856
14.076927
14.059521
14.072832
14.067712
14.064640
14.025728
14.077952
14.053376
14.086143
14.050304
14.073856
14.068736
14.081024
14.094336
14.088192
14.061567
14.075904
14.068736
Control Period
14.063616
14.097408
14.068736
14.075904
14.051328
14.066689
14.057472
14.053375
14.058496
14.058496
14.050304
14.060544
14.052352
14.070784
14.078976
14.050304
14.056448
14.068736
14.076928
14.073856
14.062592
14.067712
14.066689
14.064640
14.080000
14.081024
14.066689
14.080000
14.063616
14.084097
14.021631
14.068736
14.056448
14.065664
14.047232
14.016512
14.048256
14.102528
14.056448
14.066689
14.068736
14.084096
14.045183
14.058496
14.055424
14.067712
14.075904
14.073856
14.082048
14.052352
14.068736
14.061567
14.069760
14.069760
14.056448
14.076928
14.066689
14.071808
14.073856
14.069760
14.019585
14.047232
14.064640
14.069760
14.054399
14.065664
14.056448
14.052352
14.046208
14.057472
14.053375
14.052352
14.083072
14.061567
14.071808
14.061568
14.051329
14.056448
14.061568
14.064640
14.070784
14.055424
14.038016
14.021631
14.076928
14.058496
14.064640
14.065664
14.069760
14.077952
Control Period
14.070784
14.075905
14.063616
14.054399
14.072832
14.076928
14.087168
14.068736
14.065664
14.082048
14.068736
14.027777
14.075904
14.069759
14.058496
14.076928
14.057472
14.068736
14.063616
14.069759
14.087168
14.090240
14.063616
14.053376
14.068736
14.062592
14.026752
14.061567
14.057472
14.065664
14.066689
14.031872
14.053376
14.105600
14.081024
14.050304
14.065664
14.053375
14.080000
14.075904
14.081024
14.021632
14.089216
14.056448
14.065664
14.024704
14.059520
14.082048
14.076927
14.060544
14.085120
14.056448
14.099456
14.060544
14.069759
14.060544
14.071808
14.062592
14.091265
14.058496
14.081024
14.063616
14.038016
14.090240
14.068736
14.045183
14.081024
14.076928
14.062592
14.069759
14.055424
14.057472
14.078976
14.095360
14.092288
14.065664
14.064640
14.061567
14.068736
14.065664
14.066689
14.066689
14.056448
14.022655
14.076928
14.030848
14.098432
14.055424
14.064640
14.059521
14.068736
Control Period
14.060544
14.075904
14.080000
14.074881
14.067713
14.058496
14.053376
14.060544
14.060544
14.060544
14.046208
14.059520
14.065664
14.066689
14.068736
14.074881
14.072832
14.063616
14.067712
14.053376
14.022655
14.072832
14.082048
14.062592
14.063616
14.040064
14.087168
14.055424
14.070784
14.063616
14.082048
14.068736
14.080000
14.071808
14.067712
14.057472
14.062592
14.072832
14.068736
14.056448
14.058496
14.060544
14.066689
14.057472
14.075904
14.032896
14.048256
14.062592
14.058496
14.058496
14.044160
14.073856
14.073856
14.064640
14.056448
14.019584
14.067712
14.080000
14.030848
14.069760
14.063616
14.068736
14.068736
14.099456
14.013439
14.082048
14.059521
14.066689
14.068736
14.055424
14.063616
14.065664
14.068736
14.075904
14.050304
14.084096
14.064640
14.067712
14.040064
14.069759
14.083073
14.048256
14.062592
14.016512
14.076928
14.060544
14.076928
14.068736
14.066689
14.083072
14.068736
Control Period
14.072832
14.055424
14.064640
14.069759
14.080000
13.995008
14.050304
14.030848
14.060544
14.080000
14.067713
14.056448
14.054399
14.060544
14.064640
14.076928
14.032896
14.068736
14.061568
14.062592
14.071808
14.030848
14.075905
14.047232
14.066689
14.073856
14.072832
14.040064
14.068736
14.063616
14.080000
14.065664
14.070784
14.069760
14.072832
14.047232
14.042112
14.071808
14.086143
14.069760
14.068736
14.074881
14.048256
14.026752
14.080000
14.055424
14.052352
14.068736
14.062592
14.057472
14.064640
14.063616
14.069759
14.073856
14.011393
14.069759
14.006271
14.069760
14.062592
14.061568
14.064640
14.060544
14.061567
14.066689
14.022655
14.071808
14.052352
14.075905
14.093311
14.061568
14.030848
14.066689
14.055424
14.070784
14.070784
14.068736
14.074881
14.069759
14.072832
14.057472
14.068736
14.071808
14.083073
14.088192
14.078976
14.077951
14.073856
14.070784
14.067713
14.020608
Control Period
14.063616
14.063616
14.081024
14.078976
14.064640
14.068735
14.059520
14.055424
14.067713
14.085120
14.067712
14.060544
14.073856
14.071808
14.063616
14.052352
14.063616
14.063616
14.072832
14.067712
14.065664
14.070784
14.084096
14.080000
14.072832
14.072832
14.068736
14.058496
14.082048
14.076928
14.072832
14.071808
14.088192
14.081024
14.069760
14.074881
14.024704
14.071808
14.058496
14.023680
14.076928
14.074881
14.053376
14.084096
14.082048
14.054399
14.064640
14.088192
14.062592
14.087168
14.090240
14.059521
14.068736
14.065664
14.078976
14.060544
14.072832
14.064640
14.066689
14.075904
14.069759
14.063616
14.057472
14.057472
14.050304
14.056448
14.094336
14.071808
14.076928
14.022655
14.031872
14.065664
14.060544
14.073856
14.085119
14.067712
14.068736
14.061568
14.060544
14.072832
14.065664
14.081024
14.066689
14.058496
14.019585
14.021632
14.061567
14.053375
14.031872
14.067713
14.067713
Control Period
14.075904
14.064640
14.080000
14.068736
14.023680
14.077951
13.974527
14.052352
14.069759
14.057472
14.085119
14.080000
14.045183
14.055424
14.036992
14.083072
14.083072
14.085120
14.062592
14.083073
14.072832
14.072832
14.049280
14.055424
14.082048
14.063616
14.057472
14.022655
14.021631
14.024704
14.013440
14.018560
14.055424
14.061567
14.061568
14.060544
14.063616
14.062592
14.055424
14.060544
14.076928
14.024704
14.070784
14.069759
14.081024
14.023680
14.055424
14.055424
14.062592
14.063616
14.081024
14.056448
14.096384
14.077951
14.029824
14.056448
14.080000
14.072832
14.084096
14.075904
14.102528
14.064640
14.048256
14.073856
14.091264
14.061568
14.048256
14.073856
14.085120
14.056448
14.061568
14.066689
14.054399
14.063616
14.080000
14.059520
14.066689
14.060544
14.059520
14.022655
14.072832
14.060544
14.058496
14.057472
14.075904
14.092287
14.057472
14.065664
14.061567
14.077951
Control Period
14.066689
14.065664
14.065664
14.073856
14.070784
14.075904
14.065664
14.062592
14.045184
14.030848
14.072832
14.088192
14.061567
14.012416
14.075904
14.052352
14.059520
14.047232
14.058496
14.076928
14.059520
14.056448
14.053375
14.068736
14.105600
14.069760
14.058496
14.053375
14.027776
14.064640
14.057472
14.051328
14.087168
14.071808
14.067713
14.063616
14.061567
14.057472
14.088192
14.058496
14.067712
14.068736
14.066689
14.069759
14.077952
14.095360
14.074881
14.063616
14.077952
14.060544
14.056448
14.067713
14.020608
14.075904
14.069759
14.071808
14.066689
14.064640
14.077952
14.052352
14.098433
14.015488
14.086143
14.070784
14.073856
14.033920
14.058496
14.068736
14.078976
14.080000
14.077951
14.049280
14.087168
14.051328
14.096384
14.075905
14.064640
14.066689
14.072832
14.022655
14.067712
14.091265
14.063616
14.075904
14.057472
14.059520
14.085119
14.094336
14.072832
14.053376
14.069760
Control Period
14.056448
14.063616
14.062592
14.058496
14.061567
14.067712
14.074881
14.042112
14.063616
14.050304
14.085119
14.066689
14.065664
14.070784
14.073856
14.076927
14.041088
14.059521
14.032896
14.061567
14.059520
14.069759
14.060544
14.077951
14.063616
14.063616
14.086143
14.061568
14.077952
14.100480
14.048256
14.071808
14.098432
14.071808
14.062592
14.056448
14.073856
14.044161
14.050304
14.058496
14.083073
14.078976
14.068736
14.066689
14.055424
14.057472
14.057472
14.059521
14.070784
14.081024
14.003200
14.084096
14.017536
14.070784
14.060544
14.062592
14.062592
14.067712
14.062592
14.073856
14.057472
14.066689
14.063616
14.065664
13.984768
14.066689
14.076928
14.061568
14.060544
14.063616
14.075905
14.072832
14.069760
14.071808
14.017536
14.077951
14.066689
14.052352
14.061567
14.025728
14.036992
14.073856
14.056448
14.092288
14.078976
14.039040
14.048256
14.067712
14.068736
14.060544
Control Period
14.067713
14.050304
14.055424
14.086144
14.071808
14.069759
14.061568
14.060544
14.074881
14.068736
14.065664
14.057472
14.062592
14.076928
14.086144
14.073856
14.068736
14.075904
14.070784
14.056448
14.059520
14.074881
14.023680
14.064640
14.055424
14.088192
14.015488
14.014463
14.057472
14.077951
14.072832
14.064640
14.068736
14.054399
14.059521
14.054399
14.059521
14.061567
14.067712
14.060544
14.066689
14.062592
14.062592
14.056448
14.056448
14.068736
14.075905
14.067713
14.078976
14.073856
14.084096
14.099456
14.020608
14.064640
14.050304
14.072832
14.025728
14.077951
14.052352
14.075905
14.074881
14.081024
14.042112
14.076928
14.060544
14.030848
14.068736
14.083073
14.061568
14.071808
14.059521
14.064640
14.077951
14.072832
14.087168
14.061567
14.076928
14.056448
14.072832
14.089216
14.076928
14.081024
14.069760
14.069760
14.073856
14.070784
14.062592
14.055424
14.075905
14.062592
14.074881
Control Period
14.064640
14.069759
14.060544
14.043137
14.069759
14.066689
14.070784
14.029823
14.080000
14.036992
14.075904
14.058496
14.073856
14.064640
14.034945
14.080000
14.076928
14.060544
14.064640
14.066689
14.055424
14.061568
14.012416
14.045183
14.062592
14.061568
14.065664
14.048256
14.063616
14.071808
14.051329
14.080000
14.060544
14.029824
14.081024
14.063616
14.027777
14.066689
14.068736
14.057472
14.087168
14.060544
14.073856
14.078976
14.073856
14.054399
14.070784
14.076928
14.062592
14.057472
14.062592
14.054399
14.065664
14.067713
14.058496
14.032896
14.080000
14.058496
14.061567
14.070784
14.058496
14.060544
14.065664
14.080000
14.069760
14.071808
14.059520
14.094336
14.053375
14.056448
14.063616
14.074881
14.069759
14.064640
14.017536
14.064640
14.042112
14.064640
14.058496
14.074881
14.066689
14.048256
14.060544
14.067713
14.080000
14.062592
14.056448
14.070784
14.065664
14.063616
14.075904
Control Period
14.071808
14.080000
14.070784
14.078976
14.062592
14.047232
14.067713
14.063616
14.056448
14.058496
14.056448
14.071808
14.056448
14.080000
14.058496
14.054399
14.083073
14.074881
14.066689
14.065664
14.066689
14.050304
14.065664
14.081024
14.052352
14.077952
14.064640
14.083072
14.063616
14.060544
14.071808
14.027777
14.066689
14.045184
14.068736
14.053376
14.074881
14.069759
14.069759
14.067713
14.071808
14.072832
14.078976
14.060544
14.074881
14.077952
14.071808
14.101504
14.054399
14.061568
14.063616
14.067712
14.061568
14.056448
14.062592
14.078976
14.055424
14.034944
14.066689
14.082048
14.074880
14.071808
14.069760
14.059520
14.061568
14.134272
14.068736
14.064640
14.053376
14.061568
14.076928
14.069760
14.048256
14.056448
14.081024
14.063616
14.072832
14.081024
14.025728
14.035968
14.060544
14.027777
14.053375
14.048256
14.027777
14.109695
14.060544
14.086143
14.060544
14.072832
Control Period
14.088192
14.059520
14.067713
14.028800
14.071808
14.070784
14.084096
14.056448
14.072832
14.023680
14.017536
14.064640
14.055424
14.052352
14.050304
14.063616
14.069759
14.060544
14.073856
14.060544
14.045184
14.102528
14.077952
14.080000
14.058496
14.069759
14.060544
14.064640
14.066689
14.078976
14.065664
14.094336
14.068736
14.023680
14.057472
14.075904
14.029824
14.059521
14.064640
14.045184
14.078976
14.056480
14.053376
14.080000
14.068736
14.105600
14.075904
14.065664
14.057472
14.023680
14.083073
14.034945
14.083073
14.067712
14.078976
14.059520
14.067713
14.064640
14.044161
14.083072
14.063616
14.098433
14.057472
14.080000
14.055424
14.072832
14.070784
14.026752
14.068736
14.060544
14.073856
14.069759
14.071808
14.081024
14.077951
14.057472
14.074881
14.064640
14.069760
14.057472
14.059520
14.059521
14.061567
14.059520
14.071808
14.062592
14.071808
14.060544
14.080000
14.092288
14.026752
Control Period
14.076928
14.064640
14.069759
14.064640
14.023680
14.029824
14.060544
14.049280
14.067713
14.066689
14.060544
14.062592
14.056448
14.065664
14.084096
14.066689
14.063616
14.065664
14.077951
14.016512
14.078976
14.058496
14.052352
14.063616
14.068736
14.071808
14.051328
14.059520
14.063616
14.060544
14.069760
14.055424
14.025728
14.071808
14.069759
14.064640
14.058496
14.078976
14.095360
14.046207
14.076928
14.075904
14.071808
14.066689
14.057472
14.061568
14.057472
14.026752
14.071808
14.070784
14.045184
14.065664
14.063616
14.076928
14.059521
14.055424
14.068736
14.057472
14.060544
14.087168
14.078976
14.084096
14.067713
14.064640
14.080000
14.055424
14.065664
14.056448
14.074881
14.075905
14.067713
14.065664
14.093311
14.069759
14.025728
14.064640
14.057472
14.065664
14.056448
14.060544
14.064640
14.075904
14.061568
14.066689
14.072832
14.053376
14.076928
14.078976
14.078976
14.058496
Control Period
14.063616
14.013439
14.083073
14.084096
14.031872
14.054399
14.071808
14.063616
14.051329
14.069759
14.068736
14.077951
14.066689
14.075905
14.067712
14.053375
14.056448
14.063616
14.074881
14.087168
14.069759
14.074881
14.061567
14.080000
14.062592
14.075904
14.052352
14.082048
14.065664
14.064640
14.057472
14.087168
14.091265
14.062592
14.077951
14.048256
14.068736
14.066689
14.090240
14.062592
14.088192
14.083073
14.075904
14.007296
14.056448
14.070784
14.069760
14.062592
14.068736
14.056448
14.064640
14.060544
14.063616
14.078976
14.071808
14.033920
14.031872
14.069759
14.074881
14.020608
14.017536
14.066689
14.082048
14.071808
14.034945
14.070784
14.073856
14.021632
14.032896
13.980672
14.072832
14.042112
14.062592
14.051328
14.018560
14.059521
14.052352
14.063616
14.057472
14.060544
14.065664
14.073856
14.058496
14.066689
14.071808
14.049280
14.043137
14.071808
14.026752
14.066689
14.076928
Control Period
14.081024
14.058496
14.066689
14.017536
14.064640
14.057472
14.058496
14.063616
14.063616
14.070784
14.066689
14.069760
14.062592
14.061568
14.035968
14.072832
14.055424
14.071808
14.065664
14.075905
14.064640
14.056448
14.060544
14.018560
14.076928
14.070784
14.061567
14.056448
14.062592
14.059520
14.063616
14.075904
14.057472
14.062592
14.063616
14.074881
14.074881
14.036992
14.049280
14.059520
14.091265
14.067713
14.040064
14.060544
14.076928
14.086143
14.068736
14.088192
14.083073
14.048256
14.039040
14.082048
14.057472
14.071808
14.061567
14.056448
14.048256
14.075904
14.065664
14.064640
14.077951
14.098433
14.059520
14.073856
14.051328
14.070784
14.059521
14.050304
14.076928
14.058496
14.087168
14.060544
14.060544
14.034945
14.020608
14.061568
14.062592
14.063616
14.070784
14.088192
14.074881
14.055424
14.075905
14.075904
14.033920
14.057472
14.059521
14.081024
14.035968
14.051328
Control Period
14.072832
14.069760
14.059521
14.068736
14.064640
14.066688
14.057472
14.026752
14.061567
14.068736
14.062592
14.066689
14.068736
14.076928
14.051329
14.067712
14.072832
14.050304
14.085120
14.059520
14.065664
14.054399
14.067712
14.070784
14.072832
14.063616
14.064640
14.042112
14.065664
14.074881
14.056448
14.064640
14.070784
14.066689
14.065664
14.078976
14.010368
14.056448
14.053375
14.074881
14.063616
14.072832
14.081024
14.066689
14.057472
14.051329
14.048256
14.072832
14.083072
14.061568
14.077951
14.057472
14.063616
14.074881
14.071808
14.028800
14.062592
14.084096
14.066689
14.071808
14.065664
14.062592
14.062592
14.066689
14.086143
14.059521
14.059521
14.059520
14.067712
14.073856
14.061568
14.075904
14.058496
14.070784
14.070784
14.076927
14.078976
14.059521
14.061567
14.062592
14.057472
14.039040
14.052352
14.070784
14.053375
14.060544
14.067713
14.077951
14.067712
14.074881
14.068736
Control Period
14.064640
14.069760
14.066689
14.059520
14.085120
14.059520
14.085119
14.036992
14.063616
14.069759
14.066689
14.061567
14.078976
14.071808
14.063616
14.060544
14.068736
14.055424
14.072832
14.057472
14.076928
14.073856
14.072832
14.078976
14.068768
14.082048
14.077952
14.061567
14.061567
14.061568
14.077951
14.075905
14.029824
14.051328
14.038016
14.068736
14.064640
14.082048
14.057472
14.087168
14.039040
14.060544
14.067713
14.064640
14.083072
14.094336
14.068736
14.073856
14.055424
14.081024
14.077951
14.073856
14.067713
14.070784
14.064640
14.065664
14.061568
14.058496
14.089216
14.062592
14.087168
14.056448
14.096384
14.024704
14.017536
14.035968
14.076927
14.071808
14.064640
14.069760
14.062592
14.077951
14.060544
14.090240
14.059521
14.061568
14.061568
14.055424
14.052352
14.078976
14.055424
14.086143
14.073856
14.062592
14.058496
14.080000
14.081024
14.066689
14.069760
14.066689
Control Period
14.077952
14.026752
14.033920
14.027776
14.082048
14.056448
14.082048
14.084096
14.062592
14.080000
14.064640
14.088192
14.087168
14.089216
14.067712
14.088192
14.065664
14.069760
14.061567
14.060544
14.081024
14.064640
14.061567
14.059520
14.074881
14.055424
14.024704
14.063616
14.077951
14.050304
14.056448
14.062592
14.089216
14.023680
14.073856
14.055424
14.051329
14.047232
14.054399
14.067712
14.055424
14.063616
14.067712
14.066689
14.092288
14.042112
14.074881
14.078976
14.070784
14.078976
14.108671
14.082048
14.092288
14.062592
14.056448
14.043137
14.073856
14.069760
14.083072
14.065664
14.080000
14.067712
14.066689
14.048256
14.012416
14.065664
14.065664
14.065664
14.070784
14.058496
14.077951
14.003201
14.066689
14.049280
14.077951
14.075905
14.073856
14.060544
14.075905
14.059521
14.064640
14.064640
14.061568
14.057472
14.078976
14.049280
14.055424
14.081024
14.073856
14.025728
14.087168
Control Period
14.030848
14.070784
14.066689
14.086143
14.034945
14.054399
14.068736
14.100480
14.055424
14.067713
14.040064
14.031872
14.066689
14.050304
14.065664
14.080000
14.069760
14.065664
14.056448
14.056448
14.070784
14.102528
14.063616
14.062592
14.029824
14.088192
14.064640
14.056448
14.061567
14.092288
14.047232
14.052352
14.077951
14.076928
14.084096
14.075905
14.055424
14.052352
14.070784
14.068736
14.012416
14.075905
14.070784
14.062592
14.058496
14.063616
14.064640
14.066689
14.072832
14.024704
14.063616
14.083073
14.054399
14.082048
14.095360
14.061568
14.082048
14.075904
14.072832
14.070784
14.092288
14.075904
14.062592
14.072832
14.035968
14.030848
14.067712
14.084097
14.014463
14.022655
14.053375
14.053375
14.057472
14.074881
14.047232
14.094336
14.059520
14.055424
14.060544
14.057472
14.068736
14.056448
14.068736
14.062592
14.080000
14.075904
14.083073
14.053376
14.021631
14.036992
14.050304
Control Period
14.069760
14.101503
14.078976
14.059521
14.068736
14.080000
14.063616
14.072832
14.070784
14.063616
14.066689
14.061568
14.072832
14.060544
14.080000
14.055424
14.077951
14.075905
14.050304
14.094336
14.069760
14.099456
14.073856
14.069759
14.048256
14.075904
14.058496
14.073856
14.069760
14.087168
14.022655
14.095360
14.075905
14.058496
14.081024
14.067713
14.053376
14.062592
14.073856
14.064640
14.077951
14.084096
14.066689
14.057472
14.027777
14.078976
14.074881
14.063616
14.068736
14.059520
14.063616
14.067712
14.019584
14.045184
14.074880
14.066689
14.059521
14.061567
14.073856
14.060544
14.072832
14.076928
14.068736
14.075904
14.074881
14.077951
14.070784
14.067713
14.064640
14.058496
14.067713
14.072832
14.012416
14.074881
14.105600
14.038015
14.051329
14.071808
14.041088
14.059520
14.065664
14.060544
14.060544
14.080000
14.080000
14.074881
14.052352
14.066689
14.078976
14.076928
Control Period
14.065664
14.021631
14.061568
14.068736
14.077951
14.082048
14.083073
14.090240
14.086143
14.057472
14.069760
14.034945
14.090240
14.054399
14.067712
14.095360
14.063616
14.071808
14.066689
14.069759
14.065664
14.071808
14.058496
14.059521
14.071808
14.059521
14.078976
14.071808
14.055424
14.077951
14.055424
14.085120
14.075904
14.064640
14.055424
14.067713
14.066689
14.064640
14.060544
14.059520
14.068736
14.098433
14.066689
14.055424
14.065664
14.053375
14.064640
14.057472
14.030848
14.035969
14.077951
14.066689
14.064640
14.066689
14.065664
14.090240
14.078976
14.063616
14.069760
14.062592
14.066689
14.058496
14.064640
14.014463
13.975552
14.067712
14.061568
14.060544
14.067712
14.067712
14.072832
14.090240
14.069759
14.056448
14.080000
14.086143
14.088192
14.069760
14.064640
14.069759
14.060544
14.074881
14.077951
14.068736
14.073856
14.063616
14.060544
14.029824
14.077951
14.060544
14.063616
Control Period
14.073856
14.063616
14.070784
14.058496
14.067712
14.045183
14.034945
14.057472
14.076928
14.083073
14.080000
14.066689
14.069760
14.083073
14.068736
14.062592
14.084096
14.086143
14.059521
14.058496
14.076928
14.076928
14.051328
14.103552
14.051328
14.072832
14.072832
14.055424
14.074881
14.040064
14.091265
14.067712
14.063616
14.088192
14.060544
14.073856
14.061567
14.083073
14.059520
14.069759
14.054399
14.058496
14.152704
14.060544
14.084096
14.068736
14.060544
14.068736
14.072832
14.096384
14.071808
14.073856
14.093312
14.046207
14.070784
14.095360
14.071808
14.067712
14.050304
14.015488
14.062592
14.064640
14.067712
14.065664
14.071808
14.088192
14.048256
14.067713
14.026752
14.054399
14.088192
14.072832
14.094336
14.063616
14.084096
14.074881
14.051328
14.068736
14.064640
14.061568
14.072832
14.057472
14.048256
14.073856
14.070784
14.063616
14.057472
14.080000
14.064640
14.077951
Control Period
14.060544
14.083073
14.048256
14.066689
14.066689
14.058496
14.067713
14.066689
14.065664
14.075904
14.089216
14.081024
14.066689
14.027777
14.076927
14.071808
14.084096
14.058496
14.084096
14.064640
14.080000
14.063616
14.059520
14.062592
14.054399
14.067712
14.069759
14.072832
14.054399
14.055424
14.053376
14.067712
14.073856
14.072832
14.062592
14.064640
14.059521
14.089216
13.998079
14.061568
14.078976
14.066689
14.073856
14.066689
14.059520
14.089216
14.053375
14.080000
14.029823
14.070784
14.063616
14.053375
14.073856
14.017536
14.087168
14.064640
14.071808
14.075904
14.059520
14.020608
14.056448
14.058496
14.098433
14.046207
14.063616
14.056448
14.056448
14.064640
14.022655
14.063616
14.080000
14.062592
14.046207
14.023680
14.067712
14.066689
14.087168
14.062592
14.081024
14.061567
14.056448
14.070784
14.076928
14.049280
14.064640
14.066689
14.049280
14.072832
14.075904
14.056448
14.065664
Control Period
14.019585
14.085119
14.071808
14.061568
14.056448
14.084096
14.070784
14.066689
14.081024
14.069759
14.062592
14.081024
14.071808
14.077951
14.062592
14.063616
14.068736
14.072832
14.019584
14.020608
14.054399
14.057472
14.069759
14.082048
14.072832
14.081024
14.064640
14.087168
14.065664
14.070784
14.063616
14.063616
14.054399
14.031872
14.075904
14.066689
14.078976
14.048256
14.068736
14.056448
14.012416
14.061567
14.103552
14.033920
14.070784
14.043137
14.063616
14.062592
14.075904
14.059521
14.062592
14.057472
14.072832
14.075905
14.052352
14.063616
14.064640
14.027777
14.061567
14.070784
14.074881
14.067713
14.059521
14.064640
14.077952
14.076928
14.076928
14.065664
14.047232
14.064640
14.077951
14.027776
14.077951
14.074881
14.067713
14.072832
14.013440
14.063616
14.032928
14.073856
14.060544
14.065664
14.081056
14.058496
14.055424
14.066689
14.023680
14.060544
14.064640
14.052352
Control Period
14.015488
14.060544
14.078976
14.054399
14.050304
14.086143
14.074881
14.062592
14.071808
14.069760
14.017536
14.075904
14.059520
14.074881
14.071808
14.068736
14.088192
14.063616
14.046207
14.054399
14.062592
14.080000
14.067713
14.072832
14.060544
14.058496
14.052352
14.068736
14.063616
14.059521
14.075905
14.067712
14.085119
14.081024
14.022655
14.072832
14.064640
14.082048
14.090240
14.072832
14.088192
14.056448
14.022655
14.076928
14.060544
14.063616
14.064640
14.099456
14.062592
14.085119
14.047232
14.071808
14.101503
14.086143
14.072832
14.067713
14.069759
14.067712
14.056448
14.059520
14.058496
14.064640
14.095360
14.066689
14.040064
14.076928
14.066689
14.059520
14.064640
14.090240
14.066689
14.085120
14.080000
14.062592
14.066689
14.063616
14.067712
14.062592
14.072832
14.068736
14.059521
14.084096
14.076928
14.080000
14.074881
14.067712
14.069759
14.077951
14.068736
14.055424
14.065664
Control Period
14.065664
14.066689
14.063616
14.087168
14.077951
14.137344
14.057472
14.075904
14.038015
14.067712
14.073856
14.069759
14.058496
14.077951
14.078976
14.092288
14.053375
14.065664
14.070784
14.066689
14.072832
14.066689
14.088192
14.089216
14.066689
14.075904
14.057472
14.074880
14.072832
14.057472
14.057472
14.074880
14.073856
14.063616
14.041088
14.066689
14.061568
14.032896
14.060544
14.067712
14.071808
14.064640
14.056448
14.072832
14.060544
14.058496
14.083072
14.081024
14.081024
14.065664
14.055424
14.055424
14.051328
14.006271
14.062592
14.060544
14.056448
14.068736
14.019584
14.067713
14.077951
14.031872
14.055424
14.052352
14.065664
14.075904
14.071808
14.054399
14.074881
14.065664
14.045184
14.073856
14.065664
14.063616
14.062592
14.067712
14.060544
14.062592
14.073856
14.072832
14.082048
14.058496
14.080000
14.070784
14.058496
14.082048
14.087168
14.064640
14.068736
14.071808
Control Period
14.015488
14.049280
14.064640
14.056448
14.064640
14.078976
14.075904
14.058496
14.065664
14.034945
14.060544
14.088192
14.065664
14.071808
14.059521
14.067712
14.060544
14.063616
14.074881
14.086143
14.049280
14.062592
14.056448
14.068736
14.059520
14.082048
14.070784
14.075904
14.056448
14.072832
14.059520
14.070784
14.049280
14.075904
14.059520
14.080000
14.066689
14.074881
14.068736
14.025728
14.052352
14.054399
14.088192
14.045184
14.076928
14.059521
14.051328
14.064640
14.084097
14.073856
14.093312
14.066689
14.025728
14.061568
13.988864
14.065664
13.987840
14.078976
14.063616
14.064640
14.058496
14.053376
14.018560
14.077951
14.088192
14.069759
14.075904
14.078976
14.073856
14.067713
14.064640
14.051328
14.048256
14.027777
14.080000
14.044160
14.070784
14.056448
14.072832
14.056448
14.056448
14.062592
14.013440
14.067712
14.054399
14.062592
14.089216
14.062592
14.069759
14.055424
14.074881
Control Period
14.066689
14.055424
14.056448
14.053376
14.069759
14.063616
14.068736
14.071808
14.066689
14.067712
14.073856
14.051328
14.062592
14.064640
14.041088
14.067713
14.071808
14.053375
14.063616
14.065664
14.077952
14.068736
14.063616
14.064640
14.068736
14.077952
14.060544
14.070784
14.066689
14.090240
14.036992
14.055424
14.081024
14.059520
14.032896
14.083073
14.060544
14.049280
14.055424
14.081024
14.080000
14.078976
14.028800
14.068736
14.070784
14.063616
14.064640
14.075904
14.054399
14.083073
14.072832
14.070784
14.077951
14.069759
14.080000
14.067713
14.081024
14.066689
14.085119
14.071808
14.036992
14.055424
14.049280
14.055424
14.084097
14.083072
14.056448
14.080000
14.058496
14.058496
14.051328
14.063616
14.046207
14.067713
14.058496
14.066689
14.061567
14.068736
14.061567
14.070784
14.049280
14.058496
14.065664
14.065664
14.072832
14.021631
14.072832
14.018560
14.055424
14.042112
Control Period
14.064640
14.084096
14.056448
14.063616
14.066689
14.018560
14.092288
14.054399
14.072832
14.049280
14.066689
14.065664
14.059520
14.096384
14.109695
14.071808
14.031872
14.063616
14.076928
14.064640
14.060544
14.059521
14.068736
14.056448
14.071808
14.069759
14.074881
14.064640
14.092288
14.068736
14.069759
14.048256
14.074881
14.065664
14.053376
14.057472
14.051328
14.065664
14.076928
14.056448
14.071808
14.059520
14.070784
14.062592
14.054399
14.068736
14.056448
14.022655
14.067713
14.066689
14.077952
14.063616
14.056448
14.096384
14.063616
14.070784
14.027777
14.080000
14.085119
14.061568
14.047232
14.062592
14.058496
14.072832
14.060544
14.066689
14.065664
14.032896
14.064640
14.040064
14.067712
14.028800
14.084096
14.065664
14.060544
14.061567
14.073856
14.058496
14.059521
14.039040
14.074881
14.053375
14.063616
14.061568
14.062592
14.032896
14.065664
14.084096
14.055424
14.067713
14.057472
Control Period
14.075904
14.055424
14.069759
14.067713
14.057472
14.045183
14.078976
14.062592
14.020608
14.071808
14.058496
14.080000
14.070784
14.069760
14.074881
14.067713
14.070784
14.073856
14.030848
14.038015
14.082048
14.061568
14.050304
14.067713
14.068736
14.070784
14.062592
14.051329
14.062592
14.065664
14.073856
14.096384
14.034945
14.066689
14.061568
14.069759
14.086143
14.076928
14.061568
14.078976
14.076928
14.085120
14.013440
14.068736
14.054399
14.065664
14.086143
14.031872
14.064640
14.061567
14.083073
14.016512
14.064640
14.069760
14.061568
14.051328
14.055424
14.071808
14.033920
14.058496
14.067713
14.063616
14.068736
14.069759
14.055424
14.073856
14.072832
14.086143
14.066689
14.066689
14.030848
14.057472
14.072832
14.072832
14.060544
14.031872
14.057472
14.054399
14.060544
14.067713
14.061567
14.025728
14.043137
14.060544
14.068736
14.067713
14.072832
14.058496
14.076928
14.030848
14.063616
Control Period
14.055424
14.071808
14.053376
14.053376
14.090240
14.082048
14.077952
14.082048
14.052352
14.064640
14.066689
14.095360
14.063616
14.083072
14.085119
14.065664
14.013439
14.067713
14.067713
14.096384
14.075905
14.081024
14.056448
14.087168
14.063616
14.060544
14.065664
14.046207
14.070784
14.070784
14.058496
14.060544
14.070784
14.087168
14.073856
14.069759
14.062592
14.072832
14.063616
14.016512
14.053376
14.026752
14.094336
14.065664
14.069759
14.057472
14.070784
14.061567
14.065664
14.060544
14.067713
14.066689
14.075904
14.061567
14.066689
14.084096
14.072832
14.066689
14.069759
14.041088
14.069759
14.086143
14.086143
14.077951
14.064640
14.098432
14.049280
14.063616
14.076927
14.059521
14.059521
14.071808
14.063616
14.084096
14.059520
14.062592
14.061568
14.067712
14.084096
14.029823
14.052352
14.055424
14.072832
14.060544
14.070784
14.068736
14.061567
14.060544
14.066689
14.061568
Control Period
14.085119
14.077951
14.068736
14.053375
14.060544
14.070784
14.074881
14.061567
14.068736
14.084097
14.070784
14.069759
14.016512
14.075904
14.064640
14.062592
14.073856
14.033920
14.073856
14.025728
14.061568
14.059521
14.067713
14.026752
14.038016
14.050304
14.092288
14.026752
14.078976
14.075904
14.054399
14.075904
14.069760
14.065664
14.084096
14.071808
14.045184
14.064640
14.018560
14.070784
14.053376
14.065664
14.066689
14.058496
14.071808
14.065664
14.067713
14.071808
14.070784
14.062592
14.068735
14.074881
14.070784
14.047232
14.064640
14.061567
14.058496
14.048256
14.065664
14.063616
14.014463
14.081024
14.061567
14.055424
14.068736
14.034945
14.089216
14.058496
14.067712
14.064640
14.076928
14.017536
14.016512
14.023680
13.971456
14.068736
14.062592
14.071808
14.067712
14.051329
14.075904
14.047232
14.067713
14.060544
14.010368
14.068736
14.020608
14.069759
14.014463
14.053375
14.052352
Control Period
14.044160
14.065664
14.086143
14.082048
14.068736
14.071808
14.046207
14.064640
14.087168
14.077951
14.063616
14.048256
14.063616
14.065664
14.087168
14.070784
14.073856
14.063616
14.070784
14.076928
14.060544
14.067712
14.061567
14.077951
14.077951
14.050304
14.076928
14.046207
14.050304
14.071808
14.012417
14.057472
14.072832
14.077951
14.067712
14.083072
14.089216
14.055424
14.084096
14.061568
14.075904
14.027777
14.059521
14.061568
14.065664
14.069759
14.057472
14.081024
14.072832
14.092288
14.064640
14.054399
14.071808
14.061568
14.068736
14.062592
14.092288
14.084097
14.090240
14.058496
14.014463
14.069759
14.071808
14.080000
14.052352
14.065664
14.061568
14.074881
14.072832
14.072832
14.068736
14.072832
14.070784
14.057472
14.060544
14.058496
14.068736
14.072832
14.061567
14.066689
14.068736
14.067712
14.069759
14.036992
14.077952
14.076927
14.066689
14.060544
14.034945
14.059521
Control Period
14.094336
14.053376
14.058496
14.075904
14.051328
14.049280
14.056448
14.070784
14.074881
14.080000
14.064640
14.050304
14.063616
14.068736
14.027777
14.069759
14.077952
14.070784
14.075905
14.071808
14.057472
14.067713
14.045183
14.072832
14.064640
14.068736
14.071808
14.029823
14.084096
14.069760
14.090240
14.082048
14.061567
14.060544
14.068736
14.072832
14.044160
14.066689
14.071808
14.062592
14.077951
14.072832
14.071808
14.074881
14.065664
14.043137
14.083073
14.069759
14.073856
14.068736
14.026752
14.064640
14.046207
14.045184
14.048256
14.018560
14.001152
14.070784
14.075904
14.060544
14.061568
14.060544
14.065664
14.076928
14.072832
14.030848
14.062592
14.074881
14.042112
14.022655
14.076928
14.066689
14.056448
14.055424
14.071808
14.061567
14.084096
14.073856
14.083073
14.096384
14.074880
14.078976
14.083073
14.062592
14.057472
14.077951
14.068736
14.076928
14.030880
14.060544
14.052352
Control Period
14.067712
14.077951
14.065664
14.053375
14.027777
14.074881
14.064640
14.059521
14.060544
14.065664
14.058496
14.016512
14.060544
14.061568
14.054399
14.070784
14.067712
14.061568
14.086143
14.056448
14.085120
14.063616
14.017536
14.062592
14.073856
14.067712
14.064640
14.076928
14.060544
14.071808
14.086143
14.071808
14.070784
14.065664
14.064640
14.022655
14.072832
14.077952
14.072832
14.046207
14.084096
14.060544
14.023680
14.064640
13.984768
13.976576
14.024704
14.068736
14.066689
14.063616
14.064640
14.076928
14.067712
14.054399
14.082048
14.083072
14.059521
14.076928
14.057472
14.068736
14.059521
14.052352
14.060544
14.062592
14.060544
14.062592
14.071808
14.074881
14.077951
14.063616
14.067713
14.073856
14.076928
14.039040
14.062592
14.091265
14.040064
14.063616
14.077951
14.062592
14.072832
14.053376
14.058496
14.028800
14.054399
14.063616
14.062592
14.076928
14.076927
14.071808
Control Period
14.059521
14.069759
14.036991
14.074881
14.066689
14.052352
14.069760
14.068736
14.064640
14.061567
14.059521
14.095360
14.067712
14.061567
14.062592
14.071808
14.067713
14.068736
14.053376
14.065664
14.020608
14.046208
14.074881
14.071808
14.052352
14.074881
14.077951
14.065664
14.069760
14.056448
14.061568
14.069760
14.069759
14.060544
14.073856
14.065664
14.029824
14.060544
14.062592
14.078976
14.053376
14.061567
14.062592
14.062592
14.083073
14.055424
14.071808
14.089216
14.076928
14.059520
14.061567
14.069760
14.053376
14.050304
14.066689
14.062592
14.084096
14.056448
14.073856
14.035968
14.070784
14.062592
14.062592
14.071808
14.098433
14.047232
14.091264
14.063616
14.060544
14.053376
14.070784
14.072832
14.064640
14.080000
14.031872
14.078976
14.068736
14.088192
14.024704
14.048256
14.083073
14.075904
14.047232
14.040064
14.085120
14.075904
14.064640
14.057472
14.071808
14.058496
14.081024
Control Period
14.064640
14.058496
14.067713
14.072832
14.065664
14.055424
14.054399
14.054399
14.059520
14.094336
14.077952
14.036992
14.078976
14.065664
14.061568
14.077951
14.061568
14.083073
14.058496
14.074881
14.077951
14.049280
14.043136
14.058496
14.058496
14.049280
14.086143
14.063616
14.082048
14.067712
14.054399
14.071808
14.068736
14.053376
14.065664
14.072832
14.070784
14.045184
14.087168
14.059520
14.027777
14.095360
14.060544
14.064640
14.059521
14.073856
14.065664
14.058496
14.043137
14.046208
14.062592
14.069760
14.062592
14.084096
14.064640
14.068736
14.055424
14.060544
14.071808
14.065664
14.061568
14.057472
14.055424
14.056448
14.065664
14.056448
14.068736
14.036991
14.026752
14.050304
14.061568
14.073856
14.049280
14.063616
14.098433
14.070784
14.064640
14.062592
14.009344
14.056448
14.083073
14.085120
14.021631
14.083073
14.067712
14.077951
14.078976
14.068736
14.088192
14.057472
Control Period
14.063616
14.056448
14.060544
14.076928
14.057472
14.064640
14.060544
14.058496
14.015488
14.060544
14.069759
14.066689
14.064640
14.076928
14.053375
14.053376
14.082048
14.087168
14.074881
14.059520
14.043137
14.056448
14.063616
14.075904
14.068736
14.073856
14.069760
14.068736
14.064640
14.076928
14.068736
14.025728
14.056448
14.052352
14.060544
14.057472
14.077952
14.071808
14.082048
14.058496
14.098433
14.080000
14.084096
14.069760
14.059520
14.050304
14.062592
14.071808
14.052352
14.060544
14.076928
14.043136
14.074880
14.090240
14.020608
14.094336
14.060544
14.065664
14.063616
14.068736
14.069760
14.078976
14.070784
14.062592
14.060544
14.040064
14.066689
14.090240
14.049280
14.056448
14.068736
14.054400
14.064640
14.022655
14.072832
14.067712
14.071808
14.070784
14.062592
14.060544
14.074881
14.023680
14.052352
14.077952
14.063616
14.070784
14.067713
14.073856
14.071808
14.065664
14.066689
Control Period
14.067713
14.060544
14.065664
14.058496
14.064640
14.024704
14.067712
14.077951
14.086143
14.052352
14.071808
14.044160
14.076928
14.041088
14.054399
14.021632
14.068736
14.062592
14.036992
14.068736
14.068736
14.065664
14.060544
14.088192
14.076927
14.073856
14.019585
14.063616
14.062592
14.069760
14.056448
14.038015
14.053375
14.074880
14.057472
14.078976
14.058496
14.053375
14.077951
14.023680
14.063616
14.061568
14.060544
14.061568
14.070784
14.078976
14.067713
14.059520
14.065664
14.083073
14.015488
14.069760
14.065664
14.049280
14.066689
14.057472
14.057472
14.062592
14.062592
14.066689
14.072832
14.098433
14.059520
14.054399
14.064640
14.066689
14.055424
14.059520
14.066689
14.063616
14.066689
14.066689
14.056448
14.060544
14.066689
14.059520
14.060544
14.015488
14.088192
14.064640
14.055424
14.016512
14.066689
14.065664
14.080000
14.043137
14.063616
14.065664
14.075905
14.071808
Control Period
14.060544
14.064640
14.026752
14.067712
14.071808
14.057472
14.022655
14.090240
14.066689
13.547520
12.732416
12.699648
13.520897
12.691456
12.763136
13.559808
12.718081
12.807168
13.554688
12.760064
12.662785
13.573120
12.734464
12.725248
13.545472
12.743680
12.730368
13.555712
12.712960
12.728320
13.562880
12.727296
12.720127
13.521920
12.599296
12.621824
13.541376
12.715008
12.725248
13.574144
12.754944
12.762112
13.571072
12.681216
12.749824
13.586432
12.741632
12.750848
13.572096
12.742657
12.713984
13.566977
12.786688
12.816383
13.549568
12.765184
12.774401
13.602816
12.803072
12.737535
13.562880
12.774401
12.818432
13.547520
12.729343
12.738560
13.563904
12.745728
12.721152
13.493248
12.733440
12.686337
13.548544
12.696576
12.712960
13.552640
12.681215
12.647425
13.453312
12.738560
12.754944
13.556736
12.721151
12.731392
13.566976
12.728320
12.747776
13.562880
12.755968
12.722176
13.541376
Control Period
12.739584
12.755968
11.545600
13.252608
9.633792
11.699200
9.291776
4.815872
9.641984
11.619328
8.561664
4.844544
10.860544
11.640832
8.505344
7.231488
11.599873
11.865088
7.198720
11.876352
11.854848
11.862016
7.194624
11.853825
11.021312
10.992640
7.188480
11.852800
11.850752
7.232512
6.982656
11.850752
11.863040
4.827136
9.410561
8.565760
9.455616
4.817920
9.313280
9.633792
11.150335
4.816896
11.636736
9.627648
11.243521
4.825088
11.851776
11.146240
11.172865
4.827136
11.112448
11.858944
8.705024
4.835328
11.839488
11.845633
7.196672
7.238656
10.973185
11.222016
7.192576
11.863040
11.092992
10.929152
7.202816
11.069440
11.844608
6.490112
6.966272
10.644480
11.257856
4.818944
9.390079
10.846208
11.042816
4.810752
11.606016
9.630720
11.236352
4.816896
11.645952
11.077632
11.103231
4.816896
11.835392
11.843584
9.456640
4.841472
10.962944
11.805696
8.586240
7.240704
10.938368
11.188224
7.196672
9.644032
11.032576
10.931200
7.194624
11.820032
11.821056
7.236608
6.998016
8.722432
11.874304
4.828160
4.822016
8.462337
9.417728
4.823040
9.373696
9.633792
11.218945
4.823040
Control Period
11.650048
11.028481
11.244544
4.824064
11.845633
11.055104
11.111423
4.819968
11.851776
11.858944
9.445375
4.824064
12.633088
9.640960
10.521600
4.819968
14.065664
9.630720
9.569281
4.826112
12.921856
9.015296
7.212032
4.818944
10.752000
11.044865
4.827136
4.831232
10.712064
11.090944
4.820992
9.606144
8.651776
13.735935
4.824064
11.847680
9.639936
13.652992
4.819968
11.862016
9.639936
13.638657
4.826112
11.845633
11.844608
9.444352
4.820992
12.710913
11.847680
8.639488
4.816896
12.474368
8.986624
7.193600
7.239680
13.569023
7.237632
9.192448
9.639936
13.154305
9.169920
9.578496
9.644032
10.895360
10.923008
4.822016
9.641984
11.099136
11.169792
4.832256
9.636864
11.005952
11.285504
4.820992
11.637760
11.144192
11.116545
4.825088
11.865088
11.854848
9.444352
4.819968
12.684288
11.852800
8.650752
4.826112
12.551168
11.212799
7.197696
7.225344
13.638656
7.227392
7.179264
9.646080
12.613632
8.773632
9.106432
9.645056
14.072832
7.241728
7.001088
9.636864
14.044160
6.687744
7.211008
9.624577
11.601920
8.476672
4.829184
9.632769
11.840511
9.448448
4.815872
11.847680
11.850752
9.450496
4.832256
11.858944
11.848704
Control Period
7.198720
4.830208
13.517824
11.840512
7.206912
4.846592
12.397568
11.024384
7.189504
7.227392
13.497344
11.851776
7.203840
4.830112
12.633088
11.295744
7.195648
7.263232
12.572672
11.196417
7.203840
7.238656
13.551617
11.853825
7.191552
9.652224
13.534208
11.855872
7.213056
9.646080
13.609983
11.859968
7.197696
9.639936
13.603840
11.863041
7.192576
9.643007
13.572096
11.849728
7.164928
11.854849
11.096064
11.032576
7.200768
9.639936
12.974080
11.205632
7.199744
11.846656
11.862017
9.605120
7.177216
11.847680
11.864064
9.595903
7.189504
11.834368
11.838464
9.600000
7.194624
9.639936
13.620224
9.595903
7.188480
9.650176
13.646848
9.613312
7.194624
9.630720
13.701120
7.239680
7.189504
9.637888
13.616128
7.224320
7.185408
9.636864
14.080000
7.230464
9.157632
9.632769
13.359104
8.958976
9.562112
9.638912
13.363199
9.048064
9.589760
9.641984
13.430784
8.979456
6.962176
9.641984
10.852352
10.955776
7.186432
9.634816
10.885120
11.036673
7.188480
9.649152
10.911743
11.197440
7.203840
9.634816
11.028481
10.991616
7.195648
9.645056
10.869761
10.841087
4.814848
9.638912
10.998784
11.277311
4.820992
9.643008
11.097088
11.450368
4.828160
4.820992
7.246848
11.001856
Control Period
11.866112
11.071487
13.442048
11.849728
11.106304
11.854849
11.862016
11.826176
7.236608
13.198336
11.849728
8.787968
7.247872
13.626368
11.872255
7.192576
7.238656
12.823552
11.645952
8.531968
7.225344
11.118591
14.060544
6.508544
14.032896
11.828224
11.846656
4.825088
11.596800
14.060544
7.228416
7.198720
11.586560
14.066689
7.230464
11.817984
9.630720
13.568000
9.603072
9.587712
11.121664
11.846656
11.037696
9.628672
14.063616
11.841536
9.596928
11.850752
11.855872
11.825151
7.243776
10.995712
11.659264
10.864639
7.234560
14.075904
11.859968
7.202816
7.230464
13.647872
11.655168
6.985728
11.860992
11.858944
14.060544
4.812800
13.552640
11.844608
9.446400
4.823040
11.847680
11.611135
9.218048
7.189504
11.603968
14.060544
7.240704
11.829248
9.631744
13.542400
9.610240
11.844608
11.560961
11.614208
9.583616
9.638912
13.310976
11.068417
9.607168
11.867136
11.852800
9.399296
9.405440
10.928128
11.646976
11.162624
9.629696
14.062592
11.863040
7.203840
9.653248
13.624320
11.641856
6.964224
11.613184
10.851328
12.708864
4.811776
12.597248
11.846657
8.712192
4.813824
10.999807
11.630592
8.456192
4.831232
11.648000
14.071808
7.227392
9.216000
Control Period
11.602944
14.078976
9.602048
11.847680
14.081024
11.856895
9.598976
11.864064
11.847680
11.815936
9.637888
13.600767
14.069759
4.831232
14.083073
11.859968
9.448448
4.828160
11.865088
14.067713
9.604095
11.843584
11.598848
11.622400
11.357183
11.852800
11.864064
11.833344
9.641984
13.601791
11.620352
9.367552
14.069759
11.851776
9.443328
9.441280
11.845633
14.087168
9.612288
11.853825
11.612160
11.633664
11.343872
11.860992
11.860992
11.817984
9.629696
13.566977
11.665408
9.410560
14.072832
11.855871
9.433088
9.442305
11.849728
14.076928
7.219200
13.616128
11.559937
11.594752
11.301888
11.850752
11.848703
11.814913
9.647104
13.518848
11.586560
9.396224
14.071808
11.859968
9.451520
9.447424
11.115520
14.075905
6.477824
13.579264
11.593728
11.616256
11.371520
11.125760
11.864063
11.080704
11.834368
11.139072
13.300735
9.645056
13.654016
11.621376
6.963200
14.065664
11.082752
11.022336
4.807680
11.847680
14.071808
7.230464
11.345921
11.051008
11.843584
11.121664
9.638912
12.872704
13.463552
9.631744
13.603840
11.629568
9.363456
14.078976
11.857920
9.439232
9.440256
11.840512
14.068736
7.227392
Control Period
11.809792
11.070464
11.854848
12.770304
11.847680
11.872256
11.403264
11.643904
13.155328
11.118592
9.448448
11.858944
13.602816
14.078976
11.851776
11.863040
11.328512
11.853825
11.057152
12.943360
11.624448
13.837312
11.866112
11.825151
11.857920
11.851776
11.811840
11.844608
11.176960
12.861441
14.077951
11.059200
11.034624
9.442304
11.841536
13.603840
14.075904
11.856895
11.849728
11.351040
11.606016
13.046783
11.185152
9.445375
11.847680
13.595648
14.065664
11.804672
11.841536
11.824128
11.842560
11.032576
12.789761
11.622400
13.853697
11.850752
9.207808
13.833216
11.847680
11.816959
11.858944
11.175936
13.423616
11.853825
11.839488
13.595648
7.192576
11.842560
13.243392
10.780672
13.821953
11.033600
13.243392
11.860992
11.856896
14.077951
9.458689
11.856896
14.080000
9.395201
11.617280
12.836864
13.295616
11.857920
11.864063
14.058496
9.459712
11.176960
14.064640
8.866816
11.859968
12.804096
10.867712
11.636736
13.614080
14.067713
9.643007
13.530112
14.068736
4.818944
13.571072
11.601920
9.177088
11.825152
11.144192
11.852800
12.827648
Control Period
11.626495
13.840384
11.844608
13.616128
14.068736
9.359360
13.840384
11.067392
13.242368
11.860992
14.064640
11.845633
11.849728
10.778624
13.810688
11.023360
12.720128
14.078976
10.905600
13.058048
11.852800
12.746752
13.309952
11.624448
13.107201
11.112448
14.080000
13.332479
11.863041
11.851776
13.523968
14.084096
11.621376
9.226240
13.614080
13.330432
10.802176
13.847551
11.030528
12.785664
14.059520
10.877953
13.006847
11.844608
14.082048
11.628544
13.838336
11.852800
13.619200
11.810816
10.815489
13.861888
11.121664
13.343744
14.060544
11.109376
13.288448
11.847680
12.793856
13.237247
11.849728
11.040768
13.590528
14.071808
11.538432
13.814784
11.855872
13.615105
14.062592
11.840512
9.445375
13.609983
13.329409
10.876928
13.799424
11.016191
12.692480
14.077951
10.860544
13.117440
11.853825
14.065664
11.612160
13.792255
11.862017
13.566977
9.444352
14.066689
11.851776
14.066689
14.072832
11.855872
11.860992
13.714432
14.067713
14.078976
11.856895
14.063616
11.846657
Control Period
14.077951
11.613184
13.604864
13.833216
14.066689
11.842560
14.056448
14.070784
14.071808
11.590656
13.760511
11.849728
13.559808
14.064640
14.067713
11.592704
13.830144
14.069760
11.852800
13.584384
14.069760
14.066689
11.589632
13.829121
14.071808
11.864064
13.593599
14.061568
14.084096
11.607040
13.822976
14.068736
11.871232
13.578239
14.070784
14.067713
11.570176
13.770752
14.063616
11.844608
13.546495
12.648448
13.291520
11.599873
12.798976
13.102079
14.074881
11.114496
12.719105
14.074881
10.840064
12.879871
13.812737
11.087872
12.737535
14.066689
13.237247
10.766336
13.804544
13.233152
11.079679
13.581312
13.249537
13.307904
11.589632
13.004800
13.256704
11.837440
12.768256
13.227009
14.077952
10.761216
13.010944
11.847680
6.490112
13.614080
12.881920
13.316095
14.072832
10.776576
12.693504
13.806592
10.983424
12.735489
14.073856
13.331456
10.892288
13.783040
13.306880
11.028481
13.627392
13.332479
13.307904
11.585536
12.982271
13.335552
Control Period
11.844608
12.868608
12.763136
14.071808
13.240320
13.187072
11.599873
12.930048
13.240320
14.056448
13.221888
11.031552
13.504513
12.622849
13.216768
14.061567
10.747904
12.741632
13.772800
13.260799
13.288448
14.031872
11.025408
12.739584
14.064640
13.320192
13.211648
11.596800
12.746752
12.814337
13.776896
13.243392
11.056128
13.513728
12.730368
12.727297
14.057472
13.239296
13.248512
11.590656
12.987392
13.315072
14.058496
13.239296
11.036673
13.604864
12.833792
13.268991
14.058496
13.242369
10.752001
13.607936
13.069312
13.259776
14.067713
11.012096
12.686337
13.498367
13.244415
13.224960
14.065664
10.791936
12.684288
13.757441
13.231104
13.254656
11.837440
12.728320
12.825600
14.067712
13.240320
13.251584
11.576320
12.750848
13.051904
14.062592
13.236223
11.013121
13.498367
12.676096
13.234176
14.061568
13.327360
10.823680
13.611008
13.084672
13.254656
14.068736
11.023359
12.886016
13.559808
12.750848
13.193216
14.061568
10.786816
12.761087
13.844481
13.300735
13.233152
14.060544
10.976255
12.606464
14.065664
13.240320
13.204479
11.572224
12.705791
12.795904
13.804544
13.185024
11.018240
13.575169
12.810240
13.270016
14.065664
13.322241
13.237247
11.579391
12.991488
13.326336
14.057472
13.206528
11.023359
13.542400
12.707840
13.243392
14.064640
13.224960
10.716160
13.552640
12.980225
13.230080
14.066689
11.018240
12.821504
13.601791
13.309952
13.283328
14.066689
10.737664
12.683264
13.798400
13.224960
13.227008
11.835392
12.761087
12.760064
14.030848
13.212671
13.242368
11.602944
12.968960
13.233152
14.055424
13.235200
11.023360
13.573120
12.824575
13.335552
14.058496
13.276160
10.754048
13.602816
13.049856
13.195264
14.059520
11.038720
12.628992
13.603840
13.336576
13.314048
14.049280
10.737664
12.733440
13.763584
13.224960
13.321217
11.843584
12.724224
12.742657
14.055424
13.238272
13.186049
11.590656
12.721151
12.971008
14.064640
13.240320
11.019264
13.559808
12.720128
13.195264
14.068736
13.244416
10.760192
13.540352
12.982272
13.243392
14.058496
11.012096
12.821505
13.599744
13.337600
13.301760
14.069759
10.720257
12.796928
13.826048
13.272064
13.322241
14.071808
11.028481
12.740608
14.073856
13.331456
13.249537
14.057472
10.697728
12.639233
13.790208
13.245440
13.292544
11.849728
12.711936
12.628992
14.057472
13.193216
9.055232
