78.412804
66.199493
51.726212
41.944901
29.865732
17.815235
8.769536
9.381887
10.523648
9.392128
10.575872
12.931072
13.009920
8.777728
12.636160
8.137728
9.376768
8.139776
12.942336
10.575872
10.534912
12.217344
8.136704
14.565376
8.136703
12.930048
8.141825
10.539008
10.572800
8.137728
16.206848
8.758272
12.346368
9.389056
8.772608
15.196159
8.767488
12.800001
8.768512
12.223488
9.397247
12.801023
8.767488
8.773632
10.540031
10.530816
12.158977
12.932096
13.982719
8.762368
12.170240
10.535936
9.412608
8.138752
12.936192
9.952256
8.765440
12.656639
8.140800
9.403392
8.140800
12.932096
8.138752
8.770560
13.453312
8.136703
11.644928
8.137728
12.922880
8.141825
10.537984
11.194368
8.140800
12.645376
8.753152
11.214848
8.135680
10.540032
9.399296
8.139776
14.573568
8.763392
13.462528
8.757248
10.577920
9.403392
11.168768
8.773632
8.766464
12.794880
8.771584
15.226879
12.935168
12.969984
8.765440
10.533888
10.531839
9.396224
10.576897
12.927999
13.993984
8.769536
11.663360
8.136704
9.382912
8.137728
12.919807
10.568705
10.535936
12.670977
8.137728
14.569472
8.139776
8.759296
8.762367
10.540031
11.019264
8.134656
16.190464
8.138752
10.543104
9.389055
8.765440
15.195136
8.757248
10.400768
8.760321
12.209152
9.378817
12.807168
12.932096
8.754176
11.025408
8.757248
12.171265
9.392128
12.973057
12.933121
12.160000
10.532864
8.778751
8.141825
9.380864
15.226879
8.777728
15.179775
10.542080
9.391104
8.138752
12.926976
8.139776
8.764416
13.018112
10.534912
11.649024
8.133633
12.929024
8.138752
8.768513
11.203585
8.137728
12.655617
8.760321
14.550016
8.140800
10.532864
8.768512
8.138752
11.019264
8.774656
13.465600
8.763391
12.876801
9.394176
8.788992
15.192064
8.761344
12.788736
8.777727
12.215296
12.944384
12.794880
8.764416
8.759296
10.543104
10.544128
14.502913
12.948481
13.987841
8.767488
14.562304
10.540031
9.389056
8.134656
12.934144
9.951232
8.771584
16.194561
10.532864
9.407488
8.135680
12.931072
8.141824
8.777728
13.453312
8.136704
11.649024
8.136704
8.767488
8.141824
11.174911
12.958719
8.140800
17.447937
8.772608
11.204608
10.537985
12.799999
12.937216
8.767488
11.016192
8.763391
13.463552
9.383936
12.974080
12.948481
8.770559
8.768513
8.771584
12.791807
9.405439
15.238144
12.935168
15.193089
8.769536
9.395200
8.145920
9.391104
10.568705
12.937216
13.002752
10.524672
11.652096
8.140800
12.930048
8.139776
8.767488
10.578944
10.549248
12.640256
8.138752
14.569472
8.140800
8.764416
8.760321
10.541056
11.013120
8.140800
16.199680
8.767488
10.541056
9.384960
8.769536
15.191040
8.764416
10.399744
8.767488
12.220416
9.399296
12.802048
12.940289
8.757248
12.790784
8.769536
12.161024
9.396224
Control Period
13.975553
12.935168
11.662336
8.136704
9.391104
8.135680
9.407488
10.576897
9.393152
15.234048
12.927999
13.980672
12.926976
11.035648
12.929024
12.941312
15.183872
12.934144
10.395648
9.391104
13.477888
9.384960
13.985792
9.389055
13.415424
9.399296
9.400320
15.187968
12.927999
14.561279
9.406464
13.475840
9.384960
13.987841
9.373696
11.032576
9.389056
9.400320
15.187968
12.936192
14.560257
9.412608
13.462528
9.377792
11.197440
9.381887
11.035648
9.391104
9.414656
15.183872
12.929024
14.565376
9.399296
13.452288
9.374720
11.208704
9.391104
13.436928
9.394176
9.397247
15.193089
12.920832
14.566401
9.422848
13.453312
9.380864
11.206656
9.398272
11.041792
9.401344
9.415680
15.188992
12.925952
14.563328
9.415680
13.457408
9.394176
11.204608
9.382912
11.038720
9.388033
9.398272
15.180799
12.929024
14.564352
9.404416
Control Period
13.470720
9.392128
12.213247
9.384960
11.210752
9.385984
11.020288
9.385984
9.407488
11.645952
14.577664
14.572544
9.398272
12.162048
12.931072
15.224833
12.933121
13.975552
9.384960
11.207680
9.383936
11.044864
9.377792
9.392128
11.635712
14.559233
14.564352
9.389056
12.169216
12.939264
12.218369
12.931072
11.201536
9.395200
11.020288
9.377792
14.557184
15.186944
11.020288
12.782592
12.930048
10.569728
12.939264
15.226880
12.932096
13.982720
9.380864
11.211777
9.391104
11.033600
9.406464
9.396223
11.650048
14.570496
14.560255
9.390079
12.165119
12.946432
15.225856
12.930048
11.207680
9.400320
11.662336
9.384960
11.029504
9.398272
9.393152
11.033600
12.939264
14.557184
9.404416
13.455360
12.922880
12.209152
9.391104
11.215872
9.408512
11.061249
9.394176
9.395201
11.657216
14.578689
14.561280
9.399296
12.164096
12.932096
15.232000
12.924929
13.987840
9.397247
11.198463
9.384960
11.028481
9.397247
Control Period
14.561280
15.185920
11.023360
13.410303
11.031552
12.782593
9.401344
13.898752
9.406464
13.898752
9.404416
13.902848
9.396224
12.641280
9.400320
11.644928
9.392128
11.025408
9.384960
11.044864
11.661312
14.563328
11.198463
9.392128
11.041792
11.032576
12.170240
9.385984
15.662081
12.932096
16.197632
12.929024
15.194112
9.385984
11.039743
9.402369
11.029505
11.641855
14.558208
11.641856
14.565376
12.790784
9.397247
11.016191
11.031552
13.454336
9.404416
12.658688
9.403392
15.185920
9.376768
11.039743
12.932096
11.664384
13.410304
11.036673
11.197440
9.394176
11.019264
11.025408
12.791807
9.400320
13.886463
9.392128
12.216320
9.405439
12.646400
9.399296
12.653568
12.932096
11.650047
11.142143
14.567425
8.760321
11.018240
11.648001
14.570496
10.397696
12.931072
12.767232
9.395201
13.902848
9.394176
12.203009
9.390080
12.643328
9.400320
15.182848
12.923904
11.661312
11.147264
14.558208
8.762368
11.025408
11.662336
14.561280
10.393600
12.930048
12.790784
9.396223
Control Period
13.906944
9.399296
13.892609
9.397247
16.200703
12.921856
11.664384
9.396224
15.192064
15.188993
11.018240
11.655169
11.650047
11.662336
14.560256
11.014144
11.023359
11.024384
11.031551
13.907969
9.391104
17.447937
12.939264
11.668480
9.385984
15.180799
15.186944
11.025408
11.655169
11.646976
11.660288
14.562304
11.019264
11.024384
11.034624
11.044865
13.896704
9.403393
17.448959
12.929024
12.654593
9.398272
15.185921
12.924928
11.658239
11.638784
11.651072
11.623425
14.544896
11.019264
11.016191
11.023359
11.024384
12.766209
14.534656
13.885441
9.374720
12.655616
9.372672
15.163392
12.917760
11.633664
9.371648
15.165440
15.172607
11.013121
11.021312
11.001856
11.006976
11.018240
12.778496
14.545920
11.000832
10.995712
13.877248
9.389056
12.619776
9.377792
15.169536
15.170561
11.015168
11.644928
11.630592
11.631617
14.543873
11.003904
11.013121
11.015168
11.021313
13.898752
9.365504
12.648448
9.380864
15.171583
12.915712
11.653120
9.376768
15.173632
15.165440
10.994688
11.648001
11.641856
11.015167
11.002880
10.999807
11.014144
10.998784
Control Period
11.005952
13.881344
9.381887
12.638208
9.369600
12.638208
11.627520
11.634687
10.999807
11.013120
11.002880
11.017216
13.873152
9.372672
12.635136
9.385984
12.645376
11.643904
11.632640
11.031551
11.002880
11.021312
11.008000
13.891584
9.397247
13.889536
9.378817
12.639233
9.381888
12.648448
11.629568
11.629568
10.999807
11.010048
11.004929
11.002880
13.900801
9.383936
12.634112
9.369600
12.647424
11.638784
11.645952
11.016191
10.999808
11.009024
11.023359
13.889536
9.378817
12.640256
9.393152
12.649471
11.627520
11.636736
11.006976
11.020288
11.022336
11.017216
13.886464
9.382912
12.646400
9.388033
12.640256
11.625472
11.631617
11.636736
11.642879
10.995712
11.018240
13.877248
9.388032
13.898752
9.385984
12.633088
9.391104
12.634111
11.633664
11.637760
11.006976
11.027456
11.004929
11.020288
13.899776
9.368576
12.738560
9.372672
12.645376
11.637760
11.636736
10.997760
11.009024
11.006976
11.016191
13.900801
9.370625
12.636160
9.365504
12.642303
11.634687
11.631617
11.015168
11.006976
10.999808
11.026432
13.896704
9.366528
12.626944
9.381887
12.640256
11.636736
Control Period
11.636736
11.640832
11.633664
11.015168
10.999807
12.632064
11.627520
11.634687
11.005952
11.013121
13.881344
9.366528
12.643328
11.001856
11.002880
11.012096
11.003904
12.648448
11.637760
11.630592
11.018240
11.001856
13.881344
9.374720
12.628992
11.005953
10.996737
13.873152
9.374720
12.646400
11.634688
11.637760
11.002880
11.011072
13.883392
9.372672
12.645376
10.997761
11.010048
13.882368
9.371648
12.632065
11.633664
11.628544
11.017216
11.003904
12.649471
9.383936
12.634111
11.010048
11.015167
13.875200
9.374720
12.644352
11.643904
11.626496
11.011072
11.014144
12.640257
11.646976
11.626496
11.010048
11.008000
13.881344
9.388032
12.642303
11.635712
11.630592
11.019264
11.027456
12.647424
11.656192
11.633664
11.009024
11.016191
13.872128
9.382912
12.644352
11.640832
11.643904
11.021313
10.998784
12.647425
11.621376
11.638784
11.007999
10.999808
13.893632
9.375744
12.638208
11.002880
11.006976
13.888512
9.377792
12.651520
11.627520
11.623424
11.007999
11.021313
13.884417
9.382912
12.649472
11.011072
11.005953
13.894656
9.379841
12.637184
11.627520
Control Period
11.626496
11.012096
11.025408
12.656639
11.025408
11.020288
13.900800
11.632641
11.634687
11.011072
11.015167
12.650496
11.011072
11.008000
12.632064
11.632640
11.612160
13.890560
9.378817
12.633088
10.992640
11.001856
12.634112
11.648001
11.637760
13.867008
9.372672
12.642303
11.024384
11.013121
12.626944
11.019264
11.010048
13.896704
11.636736
11.654144
11.014144
11.018240
12.652544
11.023359
11.022336
13.898752
11.640832
11.625472
11.000832
11.012096
12.642303
11.003904
11.002880
12.670976
11.634687
11.630592
13.907969
9.373696
12.640257
11.021313
24.450048
35.826061
47.192856
58.567844
69.837357
81.085365
92.364098
103.612114
114.853989
126.095856
137.343872
148.577545
159.831696
171.093018
182.349228
193.600311
204.846283
216.107605
227.370972
238.628204
249.945847
261.296265
272.654877
283.959198
295.209229
306.462341
317.734924
328.980865
Control Period
340.250366
338.493958
336.752930
335.005737
333.248322
331.494995
329.714020
327.961731
326.210449
324.458160
322.715088
320.957672
319.199219
317.484802
315.828766
314.184998
312.469574
310.704987
308.955750
307.194244
305.432739
303.659973
301.888214
300.121582
298.356995
296.578064
294.832947
293.068359
291.311951
289.536102
287.788910
286.030457
284.284302
282.519714
280.870819
279.219879
277.543335
275.775665
274.002869
272.224945
270.450104
268.689606
266.930115
265.164490
263.366089
261.592285
259.814362
258.057953
256.294373
254.520554
252.750824
250.999527
249.224686
247.404785
245.755890
244.083450
242.353668
240.571655
238.817291
Control Period
237.048584
226.264740
215.506500
204.008942
190.600586
179.841324
166.061264
152.273010
138.819611
123.018173
106.857307
88.453888
71.413406
59.901501
48.415192
35.364212
24.289280
24.264704
21.393408
26.941441
25.446400
21.443584
22.150143
16.183296
19.899391
16.470016
17.930241
23.382015
23.660545
21.612545
23.534592
24.004608
19.349504
24.120319
21.050369
23.766016
24.597504
24.318975
21.955585
24.140800
19.023872
20.501503
26.041344
26.059776
24.488960
24.155136
23.421951
21.243904
23.325695
25.486336
21.479424
22.184959
16.202751
19.937281
Control Period
16.516096
18.694145
23.457790
26.147840
26.779648
24.112127
23.666687
26.812416
26.029057
26.034176
26.782719
26.413055
26.068993
26.773504
26.781696
26.057728
24.496128
26.792961
26.058752
26.180607
26.909697
26.291199
26.252289
26.774529
26.061825
26.774529
26.789888
26.052608
26.044416
26.785793
26.031105
26.050560
26.791935
26.048512
26.057728
26.812416
26.425343
26.042370
26.797054
26.024960
26.052608
26.843136
26.606592
26.333183
26.882050
26.127361
26.050560
26.802176
26.035200
26.048512
24.117249
23.741440
23.734272
Control Period
26.810368
26.766336
26.044416
26.036224
26.801151
26.045441
26.050560
26.782719
26.815487
26.257408
26.279936
26.795010
25.995264
25.991169
25.999359
26.753023
26.003456
26.016769
26.004478
25.997311
25.981953
26.021889
26.756096
25.980927
25.994240
25.999359
26.198017
26.242046
26.290176
26.789886
26.744831
25.998337
26.004480
26.745857
26.005505
26.018816
26.738689
26.733568
26.003456
26.004480
26.716160
25.992191
26.000383
26.757118
26.792961
26.283009
26.279936
26.803200
26.007553
26.005505
26.012672
26.750977
26.000385
26.000383
Control Period
26.759169
26.006527
25.980928
26.016768
26.740736
26.738688
26.008575
26.010624
26.143745
26.866688
26.865665
26.076160
26.042370
26.007551
26.747904
26.770432
26.003456
26.008575
26.006527
26.744831
25.988096
25.990143
26.001408
26.766336
26.766336
26.001408
26.014721
26.033152
26.008575
26.853376
26.246143
26.261505
26.265598
26.760193
26.725376
25.990143
26.025984
26.006527
26.740736
26.028032
26.003456
26.007553
26.006527
26.764288
26.742783
25.999359
25.982975
25.998337
26.735617
26.273792
26.281984
26.186752
26.016768
26.740736
25.992191
25.995264
Control Period
26.010624
25.998337
26.736641
26.750977
25.988096
25.999359
26.010624
25.991169
26.762239
26.754047
26.741760
26.155006
26.267647
26.266624
26.119167
26.017792
26.749952
26.743809
26.008575
25.987072
25.979904
26.019840
26.735617
26.751999
26.753025
26.011648
25.966591
26.002432
26.025986
26.757120
26.735617
26.259457
26.265598
26.256384
26.112000
26.017792
26.737663
26.768383
26.754047
25.991169
26.000383
26.014721
26.000383
26.018816
26.748928
26.001408
25.987072
26.015743
25.996288
26.005505
26.758144
26.734592
25.994240
26.271744
26.292225
26.277889
Control Period
26.022911
26.017792
26.732544
26.736641
26.007553
25.990143
26.001408
26.017792
26.013695
26.003456
26.012672
26.010624
26.755074
26.751999
26.715136
26.740736
25.988094
25.946112
26.266624
26.265600
26.261505
26.043392
25.977856
25.986048
25.980928
26.727425
26.750977
26.759167
26.007551
26.010624
25.992191
25.980928
26.014721
26.011648
26.031105
26.732544
26.739712
26.835968
26.862593
26.855423
26.134527
26.029057
25.985023
26.006527
26.020864
26.003456
26.009600
26.022911
26.749950
26.750977
26.766335
25.974785
25.989120
25.995264
25.996288
26.043392
26.285057
26.292225
Control Period
26.265598
26.786816
26.756096
26.740736
26.226688
25.750528
23.388161
23.369728
25.734144
25.732096
23.342079
23.107584
23.377920
24.408064
21.071873
23.383041
22.251520
25.758720
23.372799
23.395329
23.450624
25.702400
20.895744
20.782082
23.232512
25.730049
23.367680
23.359488
23.451649
24.546303
23.374847
20.794369
23.061504
21.935104
25.070593
23.385088
23.368704
25.731071
24.547329
21.081089
23.357441
22.043648
23.216129
23.099392
20.879360
25.713665
24.542210
24.553471
23.394304
22.285313
25.728001
23.061504
23.055359
23.194624
24.558592
24.557568
21.095425
23.386112
25.739264
Control Period
23.354368
23.383041
23.367680
25.678848
22.969345
23.063553
23.178240
25.731071
25.731071
23.369728
23.393280
23.346176
25.700352
22.982655
22.971394
23.092224
22.179840
23.361536
23.389183
23.374847
25.565184
25.564159
23.056385
23.371777
22.265858
25.725952
23.371777
23.402496
23.369728
25.578495
23.190529
23.088127
23.192575
22.248447
25.751553
23.375872
23.385088
23.383039
25.735168
23.315456
22.984703
23.217152
25.654272
23.388161
23.379967
23.389183
25.731071
23.370752
23.368704
23.372799
23.055359
25.558016
23.068672
23.297024
23.382015
25.726976
23.376896
23.385088
23.386112
25.710592
Control Period
25.558016
23.160831
23.200768
23.360512
25.732096
25.722881
25.718784
23.365631
23.376896
23.192577
23.110657
25.664513
23.196671
23.374847
23.364609
23.352322
25.759743
25.728001
25.731071
23.271423
23.104511
22.964224
23.104511
25.742336
23.357441
23.321600
23.107584
23.180288
25.532417
25.736193
23.389183
23.344128
23.393280
23.412735
23.375872
25.715714
23.202816
23.103489
23.071743
23.161856
25.731071
25.736193
23.368704
23.367680
23.382015
23.377918
25.693184
23.085056
23.084032
23.066624
23.377920
23.368704
25.738239
25.725952
23.389183
23.394304
23.195648
23.081984
25.553921
23.121920
23.405567
Control Period
23.376896
23.370752
23.367680
25.752575
25.748480
25.702400
25.548801
23.067648
23.049217
22.979584
23.371777
23.380993
23.364609
25.752575
25.750526
23.389183
23.378944
23.330816
23.072769
23.076864
23.089153
23.276545
25.732098
25.701376
25.739265
25.735168
23.402496
23.368704
24.242176
23.174145
23.191551
23.260159
23.386112
25.738239
25.717760
25.467903
22.974464
23.042048
23.339008
23.387136
23.378944
23.390207
23.364609
25.716736
25.736193
23.083008
22.958080
23.079937
23.123968
23.369728
23.367680
23.378944
25.762817
25.740288
25.747456
25.641983
23.088127
22.974464
23.094273
23.376896
23.374847
23.393280
23.356415
Control Period
25.755648
23.391232
23.352320
23.137280
23.076864
23.075840
23.019520
23.273472
23.394304
23.373825
23.364609
23.384064
23.391232
23.354368
23.179264
23.071743
23.100416
23.078911
25.449471
25.730049
25.737217
25.744385
25.724928
25.755650
25.746431
23.391232
23.203840
23.075840
23.096319
23.099392
23.318527
23.391232
23.367680
23.368704
23.372799
23.362560
23.368704
23.115776
23.000065
22.987776
23.274496
25.736193
25.713665
25.743361
25.473024
22.977535
23.190529
23.274496
23.374847
23.384064
23.379967
23.389183
23.388161
23.375872
23.186432
23.092224
23.050240
22.966272
23.307262
23.364609
23.372799
25.741312
25.737217
25.730049
Control Period
25.712639
25.706495
25.574402
25.477119
25.551872
25.696257
25.861120
25.729025
25.729023
25.741312
25.742336
25.740288
25.726976
25.694208
25.566208
25.445375
25.460735
25.458687
25.747456
25.751553
25.737217
25.720833
25.747456
25.731071
25.714687
25.460735
25.565186
25.559040
25.710590
25.744385
25.718784
25.732098
25.722881
25.715712
25.733120
25.584641
25.539585
25.575424
25.648129
25.720833
25.725952
25.738239
25.736193
25.738239
25.725952
25.726974
25.553921
25.513985
25.555969
25.610241
25.743361
25.731071
25.743359
25.571327
25.545729
25.671680
25.571327
25.760769
25.748480
25.742336
25.725952
25.757696
25.739264
25.729025
25.584641
Control Period
25.568256
25.638912
25.462784
25.735168
25.733120
25.720833
25.729023
25.739265
25.761791
25.732096
25.452545
25.578495
25.571327
25.459713
25.738239
25.743359
25.738239
25.721855
25.731071
25.725952
25.690113
25.566208
25.472000
25.558018
25.759743
25.750528
25.743359
25.733120
25.738239
25.729023
25.736191
25.675777
25.541632
25.562111
25.567232
25.716736
25.721855
25.736191
25.730049
25.731071
25.746431
25.734144
25.582592
25.454592
25.541634
25.464832
25.765888
25.749504
25.733120
25.706497
25.738239
25.742336
25.738239
25.690113
25.647104
25.548800
25.581568
25.731071
25.714687
25.729023
25.548801
25.538559
25.610241
25.691135
25.758720
Control Period
25.736191
25.737217
25.747456
25.748480
25.733120
25.735168
25.679871
25.696255
25.448448
25.572351
25.737217
25.723904
25.744385
25.725952
25.735168
25.742336
25.741312
25.586689
25.457664
25.588736
25.565184
25.750528
25.724928
25.749504
25.724928
25.722879
25.748480
25.732098
25.684992
25.451519
25.571327
25.563137
25.589760
25.723904
25.742336
25.732098
25.725952
25.726974
25.713665
25.764864
25.883648
25.890816
25.866240
25.850880
25.802752
25.803776
25.795584
25.889791
25.877504
25.891840
25.834496
25.816063
25.799679
25.832447
25.861118
25.876480
25.871361
25.889791
25.855999
25.780224
25.800705
25.782272
25.878529
25.872383
Control Period
25.868288
25.838593
25.828352
25.812992
25.801727
25.788416
25.807873
25.808895
25.826303
25.891840
25.874432
25.899008
25.889793
25.821184
25.807873
25.803776
25.832447
25.890816
25.867264
25.883648
25.836544
25.836544
25.807873
25.835522
25.880577
25.872383
25.874432
25.816063
25.816063
25.798656
25.819138
25.894913
25.877504
25.852928
25.792511
25.819136
25.831425
25.802753
25.804800
25.793535
25.817089
25.844736
25.873409
25.882624
26.004478
25.814014
25.807873
25.777153
25.809921
25.852928
25.882624
25.880577
25.819136
25.818111
25.805824
25.810944
25.909248
25.900032
25.884670
25.845760
25.832447
25.787392
25.807873
25.853952
Control Period
25.885696
25.871361
25.852928
25.803776
25.775105
25.832447
25.803776
25.808895
25.815041
25.816063
25.867264
25.867264
25.866240
25.816063
25.810944
25.811970
25.841663
25.889791
25.880577
25.866240
25.829376
25.800705
25.794559
25.823231
25.872383
25.888767
25.851904
25.823233
25.839617
25.793537
25.790462
25.798656
25.802753
25.806847
25.845760
25.870337
25.876480
25.880577
25.824257
25.823233
25.790462
25.815041
25.881599
25.865215
25.862144
25.827328
25.793535
25.798656
25.806849
25.872383
25.899008
25.882624
25.867264
25.825279
25.821182
25.811968
25.784321
25.882626
25.890816
25.859072
25.888767
25.796608
25.810944
25.807873
Control Period
25.818111
25.825279
25.807873
25.817089
25.875456
25.909248
25.881599
25.851904
25.799679
25.795584
25.798656
25.857025
25.902081
25.878529
25.849855
25.818111
25.798656
25.810944
25.847809
25.908224
25.863167
25.874432
25.791489
25.812992
25.811968
25.816063
25.885696
25.879551
25.887745
25.831425
25.833473
25.806847
25.817089
25.826303
25.780224
25.822208
25.861120
25.871361
25.872383
25.852928
25.832447
25.796608
25.818111
25.897984
25.876480
25.867264
25.828352
25.822208
25.798656
25.855999
25.892864
25.861118
25.859072
25.802753
25.804800
25.820160
25.818111
25.815041
25.795584
25.811968
25.874432
25.903103
25.872383
25.865215
25.822208
Control Period
25.832447
25.802753
25.870335
25.876480
25.890816
25.846783
25.823231
25.795586
25.802752
25.869312
25.883648
25.878529
25.814014
25.794559
25.808895
25.838593
25.887745
25.889793
25.872383
25.802752
25.801727
25.811968
25.784321
25.792511
25.815041
25.803776
25.830399
25.880577
25.883648
25.869312
25.820160
25.836544
25.799681
25.834496
25.875458
25.897984
25.876480
25.807873
25.820160
25.807873
25.835520
25.896959
25.885696
25.881599
25.843712
25.800705
25.775105
25.812992
25.889791
25.895935
25.868288
25.858047
25.827328
25.836544
25.788418
25.818111
25.793537
25.814014
25.803776
25.809919
25.818111
25.882626
25.881599
25.882624
Control Period
25.819136
25.794559
25.797632
25.842688
25.874432
25.873407
25.886721
25.824257
25.818111
25.791489
25.843712
25.886721
25.881599
25.870337
25.817087
25.819136
25.910273
25.795584
25.809919
25.788418
25.823231
25.786369
25.892864
25.858047
25.896961
25.831425
25.825279
25.822208
25.793537
25.869312
25.880575
25.870335
25.836544
25.811968
25.796608
25.810944
25.876480
25.906176
25.877502
25.840641
25.828352
25.810944
25.791489
25.812992
25.904129
25.886721
25.907200
25.882624
25.818111
25.796608
25.814014
25.787392
25.823231
25.806849
25.818111
25.867264
25.866240
25.875456
25.847809
25.803776
25.806847
25.798656
25.863167
25.899008
Control Period
25.877504
25.846783
25.804800
25.832447
25.800705
25.881599
25.867264
25.907200
25.877504
25.832447
25.810944
25.820160
25.834496
25.863167
25.867264
25.879551
25.839615
25.837568
25.804800
25.798656
25.787392
25.814016
25.789440
25.843712
25.863167
25.870337
25.880575
25.780224
25.803776
25.794559
25.855999
25.893888
25.868288
25.869312
25.817087
25.817089
25.818111
25.876480
25.888767
25.896961
25.810944
25.805824
25.793537
25.798656
25.803776
25.801727
25.795584
25.828352
25.862144
25.877504
25.863167
25.830400
25.821182
25.800705
25.832447
25.866240
25.858047
25.879551
25.825279
25.834496
25.808895
25.792511
25.798656
25.830400
Control Period
25.882624
25.885696
25.864193
25.797630
25.792511
25.810944
25.828352
25.872383
25.884672
25.877504
25.797630
25.809919
25.798656
25.814014
25.801727
25.802752
25.796608
25.852928
25.886721
25.894913
25.858047
25.800705
25.794559
25.821182
25.856001
25.881599
25.894913
25.844736
25.811968
25.808895
25.794559
25.894913
25.906178
25.890816
25.851904
25.807873
25.822208
25.799679
25.869312
25.883648
25.895935
25.828352
25.802752
25.809919
25.799679
25.803776
25.828352
25.802753
25.849857
25.876480
25.895935
25.872383
25.820160
25.804800
25.806849
25.863169
25.890816
25.887745
25.861120
25.817089
25.803776
25.822208
25.817089
25.826303
Control Period
25.891840
25.873409
25.885696
25.871361
25.823231
25.825279
25.797630
25.841663
25.891840
25.886719
25.879551
25.888767
25.872383
25.882624
25.866240
25.873407
25.883648
25.887745
25.832447
25.836544
25.806849
25.808895
25.879551
25.893887
25.879551
25.884672
25.900032
25.885696
25.875456
25.858047
25.899008
25.893887
25.880575
25.799679
25.810944
25.809921
25.804800
25.888767
25.887745
25.902081
25.874432
25.881599
25.891840
25.861120
25.879551
25.878529
25.903103
25.891840
25.879553
25.820160
25.811968
25.827328
25.843712
25.792511
26.011648
25.880577
25.864193
25.891840
25.872383
25.876480
25.877502
25.871361
25.845760
25.797632
Control Period
25.809921
25.799681
25.792511
25.870337
25.850880
25.878529
25.867264
25.860096
25.887745
25.883648
25.901056
25.880577
25.884672
25.821182
25.815041
25.808895
25.800705
25.845760
25.871361
25.881599
25.883648
25.874432
25.887745
25.879551
25.853952
25.905151
25.891840
25.872383
25.814016
25.834496
25.811968
25.822208
25.870335
25.892864
25.880577
25.867264
25.875456
25.874432
25.876480
25.868288
25.819136
25.785343
25.802752
25.816063
25.868288
25.876480
25.893888
25.855999
25.906176
25.890816
25.895935
25.878529
25.879551
25.868288
25.817089
25.808895
25.809919
25.826305
25.862144
25.894913
25.867264
25.864193
25.878529
25.874432
Control Period
25.875456
25.859072
25.861118
25.893888
25.868288
25.811968
25.816063
25.808895
25.823231
25.884672
25.868288
25.878529
25.890816
25.873409
25.864193
25.899008
25.877504
25.881599
25.818111
25.824257
25.806847
25.853951
25.863169
25.899008
25.874432
25.862144
25.864193
25.860096
25.865215
25.904127
25.877504
25.885696
25.863167
25.804800
25.849855
25.803776
25.841663
25.882626
25.853952
25.889791
25.882624
25.872383
25.878529
25.864193
25.870335
25.860096
25.891840
25.810944
25.826303
25.803776
25.826305
25.862144
25.873409
25.878529
25.889791
25.884670
25.895935
25.857025
25.822208
25.800705
25.806849
25.831425
25.889793
25.866240
Control Period
25.888767
25.885696
25.874432
25.866241
25.874432
25.879551
25.882624
25.896959
25.833471
25.827328
25.805824
25.816063
25.876480
25.882626
25.885696
25.873407
25.878529
25.885696
25.853952
25.881599
25.863167
25.876480
25.837568
25.795584
25.776127
25.806847
25.843712
25.889791
25.893888
25.874432
25.866241
25.861120
25.875456
25.882624
25.900032
25.884670
25.873409
25.796608
25.815041
25.803776
25.849857
25.873409
25.892864
25.882624
25.876480
25.875456
25.877502
25.886721
25.878529
25.895935
25.878529
25.866241
25.826305
25.798656
25.821184
25.895935
25.890816
25.896961
25.867264
25.894913
25.870335
25.882624
25.884672
25.880577
Control Period
25.892864
25.832447
25.793537
25.816063
25.792511
25.841663
25.893887
25.881599
25.891840
25.884670
25.914368
25.895935
25.882624
25.879551
25.870337
25.835522
25.822208
25.804798
25.810944
25.884670
25.884670
25.885696
25.886719
25.899008
25.872383
25.877502
25.839615
25.925632
25.825279
25.812992
25.831425
25.888767
25.867264
25.863167
25.866241
25.871361
25.873407
25.893888
25.887745
25.889791
25.875456
25.821184
25.790464
25.784321
25.782272
25.904129
25.888767
25.876480
25.864191
25.878529
25.889793
25.876480
25.871361
25.905151
25.869312
25.842690
25.824257
25.781248
25.820160
25.874432
25.879551
25.866241
25.861120
25.879551
Control Period
25.863167
25.846783
25.883648
25.887745
25.881599
25.839617
25.791489
25.810944
25.801727
25.875456
25.899010
25.872383
25.890816
25.879551
25.895935
25.872383
25.853951
25.880577
25.861120
25.817089
25.809919
25.800705
25.808895
25.876480
25.884672
25.876480
25.878529
25.880575
25.907200
25.777151
25.875456
25.882624
25.879551
25.880577
25.799679
25.817089
25.800705
25.846783
25.874432
25.903103
25.888767
25.868288
25.882624
25.875456
25.837568
25.818111
25.824257
25.816063
25.901056
25.870337
25.865215
25.875456
25.888767
25.878529
25.869312
25.875456
25.855999
25.876480
25.825279
25.812992
25.797632
25.825279
25.853951
Control Period
25.864193
25.857025
25.877504
25.881599
25.877502
25.864193
25.852928
25.861120
25.866241
25.877504
25.823231
25.810944
25.802753
25.798656
25.814016
25.890816
25.874432
25.867264
25.859072
25.890816
25.895935
25.867264
25.857025
25.875456
25.859072
25.826305
25.808895
25.839615
25.785343
25.896961
25.878529
25.874432
25.870335
25.906178
25.889791
25.872383
25.880577
25.882624
25.879551
25.828352
25.818111
25.786369
25.812992
25.869312
25.886719
25.891840
25.883648
25.888767
25.883648
25.873409
25.881599
25.869312
25.882624
25.889793
25.819136
25.805824
25.803776
25.841663
25.900032
25.873407
25.874432
25.878529
25.877502
25.886719
Control Period
25.866241
25.889791
25.887745
25.851904
25.802752
25.812992
25.795584
25.885696
25.894913
25.877504
25.882626
25.897984
25.883648
25.835520
25.814016
25.790464
25.799681
25.859072
25.874432
25.862144
25.891840
25.871361
25.893888
25.874432
25.892864
25.867264
25.886721
25.810944
25.807873
25.814016
25.822208
25.850880
25.869312
25.868288
25.886719
25.878529
25.877502
25.887745
25.866240
25.878529
25.874432
25.865215
25.885696
25.901056
25.895935
25.868288
25.909248
25.881599
25.866241
25.866241
25.877502
25.897984
25.895935
25.861120
25.883648
25.870335
25.887745
25.881599
25.873409
25.802752
25.789440
25.799679
25.797632
25.897984
Control Period
25.877502
25.987072
25.886719
25.892864
25.880577
25.872383
25.906176
25.915392
25.884672
25.874432
25.879551
25.876480
25.871361
25.886719
25.870337
25.887745
25.859072
25.821184
25.792511
25.784321
25.803776
25.885696
25.871361
25.889791
25.883648
25.866240
25.868286
25.897984
25.906178
25.875456
25.872383
25.899008
25.872383
25.871361
25.883648
25.882624
25.877502
25.854977
25.826305
25.826305
25.815041
25.826303
25.866240
25.883648
25.887745
25.881599
25.869312
25.883648
25.874432
25.859072
25.863167
25.878529
25.860096
25.869312
25.870335
25.884670
25.890816
25.867264
25.821184
25.803776
25.804800
25.827328
25.913345
25.872383
Control Period
25.901056
25.906178
25.893888
25.883648
25.882624
25.865215
25.876480
25.876480
25.885696
25.882624
25.885696
25.890816
25.891840
25.897984
25.870337
25.861118
25.806847
25.810944
25.800705
25.880577
25.900032
25.860096
25.849855
25.874432
25.887745
25.878529
25.892864
25.885696
25.891840
25.862144
25.877502
25.870335
25.867264
25.862144
25.889791
25.834496
25.822208
25.798656
25.829376
25.879551
25.875456
25.881599
25.884672
25.870335
25.902081
25.877502
25.878529
25.885696
25.875456
25.873407
25.901056
25.885696
25.873407
25.884672
25.864193
25.874432
25.835522
25.809919
25.825279
25.803776
25.845760
25.892864
25.878529
25.863167
Control Period
25.866240
25.857025
25.877504
25.852928
25.871361
25.889791
25.892864
25.881599
25.871361
25.883648
25.874432
25.872383
25.873409
25.803776
25.827328
25.802753
25.841663
25.888767
25.871361
25.888767
25.884672
25.866241
25.877502
25.870335
25.874432
25.881599
25.873407
25.902081
25.877502
25.910271
25.905151
25.884672
25.870335
25.815041
25.807873
25.808895
25.817089
25.872383
25.877504
25.897984
25.887745
25.882626
25.880575
25.857025
25.880577
25.870335
25.880577
25.872383
25.915392
25.869312
25.891840
25.884670
25.890816
25.864193
25.836544
25.797632
25.807873
25.883648
25.882624
25.915392
25.866241
25.882624
25.866240
25.873409
Control Period
25.881599
25.902081
25.902081
25.872383
25.885696
25.845760
25.872383
25.871361
25.895935
25.870335
25.867264
25.810944
25.807873
25.796608
25.831425
25.901056
25.890816
25.866241
25.880577
25.883648
25.874432
25.864193
25.878529
25.874432
25.873409
25.881599
25.874432
25.869312
25.889791
25.876480
25.869312
25.873409
25.810944
25.798656
25.783297
25.810944
25.875456
25.867264
25.979904
25.860096
25.873409
25.874432
25.866240
25.871361
25.909248
25.865215
25.883648
25.882624
25.861120
25.874432
25.885696
25.902081
25.896961
25.871361
25.842688
25.812992
25.804800
25.804800
25.809919
25.878529
25.870335
25.899008
25.875456
25.879551
Control Period
25.889793
25.877504
25.881599
25.885696
25.875456
25.849855
25.882624
25.867264
25.881599
25.833473
25.788416
25.812992
25.798656
25.868288
25.905151
25.869312
25.860096
25.882624
25.884672
25.884672
25.862144
25.879551
25.878529
25.884672
25.889791
25.880575
25.873409
25.893887
25.880577
25.870335
25.840641
25.828352
25.800705
25.847809
25.866240
25.880575
25.862144
25.873409
25.861120
25.873409
25.892864
25.869312
25.884672
25.883648
25.875456
25.874432
25.866241
25.851906
25.901056
25.891840
25.864193
25.825279
25.836544
25.819136
25.848831
25.873407
25.872383
25.885696
25.884670
25.887745
25.878529
25.877502
25.879551
25.867264
Control Period
25.874432
25.880577
25.881599
25.875456
25.865215
25.896961
25.885696
25.882624
25.853951
25.825279
25.817087
25.790462
25.808895
25.877504
25.888767
25.882624
25.873409
25.850880
25.887745
25.870335
25.877504
25.862144
25.896961
25.871361
25.861120
25.894913
25.879551
25.886721
25.876480
25.891840
25.868288
25.836544
25.790462
25.804800
25.848831
25.870337
25.855999
25.872383
25.866241
25.871361
25.888767
25.869312
25.882624
25.891840
25.865215
25.865215
25.879551
25.867264
25.882624
25.879551
25.878529
25.886719
25.843712
25.826305
25.793535
25.800705
25.811968
25.884672
25.866240
25.874432
25.844736
25.877502
25.886719
25.870337
Control Period
25.888767
25.889791
25.899008
25.868288
25.871361
25.877504
25.880577
25.871361
25.868288
25.858047
25.834496
25.830400
25.804800
25.801727
25.903103
25.884672
25.882624
25.873409
25.880577
25.861120
25.879551
25.876480
25.852928
25.888767
25.869312
25.871361
25.862144
25.883648
25.889793
25.865215
25.873409
25.869312
25.816063
25.805824
25.802753
25.823231
25.874432
25.878529
25.887745
25.910271
25.884672
25.885696
25.861120
25.879551
25.873409
25.884672
25.866241
25.888767
25.875456
25.864193
25.865215
25.870335
25.867264
25.869312
25.793537
25.789440
25.820160
25.812992
25.881599
25.873409
25.878529
25.887745
25.906176
25.852928
Control Period
25.863167
25.882624
25.878529
25.883648
25.872383
25.887745
25.871361
25.874432
25.874432
25.880577
25.883648
26.023935
25.878529
25.860096
25.847809
25.869312
25.878529
25.852928
25.882624
25.855999
25.878529
25.862144
25.879551
25.871361
25.882624
25.878529
25.880575
25.871361
25.885696
25.863167
25.869312
25.873407
25.899008
25.872383
25.891840
25.882624
25.823231
25.829376
25.798656
25.826305
25.884672
25.885696
25.890816
25.879551
25.889791
25.905151
25.870337
25.878529
25.878529
25.880577
25.863167
25.864193
25.886719
25.858047
25.876480
25.889791
25.867264
25.890816
25.877502
25.896959
25.854977
25.862144
25.843712
25.811968
Control Period
25.831425
25.801727
25.858047
25.865215
25.915392
25.872383
25.879551
25.890816
25.870335
25.878529
25.866241
25.871361
25.872383
25.862144
25.887745
25.885696
25.879551
25.897984
25.887745
25.867264
25.871361
25.906176
25.910273
25.869312
25.812992
25.782272
25.811968
25.892864
25.917440
25.886719
25.860096
25.881599
25.901056
25.880577
25.872383
25.884672
25.890816
25.878529
25.883648
25.885696
25.877502
25.884672
25.875456
25.877502
25.873409
25.884672
25.893887
25.877504
25.837568
25.801727
25.808895
25.785343
25.830399
25.882624
25.872383
25.884672
25.875456
25.874432
25.885696
25.893888
25.874432
25.890816
25.885696
Control Period
25.884672
25.890816
25.866240
25.883648
25.884670
25.910271
25.889791
25.865215
25.877504
25.871361
25.885696
25.852928
25.816063
25.809921
25.821184
25.868288
25.903103
25.891840
25.886719
25.861120
25.897984
25.866241
25.882626
25.869312
25.878529
25.861120
25.878529
25.875456
25.881599
25.863167
25.888767
25.867264
25.874432
25.879551
25.882626
25.886719
25.871361
25.871361
25.882624
25.878529
25.825279
25.794559
25.820160
25.828352
25.893888
25.891840
25.899008
25.879551
25.858047
25.870335
25.877502
25.877502
25.891840
25.861120
25.860096
25.864193
25.877504
25.874432
25.873407
25.885696
25.872383
25.879551
25.888767
25.893887
Control Period
25.897984
25.877504
25.803776
25.811968
25.821184
25.847809
25.869312
25.852928
25.881599
25.885696
25.891840
25.885696
25.869312
25.877504
25.872383
25.893888
25.882624
25.867264
25.891840
25.888767
25.890816
25.890816
25.877502
25.884670
25.894913
25.853951
25.792511
25.801727
25.805824
25.826303
25.867264
25.886719
25.868288
25.869312
25.885696
25.894913
25.894913
25.848831
25.866241
25.875456
25.859072
25.868288
25.879551
25.900032
25.887745
25.903103
25.879551
25.870337
25.876480
25.994240
25.866240
25.853952
25.831425
25.798656
25.791489
25.822208
25.809919
25.877504
25.888767
25.878529
25.870335
25.877502
25.866241
25.870337
Control Period
25.887745
25.886721
25.882624
25.863169
25.866240
25.889791
25.876480
25.870335
25.884672
25.881599
25.855999
25.873409
25.863167
25.827328
25.784321
25.786369
25.806849
25.867264
25.884672
25.879551
25.876480
25.854977
25.861120
25.867264
25.871361
25.872383
25.886721
25.876480
25.889793
25.882624
25.887745
25.854977
25.860096
25.875456
25.889791
25.902081
25.873407
25.877504
25.872383
25.815041
25.839615
25.788416
25.826303
25.844736
25.912319
25.857025
25.866241
25.871361
25.878529
25.908224
25.873409
25.864193
25.879551
25.854977
25.872383
25.875456
25.887745
25.872383
25.890816
25.871361
25.877504
25.871361
25.873407
25.873407
Control Period
25.865215
25.885696
25.880577
25.886721
25.832447
25.796608
25.795586
25.851904
25.878529
25.895935
25.882624
25.877504
25.888767
25.878529
25.906176
25.878529
25.909248
25.876480
25.874432
25.866240
25.887745
25.863167
25.880577
25.874432
25.882624
25.889791
25.853952
25.875456
25.878529
25.811968
25.826305
25.803776
25.851904
25.883648
25.899008
25.879551
25.875456
25.867264
25.866240
25.871361
25.900032
25.891840
25.886719
25.884672
25.894913
25.871361
25.872383
25.893888
25.879551
25.877502
25.873409
25.877502
25.846785
25.889791
25.862144
25.801727
25.807873
25.804798
25.846783
25.873407
25.888767
25.875456
25.880577
25.888767
Control Period
25.861120
25.869312
25.878529
25.866240
25.874432
25.866241
25.891840
25.858047
25.904129
25.870335
25.892864
25.864193
25.885696
25.890816
25.896959
25.873409
25.846785
25.802752
25.798656
25.836544
25.871361
25.872383
25.859072
25.870335
25.864193
25.880577
25.854977
25.878529
25.875456
25.868288
25.874432
25.879551
25.865215
25.866240
25.885696
25.872383
25.873407
25.852928
25.878529
25.851904
25.835520
25.821182
25.821184
25.794559
25.795584
25.870335
25.896961
25.855999
25.864191
25.852928
25.883648
25.870335
25.878529
25.890816
25.879551
25.852928
25.896959
25.863167
25.870337
25.893888
25.860096
25.870335
25.883648
25.906176
Control Period
25.876480
25.822208
25.807873
25.805824
25.819138
25.817089
25.892864
25.873409
25.863167
25.885696
25.865215
25.875456
25.875456
25.882626
25.869312
25.878529
25.874432
25.871361
25.888767
25.870335
25.880577
25.886719
25.871361
25.883648
25.865215
25.888767
25.878529
25.889791
25.885696
25.859072
25.849855
25.808895
25.807873
25.782272
25.838593
25.859072
25.864193
25.877504
25.863167
25.858047
25.885696
25.863167
25.876480
25.887745
25.872383
25.858047
25.887745
25.879551
25.871361
25.881599
25.899008
25.865215
25.876480
25.870335
25.868288
25.873407
25.872383
25.882624
25.896961
25.866241
25.922560
25.868288
25.859072
25.865215
Control Period
25.873407
25.869312
25.876480
25.887745
25.852928
25.809921
25.789440
25.819138
25.855999
25.875456
25.887745
25.854977
25.875456
25.890816
25.866240
25.873409
25.887745
25.863167
25.884672
25.870337
25.878529
25.875456
25.867264
25.844736
25.859072
25.866240
25.875456
25.869312
25.884670
25.850880
25.871361
25.865215
25.884670
25.852928
25.810944
25.817087
25.804800
25.799679
25.826303
25.894913
25.900032
25.873409
25.862144
25.892864
25.874432
25.883648
25.867264
25.862144
25.861120
25.858047
25.867264
25.859072
25.873407
25.879551
25.872383
25.891840
25.880577
25.892864
25.895935
25.874432
25.863167
25.850880
25.869312
25.879551
Control Period
25.796608
25.807873
25.791489
25.850880
25.879551
25.872383
25.878529
25.878529
25.878529
25.892864
25.873407
25.868288
25.872383
25.866240
25.876480
25.870337
25.873409
25.864193
25.858047
25.879551
25.880577
25.872383
25.883648
25.876480
25.870337
25.881599
25.876480
25.870335
25.851904
25.812992
25.817087
25.800705
25.854977
25.884672
25.841663
25.885696
25.903103
25.873409
25.876480
25.877502
25.893887
25.888767
25.874432
25.863167
25.874432
25.875456
25.881599
25.874432
25.885696
25.885696
25.870335
25.880577
25.897984
25.902081
25.812992
25.783295
25.801727
25.802752
25.884670
25.878529
25.882624
25.858047
25.886719
25.885696
Control Period
25.871361
25.863169
25.874432
25.875456
25.888767
25.895935
25.889791
25.864193
25.873407
25.894913
25.859072
25.879551
25.873409
25.885696
25.888767
25.866240
25.872383
25.855999
25.824257
25.809919
25.803776
25.826305
25.899008
25.902081
25.861120
25.878529
25.893888
25.868288
25.867264
25.906176
25.868288
25.882624
25.881599
25.860096
25.910271
25.879551
25.905151
25.886721
25.899008
25.864193
25.875456
25.908224
25.884670
25.886719
25.890816
25.869312
25.864193
25.843712
25.807873
25.805824
25.819138
25.887745
25.868288
25.881599
25.865215
25.872383
25.877502
25.865215
25.878529
25.872383
25.873409
25.883648
25.882626
25.875456
Control Period
25.894913
25.878529
25.882626
25.864193
25.887745
25.883648
25.900032
25.881599
25.875456
25.862144
25.884672
25.881599
25.870335
25.849857
25.835520
25.799679
25.812992
25.869312
25.861118
25.885696
25.889793
25.904129
25.880575
25.864193
25.903103
25.879551
25.870337
25.867264
25.863167
25.872383
25.867264
25.877502
25.865215
25.866240
25.881599
25.907200
25.879551
25.875456
25.836544
25.778175
25.818111
25.802753
25.878529
25.910273
25.881599
25.892864
25.912319
25.863167
25.868288
25.876480
25.882626
25.887745
25.855999
25.886719
25.863167
25.886719
25.868288
25.884670
25.862144
25.881599
25.881599
25.885696
25.864193
Control Period
25.904129
25.884672
25.887745
25.860096
25.817089
25.815041
25.789440
25.881599
25.871361
25.866241
25.874432
25.883648
25.876480
25.886719
25.859072
25.860096
25.878529
25.869312
25.869312
25.885696
25.876480
25.878529
25.887745
25.880577
25.888767
25.885696
25.878529
25.905151
25.884672
25.892864
25.867264
25.902081
25.867264
25.819136
25.816063
25.791489
25.848831
25.855999
25.879551
25.872383
25.866240
25.850880
25.879551
25.859072
25.877504
25.870337
25.873409
25.857025
25.872383
25.899010
25.863167
25.869312
25.859072
25.871361
25.875458
25.870337
25.859072
25.865215
25.885696
25.865215
25.867264
25.796608
25.807873
25.768959
Control Period
25.862144
25.868288
25.886721
25.900032
25.900032
25.865215
25.872383
25.860096
25.874432
25.886719
25.879551
25.868288
25.857025
25.877502
25.879551
25.878529
25.882626
25.873407
25.872383
25.884672
25.848831
25.879551
25.876480
25.801727
25.812992
25.827328
25.865215
25.866241
25.877504
25.871361
25.867264
25.859072
25.894913
25.878529
25.891840
25.870335
25.888767
25.895935
25.860096
25.863167
25.883648
25.886719
25.868288
25.876480
25.866241
25.882624
25.860096
25.881599
25.864193
25.873409
25.851904
25.815041
25.793537
25.799679
25.824257
25.862144
25.857025
25.896961
25.888767
25.887745
25.877504
25.882624
25.900032
25.882626
Control Period
25.864193
25.882624
25.855999
25.881599
25.870335
25.880577
25.882624
25.868288
25.859072
25.876480
25.891840
25.867264
25.878529
25.902081
25.890816
25.874432
25.819136
25.818111
25.804800
25.803776
25.823233
25.872383
25.851904
25.863167
25.893888
25.862144
25.872383
25.865215
25.878529
25.884672
25.871361
25.883648
25.863167
25.964542
25.870335
25.874432
25.881599
25.886721
25.891840
25.878529
25.881599
25.890816
25.870337
25.881599
25.885696
25.876480
25.803776
25.807873
25.789440
25.811968
25.859074
25.869312
25.897984
25.886719
25.877504
25.866240
25.886721
25.877502
25.869312
25.871361
25.851904
25.878529
25.879551
25.882624
Control Period
25.881599
25.858047
25.863167
25.865215
25.869312
25.866240
25.847809
25.816063
25.791489
25.810944
25.893888
25.888767
25.854977
25.901054
25.878529
25.883648
25.883648
25.848831
25.888767
25.874432
25.877502
25.866241
25.864193
25.884672
25.872383
25.883648
25.868288
25.882624
25.881599
25.871361
25.896961
25.874432
25.892864
25.874432
25.867264
25.878529
25.882624
25.882624
25.865215
25.860096
25.883648
25.834496
25.828352
25.806847
25.789440
25.860096
25.875458
25.881599
25.867264
25.883648
25.876480
25.872383
25.868288
25.865215
25.879551
25.864193
25.887745
25.889791
25.798656
25.854977
25.869312
25.869312
25.868288
25.874432
Control Period
25.879551
25.869312
25.883648
25.874432
25.878529
25.877504
25.858047
25.858047
25.777153
25.800703
25.808895
25.858047
25.884670
25.895935
25.861120
25.866240
25.852928
25.873409
25.876480
25.887745
25.869312
25.883648
25.910273
25.872383
25.865215
25.900032
25.884672
25.881599
25.878529
25.900032
25.873407
25.884670
25.882626
25.908224
25.878529
25.829376
25.800705
25.797632
25.798656
25.870337
25.869312
25.886719
25.870335
25.897984
25.881599
25.884672
25.893887
25.903103
25.863167
25.908224
25.881599
25.884672
25.884672
25.869312
25.886719
25.873407
25.884670
25.890816
25.907200
25.887745
25.867264
25.877504
25.866241
25.821184
Control Period
25.815041
25.816063
25.828352
25.892864
25.874432
25.889793
25.881599
25.897984
25.869312
25.889791
25.894913
25.877502
25.880577
25.881599
25.880575
25.894913
25.851904
25.896961
25.873407
25.888767
25.878529
25.888767
25.860096
25.861120
25.869312
25.893888
25.885696
25.820160
25.819138
25.830400
25.869312
25.880577
25.862144
25.866240
25.883648
25.906178
25.874432
25.869312
25.878529
25.871361
25.872383
25.890816
25.894913
25.877504
25.883648
25.877502
25.903103
25.881599
25.883648
25.853951
25.873407
25.886719
25.883648
25.882624
25.893888
25.836544
25.807873
25.810944
25.790462
25.888767
25.889791
25.881599
25.882624
25.892864
Control Period
25.879551
25.877504
25.899008
25.888767
25.887745
25.992191
25.888767
25.874432
25.895935
25.895935
25.906178
25.883648
25.874432
25.871361
25.880577
25.875456
25.882624
25.875456
25.886719
25.815041
25.803776
25.788416
25.857025
25.917440
25.870335
25.876480
25.878529
25.876480
25.894913
25.877502
25.866240
25.893887
25.877504
25.863167
25.874432
25.868288
25.890816
25.873407
25.883648
25.891840
25.872383
25.905151
25.864193
25.878529
25.890816
25.875456
25.876480
25.832447
25.809921
25.799679
25.793537
25.818111
25.872383
25.887745
25.892864
25.890816
25.890816
25.892864
25.871361
25.887745
25.865215
25.885696
25.888767
25.892864
Control Period
25.868288
25.862144
25.860096
25.890816
25.867264
25.882624
25.888767
25.884670
25.869312
25.858047
25.906178
25.892864
25.882624
25.817089
25.801727
25.827328
25.846785
25.872383
25.858047
25.886721
25.885696
25.863169
25.866241
25.895935
25.870335
25.863167
25.908224
25.849855
25.875456
25.903103
25.886719
25.879551
25.871361
25.887745
25.889791
25.907200
25.889793
25.860096
25.859072
25.876480
25.883648
25.888767
25.825279
25.803776
25.810944
25.827328
25.879551
25.878529
25.875456
25.883648
25.910271
25.903105
25.879551
25.897984
25.900032
25.872383
25.886719
25.892864
25.869312
25.870337
25.879551
25.861120
25.858047
25.909248
Control Period
25.870335
25.879551
25.880575
25.901056
25.873409
25.893888
25.862144
25.832447
25.824257
25.811970
25.852928
25.889791
25.851904
25.860096
25.869312
25.862144
25.877504
25.867264
25.865215
25.879551
25.866240
25.903103
25.889791
25.886721
25.874432
25.893888
25.872383
25.884672
25.897984
25.877504
25.871361
25.868288
25.866240
25.880577
25.808895
25.794559
25.821184
25.837566
25.895935
25.885696
25.890816
25.867264
25.860096
25.870335
25.864193
25.899008
25.850880
25.875456
25.861118
25.877502
25.895935
25.876480
25.887745
25.868288
25.866241
25.880577
25.893888
25.872383
25.888767
25.884672
25.891840
25.841663
25.831425
Control Period
25.796608
25.797632
25.864193
25.897984
25.897984
25.859072
25.872383
25.890816
25.855999
25.897984
25.865215
25.905151
25.881599
25.881599
25.885696
25.890816
25.879553
25.870337
25.885696
25.885696
25.868288
25.894913
25.880575
25.860096
25.872383
25.887745
25.881599
25.874432
25.823233
25.802753
25.796608
25.827328
25.864193
25.870335
25.872383
25.871361
25.884672
25.857025
25.875456
25.868288
25.867264
25.857025
25.896961
25.996288
25.904129
25.888767
25.882626
25.878529
25.871361
25.893888
25.878529
25.885696
25.873407
25.899010
25.900032
25.891840
25.834496
25.794559
25.806849
25.824257
25.888767
25.875456
25.899008
25.863167
Control Period
25.890816
25.868288
25.864193
25.866240
25.878529
25.878529
25.866240
25.880577
25.862144
25.858047
25.887745
25.901056
25.879551
25.878529
25.887745
25.881599
25.864191
25.874432
25.868288
25.877502
25.873407
25.802752
25.795584
25.786369
25.829376
25.868288
25.875456
25.858047
25.899008
25.891840
25.864193
25.863167
25.904129
25.894913
25.869312
25.890816
25.879551
25.887745
25.886719
25.906176
25.870335
25.875456
25.865215
25.887745
25.882624
25.890816
25.875456
25.881599
25.886719
25.850880
25.901056
25.905151
25.877502
25.908224
25.878529
25.876480
25.874432
25.893888
25.868288
25.877502
25.883648
25.881599
25.894913
25.872383
Control Period
25.877502
25.875456
25.882624
25.869312
25.873409
25.876480
25.862144
25.882624
25.878529
25.888767
25.810944
25.800705
25.822208
25.830399
25.888767
25.878529
25.883648
25.873407
25.870337
25.900032
25.863169
25.889791
25.852928
25.881599
25.869312
25.891840
25.865215
25.871361
25.907200
25.887745
25.893888
25.867264
25.878529
25.885696
25.866240
25.884672
25.866240
25.872383
25.864193
25.824257
25.796608
25.818111
25.837566
25.874432
25.865215
25.877504
25.884672
25.887745
25.873407
25.874432
25.842688
25.908224
25.875456
25.879551
25.865215
25.875456
25.874432
25.873407
25.891840
25.891840
25.868288
25.874432
25.890816
25.891840
Control Period
25.875456
25.880577
25.890816
25.836544
25.831425
25.818111
25.790464
25.833471
25.885696
25.882626
25.879551
25.864193
25.870337
25.891840
25.889793
25.877504
25.885696
25.853952
25.880577
25.880575
25.886719
25.877504
25.896961
25.848831
25.890816
25.871361
25.884672
25.876480
25.879551
25.859072
25.896961
25.881599
25.862144
25.826305
25.794559
25.835520
25.879551
25.889791
25.871361
25.860096
25.865215
25.873409
25.882626
25.885696
25.883648
25.880577
25.887745
25.878529
25.876480
25.879551
25.888767
25.888767
25.891840
25.879551
25.885696
25.893888
25.877502
25.889791
25.872383
25.879551
25.862144
25.826305
25.800705
25.820160
Control Period
25.848831
25.896961
25.877502
25.882626
25.874432
25.876480
25.859072
25.870335
25.851904
25.884670
25.883648
25.887745
25.872383
25.871361
25.869312
25.883648
25.876480
25.879551
25.861118
25.885696
25.880577
25.877502
25.869312
25.881599
25.881599
25.832447
25.802753
25.796608
25.838593
25.887745
25.894913
25.852928
25.880577
25.899008
25.879551
25.886719
25.884672
25.875456
25.860096
25.867264
25.877504
25.884672
25.887745
25.885696
25.895935
25.881599
25.877504
25.882624
25.867264
25.870337
25.858047
25.881599
25.881599
25.881599
25.831425
25.801727
25.818111
25.793537
25.841663
25.873409
25.886721
25.890816
25.893888
25.889791
Control Period
25.878529
25.911297
25.885696
25.889791
25.891840
25.892864
25.870335
25.873409
25.847809
25.875456
25.893887
25.885696
25.874432
25.891840
25.867264
25.896961
25.877502
25.865215
25.796608
25.804798
25.814014
25.834496
25.886719
25.887745
25.879551
25.877502
25.887745
25.892864
25.875456
25.896961
25.894913
25.855999
25.866241
25.781248
25.873409
25.881599
25.890816
25.874432
25.870337
25.870335
25.867264
25.878529
25.912319
25.874432
25.896961
25.891840
25.832447
25.831425
25.818111
25.799679
25.874432
25.901054
25.872383
25.878529
25.884670
25.889793
25.885696
25.901056
25.878529
25.871361
25.873407
25.900032
25.874432
25.883648
Control Period
25.880575
25.881599
25.878529
25.864193
25.892864
25.868286
25.872383
25.905151
25.884672
25.857025
25.844734
25.804800
25.796608
25.817087
25.883648
25.888767
25.875456
25.893887
25.882624
25.896961
25.887745
25.878529
25.887745
25.899008
25.893887
25.880575
25.910271
25.887745
25.875456
25.879551
25.845760
25.873407
25.878529
25.876480
25.865215
25.865215
25.893888
25.850880
25.802752
25.790464
25.791489
25.875456
25.855999
25.862144
25.883648
25.885696
25.880577
25.857023
25.874432
25.893887
25.877502
25.863167
25.869312
25.871361
25.888767
25.873407
25.886719
25.890816
25.872383
25.897984
25.897984
25.875458
25.860096
25.894913
Control Period
25.882624
25.874432
25.866240
25.822208
25.796608
25.789440
25.805824
25.871361
25.884672
25.871361
25.876480
25.919487
25.903103
25.874432
25.896961
25.869312
25.865215
25.862144
25.904129
25.883648
25.868288
25.881599
25.878529
25.863167
25.905151
25.892864
25.874432
25.874432
25.870335
25.876480
25.871361
25.820160
25.805824
25.798656
25.820160
25.882626
25.883648
25.891840
25.858047
25.885696
25.870335
25.873409
25.904129
25.878529
25.866240
25.878529
25.884672
25.883648
25.864193
25.893887
25.874432
25.881599
25.897984
26.004478
25.882624
25.893888
25.883648
25.885696
25.886719
25.883648
25.827328
25.803776
25.838593
Control Period
25.825279
25.893887
25.881599
25.878529
25.901056
25.911297
25.890816
25.869312
25.881599
25.872383
25.875456
25.883648
25.874432
25.870337
25.891840
25.890816
25.859072
25.882626
25.876480
25.899008
25.879551
25.910271
25.880575
25.867264
25.859072
25.865215
25.819138
25.821184
25.803776
25.829376
25.892864
25.866241
25.851904
25.873409
25.878529
25.888767
25.871361
25.873409
25.871361
25.883648
25.876480
25.859072
25.864193
25.871361
25.869312
25.851904
25.906178
25.890816
25.862144
25.873409
25.874432
25.874432
25.817087
25.817087
25.799679
25.842688
25.872383
25.870335
25.878529
25.870337
25.865215
25.865215
25.900032
25.884672
Control Period
25.866240
25.890816
25.894913
25.878529
25.870335
25.869312
25.891840
25.863167
25.865215
25.889791
25.877504
25.891840
25.874432
25.893887
25.900032
25.902081
25.878529
25.867264
25.867264
25.881599
25.870337
25.885696
25.917439
25.881599
25.862144
25.891840
25.873409
25.858047
25.877504
25.889793
25.885696
25.873407
25.886719
25.855999
25.900032
25.879551
25.868286
25.884672
25.874432
25.869312
25.885696
25.876480
25.820160
25.803776
25.799679
25.831425
25.867264
25.878529
25.867264
25.880577
25.879551
25.874432
25.891840
25.893887
25.885696
25.869312
25.870337
25.889793
25.875458
25.872383
25.882624
25.874432
25.893888
25.869312
Control Period
25.846785
25.890816
25.877504
25.868288
25.889793
25.876480
25.895935
25.839615
25.786369
25.802752
25.831425
25.848831
25.888767
25.870335
25.859072
25.871361
25.884672
25.877502
25.893888
25.888767
25.888767
25.874432
25.866240
25.894913
25.877504
25.862144
25.870335
25.879551
25.870337
25.893887
25.872383
25.886719
25.881599
25.877502
25.890816
25.899008
25.879551
25.817089
25.819136
25.821184
25.806847
25.829376
25.880577
25.889791
25.881599
25.892864
25.886721
25.872383
25.854977
25.908224
25.892864
25.873409
25.880577
25.881599
25.878529
25.888767
25.870335
25.857025
25.894913
25.902081
25.882624
25.862144
25.874432
25.882624
Control Period
25.893887
25.852928
25.845760
25.796608
25.798656
25.811968
25.854977
25.877504
25.861120
25.883648
25.867264
25.839617
25.878529
25.900032
25.887745
25.897984
25.884672
25.885696
25.881599
25.878529
25.883648
25.896961
25.882624
25.864193
25.872383
25.870335
25.880577
25.978880
25.868288
25.829376
25.837568
25.799679
25.808895
25.841663
25.885696
25.876480
25.883648
25.874432
25.895935
25.886721
25.882624
25.872383
25.863169
25.880575
25.890816
25.886719
25.867264
25.862144
25.873409
25.876480
25.885696
25.877502
25.878529
25.869312
25.896961
25.871361
25.875456
25.908224
25.821184
25.827328
25.808895
25.822208
25.901054
25.874432
Control Period
25.889793
25.878529
25.875456
25.884672
25.882624
25.900032
25.892864
25.879551
25.877502
25.888767
25.902081
25.866241
25.876480
25.870335
25.882624
25.870335
25.887745
25.875456
25.866240
25.879551
25.870335
25.875456
25.834496
25.785343
25.785343
25.791489
25.896959
25.875456
25.884672
25.867264
25.885696
25.897984
25.890816
25.872383
25.893888
25.900032
25.877502
25.871361
25.887745
25.888767
25.872383
25.876480
25.872383
25.881599
25.890816
25.868288
25.855999
25.869312
25.853952
25.891840
25.822208
25.812992
25.818111
25.799679
25.842688
25.864193
25.883648
25.871361
25.866241
25.880575
25.893887
25.881599
25.870337
25.877502
Control Period
25.871361
25.862144
25.868288
25.869312
25.875456
25.870337
25.849857
25.879551
25.878529
25.885696
25.879551
25.888767
25.865215
25.889793
25.882624
25.890816
25.852928
25.798656
25.809919
25.783297
25.868288
25.872383
25.886719
25.901056
25.890816
25.887745
25.868288
25.897984
25.897984
25.879551
25.867264
25.864193
25.883648
25.873407
25.882624
25.896961
25.873409
25.877504
25.869312
25.892864
25.868288
25.864193
25.889793
25.903103
25.864193
25.825279
25.788416
25.819138
25.846785
25.896961
25.866240
25.891840
25.872383
25.871361
25.864191
25.892864
25.866241
25.862144
25.854977
25.881599
25.894913
25.870337
25.877502
25.893887
Control Period
25.874432
25.884672
25.876480
25.901056
25.872383
25.897984
25.834496
25.820160
25.819138
25.819136
25.896961
25.872383
25.878529
25.873409
25.865215
25.868288
25.878529
25.877502
25.889791
25.880577
25.861118
25.873409
25.886721
25.868288
25.865215
25.884672
25.874432
25.879551
25.869312
25.884672
25.866241
25.864193
25.874432
25.869312
25.858047
25.833473
25.812992
25.809919
25.812992
25.902081
25.890816
25.880577
25.877504
25.892864
25.889791
25.876480
25.883648
25.870335
25.885696
25.868288
25.873409
25.862144
25.882626
25.859074
25.887745
25.885696
25.878529
25.867264
25.906178
25.870335
25.869312
25.886719
25.882624
25.837568
Control Period
25.920511
25.797630
25.809919
25.889793
25.864193
25.891840
25.892864
25.889793
25.874432
25.866240
25.869312
25.873409
25.883648
25.890816
25.882624
25.891840
25.862144
25.883648
25.868288
25.872383
25.868288
25.872383
25.872383
25.867264
25.885696
25.894913
25.889791
25.878529
25.817089
25.819138
25.816063
25.881599
25.885696
25.890816
25.877502
25.858047
25.872383
25.869312
25.868288
25.885696
25.869312
25.882624
25.882624
25.870337
25.876480
25.880575
25.869312
25.874432
25.871361
25.844736
25.871361
25.851904
25.859072
25.866240
25.888767
25.865215
25.884670
25.818111
25.801727
25.827328
25.827328
25.897984
25.875456
25.871361
Control Period
25.866241
25.882624
25.909248
25.851904
25.889791
25.871361
25.868288
25.866241
25.876480
25.862144
25.884672
25.879551
25.890816
25.865215
25.894913
25.894913
25.890816
25.891840
25.874432
25.859074
25.868288
25.864193
25.826305
25.803776
25.811968
25.817089
25.838593
25.885696
25.897984
25.891840
25.879551
25.878529
25.886719
25.873409
25.888767
25.883648
25.888767
25.874432
25.876480
25.885696
25.871361
25.878529
25.862144
25.890816
25.860096
25.889791
25.882624
25.872383
25.888767
25.874432
25.867264
25.874432
25.893887
25.875456
25.879551
25.871361
25.870335
25.870337
25.861120
25.885696
25.879551
25.865215
25.869312
Control Period
25.880577
25.863167
25.885696
25.907200
25.879551
25.881599
25.885696
25.852928
25.852928
25.892864
25.890816
25.871361
25.890816
25.817089
25.785343
25.815041
25.828352
25.857025
25.867264
25.849855
25.910273
25.870335
25.875456
25.870337
25.886719
25.876480
25.857025
25.865215
25.875456
25.862144
25.876480
25.930752
25.887745
25.869312
25.867264
25.895935
25.868286
25.869312
25.879551
25.880577
25.897984
25.820160
25.795586
25.787392
25.820160
25.874432
25.873407
25.867264
25.894913
25.880577
25.878529
25.878529
25.877502
25.891840
25.889793
25.887745
25.868288
25.888767
25.880577
25.903103
25.876480
25.895935
25.904129
25.876480
Control Period
25.874432
25.887745
25.888767
25.919487
25.857025
25.805824
25.804800
25.796608
25.827328
25.882624
25.889791
25.865215
25.896961
25.858047
25.864193
25.870337
25.874432
25.889793
25.872383
25.880577
25.897984
25.863167
25.886719
25.866240
25.878529
25.858047
25.883648
25.888767
25.875456
25.899008
25.896961
25.854977
25.817089
25.819136
25.794559
25.793537
25.857025
25.880577
25.878529
25.879551
25.869312
25.873407
25.879551
25.848831
25.883648
25.894913
25.884672
25.869312
25.862144
25.890816
25.892864
25.870335
25.891840
25.904129
25.885696
25.888767
25.867264
25.881599
25.867264
25.841663
25.826303
25.802753
25.820160
25.867264
Control Period
25.894913
25.860096
25.875456
25.877504
25.876480
25.899008
25.874432
25.882626
25.884672
25.875456
25.860096
25.871361
25.832447
25.896961
25.882624
25.867264
25.853952
25.877504
25.849857
25.875456
25.873407
25.879551
25.879551
25.857023
25.829376
25.818111
25.802753
25.798656
25.867264
25.882624
25.868288
25.875456
25.896961
25.863167
25.893888
25.880577
25.883648
25.884670
25.865215
25.873407
25.882624
25.871361
25.874432
25.908222
25.874432
25.870335
25.899008
25.875456
25.874432
25.894913
25.892864
25.880575
25.879551
25.825279
25.820160
25.799679
25.828352
25.887745
25.877504
25.890816
25.865215
25.867264
25.883648
25.882624
Control Period
25.890816
25.866240
25.875456
25.889793
25.874432
25.887745
25.877504
25.878529
25.883648
25.862144
25.910273
25.879551
25.878529
25.885696
25.868288
25.889791
25.875456
25.820160
25.802752
25.810944
25.818111
25.885696
25.867264
25.875456
25.892864
25.866240
25.872383
25.877504
25.869312
25.888767
25.872383
25.873407
25.881599
25.888767
25.880575
25.864193
25.895935
25.877502
25.885696
25.894913
25.881599
25.887745
25.866240
25.895935
25.863167
25.882624
25.854977
25.795584
25.803776
25.821182
25.880575
25.888767
25.879551
25.873407
25.887745
25.885696
25.900032
25.881599
25.866241
25.858047
25.885696
25.888767
25.878529
25.864193
Control Period
25.895935
25.874432
25.910273
25.891840
25.887745
25.878529
25.882624
25.879551
25.871361
25.884672
25.876480
25.805824
25.827328
25.783295
25.840641
25.875456
25.879551
25.884672
25.883648
25.877504
25.875456
25.873409
25.867264
25.879551
25.872383
25.897984
25.885696
25.870337
25.888767
25.872383
25.878529
25.889793
25.891840
25.849855
25.890816
25.882624
25.869312
25.881599
25.866241
25.846785
25.814016
25.800705
25.820160
25.871361
25.865215
25.884672
25.864193
25.872383
25.871361
25.871361
25.882624
25.883648
25.866240
25.878529
25.872383
25.875456
25.884670
25.888767
25.890816
25.905151
25.841663
25.872383
25.872383
25.862144
Control Period
25.871361
25.882624
25.877502
25.865215
25.804800
25.807873
25.820160
25.849855
25.916416
25.861118
26.002432
25.896961
25.891840
25.868288
25.885696
25.869312
25.878529
25.875456
25.876480
25.865215
25.884672
25.878529
25.879551
25.867264
25.873407
25.854977
25.891840
25.864193
25.874432
25.870335
25.875456
25.843712
25.830399
25.797632
25.793535
25.830399
25.863167
25.860096
25.865215
25.863167
25.893887
25.882624
25.879551
25.894913
25.876480
25.886721
25.888767
25.887745
25.870335
25.882626
25.893888
25.886719
25.876480
25.887745
25.878529
25.871361
25.881599
25.885696
25.890816
25.868288
25.807873
25.815041
25.795584
25.854977
Control Period
25.884672
25.870337
25.863167
25.867264
25.882624
25.865215
25.879551
25.866241
25.896959
25.886719
25.891840
25.886719
25.885696
25.866240
25.878529
25.893887
25.887745
25.880575
25.872383
25.878529
25.888767
25.864193
25.876480
25.902081
25.890816
25.837568
25.785343
25.798656
25.829376
25.868288
25.863167
25.872383
25.869312
25.900032
25.896961
25.893887
25.882624
25.908224
25.879551
25.861118
25.875456
25.881599
25.901056
25.851904
25.867264
25.863167
25.881599
25.873409
25.877504
25.855999
25.875456
25.864193
25.866241
25.877502
25.847809
25.817089
25.822208
25.794559
25.873409
25.876480
25.872383
25.882626
25.891840
25.894913
Control Period
25.874432
25.862144
25.888767
25.872383
25.858047
25.869312
25.851904
25.882624
25.879551
25.876480
25.865215
25.863167
25.880577
25.877504
25.889793
25.882624
25.870335
25.822208
25.797632
25.799679
25.833473
25.811968
25.870337
25.863167
25.882626
25.897984
25.886719
25.923584
25.874432
25.882624
25.874432
25.865215
25.879551
25.880577
25.882624
25.871361
25.877502
25.846783
25.857025
25.879551
25.874432
25.863167
25.861118
25.873409
25.880577
25.859072
25.797632
25.802752
25.810944
25.794559
25.840641
25.870335
25.871361
25.802752
25.868286
25.896961
25.887745
25.892864
25.889791
25.883648
25.872383
25.895935
25.882624
25.867264
Control Period
25.870337
25.890816
25.865215
25.878529
25.884672
25.887745
25.888767
25.877502
25.879551
25.906176
25.865215
25.802752
25.817087
25.804800
25.821184
25.839615
25.871361
25.885696
25.878529
25.877504
25.875456
25.883648
25.891840
25.897984
25.879551
25.885696
25.880577
25.877504
25.871361
25.872383
25.879551
25.859072
25.873409
25.892864
25.882624
25.893887
25.859072
25.877502
25.804800
25.887745
25.807873
25.841663
25.803776
25.798656
25.869312
25.885696
25.866240
25.978880
25.878529
25.875456
25.873409
25.888767
25.876480
25.873409
25.867264
25.878529
25.872383
25.884672
25.905151
25.886719
25.878529
25.873409
25.870337
Control Period
25.885696
25.881599
25.874432
25.874432
25.861120
25.838593
25.803776
25.790464
25.801727
25.875458
25.880577
25.872383
25.861120
25.887745
25.875456
25.859072
25.867264
25.879551
25.888767
25.860096
25.855999
25.874432
25.857023
25.899008
25.867264
25.864193
25.864191
25.859072
25.883648
25.852928
25.878529
25.868288
25.846783
25.810944
25.798656
25.805824
25.897984
25.891840
25.879551
25.893887
25.882624
25.882624
25.885696
25.872383
25.909248
25.882624
25.870337
25.875456
25.869312
25.891840
25.888767
25.881599
25.887745
25.868288
25.904129
25.873409
25.896959
25.870335
25.895935
25.887745
25.869312
25.882626
25.825279
25.828352
Control Period
25.794559
25.816063
25.879551
25.847809
25.897984
25.881599
25.877502
25.874432
25.904129
25.871361
25.896961
25.901054
25.897984
25.868288
25.871361
25.905151
25.881599
25.880577
25.884672
25.865215
25.881599
25.864193
25.887745
25.884672
25.870335
25.871361
25.859072
25.871361
25.795584
25.787392
25.792511
25.830399
25.870337
25.861120
25.897984
25.877502
25.872383
25.881599
25.872383
25.890816
25.884670
25.892864
25.887745
25.893888
25.855999
25.870335
25.880577
25.886719
25.881599
25.881599
25.894913
25.878529
25.896961
25.877502
25.874432
25.899008
25.812992
25.786369
25.808895
25.786369
25.865215
25.890816
25.890816
25.873409
Control Period
25.882624
25.868288
25.851904
25.881599
25.871361
25.885696
25.872383
25.881599
25.885696
25.869312
25.879551
25.875456
25.883648
25.868288
25.879551
25.864193
25.890816
25.873409
25.885696
25.901056
25.816063
25.803776
25.805824
25.789440
25.878529
25.882624
25.877502
25.881599
25.874432
25.888767
25.858047
25.841663
25.867264
25.874432
25.922562
25.876480
25.892864
25.884670
25.889793
25.863167
25.880577
25.878529
25.896961
25.908224
25.878529
25.876480
25.883648
25.865215
25.830400
25.780224
25.812992
25.796608
25.880577
25.872383
25.870337
25.865215
25.896961
25.882624
25.893888
25.886721
25.883648
25.887745
25.878529
25.902081
Control Period
25.872383
25.868288
25.871361
25.869312
25.871361
25.872383
25.891840
25.855999
25.868288
25.899008
25.890816
25.863167
25.803776
25.798656
25.805824
25.883648
25.887745
25.884672
25.895935
25.891840
25.882626
25.989120
25.886719
25.900032
25.890816
25.881599
25.894913
25.886719
25.885696
25.882624
25.883648
25.872383
25.875458
25.881599
25.849857
25.881599
25.868288
25.877502
25.860096
25.913345
25.853952
25.823231
25.822208
25.799679
25.848831
25.885696
25.877502
25.885696
25.872383
25.904129
25.872383
25.902081
25.879551
25.892864
25.900032
25.879551
25.868286
25.879551
25.880577
25.884670
25.892864
25.861118
25.871361
25.881599
Control Period
25.874432
25.869312
25.873409
25.871361
25.859072
25.885696
25.798656
25.816063
25.817089
25.815041
25.864193
25.877504
25.880575
25.871361
25.879551
25.860096
25.900032
25.892864
25.873409
25.889791
25.879551
25.890816
25.878529
25.881599
25.882624
25.877504
25.867264
25.859074
25.896961
25.873407
25.888767
25.877502
25.866240
25.888767
25.865215
25.827328
25.820160
25.816063
25.849857
25.880577
25.883648
25.872383
25.872383
25.881599
25.871361
25.843712
25.853951
25.869312
25.851904
25.871361
25.881599
25.875456
25.866241
25.899008
25.885696
25.888767
25.866241
25.865215
25.911297
25.888767
25.866241
25.882624
25.884672
25.889791
Control Period
25.863167
25.801727
25.794559
25.792511
25.842688
25.877504
25.889791
25.858047
25.880577
25.899008
25.883648
25.870335
25.879551
25.872383
25.891840
25.860096
25.887745
25.875456
25.886719
25.876480
25.893888
25.876480
25.892864
25.906178
25.876480
25.870335
25.897984
25.886719
25.864191
25.858047
25.794559
25.825279
25.840641
25.894913
25.888767
25.883648
25.874432
25.885696
25.864193
25.860096
25.860096
25.901054
25.874432
25.891840
25.870337
25.873407
25.894913
25.875456
25.881599
25.881599
25.881599
25.881599
25.881599
25.890816
25.872383
25.875456
25.879551
25.879551
25.879551
25.880577
25.878529
25.882626
25.854977
25.869312
Control Period
25.879551
25.880575
25.866240
25.872383
25.854977
25.874432
25.867264
25.869312
25.873409
25.879551
25.884670
25.870335
25.897984
25.879551
25.903103
25.884672
25.893887
25.840641
25.794559
25.795584
25.810944
25.821182
25.900032
25.867264
25.847809
25.849857
25.877502
25.872383
25.884672
25.861118
25.884670
25.879551
25.899010
25.894913
25.880577
25.866240
25.874432
25.884672
25.889791
25.904129
25.864193
25.872383
25.839615
25.875456
25.883648
25.869312
25.812992
25.808895
25.826305
25.867264
25.884672
25.876480
25.890816
25.887745
25.864193
25.877504
25.876480
25.894913
25.986050
25.872383
25.904129
25.882626
25.900032
25.899008
Control Period
25.889791
25.873407
25.881599
25.865215
25.877504
25.883648
25.871361
25.877504
25.914368
25.865215
25.871361
25.808895
25.825279
25.785343
25.840641
25.876480
25.873407
25.882626
25.881599
25.871361
25.874432
25.879551
25.851904
25.874432
25.870335
25.883648
25.871361
25.895935
25.888767
25.838593
25.906176
25.868286
25.881599
25.878529
25.861120
25.870335
25.884672
25.891840
25.852928
25.836544
25.795586
25.797632
25.861120
25.893887
25.862144
25.865215
25.886721
25.881599
25.879551
25.877504
25.914368
25.883648
25.872383
25.877502
25.870335
25.881599
25.894913
25.875456
25.883648
25.893887
25.863167
25.866241
25.861118
Control Period
25.877502
25.860096
25.883648
25.878529
25.871361
25.843712
25.814016
25.806849
25.781248
25.846783
25.879551
25.871361
25.873407
25.887745
25.866240
25.870335
25.866240
25.875456
25.884672
25.878529
25.892864
25.875458
25.885696
25.863167
25.887745
25.896961
25.873409
25.864193
25.864193
25.870335
25.874432
25.867264
25.870335
25.868288
25.854977
25.812992
25.797632
25.800705
25.825279
25.879551
25.874432
25.893888
25.870335
25.883648
25.872383
25.910271
25.882626
25.871361
25.895935
25.881599
25.884672
25.903103
25.876480
25.878529
25.851904
25.892864
25.885696
25.883648
25.893887
25.872383
25.890816
25.889793
25.895935
25.878529
Control Period
25.859074
25.812992
25.818111
25.803776
25.833473
25.890816
25.865215
25.878529
25.875456
25.876480
25.880577
25.868288
25.878529
25.875456
25.869312
25.908224
25.865215
25.889791
25.863167
25.886719
25.873407
25.881599
25.857025
25.866241
25.880575
25.874432
25.870335
25.878529
25.824257
25.838593
25.796608
25.804800
25.895935
25.869312
25.880577
25.865215
25.872383
25.865215
25.876480
25.865215
25.879551
25.868288
25.877502
25.879551
25.880577
25.889793
25.875456
25.904129
25.874432
25.870335
25.868288
25.868288
25.863167
25.876480
25.877504
25.871361
25.868288
25.812992
25.812992
25.804798
25.849855
25.875456
25.879551
25.851904
Control Period
25.865215
25.868288
25.873409
25.872383
25.888767
25.875456
25.897984
25.875456
25.881599
25.879551
25.874432
25.879551
25.900032
25.854977
25.869312
25.864193
25.875456
25.875456
25.929729
25.881599
25.881599
25.905151
25.876480
25.875456
25.829376
25.794559
25.797632
25.888767
25.896961
25.870335
25.848831
25.893888
25.981953
25.882624
25.879551
25.886719
25.892864
25.877502
25.883648
25.864193
25.873409
25.886721
25.862144
25.872383
25.865215
25.865215
25.872383
25.873407
25.881599
25.878529
25.882624
25.880577
25.789440
25.810944
25.793535
25.821184
25.874432
25.888767
25.883648
25.871361
25.878529
25.886721
25.876480
25.888767
Control Period
25.874432
25.876480
25.893888
25.890816
25.872383
25.880577
25.884672
25.865215
25.874432
25.910273
25.880577
25.863169
25.899008
25.876480
25.872383
25.817089
25.808895
25.801727
25.793537
25.866241
25.855999
25.876480
25.890816
25.890816
25.867264
25.891840
25.867264
25.884672
25.885696
25.900032
25.881599
25.888767
25.863167
25.878529
25.884670
25.884672
25.867264
25.873409
25.899008
25.850880
25.849857
25.874432
25.877502
25.865215
25.780224
25.823233
25.804800
25.818111
25.876480
25.881599
25.896961
25.870337
25.884670
25.867264
25.873407
25.881599
25.880577
25.886719
25.857025
25.866240
25.878529
25.869312
25.866241
25.879551
Control Period
25.864193
25.909248
25.880577
25.867264
25.863167
25.869312
25.879551
25.866240
25.871361
25.860096
25.825279
25.803776
25.796608
25.850880
25.890816
25.859072
25.863167
25.857023
25.877502
25.882624
25.857025
25.896961
25.884670
25.866241
25.888767
25.876480
25.869312
25.868288
25.867264
25.887745
25.873409
25.892864
25.895935
25.875456
25.885696
25.887745
25.887745
25.891840
25.858047
25.792511
25.806847
25.803776
25.793537
25.832447
25.876480
25.867264
25.873409
25.879551
25.887745
25.884672
25.868286
25.881599
25.883648
25.866240
25.891840
25.875456
25.866240
25.850880
25.863167
25.874432
25.870335
25.869312
25.875456
25.852928
Control Period
25.893888
25.873407
25.875456
25.878529
25.841663
25.786369
25.805824
25.809919
25.797632
25.888767
25.869312
25.891840
25.889793
25.891840
25.883648
25.873407
25.853952
25.886719
25.868286
25.873409
25.874432
25.892864
25.850880
25.881599
25.863167
25.876480
25.878529
25.893887
25.891840
25.896961
25.880577
25.897984
25.879551
25.880575
25.877502
25.895935
25.901056
25.872383
25.863169
25.872383
25.890816
25.865215
25.892864
25.866241
25.881599
25.895935
25.873409
25.866240
25.889793
25.885696
25.874432
25.871361
25.800705
25.819138
25.800705
25.850880
25.885696
25.888767
25.886721
25.873407
25.857025
25.876480
25.889793
25.875456
Control Period
25.886719
25.870335
25.873407
25.889793
25.870335
25.995264
25.878529
25.869312
25.861120
25.876480
25.887745
25.884672
25.899010
25.866241
25.876480
25.859072
25.874432
25.833471
25.781248
25.805824
25.822208
25.849855
25.865215
25.875456
25.872383
25.885696
25.886719
25.870337
25.862144
25.879551
25.884672
25.878529
25.873407
25.894913
25.873407
25.869312
25.871361
25.872383
25.888767
25.885696
25.857023
25.876480
25.861118
25.883648
25.884672
25.857025
25.844736
25.800705
25.802752
25.803776
25.873409
25.886719
25.863167
25.854977
25.863167
25.885696
25.865215
25.875456
25.876480
25.861120
25.881599
25.879551
25.868288
25.874432
Control Period
25.877504
25.893888
25.881599
25.870335
25.877502
25.882626
25.879551
25.879551
25.869312
25.866240
25.790462
25.803776
25.781248
25.837568
25.875456
25.910271
25.874432
25.892864
25.869312
25.869312
25.863167
25.865215
25.867264
25.879551
25.871361
25.885696
25.885696
25.880577
25.863167
25.880575
16.735233
13.524992
13.524992
13.521920
25.344000
24.912895
24.906752
25.878529
24.908800
24.743935
25.811968
24.640511
24.689663
25.878529
24.921089
24.898560
25.863167
24.890368
24.893440
25.847809
24.897537
24.900608
25.878529
24.908800
24.894463
25.868288
24.892416
24.925184
25.867264
24.884224
24.910849
25.879551
24.907776
Control Period
24.915968
25.896961
24.890369
24.797184
25.811968
24.607744
24.644608
25.825279
24.783873
24.889343
25.850880
24.897535
24.897537
25.905151
24.895489
24.919041
25.872383
24.904705
24.868864
25.874432
24.898560
24.923136
25.889793
24.905727
24.895489
25.899008
24.916992
24.884224
25.874432
24.921089
24.877056
25.802753
24.631294
24.620033
25.844736
24.779776
24.891392
25.884672
24.883200
24.890369
25.859072
24.902657
24.906752
25.871361
24.886272
24.903679
25.863167
24.907776
24.914944
25.882624
24.902657
24.927231
25.888767
24.899584
24.888321
25.860096
24.918015
24.908800
25.818111
24.691711
24.664062
Control Period
25.785343
24.743935
25.337856
24.297472
24.381439
24.821760
25.371647
25.869312
25.339905
23.644161
25.340927
22.677504
22.448128
22.646784
23.618561
22.665216
24.705025
23.619583
24.193024
23.625729
25.328640
23.636993
25.268223
21.847040
23.914497
24.242176
24.797184
25.345024
24.914944
24.293377
22.653954
25.357311
23.656448
23.648256
23.625729
23.623680
22.657024
24.707073
23.622656
25.872383
22.134785
24.169472
22.116352
25.354240
23.094273
25.340927
25.365505
25.318401
24.162304
24.086529
23.994368
25.831425
23.628799
Control Period
22.647808
22.552576
22.668289
25.330688
25.352192
23.100414
25.860096
23.103489
23.629824
23.648256
24.281088
24.195072
22.107136
21.840897
22.668289
25.340927
23.632896
24.273920
24.180737
22.003712
21.575680
22.371328
25.276417
25.879551
23.120895
25.339905
23.109632
25.872383
23.642113
23.624704
24.358913
22.037502
24.166401
22.130688
22.473728
23.616512
25.349121
25.354240
24.355839
24.171520
22.128639
22.386688
23.597055
25.306112
25.811968
23.043072
25.253887
23.609344
23.623680
23.620609
25.342976
24.284161
22.030336
Control Period
21.926912
22.647808
22.465536
23.090176
25.379841
24.287231
22.119423
21.856256
22.667263
22.484993
23.639040
25.352192
25.342976
23.107584
25.345024
23.540735
23.536640
23.563263
21.931007
24.190975
22.123520
24.195072
23.640064
22.388737
25.366528
24.377344
24.178688
22.112255
21.874687
22.673409
25.368576
23.638016
25.368576
25.353214
23.105537
23.620607
23.639040
25.349121
24.212481
21.881855
23.873535
22.055937
22.381569
23.623680
25.340927
25.376768
24.375296
24.190975
22.122498
22.409216
23.647232
25.332737
25.351168
Control Period
23.098368
25.360384
23.647232
23.632896
23.626751
24.271872
24.273920
22.131712
23.941120
23.571457
23.552000
23.628799
24.309761
24.188927
22.152191
24.105984
23.622656
22.387712
23.650303
25.348095
25.348095
23.092224
25.346048
23.663616
23.634945
25.894913
22.647808
25.353214
22.648832
22.387712
22.666241
25.328640
25.285633
21.863424
23.073792
22.679552
22.478848
24.885246
24.197121
25.349121
23.094273
25.884672
23.102463
23.620607
23.638016
25.355265
23.553024
15.042560
9.396224
13.039616
8.312832
13.986816
7.909376
10.164224
Control Period
10.185728
9.132032
11.832320
8.504320
13.573120
7.690240
11.293696
7.880704
12.613632
12.613632
10.266623
12.025856
7.829504
13.427711
7.694336
13.347840
7.856128
10.262527
12.582912
7.917568
12.343296
7.864320
17.044479
7.786496
11.885568
7.832576
8.014848
14.793728
9.276416
16.990208
7.830528
13.221888
7.925760
13.507584
11.271168
9.416704
17.003521
9.585664
13.020161
7.748608
14.813185
8.979456
10.162176
10.634240
9.808896
13.058048
10.263552
13.417473
8.982529
13.071360
8.428544
11.365376
10.220544
Control Period
10.125312
14.842880
9.200640
12.587008
8.333312
13.227009
7.905280
9.158656
10.189824
9.192448
12.614656
8.479744
14.777344
7.693312
12.485632
7.903232
13.325312
10.234879
10.403840
12.614656
7.869440
12.212224
7.720960
14.836736
7.883776
9.425920
10.180608
7.897088
13.440001
9.196544
16.990208
7.786496
11.787264
7.856128
9.168896
13.008896
9.285632
15.821823
7.865344
13.131777
7.813120
14.830592
10.211329
9.371648
17.031168
9.643008
11.877377
7.854080
14.945280
10.226688
12.583936
14.804993
9.823233
Control Period
13.036544
11.282433
14.790655
8.987648
11.404287
12.492800
10.636288
12.453888
10.209280
14.827520
9.255936
12.542976
12.494848
13.059072
10.174464
11.258881
7.787520
9.275393
12.615680
8.499200
12.047359
7.747584
15.000576
7.906304
9.058304
7.768064
8.628223
12.632064
7.865344
13.460480
7.715840
15.940608
7.914496
11.544577
10.237951
8.012800
12.630016
7.830528
14.750720
7.777280
13.554688
7.945216
8.453120
12.593152
7.881728
12.342272
7.860224
16.990208
7.783424
11.959296
7.918592
7.916544
13.011969
Control Period
9.204737
13.440001
7.861248
17.007616
7.740416
17.029121
7.959552
13.242368
7.901184
13.018112
7.767040
12.772352
10.896383
12.658688
11.220991
11.720704
17.012735
10.731520
12.933120
9.638912
11.867136
8.390656
13.577216
8.436736
13.400064
9.012224
11.467775
9.055232
14.788609
12.520448
10.824704
8.515584
12.554239
12.441600
11.332608
12.489728
10.084352
14.829567
10.013696
12.618752
12.551168
11.320320
8.508416
13.000704
10.127359
14.803968
7.900160
13.537280
7.781376
11.273216
7.833600
15.004671
7.913472
13.490176
10.248192
9.616385
Control Period
12.534784
13.527040
12.665855
14.897152
12.651520
14.831615
12.650496
14.843904
12.661760
14.923777
12.699648
14.798848
12.691456
14.859264
12.659712
14.925824
12.660736
14.769152
12.657663
14.821376
12.669952
14.960640
12.603392
14.852096
12.623872
14.862336
14.874624
14.938112
14.857216
14.834688
14.835712
14.795776
14.873600
14.837760
14.834688
14.864384
14.821376
14.806016
14.834688
14.824448
12.650496
14.884865
12.624896
14.810112
12.621824
14.799871
12.632064
14.908417
12.643328
14.837760
12.612608
14.782464
10.265600
14.880768
12.681216
14.832640
12.582912
14.808064
12.637184
14.829568
12.634111
Control Period
14.846975
14.854144
12.469248
12.441600
13.604864
12.485632
17.098751
10.721825
15.296513
14.820353
15.256577
10.234880
12.987392
8.465408
11.911167
8.424448
17.181696
7.878656
15.637504
8.388608
15.669248
11.287552
13.436928
13.457409
12.998655
12.015615
12.662785
16.021503
10.285056
16.167936
7.905280
12.762112
7.908352
13.656064
10.246143
17.134592
8.462336
15.254528
12.595200
15.260673
8.897535
13.083648
9.037825
13.005823
11.348992
15.738880
12.977152
17.039360
15.260672
13.485056
13.028352
13.078528
13.097984
7.803904
16.039936
7.870464
16.243711
7.941120
17.137665
7.857152
17.112064
7.810048
13.474815
7.878656
Control Period
12.111872
8.377344
12.467199
16.004095
14.832640
17.052673
10.257408
17.011711
7.937024
17.077248
8.478720
17.082367
8.517632
17.034241
14.853120
17.010689
16.989185
13.537280
13.501440
11.303936
12.080128
10.210304
17.068031
8.539136
17.006592
14.859264
17.027073
13.483007
13.510656
13.481984
11.292672
17.052671
10.212352
17.094656
8.510464
17.030144
10.301440
13.465600
13.487104
13.054976
13.059072
8.437760
17.065983
7.830528
16.992256
8.494080
15.724544
13.780993
17.024000
17.064960
13.472768
13.442048
11.273216
12.146688
10.165248
17.057793
10.171392
15.648767
13.772800
17.018879
17.100800
13.480960
13.499392
11.246592
17.104897
10.227712
17.087488
10.209280
15.841280
Control Period
10.819584
13.484032
13.502464
11.282433
12.580864
12.637184
13.469696
11.284479
12.652544
17.082367
14.879744
17.102848
9.052160
16.140289
13.960192
17.084415
12.642303
13.071360
13.546495
11.289600
12.674047
10.432512
12.645376
12.648448
17.074177
13.584384
11.293695
12.587008
12.638208
13.540352
11.379712
13.108224
13.549568
12.459007
13.575169
11.390976
13.569024
11.369473
12.687360
12.694528
15.328257
17.103872
11.333632
16.175104
11.295744
12.657663
12.537856
13.192192
13.554688
11.283456
12.577791
10.377216
17.098751
12.881920
17.115135
13.555712
17.085440
17.078272
12.642303
13.551617
11.268096
12.197887
12.709888
14.896128
13.557760
14.905344
12.699648
14.889984
13.540352
16.272385
17.051647
13.558784
11.292671
Control Period
12.641279
10.395648
12.640256
17.072128
17.112064
12.568576
17.076223
12.643328
12.621824
17.088512
13.533184
12.634111
13.505535
11.350016
17.104897
13.540352
14.815231
16.117760
11.262976
12.619776
17.060863
13.529088
16.141312
13.517824
13.561856
13.518848
13.509632
13.543425
12.711936
17.060863
12.646400
12.765184
17.095680
11.282433
12.621824
17.064960
12.618752
17.093632
15.292416
13.516800
16.145409
12.623873
12.623872
13.503489
17.057793
12.621824
17.039360
12.489728
17.083393
13.542400
11.260928
12.512256
17.085440
12.615681
17.085440
17.075199
12.622848
17.038336
12.514304
12.755968
17.112064
13.582336
16.219135
13.538303
16.104448
17.093632
13.549568
14.843904
16.106497
11.335680
12.727296
13.554688
13.558784
16.173058
13.535232
16.086016
13.560832
13.544448
Control Period
17.071104
12.624895
17.093632
12.630016
13.510656
17.045504
12.521472
12.555264
17.074177
13.510656
16.051201
13.516800
13.511681
17.078272
13.518848
13.556736
16.144384
17.079296
14.870528
17.257473
12.945408
12.732416
17.052673
13.559808
12.625919
17.080320
12.617728
13.518848
17.053696
12.620800
12.622849
17.059841
13.551617
12.628992
17.060863
12.631041
13.504512
17.081345
12.591105
12.574720
17.080320
13.536256
12.613632
17.061888
12.633088
13.498367
17.033215
12.504065
12.525568
17.081345
13.498367
12.518400
17.043457
12.613632
17.064960
13.533184
12.611584
17.015808
12.721151
13.555712
12.635136
17.058815
12.628992
17.080318
13.543424
12.625919
17.065985
12.617728
13.505536
17.083393
12.632064
12.614656
17.080320
13.505536
12.639233
17.092609
12.626944
13.505536
17.073151
12.639232
12.637184
17.074177
Control Period
13.514752
12.622849
12.490752
17.046528
17.076223
12.558336
12.549120
13.486080
12.508160
17.048576
12.593152
13.524992
12.600321
12.495872
17.112064
16.970753
12.669952
12.619776
13.524992
12.554240
17.036287
17.046528
13.552640
12.604416
12.618752
17.056767
17.086464
17.079296
12.633088
13.522943
12.607488
17.055744
17.067009
13.511681
12.627968
12.609535
13.522943
12.548096
17.048576
12.597248
13.544448
12.554240
12.546048
17.098751
17.060863
17.055744
12.548096
13.538303
12.598272
17.081345
17.054720
13.490176
12.498944
12.578815
13.512705
17.071104
17.091583
12.553216
13.569024
12.608513
12.598272
17.061888
17.064960
12.770304
13.644800
13.575169
13.498368
17.057793
16.136192
13.512704
13.504512
13.475840
13.488129
16.032768
17.085440
13.510656
13.527040
13.522944
17.057793
16.178175
16.080896
13.505536
13.548544
13.545472
16.187391
17.062912
Control Period
16.140287
13.489152
13.533184
13.519872
13.515776
13.500416
13.485056
13.487104
13.495296
13.480960
13.526016
13.484032
13.498368
13.498368
13.517824
13.504512
13.540352
13.534208
17.088512
16.182272
16.177151
17.070080
16.169983
16.115711
17.039360
16.041985
16.049152
17.039360
16.036865
16.036863
17.118208
16.186367
16.145409
17.044479
16.097279
16.162815
13.495296
13.522943
13.521920
13.484032
13.483007
13.502464
13.504513
13.532160
13.518848
13.502464
13.537279
13.488128
13.495296
13.489152
13.486080
13.544448
13.499392
13.549568
13.498367
13.501440
13.541376
13.487104
17.090561
16.195583
16.183296
17.056768
16.181248
16.105440
17.035263
13.552640
13.624319
13.570048
13.536256
13.547520
13.494272
13.500416
13.540352
13.494272
13.483007
13.471745
13.508608
13.524992
13.511681
13.536256
13.523968
13.506560
13.520896
13.469696
13.468672
13.491199
13.502464
13.485056
13.477888
13.483007
Control Period
17.084415
16.166912
16.065536
17.073151
16.084991
16.024576
17.042431
16.019455
16.105473
17.060863
16.129025
16.163841
17.062912
16.163841
16.113663
17.045504
16.078848
16.159744
17.086464
16.159744
16.138241
17.074177
16.099327
16.062464
17.060863
16.077824
16.094208
17.043457
16.096256
16.098305
17.049599
16.107521
16.165888
17.058815
16.124928
16.031744
17.071104
16.122879
16.144384
17.055744
16.150528
16.153601
17.053696
16.053249
16.041985
17.029119
16.044033
16.089088
17.040384
16.076799
16.088064
17.030144
16.030720
16.038912
17.070080
16.136192
16.151552
17.063934
16.141312
16.175104
17.029121
16.057344
16.137217
17.080320
16.147455
16.099327
17.041409
16.074753
16.101376
17.073151
16.128000
16.146431
17.071104
16.089088
16.072704
17.063934
16.101376
16.110592
17.055744
16.105473
16.098305
17.046528
16.112640
16.166912
17.070080
16.112640
16.044033
17.039360
16.041985
16.121857
17.075199
Control Period
16.107521
16.056320
17.073151
16.099327
16.015360
17.038336
16.062464
16.158720
17.069057
16.184320
16.095232
17.097729
16.162817
16.097281
17.073153
16.208897
16.150528
17.071104
16.150528
16.154625
17.017857
16.064512
16.150528
17.064960
16.141312
16.050177
17.055744
16.053247
16.038912
17.079296
16.099327
16.054272
17.074177
16.092159
16.062464
17.063936
16.142336
16.144384
17.030144
16.106495
16.086016
17.042431
16.044031
16.048128
17.047552
16.003071
16.012287
17.065985
16.115711
16.173056
17.049601
16.149504
16.151552
17.094656
16.157696
16.164864
17.069057
16.156672
16.100351
17.041409
16.088064
16.155647
17.055744
16.136192
16.052223
17.061888
16.086016
16.099327
17.075199
16.134144
16.136192
17.019905
16.070656
16.135168
17.045504
16.040960
16.054272
17.030144
16.071680
16.150528
17.078272
16.160769
16.067583
17.057793
16.069632
16.023552
17.025024
16.044033
16.148479
17.045504
16.129025
Control Period
16.121857
17.039360
16.154625
16.173056
17.058815
16.147455
16.135168
17.085440
16.158720
16.168961
17.051647
16.145409
16.154623
17.053696
16.153599
16.119808
17.021954
16.084991
16.121857
17.038336
16.035839
16.022528
17.106945
16.141312
16.080896
17.057793
16.077824
16.092159
16.993279
16.164864
16.147457
17.028095
16.065536
16.033792
17.014784
16.039936
16.037888
17.032192
16.027649
16.031744
17.085440
16.141312
16.156672
17.086464
16.086016
16.058369
17.078272
16.162817
16.177153
17.045504
16.149504
16.230400
17.063934
16.246784
16.162817
17.084415
16.156672
16.146431
17.059839
16.107519
16.029697
17.033215
16.046080
16.045055
17.039360
16.060415
16.143360
17.062912
16.174080
16.107519
17.071104
16.126976
16.072704
17.085440
16.144382
16.071680
17.057793
16.087040
16.030720
17.029121
16.027649
16.039936
17.046528
16.038912
16.127998
17.042431
16.035839
16.037888
17.075199
16.129025
16.147457
17.080320
Control Period
16.159744
16.160767
17.114113
16.200705
16.160769
17.084415
16.158720
16.162815
17.052671
16.080896
16.088064
17.043457
16.114689
16.082943
17.084415
16.161793
16.144384
17.074177
16.164864
16.171009
17.035263
16.062464
16.147457
17.062912
16.156672
16.117760
17.029119
16.046080
16.093184
17.043457
16.041985
16.052223
17.081345
16.106495
16.070656
17.060863
16.074753
16.022528
17.022976
16.086016
16.162817
17.069056
16.131073
16.181248
17.058815
16.172031
16.154625
17.085440
16.153601
16.150528
17.062912
16.086016
16.026625
17.071104
16.077824
16.027649
17.046528
16.070656
16.146431
17.047552
16.168961
16.138241
17.089537
16.173058
16.105473
17.027073
16.228352
16.168961
17.059839
16.138241
16.157696
17.009665
16.060415
16.046080
17.037312
16.037888
16.045055
17.031168
16.075775
16.080896
17.040384
16.050175
16.057343
17.073151
16.144384
16.160769
17.064960
16.157696
16.179199
17.042431
16.137217
Control Period
16.139263
17.054720
16.151552
16.126976
17.055744
16.144382
16.143360
17.077248
16.147455
16.151552
17.061890
16.150528
16.147457
17.070080
16.168961
16.111616
17.016832
16.083969
16.123903
17.034241
16.053247
16.057344
16.907265
16.134144
16.071680
17.053696
16.071680
16.028671
17.044479
16.040960
16.037888
17.015808
16.038912
16.121857
17.058815
16.168961
16.167934
17.046528
16.149504
16.154625
17.069056
16.161793
16.150528
17.095680
16.159744
16.165888
17.028095
16.088064
16.149504
17.057793
16.086016
16.079872
17.041409
16.109568
16.149504
17.082367
16.156672
16.153599
17.096703
16.158720
16.178177
17.048576
16.048128
16.134144
17.064960
16.143360
16.116735
17.030144
16.070656
16.096256
17.041376
16.030720
16.032768
17.062912
16.135168
16.067585
17.069057
16.086016
16.086016
17.050625
16.100353
16.140287
17.058815
16.163841
16.159744
17.068031
16.163839
16.152576
17.078272
16.160769
16.152576
Control Period
17.056768
16.098305
16.053249
17.077248
16.078848
16.039936
17.041409
16.082945
16.163839
17.052671
16.169983
16.154625
17.090561
16.152576
16.091137
17.076223
16.157696
16.178177
17.071104
16.152576
16.152576
17.024000
16.076801
16.134144
17.069056
16.153599
16.158720
17.070080
16.146431
16.139263
17.055744
16.133120
16.152576
17.072128
16.087040
16.027649
17.027073
16.051201
16.155647
17.042431
16.159744
16.218113
17.044479
16.155647
16.054272
17.038336
16.038912
16.044033
17.070080
16.104446
16.122879
17.074177
16.150528
16.160769
17.043455
16.149504
16.135168
17.035263
16.069633
16.114687
17.037312
16.096256
16.150528
17.073151
16.157696
16.077824
17.044479
16.078848
16.092159
17.075199
16.164864
16.180225
17.052671
16.164864
16.158720
17.064960
16.141312
16.064512
17.041409
16.034817
16.029696
17.076225
16.147455
16.148479
17.068031
16.098305
16.137215
17.062912
16.156672
16.159744
17.028095
Control Period
16.119808
16.076801
17.045504
16.101376
16.079872
17.070080
16.144382
16.145409
17.060863
16.151552
16.146433
17.061888
16.151552
16.152576
17.057793
16.157696
16.152576
17.047552
16.054272
16.025631
17.036289
16.035839
16.034817
17.064960
16.150528
16.146431
17.072128
16.111616
16.152576
17.053696
16.121857
16.135168
17.037312
16.145409
16.177151
17.079296
16.165888
16.139263
17.081345
16.134144
16.166912
17.072128
16.159744
16.150528
17.050625
16.146431
16.104448
17.041409
16.069632
16.100351
17.031168
16.030720
16.032768
17.091583
16.136192
16.109568
17.119232
16.206848
16.165888
17.052673
16.086016
16.142336
17.055744
16.143360
16.154623
17.064960
16.146433
16.154625
17.064960
16.138241
16.156673
17.055744
16.157696
16.067583
17.087486
16.082945
16.055296
17.046528
16.066559
16.157696
17.045504
16.100353
16.186367
17.056768
16.179199
16.066561
17.067009
16.138241
16.154623
17.075199
16.153601
Control Period
16.155647
17.000448
16.047104
16.155647
17.068031
16.193537
16.176128
17.057793
16.138241
16.138241
17.077248
16.141312
16.162815
17.070080
16.090111
16.038912
17.042431
16.056320
16.167936
17.048576
16.123903
16.229376
17.062912
16.173056
16.149504
17.063936
16.153601
16.153601
17.070080
16.100351
16.109568
17.049599
16.141312
16.135168
17.073153
16.142336
16.113665
17.024000
16.059391
16.104448
17.026049
16.034817
16.023552
17.071104
16.137217
16.176128
17.097729
16.227327
16.102400
17.046495
16.111616
16.134144
17.059841
16.157696
16.167936
17.067009
16.143360
16.055296
17.055744
16.126944
16.163839
17.052673
16.144384
16.142336
17.073151
16.087040
16.137217
17.078274
16.159744
16.100351
17.042431
16.084991
16.149504
17.075199
16.132095
16.097281
17.111040
16.212992
16.142336
17.069056
16.147457
16.156672
17.078272
16.146431
16.130049
17.013760
16.038912
16.043007
17.058815
16.041985
16.034817
Control Period
17.057793
16.094208
16.143360
17.102848
16.214016
16.159744
17.060863
16.160769
16.150528
17.046528
16.115711
16.089088
17.084415
16.159744
16.157696
17.074177
16.151552
16.145409
17.061888
16.150528
16.175104
17.036289
16.081921
16.136192
17.054720
16.148479
16.149504
17.058815
16.164864
16.151552
17.085442
16.142336
16.148479
17.072128
16.105473
16.069632
17.080320
16.140287
16.149504
17.022976
16.114689
16.090111
17.051647
16.094208
16.153599
17.052673
16.144384
16.139263
17.089537
16.134144
16.132095
17.052673
16.162817
16.143360
17.054720
16.148479
16.140287
17.032192
16.080896
16.081921
17.081345
16.133121
16.148479
17.086464
16.142336
16.150528
17.046528
16.093184
16.091135
17.073153
16.159744
16.160769
17.072128
16.178177
16.155647
17.069057
16.152576
16.057344
17.069056
16.040960
16.159744
17.073151
16.165888
16.149504
17.079296
16.089088
16.034817
17.034241
16.074753
16.232449
17.064960
Control Period
16.172031
16.156672
17.100800
16.167936
16.100351
17.103872
16.210943
16.151552
17.072128
16.132095
16.149504
17.077248
16.151552
16.144382
17.069057
16.156672
16.161793
17.067009
16.139263
16.149504
17.041409
16.045055
16.055296
17.085440
16.097279
16.149504
17.043457
16.088064
16.145409
17.038336
16.087040
16.153601
17.064960
16.164864
16.079872
17.072128
16.143360
16.145409
17.055744
16.148479
16.159744
17.042431
16.047104
16.124928
17.073153
16.172031
16.158720
17.056767
16.152576
16.100353
17.060863
16.136192
16.154625
17.059841
16.098305
16.063488
17.079296
16.175104
16.182272
17.052673
16.159744
16.218113
17.071104
16.166912
16.159744
17.058815
16.141312
16.224257
17.069057
16.153601
16.132095
17.039360
16.055296
16.114689
17.059841
16.155647
16.115711
17.017857
16.089088
16.087040
17.079296
16.138241
16.145409
17.075199
16.154625
16.158720
17.080320
16.114689
16.166912
17.049599
16.089088
Control Period
16.150528
17.057793
16.168961
16.149504
17.064960
16.143360
16.176128
17.086464
16.141312
16.139263
17.063936
16.149504
16.142336
17.070080
16.149504
16.160769
17.077248
16.161793
16.108543
17.081345
16.138241
16.164864
17.092607
16.138241
16.152576
17.075199
16.075775
16.099327
17.052671
16.104448
16.154625
17.077248
16.147457
16.148479
17.061888
16.130047
16.057344
17.077248
16.126976
16.137217
17.049599
16.144384
16.160769
17.073153
16.093184
16.037888
17.051647
16.075775
16.158720
17.060863
16.168961
16.163839
17.082367
16.156673
16.065536
17.104897
16.216064
16.164864
17.064960
16.156673
16.152576
17.065985
16.146431
16.179199
17.067009
16.159744
16.155647
17.060863
16.165888
16.158720
17.064960
16.148479
16.145409
17.074177
16.092159
16.043007
17.036287
16.062464
16.162815
17.073151
16.175104
16.077824
17.083393
16.144384
16.089088
17.078272
16.148479
16.162817
17.052671
16.143360
16.147455
Control Period
17.067009
16.156672
16.152576
17.059841
16.143360
16.139263
17.063936
16.149504
16.162815
17.078274
16.147457
16.161793
17.064960
16.102400
16.159744
17.062912
16.164864
16.155647
17.055744
16.169983
16.140289
17.081345
16.171009
16.088064
17.069056
16.161793
16.167936
17.056767
16.153599
16.150528
17.054720
16.150528
16.160769
17.062912
16.151552
16.148479
17.065985
16.147457
16.138241
17.083393
16.118784
16.031744
17.071104
16.098303
16.057344
17.080320
16.157696
16.140289
17.049601
16.109570
16.246784
17.065983
16.173056
16.157696
17.078274
16.142336
16.147457
17.078272
16.161793
16.179199
17.071104
16.162815
16.174080
17.046528
16.146431
16.144384
17.053696
16.177153
16.143360
17.065983
16.138241
16.150528
17.082367
16.096256
16.087009
17.060863
16.167936
16.173056
17.042431
16.091137
16.077824
17.046528
16.089088
16.153599
17.067009
16.143360
16.152576
17.079296
16.163839
16.190464
17.058815
Control Period
16.144384
16.172031
17.057793
16.142336
16.147457
17.065983
16.154625
16.108543
17.068031
16.133120
16.142336
17.082367
16.156672
16.144384
17.073151
16.156672
16.183296
17.043457
16.109568
16.216064
17.072128
16.172031
16.155647
17.080320
16.155647
16.146431
17.075199
16.167936
16.164864
17.061888
16.142336
16.178177
17.067009
16.153601
16.147455
17.059841
16.158720
16.106495
17.029121
16.029697
16.035841
17.084415
16.143360
16.163841
17.083393
16.140289
16.145409
16.964607
16.120832
16.144382
17.074177
16.150528
16.165888
17.085442
16.154623
16.136192
17.078272
16.161793
16.165888
17.068031
16.128000
16.155647
17.079296
16.152576
16.166912
17.059841
16.164864
16.110592
17.026049
16.036863
16.038912
17.082367
16.149504
16.183296
17.108992
16.202751
16.158720
17.054720
16.106497
16.148479
17.073153
16.151552
16.158720
17.060863
16.150528
16.151552
17.079296
16.158720
16.154625
17.062912
16.143360
Control Period
16.152576
17.085440
16.146431
16.174080
17.057793
16.178177
16.110592
17.033215
16.043007
16.019455
17.090561
16.147455
16.177120
17.114113
16.201729
16.163839
17.069057
16.167936
16.144384
17.070080
16.153599
16.158720
17.070080
16.171007
16.054272
17.070080
16.116735
16.160769
17.054720
16.240639
16.139263
17.077248
16.083969
16.137215
17.059841
16.165888
16.152576
17.064960
16.166912
16.140287
17.089535
16.151552
16.101376
17.113089
16.217089
16.171009
17.055744
16.171007
16.147457
17.056768
16.140289
16.144382
17.063936
16.169985
16.142336
17.070080
16.147455
16.154623
17.054720
16.136192
16.147457
17.063936
16.093184
16.030720
17.037312
16.067585
16.165888
17.057793
16.168961
16.145409
17.093632
16.148479
16.047104
17.061888
16.128000
16.159744
17.083393
16.158720
16.171009
17.057793
16.148479
16.164864
17.062912
16.166912
16.154623
17.075199
16.156672
16.150528
17.077248
16.158720
16.149504
Control Period
17.080318
16.089088
16.144384
17.061888
16.158720
16.161793
17.057793
16.167936
16.135168
17.082369
16.161793
16.076801
17.072128
16.149504
16.135168
17.059841
16.142336
16.168961
17.068031
16.145409
16.072704
17.057793
16.171009
16.155647
17.059841
16.167936
16.156673
17.058815
16.153599
16.164864
16.984064
16.084991
16.055296
17.077248
16.164864
16.153599
17.032192
16.155647
16.218111
17.055744
16.155647
16.151552
17.071104
16.151552
16.161793
17.060863
16.162815
16.158720
17.059839
16.153599
16.178177
17.072128
16.174080
16.147455
17.053696
16.156672
16.140287
17.055744
16.142336
16.154625
17.078274
16.087040
16.062464
17.080320
16.166912
16.148479
17.062912
16.180223
16.132095
17.051647
16.165888
16.144384
17.073151
16.113663
16.135168
17.071104
16.149504
16.160769
17.077248
16.161793
16.175104
17.067009
16.180223
16.143360
17.058815
16.180223
16.140287
17.091583
16.149504
16.158720
17.081345
Control Period
16.095232
16.066559
17.067009
16.153599
16.190464
17.058815
16.056320
16.229376
17.070080
16.155647
16.179199
17.070080
16.142336
16.133120
17.063936
16.142336
16.158720
17.059841
16.156672
16.155647
17.069057
16.152576
16.163841
17.059839
16.161793
16.188416
17.097729
16.169985
16.160769
17.071104
16.142336
16.153599
17.061888
16.169983
16.153601
17.041409
16.087040
16.154625
17.065985
16.175104
16.161793
17.087488
16.141312
16.154625
17.080320
16.166912
16.182272
17.076223
16.158720
16.164864
17.051647
16.150528
16.148479
17.071104
16.159744
16.163839
17.078272
16.157696
16.151552
17.078272
16.099327
16.072704
17.060863
16.148479
16.177153
17.062912
16.144384
16.135168
17.061890
16.163839
16.147455
17.062912
16.138241
16.144384
17.070080
16.146431
16.157696
17.060863
16.146433
16.152576
17.061888
16.147457
16.148479
17.069057
16.158720
16.120832
17.063936
16.119808
16.150528
17.072128
16.136192
Control Period
16.161793
17.058815
16.101376
16.166912
17.038336
16.108543
16.150528
17.067009
16.177151
16.152576
17.071104
16.157696
16.153599
17.095680
16.159744
16.173056
17.064960
16.140287
16.176128
17.050625
16.156672
16.167936
17.072128
16.166912
16.103424
17.082367
16.132095
16.163839
17.084415
16.136192
16.154625
17.072128
16.146431
16.176128
17.042433
16.109568
16.141312
17.056767
16.157696
16.154625
17.072128
16.154625
16.147457
17.078272
16.140289
16.178177
17.058815
16.129025
16.155647
17.060863
16.153601
16.155647
17.060863
16.158720
16.119808
17.031168
16.075777
16.150528
17.082369
16.159744
16.162817
17.054722
16.109568
16.164864
17.067009
16.175104
16.144384
17.070080
16.167936
16.175104
17.059841
16.166912
16.134144
17.063934
16.149504
16.166912
17.079296
16.149504
16.151552
17.077248
16.147457
16.167936
17.056767
16.167936
16.080896
17.034241
16.097279
16.147455
17.090561
16.159744
16.140287
Control Period
17.085440
16.177153
16.183296
17.069057
16.173056
16.157696
17.069056
16.142336
16.150528
17.064960
16.178175
16.151552
17.082367
16.161793
16.167936
17.057793
16.161793
16.160769
17.078274
16.159744
16.166912
17.051647
16.162815
16.096256
17.045504
16.083967
16.162817
17.086464
16.166912
16.167936
17.060863
16.117760
16.188416
17.086464
16.154625
16.143360
17.056767
16.139263
16.161793
17.079296
16.159744
16.149504
17.073153
16.149504
16.168961
17.064960
16.138241
16.145409
17.101824
16.151552
16.147457
17.064960
16.197632
16.236544
17.057793
16.144384
16.152576
17.088512
16.146431
16.158720
17.072128
16.099327
16.087040
17.076225
16.166912
16.151552
17.045504
16.148479
16.152576
17.068031
16.154623
16.138241
17.060863
16.142336
16.157696
17.058815
16.135168
16.155647
17.085442
16.153599
16.168961
17.060863
16.184320
16.139263
17.073151
16.158720
16.155647
17.069057
16.150528
16.178177
17.073153
Control Period
16.155617
16.187393
17.049601
16.166912
16.141312
17.076223
16.173058
16.142336
17.069057
16.162815
16.151552
17.074177
16.156673
16.159744
17.068031
16.143360
16.142336
17.050625
16.161793
16.156673
17.067009
16.155647
16.100353
17.031168
16.103424
16.162815
17.083393
16.153601
16.155647
17.070080
16.144384
16.161793
17.067009
16.165888
16.153601
17.063936
16.169985
16.176128
17.070080
16.163841
16.148479
17.064960
16.140287
16.162815
17.058815
16.146433
16.169985
17.079296
16.159744
16.163839
17.068031
16.201729
16.241665
17.087488
16.148479
16.151552
17.082367
16.149504
16.146431
17.067009
16.167936
16.169983
17.051647
16.103424
16.143360
17.062912
16.187391
16.164864
17.067009
16.159744
16.149504
17.090561
16.157696
16.177153
17.056767
16.169983
16.176128
17.078272
16.162815
16.152576
17.064960
16.158720
16.163839
17.082367
16.146433
16.140287
17.091583
16.147455
16.141312
17.076223
16.148479
Control Period
16.186367
17.049599
16.109568
16.208897
17.062912
16.158720
16.165888
17.084415
16.164864
16.137215
17.081345
16.153601
16.157696
17.061888
16.161793
16.155647
17.070049
16.156672
16.164864
17.054720
16.169983
16.155647
17.070080
16.155647
16.152576
17.088512
16.155647
16.160769
17.067009
16.148479
16.190464
17.056768
16.149504
16.226303
17.051647
16.166912
16.160769
17.078274
16.146433
16.154625
17.085440
16.143360
16.167936
17.063936
16.147457
16.152576
17.065983
16.156672
16.156672
17.056768
16.175104
16.181248
17.099777
16.196608
16.152576
17.071104
16.218113
16.166912
17.090561
16.159744
16.151552
17.059841
16.228352
16.220160
17.097729
16.157696
16.142336
17.081345
16.176128
16.162815
17.123327
16.251904
16.289793
17.114113
16.310272
16.260096
17.051647
16.172031
16.178177
17.091583
16.186369
16.171009
17.081345
16.175104
16.179199
17.123329
16.289793
16.288769
17.133568
16.317440
16.244736
Control Period
17.073153
16.171009
16.173056
17.090561
16.302080
16.299007
17.086464
16.199680
16.167936
17.072128
16.145409
16.132095
17.088512
16.164864
16.162815
17.090561
16.166912
16.167936
17.087488
16.183296
16.246784
17.110016
16.315392
16.280577
17.114113
16.279552
16.174080
17.092607
16.189440
16.174080
17.091583
16.161793
16.164864
17.099777
16.188416
16.277504
17.106945
16.303104
16.242687
17.090561
16.159744
16.157696
17.132544
16.279552
16.288769
17.112064
16.299007
16.292864
17.087488
16.197632
16.150528
17.081345
16.169985
16.179199
17.111040
16.225281
16.175104
17.078272
16.167936
16.171009
17.090561
16.172031
16.278528
17.099777
16.300032
16.308224
17.113087
16.237568
16.182272
17.087488
16.167936
16.168961
17.079296
16.173056
16.154625
17.067009
16.193535
16.233473
17.119232
16.284672
16.276480
17.075199
16.215040
16.157696
17.089535
16.131071
16.258049
17.100800
16.231424
16.206848
17.093632
Control Period
16.172031
16.284672
17.100800
16.223232
16.161793
17.086464
16.186367
16.158720
17.094656
16.167936
16.175104
17.078272
16.174080
16.166912
17.101824
16.181248
16.209919
16.935936
16.105473
16.192513
17.089535
16.195583
16.171009
17.074177
16.169983
16.246784
17.093632
16.163841
16.150528
17.091583
16.172031
16.195583
17.158144
16.347136
16.277504
17.092607
16.232449
16.299007
17.136641
16.270336
16.189440
17.077248
16.191488
16.176128
17.079296
16.181248
16.091137
17.088512
16.179199
16.177153
17.087488
16.174080
16.168961
17.091583
16.165888
16.177153
17.125378
16.287745
16.278528
17.125378
16.218113
16.174080
17.076225
16.224255
16.291840
17.125376
16.269312
16.180223
17.097729
16.193535
16.206848
17.108994
16.226305
16.189440
17.056767
16.223232
16.193535
17.091583
16.187391
16.289791
17.094656
16.274431
16.272385
17.098751
16.270336
16.286720
17.069056
16.185345
16.179199
17.063934
16.176128
Control Period
16.188416
17.079296
16.175104
16.182272
17.082369
16.145409
16.184320
17.126400
16.236544
16.180225
17.076223
16.202751
16.233471
17.112064
16.296961
16.271360
17.129471
16.277504
16.199680
17.114113
16.204800
16.186367
17.059841
16.166912
16.133120
17.096704
16.196608
16.284672
17.117184
16.318464
16.237568
17.112064
16.327681
16.289791
17.063936
16.190464
16.168961
17.081345
16.164864
16.171009
17.096703
16.149504
16.166912
17.090561
16.176128
16.175104
17.119232
16.136192
16.171007
17.090561
16.189440
16.282623
17.123329
16.276480
16.204800
17.094656
16.176128
16.186367
17.130497
16.310272
16.314369
17.087488
16.229376
16.223232
17.108992
16.178175
16.179199
17.074177
16.172031
16.183296
17.111040
16.259071
16.323584
17.157120
16.301056
16.323586
17.122303
16.285696
16.194561
17.090561
16.175104
16.173056
17.077248
16.179201
16.177153
17.085440
16.172001
16.164864
17.085442
16.177151
Control Period
16.230400
17.083393
16.179199
16.179199
17.120256
16.284672
16.306177
17.073151
16.193535
16.168961
17.052671
16.209919
16.197632
17.102848
16.274433
16.188416
17.093632
16.327679
16.187393
17.089537
16.174080
16.153599
17.080320
16.187391
16.259071
17.138687
16.299007
16.280577
17.123329
16.301056
16.307199
17.014784
16.240641
16.180225
17.080320
16.137217
16.155647
17.079296
16.200705
16.239616
17.081345
16.176128
16.176128
17.084415
16.161793
16.219135
17.135616
16.314367
16.285696
17.074177
16.226305
16.204800
17.103872
16.165888
16.180225
16.933887
16.294912
16.282623
17.124352
16.277504
16.266239
17.068031
16.202751
16.176128
17.067009
16.179199
16.162815
17.025024
16.247808
16.286720
17.107967
16.277504
16.296959
17.102848
16.297983
16.259071
17.082367
16.229376
16.133120
17.075199
16.165888
16.175104
17.028095
16.293888
16.186367
17.076223
16.161793
16.177153
17.070080
16.209919
16.199680
Control Period
17.091583
16.176128
16.167936
17.072128
16.169983
16.165888
17.110016
16.270336
16.315392
17.032192
16.291840
16.300032
17.132545
16.277504
16.197632
17.069057
16.181248
16.167936
17.072128
16.157696
16.171009
17.036287
16.301056
16.325632
17.116159
16.321537
16.265217
17.075199
16.262144
16.288769
17.125376
16.249855
16.199680
17.088512
16.183296
16.160769
17.080320
16.218113
16.218111
17.093632
16.159744
16.167936
17.021952
16.219135
16.176128
17.075199
16.177151
16.172031
17.088512
16.187391
16.265217
17.136608
16.157696
16.290815
17.103872
16.303104
16.282623
17.118208
16.264193
16.291840
17.119232
16.270336
16.267263
17.076225
16.160769
16.176128
17.114113
16.157696
16.271360
17.129471
16.299007
16.299007
17.093632
16.236544
16.285696
17.127424
16.297983
16.178177
17.079296
16.163839
16.169983
17.104897
16.215040
16.161793
17.064960
16.155647
16.133120
17.074177
16.169985
16.175104
17.085442
Control Period
16.160767
16.153599
17.121281
16.270336
16.284672
17.088512
16.242687
16.288769
17.111040
16.317440
16.296961
17.129473
16.292864
16.307199
17.144833
16.233471
16.179199
17.113087
16.217087
16.171009
17.089535
16.197632
16.274433
17.116161
16.286720
16.271360
16.974848
16.259071
16.203777
17.108994
16.210943
16.167936
17.060863
16.113663
16.202751
17.093632
16.171007
16.168961
17.085442
16.155647
16.164864
17.087488
16.177153
17.068031
17.111040
17.088512
17.082369
17.021952
17.096704
17.088512
17.098751
17.101824
17.133568
17.008640
17.110016
17.091583
17.103870
17.056768
17.125376
17.017857
17.112064
17.121281
17.121281
17.140736
17.092607
17.112064
17.091583
17.030144
17.114113
14.834688
17.071104
17.069057
17.080320
17.085440
17.090561
17.078272
17.096703
17.083393
17.085440
17.085440
17.082367
17.069056
17.072128
17.019905
17.093632
17.050625
17.099777
17.082367
17.023998
17.025024
17.094656
Control Period
10.682368
12.656640
13.569024
12.716032
12.853249
13.573120
12.773376
12.664832
13.601791
12.691456
12.613632
13.547520
12.632064
12.655617
13.530112
12.634111
12.691456
13.561856
12.758017
12.802048
13.596672
12.776448
12.741632
13.581312
12.701696
12.738560
13.576192
12.800000
12.683264
13.544449
12.641280
12.638208
13.546495
12.625919
12.607489
13.534208
12.613632
12.622849
13.537280
12.608513
12.614656
13.542400
12.642303
12.691456
13.532160
12.733440
12.809216
13.575169
12.789760
12.795904
13.603840
12.763136
12.741632
13.529088
12.631041
12.623872
13.550592
12.619776
12.604416
13.569023
12.720128
12.774400
13.553633
12.767232
12.653568
13.615105
12.762112
12.753920
13.608959
12.733440
12.740608
13.518848
12.701696
12.637184
13.541376
12.636160
12.612608
13.533184
12.627968
12.650496
13.528065
12.624895
12.602368
13.528064
12.695552
12.731392
13.566977
12.691456
12.657663
13.574144
12.691456
Control Period
13.608959
13.565952
13.591552
13.581312
13.547520
13.565952
13.606913
13.535233
13.542400
13.552640
13.533184
13.554688
13.540352
13.484032
13.539328
13.542400
13.538303
13.560832
13.572096
13.552640
13.577215
13.605888
13.571072
13.608959
13.529088
13.624320
13.585407
13.559808
13.559809
13.565952
13.488129
13.571072
13.544448
13.547520
13.539328
13.547520
13.516800
13.535232
13.532160
13.560831
13.537279
13.595648
13.626368
13.588480
13.574144
13.583361
13.553664
13.563904
13.576192
13.617152
13.524992
13.532160
13.575168
13.530111
13.550592
13.558784
13.478912
13.581312
13.543425
13.640703
13.513727
13.540352
13.534208
13.533184
13.574144
13.543424
13.552640
13.568000
13.558784
13.639680
13.572096
13.480961
13.553664
13.576192
13.589504
13.495296
13.573120
13.565952
13.617152
13.516800
13.536256
13.536256
13.510656
13.553664
13.536256
13.552640
13.564928
13.546495
13.569023
13.591552
Control Period
13.568000
13.573120
13.594624
13.606913
13.570047
13.586432
13.568001
13.539328
13.531136
13.550592
13.574144
13.547520
13.535232
13.539328
13.517824
13.538303
13.530112
13.592576
13.596672
13.603840
13.541376
13.568000
13.575169
13.576192
13.592576
13.566977
13.548544
13.562880
13.612032
13.542400
13.589504
13.584384
13.574144
13.537280
13.541376
13.542400
13.531136
13.529088
13.543425
13.554688
13.540352
13.537280
13.593599
13.544448
13.553663
13.570047
13.553664
13.569024
13.590528
13.493248
13.558784
13.540352
13.561855
13.529088
13.605888
13.551617
13.543425
13.520896
13.527040
13.533184
13.515776
13.581312
13.546495
13.531136
13.646849
13.576193
13.566977
13.563904
13.547520
13.558784
13.574144
13.569024
13.583361
13.568000
13.543425
13.552640
13.552640
13.547520
13.539328
13.558784
13.544448
13.546495
13.580288
13.532160
13.545471
13.569024
13.574144
13.575169
13.605888
13.547520
13.588480
Control Period
13.510656
13.492224
13.574144
13.545472
13.546495
13.521919
13.533184
13.555712
13.536224
13.573120
13.535232
13.475840
13.560832
13.590528
13.625344
13.589504
13.566977
13.600768
13.585408
13.590528
13.609983
13.500416
13.624320
13.584384
13.538303
13.545472
13.535233
13.544448
13.549568
13.540352
13.552640
13.548544
13.538303
13.579264
13.586432
13.594624
13.570048
13.488129
13.596672
13.616128
13.538303
13.568000
13.542400
13.598721
13.537279
13.604864
13.549568
13.540352
13.552640
13.532160
13.546495
13.546495
13.611008
13.615104
13.583361
13.538303
13.552640
13.598721
13.527040
13.522943
13.590528
13.571072
13.554688
13.575169
13.585407
13.564928
13.572096
13.477888
13.531136
13.545472
13.549568
13.556736
13.551616
13.548544
13.550592
13.544448
13.566977
13.542400
13.537279
13.476864
13.484032
13.536256
13.575169
13.590528
13.486080
13.530111
13.544448
13.538303
13.547520
13.566977
13.552640
Control Period
13.575169
13.560832
13.535232
13.544448
13.524992
13.620224
13.595648
13.419520
13.484032
13.497344
13.575168
13.589504
13.556736
13.546495
13.487104
13.585408
13.545471
13.499392
13.530112
13.527072
13.551617
13.540352
13.549568
13.540352
13.534208
13.543425
13.535232
13.468672
13.558784
13.549568
13.547520
13.548544
13.580288
13.572096
13.601791
13.558784
13.544448
13.631488
13.511681
13.594624
13.551617
13.538303
13.540352
13.501440
13.582336
11.339776
13.585407
12.692480
12.770304
13.583361
12.761087
12.771328
13.576192
12.742656
12.780544
13.583361
12.735488
12.736511
13.474815
12.689407
12.698624
13.535233
12.670976
12.700672
13.587456
12.754944
12.635136
13.449216
12.628992
12.637184
13.527040
12.622849
12.649471
13.541376
12.691456
12.814336
13.612032
12.751872
12.733440
13.587456
12.685312
12.766209
13.629440
12.695553
12.774401
13.527040
12.616704
12.638208
13.526016
12.639232
12.620800
Control Period
13.541376
12.650496
12.712959
13.584384
12.667904
12.742657
13.600768
12.770304
12.698624
13.539328
12.704768
12.746752
13.624320
12.789761
12.784639
13.573120
12.695552
12.700672
13.518848
12.668928
12.615681
13.647872
12.765184
12.631041
13.556736
12.630016
12.634111
13.513728
12.618752
12.683264
13.605888
12.737535
12.817408
13.499392
12.767232
12.723200
13.548544
12.753920
12.758016
13.579264
12.660736
12.636160
13.543425
12.649472
12.626944
13.552640
12.744703
12.733440
13.556736
12.740608
12.754944
13.575169
12.558336
12.801023
13.580288
12.672000
12.713984
13.535233
12.604416
12.667904
13.599745
12.755968
12.658688
13.542400
12.626944
12.633088
13.512704
12.627968
12.707840
13.670401
12.801024
12.592128
13.541376
12.783616
12.765184
13.572096
12.680192
12.634111
13.540352
12.641279
12.703745
13.580288
12.787712
12.766208
13.553664
12.750848
12.773376
13.579264
12.732416
12.755968
13.566976
Control Period
12.817408
12.717056
13.566977
12.628992
12.626944
13.551616
12.696576
12.771328
13.582336
12.700672
12.690432
13.609983
12.798976
12.696575
13.536256
12.661760
12.605440
13.549568
12.625919
12.617727
13.544448
12.633087
12.689408
13.565952
12.752895
12.764160
13.589504
12.782593
12.751872
13.496320
12.620800
12.751872
13.593599
12.690432
12.620800
13.552640
12.628992
12.751872
13.561856
12.673024
12.710912
13.571072
12.755968
12.753920
13.570047
12.731392
12.723200
13.552640
12.658688
12.637184
13.558784
12.697599
12.888063
13.633535
12.801024
12.681215
13.579264
12.688384
12.546047
13.544449
12.705791
12.786688
13.569024
12.644352
12.634111
13.534208
12.632064
12.599297
13.556736
12.739584
12.768256
13.515776
12.748800
12.760064
13.583360
12.723200
12.766209
13.601791
12.766209
12.694529
13.538303
12.712960
12.622849
13.636608
12.763136
12.804096
13.602816
12.769279
12.741632
13.576192
Control Period
12.762112
12.663808
13.573120
12.750848
12.747776
13.584384
12.657663
12.621824
13.550592
12.643328
12.718081
13.548544
12.694528
12.666880
13.573120
12.703744
12.621824
13.538303
12.632065
12.628992
13.513727
12.605440
12.693504
13.573120
12.755968
12.819456
13.594624
12.767233
12.761087
13.569024
12.737535
12.811264
13.639680
12.726272
12.796928
13.576192
12.750848
12.791807
13.557760
12.755968
12.766208
13.559809
12.795904
12.777472
13.517824
12.744703
12.703744
13.536256
12.627968
12.636160
13.540352
12.627968
12.653568
13.630465
12.736512
12.673024
13.577215
12.741632
12.706816
13.551616
12.687360
12.676096
13.583360
12.708864
12.561408
13.631488
12.767232
12.765184
13.571072
12.662785
12.632064
13.562880
12.673023
12.656640
13.573120
12.717056
12.745728
13.588480
12.799999
12.741632
13.592576
12.770304
12.702720
13.618176
12.792832
12.764160
13.585407
12.730368
12.655616
13.586432
12.693504
Control Period
12.752896
13.517824
12.634112
12.617727
13.538303
12.632064
12.637184
13.553663
12.633087
12.650496
13.639681
12.806144
12.719104
13.569024
12.706816
12.833792
13.491199
12.779520
12.678144
13.575169
12.748800
12.650496
13.547520
12.638208
12.635136
13.530111
12.621824
12.735489
13.617151
12.760064
12.672000
13.492224
12.721151
12.744703
13.584384
12.721151
12.765184
13.554688
12.673023
12.752895
13.575168
12.761087
12.692480
13.618176
12.699648
12.610560
13.542400
12.614656
12.609536
13.559809
12.637184
12.672000
13.500416
12.762112
12.654593
13.627392
12.762112
12.689407
13.625344
12.796928
12.751872
13.575169
12.673024
12.754944
13.561855
12.619776
12.761087
13.501440
12.732416
12.650496
13.542400
12.638208
12.630016
13.533184
12.696576
12.706816
13.592576
12.750848
12.765184
13.499392
12.815360
12.738560
13.594624
12.778496
12.758017
13.596672
12.640256
12.765184
13.520896
12.617728
12.634111
Control Period
13.562880
12.642303
12.649471
13.551617
12.604416
12.645376
13.585407
12.803072
12.793856
13.607936
12.770304
12.849152
13.602816
12.770304
12.661760
13.622272
12.813313
12.647425
13.552641
12.691456
12.747776
13.553663
12.728320
12.772352
13.575168
12.772352
12.664832
13.557760
12.621824
12.643328
13.531136
12.635136
12.642303
13.533184
12.683264
12.784639
13.598721
12.784640
12.747776
13.623297
12.706816
12.623872
13.541376
12.641280
12.628992
13.548544
12.647425
12.632064
13.568001
12.735488
12.754944
13.576193
12.769279
12.746752
13.583360
12.771328
12.739584
13.574144
12.767232
12.841984
13.561856
12.723200
12.674047
13.637632
12.824576
12.790784
13.566977
12.698624
12.705791
13.493248
12.684288
12.677120
13.620224
12.707840
12.656640
13.555712
12.658688
12.684288
13.627392
12.787712
12.763136
13.528065
12.622849
12.645376
13.558784
12.619776
12.631040
13.543425
12.633088
12.608512
Control Period
13.582336
12.550144
12.768256
13.396992
12.571648
12.772352
13.604864
12.747776
12.693504
13.566977
12.764160
12.746752
13.573120
12.692480
12.705791
13.627392
12.773376
12.707840
13.541376
12.681215
12.722176
13.583361
12.637184
12.645376
13.586432
12.770304
12.739584
13.520897
12.651520
12.710913
13.594624
12.750849
12.666880
13.539328
12.636160
12.660736
13.540352
12.637184
12.638208
13.534208
12.631041
12.616704
13.544448
12.633088
12.621824
13.571072
12.762112
12.844032
13.575169
12.710913
12.776448
13.584384
12.779520
12.744703
13.552640
12.744703
12.786688
13.596672
12.771328
12.779520
13.581312
12.710913
12.695552
13.611008
12.807168
12.689408
13.535233
12.587008
12.776447
13.605888
12.747776
12.654593
13.549568
12.625919
12.691456
13.543425
12.674047
12.652544
13.539328
12.695553
12.743680
13.522943
12.752896
12.760064
13.562880
12.753920
12.764160
13.621248
12.750848
12.719105
13.538303
Control Period
12.667904
12.738560
13.630465
12.777472
12.749825
13.585407
12.740608
12.729343
13.574144
12.651520
12.734465
13.556736
12.647425
12.650496
13.584384
12.766208
12.712959
13.580288
12.684288
12.682240
13.614080
12.800000
12.694529
13.543424
12.657663
12.731392
13.575169
12.719104
12.627968
13.555712
12.631041
12.630016
13.536256
12.633087
12.752896
13.612032
12.756992
12.752895
13.574144
12.761087
12.790784
13.571072
12.719105
12.611584
13.544448
12.634111
12.732416
13.571072
12.735489
12.758017
13.609983
12.765184
12.685312
13.596672
12.696576
12.759040
13.591552
12.728320
12.760064
13.595648
12.744703
12.762112
13.551616
12.771328
12.738560
13.576192
12.685312
12.649471
13.577216
12.689407
12.756992
13.571072
12.670977
12.733440
13.581312
12.796928
12.654593
13.548544
12.635136
12.613632
13.533184
12.663808
12.763136
13.580288
12.758017
12.767232
13.594624
12.761087
12.738560
13.584384
12.765184
Control Period
12.793856
13.580288
12.767233
12.775424
13.643776
12.719104
12.641280
13.575168
12.697599
12.805120
13.624320
12.685312
12.806145
13.487104
12.698624
12.674047
13.564928
12.738560
12.681216
13.559808
12.627968
12.683264
13.582336
12.684288
12.640256
13.569024
12.685312
12.697599
13.544448
12.587008
12.860416
13.597696
12.740608
12.632065
13.536256
12.648448
12.690432
13.565952
12.662784
12.636160
13.609983
12.768255
12.794880
13.584385
12.774400
12.678144
13.575169
12.764160
12.735489
13.588480
12.667904
12.759040
13.601791
12.761087
12.682240
13.581312
12.689407
12.556288
13.582336
12.733440
12.764160
13.564928
12.768256
12.768256
13.563904
12.752896
12.728320
13.590528
12.763136
12.832767
13.563904
12.688383
12.660736
13.590528
12.665855
12.704768
13.533184
12.685312
12.654592
13.594624
12.689407
12.659712
13.486080
12.804096
12.745728
13.502464
12.635136
12.617727
13.527040
12.695552
Control Period
12.742657
13.569024
12.764160
12.806145
13.595648
12.736511
12.754944
13.576192
12.701696
12.768255
13.548544
12.802048
12.774401
13.605888
12.750849
12.781569
13.497344
12.770304
12.763136
13.608960
12.638208
12.743680
13.607936
12.716032
12.737535
13.579264
12.722176
12.774400
13.509632
12.669952
12.625920
13.530112
12.649471
12.680192
13.544448
12.673024
12.656639
13.592576
12.710912
12.592128
13.581312
12.770304
12.566528
13.543424
12.648448
12.712960
13.558784
12.777472
12.742656
13.625343
12.771328
12.674047
13.596672
12.734464
12.735488
13.583361
12.790784
12.789760
13.559808
12.736512
12.737535
13.622272
12.754944
12.748800
13.595648
12.707840
12.755968
13.593599
12.724224
12.733440
13.617151
12.749825
12.774401
13.607936
12.735488
12.759040
13.575168
12.785664
12.722176
13.558784
12.660736
12.754944
13.566976
12.767232
12.648448
13.583360
12.696575
12.651520
13.535232
12.702721
12.788736
Control Period
13.538303
12.698624
12.794880
13.562880
12.706816
12.645376
13.550592
12.613632
12.678144
13.550592
12.574720
12.720128
13.543425
12.761088
12.751872
13.457409
12.659712
12.770304
13.588480
12.774401
12.724224
13.595648
12.734464
12.777472
13.537280
12.733440
12.774401
13.582336
12.790784
12.777472
13.479936
12.644352
12.781569
13.588480
12.748800
12.752895
13.619200
12.765184
12.699648
13.537280
12.682240
12.721152
13.611008
12.865536
12.834816
13.562880
12.697599
12.721151
13.549568
12.675072
12.731392
13.572096
12.729343
12.646400
13.526016
12.631041
12.635136
13.524992
12.627968
12.710913
13.604864
12.763136
12.728319
13.481983
12.744704
12.760064
13.584384
12.708864
12.734465
13.603840
12.752896
12.756992
13.554688
12.695553
12.728319
13.576192
12.695552
12.738560
13.493248
12.718081
12.795904
13.514751
12.764160
12.760064
13.576192
12.796928
12.693504
13.562880
12.668928
12.673024
Control Period
13.636608
12.819456
12.782592
13.565952
12.685312
12.708864
13.544448
12.700672
12.670976
13.580288
12.713984
12.633087
13.549568
12.622849
12.685312
13.564928
12.678144
12.744703
13.570047
12.768255
12.733440
13.601791
12.732416
12.778496
13.542400
12.723200
12.775455
13.575168
12.754944
12.775424
13.539328
12.658688
12.771328
13.579264
12.739584
12.763136
13.608959
12.734464
12.788736
13.570048
12.741632
12.685312
13.468672
12.761088
12.792832
13.566977
12.647424
12.717056
13.576192
12.679168
12.664832
13.569024
12.660736
12.683264
13.545472
12.720128
12.779520
13.583360
12.748800
12.648448
13.535232
12.638208
12.661760
13.540319
12.632064
12.720128
13.490175
12.756992
12.775424
13.570048
12.786688
12.738560
13.556736
12.745728
12.810240
13.597696
12.778496
12.766208
13.578239
12.660736
12.765184
13.572096
12.689408
12.758017
13.588480
12.773376
12.777472
13.648895
12.745728
12.768256
13.597696
Control Period
12.729343
12.817408
13.601791
12.742657
12.735488
13.558784
12.646400
12.634111
13.530111
12.651520
12.691456
13.537280
12.685312
12.658688
13.603840
12.741632
12.643328
13.580288
12.764160
12.746752
13.529088
12.656640
12.630016
13.552640
12.696576
12.775424
13.631519
12.739584
12.802048
13.590528
12.764160
12.674047
13.574144
12.758017
12.732416
13.453312
12.721151
12.740608
13.613056
12.741632
12.765184
13.592576
12.745728
12.749825
13.557760
12.706816
12.808191
13.591552
12.749825
12.759040
13.543425
12.739584
12.774400
13.582336
12.689407
12.758016
13.580288
12.780544
12.650496
13.549568
12.705791
12.638208
13.571072
12.697599
12.697599
13.574144
12.794880
12.734464
13.578239
12.709888
12.723200
13.558784
12.776448
12.645376
13.540352
12.636160
12.686337
13.509632
12.655616
12.700672
13.560832
12.764160
12.718081
13.425664
12.805120
12.770304
13.581312
12.761087
12.745728
13.592575
12.761087
Control Period
12.767232
13.566977
12.724224
12.747776
13.606913
12.800000
12.766208
13.578240
12.742656
12.778496
13.589504
12.655616
12.781568
13.582336
12.739584
12.721151
13.527040
12.644352
12.635136
13.589504
12.848127
12.758017
13.563904
12.690432
12.834816
13.578239
12.682240
12.634111
13.581312
12.739584
12.664832
13.516800
12.808192
12.792832
13.546496
12.642303
12.621824
13.548544
12.707840
12.782592
13.478912
12.791808
12.774400
13.558784
12.734465
12.664832
13.578239
12.785664
12.784640
13.614080
12.736512
12.776448
13.626368
12.779520
12.756992
13.581312
12.767233
12.755968
13.633536
12.761087
12.773376
13.516800
12.804096
12.732416
13.566977
12.753920
12.736512
13.612032
12.761087
12.729344
13.537280
12.660736
12.781569
13.644800
12.797953
12.736511
13.571072
12.678144
12.668928
13.571072
12.705791
12.717056
13.532160
12.579840
12.683264
13.631488
12.769279
12.685312
13.549568
12.663809
Control Period
12.688384
13.582336
12.771328
12.782593
13.562880
12.752896
12.692480
13.613056
12.750848
12.753920
13.578239
12.672000
12.744703
13.568000
12.763136
12.769279
13.580288
12.732416
12.738560
13.616128
12.722176
12.704768
13.580288
12.779520
12.773376
13.513728
12.776448
12.762112
13.560832
12.752895
12.747776
13.611008
12.729343
12.792831
13.569024
12.666880
12.680192
13.607937
12.747776
12.695552
13.539328
12.693504
12.661760
13.580288
12.767232
12.674047
13.583361
12.723200
12.732416
13.524992
12.696576
12.712959
13.554688
12.748800
12.639233
13.466624
12.716032
12.759040
13.565952
12.706816
12.761088
13.569024
12.766208
12.814337
13.532160
12.792831
12.729343
13.583360
12.744703
12.725248
13.587456
12.740608
12.758017
13.617151
12.715008
12.784639
13.581312
12.730368
12.738560
13.539328
12.754944
12.795904
13.520896
12.625920
12.750849
13.553663
12.756992
12.691456
13.538303
12.707840
12.765184
Control Period
13.586432
12.706816
12.634111
13.578239
12.687361
12.663808
13.530111
12.622849
12.718081
13.601791
12.725248
12.644352
13.534208
12.627968
12.685312
13.588480
12.750849
12.681215
13.562880
12.763136
12.737535
13.493248
12.770304
12.706816
13.601791
12.763136
12.795904
13.586432
12.689408
12.756992
13.593600
12.759041
12.761088
13.599745
12.755968
12.771328
13.560832
12.705791
12.768256
13.605888
12.752895
12.742657
13.513727
12.665855
12.771328
13.604864
12.705791
12.729344
13.562880
12.700672
12.661760
13.578239
12.710913
12.724224
13.545472
12.578815
12.725248
13.468672
12.720128
12.642303
13.550592
12.636160
12.676096
13.589504
12.758017
12.684288
13.548544
12.770304
12.806144
13.585408
12.667904
12.752896
13.560832
12.754944
12.762112
13.589504
12.753920
12.753920
13.590528
12.738560
12.780544
13.572096
12.793856
12.816383
13.590528
12.791807
12.771328
13.551617
12.765184
12.743680
Control Period
13.493248
12.719105
12.778496
13.587456
12.758017
12.743680
13.584384
12.668928
12.667904
13.633535
12.760064
12.708864
13.561856
12.687360
12.653568
13.586432
12.681215
12.658688
13.602816
12.747776
12.766209
13.526016
12.710912
12.784640
13.592576
12.754944
12.649472
13.566977
12.717056
12.771328
13.580288
12.761088
12.776447
13.639681
12.773376
12.725248
13.505535
12.759041
12.752895
13.496320
12.755968
12.789760
13.593599
12.743680
12.765184
13.630464
12.719104
12.784639
13.604864
12.797952
12.786688
13.592576
12.779520
12.758017
13.581312
12.782592
12.712960
13.547520
12.749825
12.768256
13.561855
12.740608
12.634111
13.538303
12.604416
12.665855
13.626368
12.786688
12.725248
13.553664
12.589056
12.653568
13.585408
12.717056
12.739584
13.597696
12.773376
12.731392
13.517824
12.668928
12.636160
13.563904
12.695552
12.728320
13.474815
12.662785
12.759040
13.573120
12.756992
12.668928
13.601792
Control Period
12.767232
12.780544
13.577215
12.771328
12.690432
13.589504
12.670977
12.656640
13.581312
12.731392
12.764160
13.639680
12.754944
12.715008
13.495296
12.759040
12.747776
13.594624
12.781569
12.775424
13.586432
12.661760
12.669952
13.553664
12.764160
12.806145
13.549568
12.789760
12.596224
13.590528
12.699648
12.579840
13.570048
12.743680
12.740608
13.523968
12.674047
12.620800
13.562880
12.624896
12.630016
13.484032
12.745728
12.732416
13.611008
12.764160
12.659712
13.560832
12.768256
12.771328
13.592576
12.738560
12.806144
13.606913
12.701696
12.703744
13.587456
12.785664
12.777472
13.638656
12.768255
12.794880
13.558784
12.715008
12.793856
13.573120
12.759040
12.743680
13.587456
12.776447
12.766209
13.563904
12.745728
12.756992
13.591553
12.773376
12.662784
13.582336
12.674047
12.557312
13.584384
12.690432
12.712959
13.572096
12.755968
12.764160
13.566977
12.727296
12.661760
13.545472
12.636160
Control Period
12.691456
13.569024
12.779520
12.762112
13.582336
12.778496
12.749825
13.563904
12.681216
12.747776
13.597696
12.782593
12.656640
13.570047
12.742656
12.733440
13.561856
12.739584
12.788736
13.581312
12.764160
12.698624
13.580288
12.802048
12.810240
13.558784
12.723200
12.669952
13.528065
12.760064
12.723200
13.570047
12.775424
12.764160
13.590528
12.674047
12.660736
13.572096
12.814336
12.704767
13.552640
12.682240
12.683264
13.607936
12.817408
12.768256
13.594624
12.728320
12.773376
13.524992
12.717056
12.660736
13.573120
12.756992
12.638208
13.575168
12.679169
12.760064
13.512704
12.854272
12.852224
13.520896
12.813313
12.772352
13.507584
12.751872
12.749825
13.573120
12.780544
12.796928
13.562880
12.777472
12.768256
13.576193
12.807168
12.760064
13.600768
12.780544
12.733440
13.466623
12.815360
12.737535
13.588480
12.746752
12.735488
13.547520
12.815360
12.774400
13.540352
12.621824
Control Period
12.645376
13.579264
12.693504
12.652544
13.571072
12.718081
12.860416
13.550592
12.722176
12.650496
13.578240
12.797953
12.762112
13.588480
12.755968
12.742657
13.638657
12.680192
12.687361
13.548544
12.752896
12.682240
13.584384
12.780544
12.754944
13.559808
12.795904
12.763136
13.559808
12.781568
12.831743
13.489152
12.796928
12.776447
13.576192
12.692480
12.755968
13.504513
12.724224
12.716032
13.604864
12.737535
12.674048
13.553663
12.634111
12.611584
13.555712
12.610559
12.623872
13.604864
12.735488
12.742657
13.492224
12.801024
12.840960
13.552640
12.771328
12.670977
13.623297
12.813313
12.770304
13.565952
12.694528
12.752896
13.473792
12.674047
12.772352
13.557760
12.726272
12.646400
13.548544
12.649472
12.676096
13.585407
12.667904
12.776447
13.569024
12.763136
12.711936
13.466624
12.726272
12.705791
13.573120
12.763136
12.766208
13.598721
12.619776
12.750848
13.570047
12.759040
12.750848
Control Period
13.553664
12.725248
12.763136
13.595648
12.698624
12.742657
13.543424
12.748800
12.777472
13.586432
12.744704
12.752896
13.563904
12.772352
12.780544
13.631488
12.824575
12.778496
13.566977
12.688384
12.845057
13.574144
12.703744
12.685312
13.589504
12.726273
12.658688
13.543425
12.749825
12.741632
13.538303
12.669952
12.639233
13.558784
12.699648
12.681216
13.569024
12.696576
12.769279
13.534208
12.771328
12.704768
13.580288
12.752896
12.740608
13.563904
12.764160
12.773376
13.587456
12.753920
12.808192
13.633535
12.644352
12.756992
13.575168
12.668928
12.782592
13.582336
12.759040
12.736512
13.614080
12.737535
12.711936
13.577216
12.674047
12.718081
13.587456
12.780544
12.747776
13.551616
12.768256
12.668928
13.628416
12.824576
12.816384
13.560832
12.693504
12.766209
13.629440
12.778496
12.784639
13.590528
12.721120
12.759040
13.608960
12.737535
12.721151
13.537280
12.677120
12.631041
Control Period
13.560832
12.651520
12.614656
13.510656
12.723200
12.749825
13.582336
12.758017
12.673024
13.619200
12.702721
12.758016
13.579264
12.764160
12.781568
13.505536
12.778496
12.734465
13.588480
12.733440
12.772352
13.559808
12.640256
12.736512
13.546495
12.738560
12.746752
13.535233
12.759041
12.741632
13.568000
12.775424
12.768255
13.493248
12.772352
12.837889
13.575169
12.670976
12.676096
13.585408
12.742657
12.792832
13.582336
12.802048
12.741632
13.530111
12.684288
12.796928
13.571072
12.720128
12.651520
13.539328
12.641279
12.680192
13.568000
12.750848
12.652544
13.607936
12.746752
12.753920
13.559808
12.717056
12.766209
13.587456
12.764160
12.770304
13.551617
12.803072
12.754944
13.502464
12.769280
12.771328
13.574144
12.760064
12.745728
13.486080
12.722176
12.751872
13.590528
12.766209
12.756992
13.522943
12.774400
12.749825
13.576193
12.775424
12.658688
13.594624
12.711936
12.659712
13.578239
Control Period
12.719104
12.743680
13.605888
12.779520
12.755968
13.551617
12.720127
12.646400
13.545472
12.618752
12.623872
13.520896
12.637184
12.705792
13.572096
12.768256
12.728320
13.603840
12.763136
12.754944
13.586432
12.698624
12.733440
13.605888
12.756992
12.768256
13.577216
12.788736
12.762112
13.574144
12.744704
12.740608
13.516800
12.703744
12.775424
13.519872
12.788736
12.740608
13.599745
12.739584
12.751872
13.601791
12.789760
12.784639
13.575169
12.779520
12.774401
13.636608
12.765184
12.686337
13.548544
12.649471
12.658688
13.585407
12.745728
12.766209
13.576192
12.792831
12.667904
13.552640
12.824575
12.745728
13.564928
12.731392
12.636160
13.573120
12.721151
12.766209
13.535233
12.667904
12.707840
13.594624
12.765184
12.697599
13.599744
12.735488
12.763136
13.607936
12.663809
12.763136
13.495296
12.663808
12.764160
13.512704
12.673024
12.809216
13.639680
12.805120
12.735488
13.559808
Control Period
12.782593
12.793856
13.543424
12.765184
12.678144
13.563904
12.804096
12.727296
13.601791
12.755968
12.567553
13.588480
12.701696
12.642303
13.555712
12.681216
12.725248
13.587456
12.769279
12.753920
13.559809
12.733440
12.810240
13.584385
12.701696
12.750848
13.579264
12.660736
12.721151
13.590528
12.761087
12.751872
13.636608
12.665856
12.736511
13.599744
12.730368
12.675072
13.543424
12.763136
12.764160
13.581312
12.737535
12.737535
13.597696
12.777472
12.824576
13.587456
12.770304
12.742657
13.499392
12.681216
12.760063
13.627392
12.765184
12.765184
13.563904
12.745728
12.710912
13.595648
12.734464
12.803072
13.571072
12.764160
12.667904
13.538303
12.700672
12.668928
13.588480
12.684288
12.665855
13.575168
12.709888
12.769279
13.587456
12.775424
12.738560
13.549568
12.761088
12.638208
13.542400
12.608512
12.680192
13.566977
12.755968
12.746752
13.600768
12.764160
12.768256
13.621248
12.676096
Control Period
12.760063
13.584384
12.766209
12.768255
13.602816
12.577791
12.764160
13.531136
12.742656
12.761087
13.572096
12.747776
12.752896
13.555712
12.774401
12.769279
13.559809
12.721151
12.753920
13.499392
12.739584
12.747776
13.581312
12.698624
12.729343
13.589504
12.701696
12.659712
13.574144
12.709888
12.716032
13.535233
12.679169
12.644352
13.592576
12.730368
12.746752
13.577215
12.827648
12.775424
13.477888
12.686337
12.695553
13.577216
12.771328
12.698624
13.620224
12.683264
12.802048
13.583360
12.814337
12.674047
13.564928
12.753920
12.780544
13.582336
12.734465
12.739584
13.569024
12.763136
12.819456
13.602816
12.778496
12.781569
13.551617
12.769280
12.772352
13.575169
12.779520
12.737535
13.589504
12.738560
12.793856
13.611008
12.648448
12.784640
13.549568
12.728320
12.695552
13.541376
12.684288
12.774401
13.568000
12.690432
12.688384
13.614080
12.793856
12.783616
13.602816
12.750849
12.752895
Control Period
13.574144
12.666880
12.813313
13.489152
12.767232
12.773376
13.558784
12.708864
12.740608
13.553664
12.762112
12.768255
13.614080
12.838912
12.756992
13.557760
12.747776
12.766209
13.613056
12.773376
12.779520
13.578239
12.788736
12.740608
13.592576
12.737535
12.754944
13.596672
12.750848
12.737535
13.573120
12.845057
12.745728
13.565952
12.750849
12.759040
13.570047
12.748800
12.788736
13.578239
12.779520
12.776447
13.531136
12.538879
12.637184
13.539328
12.673024
12.763136
13.562880
12.704768
12.656640
13.570047
12.712960
12.847104
13.581312
12.682240
12.678144
13.593599
12.652544
12.645376
13.576192
12.795904
12.769279
13.589504
12.684288
12.769279
13.480961
12.758017
12.601344
13.491199
12.677120
12.798977
13.530111
12.732416
12.670977
13.575169
12.707840
12.772352
13.552640
12.750848
12.789761
13.573120
12.731392
12.754944
13.561856
12.636160
12.813313
13.493248
12.718081
12.732416
Control Period
13.635584
12.752895
12.758017
13.472769
12.711936
12.630016
13.569024
12.689407
12.651520
13.573120
12.707840
12.845057
13.585408
12.740608
12.754944
13.506559
12.748800
12.743680
13.584384
12.747776
12.760064
13.528065
12.658688
12.707840
13.498367
12.762112
12.738560
13.569024
12.747776
12.743680
13.573120
12.759040
12.781569
13.577215
12.760064
12.754944
13.606913
12.808192
12.622849
13.560831
12.804096
12.755968
13.596672
12.672000
12.766208
13.617152
12.781569
12.784639
13.639680
12.732416
12.761087
13.499392
12.717056
12.765184
13.572096
12.698624
12.733440
13.535233
12.811264
12.723200
13.573120
12.771328
12.799999
13.576192
12.712960
12.672000
13.622272
12.778496
12.726273
13.556736
12.653568
12.775424
13.568001
12.773376
12.667904
13.433856
12.756992
12.773376
13.513728
12.685312
12.736511
13.529088
12.762112
12.754944
13.507584
12.756992
12.753920
13.599744
12.778496
12.678144
13.543424
Control Period
12.776447
12.751872
13.575169
12.756992
12.720128
13.608960
12.646400
12.761087
13.584384
12.749825
12.751872
13.570047
12.778496
12.702721
13.579264
12.802048
12.703745
13.619200
12.753920
12.742656
13.586432
12.720127
12.800000
13.568000
12.766209
12.745728
13.510656
12.777472
12.764160
13.569024
12.696576
12.670976
13.566977
12.700672
12.779520
13.560832
12.670976
12.706816
13.573120
12.749825
12.758017
13.557760
12.802048
12.740608
13.562880
12.651520
12.722176
13.627392
12.776448
12.774400
13.561856
12.762112
12.755968
13.590528
12.784639
12.663809
13.576192
12.778496
12.758017
13.516800
12.800000
12.781569
13.550592
12.744703
12.790784
13.573120
12.743680
12.762112
13.584384
12.759041
12.769279
13.578240
12.748800
12.768255
13.602816
12.776447
12.734465
13.584385
12.746752
12.746752
13.515776
12.750849
12.735488
13.560832
12.775424
12.662784
13.646849
12.828672
12.778496
13.578239
Control Period
12.705791
12.765184
13.563904
12.755968
12.765184
13.593600
12.770304
12.694529
13.574144
12.766208
12.771328
13.518848
12.717056
12.775424
13.578239
12.751872
12.683264
13.573120
12.666880
12.774401
13.588480
12.789761
12.749825
13.634560
12.761087
12.752895
13.639680
12.801023
12.677120
13.580288
12.787712
12.766209
13.596672
12.650496
12.750849
13.514751
12.752895
12.760064
13.589504
12.761087
12.766208
13.552641
12.759041
12.761087
13.568001
12.813313
12.784640
13.562880
12.771328
12.789761
13.592576
12.755968
12.771328
13.578239
12.699648
12.664831
13.555712
12.767232
12.722176
13.562880
12.664832
12.786688
13.586432
12.784639
12.577792
13.566977
12.747776
12.739584
13.540352
12.699648
12.782592
13.587456
12.744703
12.688384
13.577215
12.692480
12.764160
13.549568
12.730368
12.750849
13.577216
12.756992
12.786688
13.575168
12.741632
12.779520
13.584384
12.758017
12.781568
13.581312
12.769279
Control Period
12.776448
13.509632
12.578815
12.752895
13.591552
12.806144
12.767232
13.561855
12.765184
12.753920
13.594624
12.821505
12.815359
13.594624
12.770304
12.785664
13.543424
12.723200
12.625919
13.581312
12.804096
12.754944
13.564928
12.719104
12.804096
13.582336
12.664832
12.792831
13.582336
12.732416
12.755968
13.625343
12.660736
12.773376
13.560832
12.707840
12.752896
13.514752
12.759041
12.676096
13.559808
12.720128
12.758017
13.624320
12.766209
12.703744
13.625344
12.753920
12.788736
13.604864
12.806144
12.794880
13.598721
12.758017
12.694529
13.589504
12.761088
12.773376
13.599744
12.781569
12.779520
13.572096
12.716032
12.728320
13.492224
12.752895
12.746752
13.575169
12.734465
12.764160
13.530112
12.662784
12.732416
13.565952
12.775424
12.758017
13.590528
12.692480
12.694529
13.599745
12.798976
12.701696
13.549568
12.676096
12.758016
13.584384
12.713984
12.765184
13.485056
12.746752
Control Period
12.744704
13.496321
12.716032
12.747776
13.559808
12.738560
12.675072
13.622272
12.722176
12.739584
13.484032
12.843008
12.658688
13.546495
12.756992
12.743680
13.601792
12.759040
12.764160
13.521920
12.762112
12.806144
13.631488
12.732416
12.770304
13.523968
12.772352
12.767232
13.551617
12.799999
12.754944
13.522943
12.786688
12.748800
13.592576
12.764160
12.724224
13.519873
12.760064
12.758017
13.475840
12.764160
12.747776
13.589504
12.690432
12.655616
13.584384
12.742656
12.775424
13.556736
12.669952
12.754944
13.592576
12.789760
12.755968
13.632512
12.739584
12.790784
13.539328
12.727296
12.763136
13.624320
12.769279
12.696576
13.468672
12.630016
12.763136
13.597696
12.742656
12.667904
13.467648
12.749825
12.749824
13.574144
12.741632
12.761088
13.634560
12.758017
12.720128
13.584384
12.732416
12.759040
13.548544
12.758017
12.773376
13.560832
12.804096
12.765184
13.465600
12.728319
12.661760
Control Period
13.584384
12.803072
12.802048
13.565952
12.750848
12.744703
13.561856
12.679169
12.691456
13.621248
12.821505
12.745728
13.566977
12.723200
12.759040
13.582336
12.769279
12.769279
13.570048
12.704767
12.795904
13.617152
12.750848
12.765184
13.526016
12.695552
12.788736
13.596672
12.759041
12.747776
13.521919
12.809216
12.787712
13.569024
12.746752
12.763136
13.562880
12.749825
12.760064
13.588480
12.710913
12.790784
13.606912
12.740608
12.764160
13.509632
12.749825
12.769279
13.575169
12.774401
12.755968
13.569024
12.643328
12.733440
13.573120
12.699648
12.742656
13.580288
12.724224
12.762112
13.579264
12.764160
12.718081
13.554688
12.682240
12.763136
13.644800
12.822528
12.735489
13.562880
12.690432
12.853248
13.494272
12.789761
12.870656
13.550592
12.699648
12.763136
13.547520
12.724224
12.715008
13.548544
12.644352
12.719105
13.637632
12.754944
12.770304
13.559809
12.744703
12.790784
Control Period
13.593600
12.741632
12.678144
13.566977
12.759040
12.786688
13.639680
12.744704
12.847104
13.565952
12.745728
12.658688
13.613056
12.792832
12.766209
13.587456
12.783616
12.772352
13.564928
12.754944
12.731392
13.593600
12.743680
12.758017
13.604864
12.731392
12.752895
13.570048
12.770304
12.762112
13.581312
12.765184
12.797953
13.577216
12.678144
12.691456
13.625343
12.797953
12.713984
13.529088
12.678144
12.807168
13.600768
12.738560
12.741632
13.553664
12.736512
12.760064
13.570047
12.668928
12.696576
13.590528
12.763136
12.674047
13.561855
12.735488
12.778496
13.581312
12.746752
12.771328
13.593599
12.761087
12.752895
13.466624
12.656640
12.662785
13.577216
12.729343
12.752895
13.585408
12.758017
12.763136
13.608959
12.744703
12.802048
13.583360
12.783615
12.800000
13.582336
12.759040
12.731392
13.583361
12.791808
12.727297
13.631488
12.744703
12.719105
13.504513
12.751871
12.730368
13.600768
Control Period
12.701696
12.701696
13.612032
12.794880
12.702720
13.537280
12.651520
12.667904
13.588480
12.799999
12.785664
13.579264
12.796928
12.712960
13.560831
12.660736
12.722176
13.657087
12.795904
12.698624
13.566977
12.731392
12.789761
13.617151
12.795904
12.713984
13.609983
12.755968
12.758017
13.513728
12.791808
12.733440
13.568001
12.751872
12.760064
13.615104
12.740608
12.749825
13.603840
12.742657
12.736511
13.582336
12.764160
12.841984
13.582336
12.817408
12.747776
13.584384
12.739584
12.791808
13.591553
12.766209
12.766208
13.612032
12.734465
12.774401
13.589504
12.670977
12.660736
13.478912
12.771328
12.704767
13.546495
12.735488
12.812288
13.595648
12.784640
12.706816
13.593599
12.656640
12.758017
13.583360
12.737535
12.811264
13.572096
12.783616
12.636160
13.577216
12.731392
12.758017
13.595648
12.734465
12.753920
13.561855
12.777472
12.736511
13.590528
12.768256
12.770304
13.575169
Control Period
12.769279
12.729344
13.568001
12.725248
12.781569
13.556736
12.759041
12.749825
13.564928
12.743680
12.819456
13.576193
12.774400
12.659712
13.613056
12.754944
12.793856
13.547520
12.796928
12.701696
13.559808
12.650496
12.625919
13.585407
12.779520
12.735489
13.559808
12.773376
12.819456
13.560832
12.743680
12.656639
13.635584
12.824576
12.771328
13.559808
12.691456
12.799999
13.532160
12.662785
12.785664
13.564928
12.780544
12.658688
13.594624
12.807168
12.753920
13.560832
12.670976
12.610560
13.586432
12.762112
12.710913
13.497344
12.765184
12.806144
13.582336
12.777472
12.750849
13.585408
12.614656
12.764160
13.597696
12.794880
12.756992
13.583361
12.767232
12.692480
13.587456
12.647424
12.769279
13.617151
12.724224
12.684256
13.508608
12.719105
12.783616
13.577215
12.785664
12.783616
13.579264
12.688384
12.682240
13.586432
12.750848
12.719104
13.554688
12.704768
12.723200
13.580288
12.733440
Control Period
12.689408
13.625344
12.712959
12.724224
13.555712
12.680192
12.791807
13.573120
12.782592
12.680192
13.547520
12.759041
12.755968
13.563904
12.784640
12.745728
13.576192
12.749825
12.681216
13.480961
12.750849
12.742657
13.578239
12.797952
12.763136
13.594624
12.794880
12.756992
13.626368
12.748800
12.761087
13.595648
12.759041
12.734465
13.494272
12.781569
12.745728
13.538303
12.731392
12.716032
13.548544
12.662785
12.802048
13.623296
12.679168
12.726273
13.576192
12.683264
12.699648
13.615105
12.782593
12.703744
13.547520
12.686337
12.708864
13.585407
12.740608
12.663809
13.571072
12.755968
12.772352
13.564928
12.645376
12.723200
13.572096
12.775424
12.796928
13.571072
12.760064
12.733440
13.560832
12.750848
12.696576
13.592544
12.776448
12.759041
13.586432
12.674047
12.657663
13.638657
12.732416
12.796928
13.535233
12.790784
12.758017
13.569024
12.672000
12.732416
13.552640
12.751872
12.723200
Control Period
13.469696
12.728320
12.759040
13.578239
12.772352
12.742656
13.583361
12.691456
12.840960
13.571072
12.673023
12.680192
13.580288
12.771328
12.767233
13.633535
12.758017
12.759040
13.519873
12.698624
12.760064
13.586432
12.763136
12.650496
13.544448
12.633088
12.669952
13.586432
12.743680
12.783616
13.586432
12.768256
12.782592
13.491199
12.775424
12.752895
13.587456
12.788736
12.766208
13.632512
12.748800
12.763136
13.466623
12.779520
12.763136
13.586432
12.763136
12.802048
13.553663
12.751872
12.743680
13.639680
12.831744
12.767232
13.572096
12.756992
12.764160
13.550592
12.779520
12.732416
13.578239
12.773376
12.807168
13.584384
12.700672
12.689408
13.554688
12.675072
12.790785
13.634560
12.816384
12.814336
13.582336
12.702720
12.736512
13.579264
12.768256
12.783616
13.571072
12.780544
12.720128
13.608960
12.775424
12.765184
13.530112
12.726273
12.754944
13.608959
12.768256
12.749825
Control Period
13.544448
12.766209
12.752895
13.598721
12.797953
12.846080
13.556736
12.766208
12.701696
13.596672
12.787712
12.724224
13.571072
12.798976
12.760064
13.601791
12.761087
12.773376
13.556736
12.772352
12.772352
13.589504
12.786688
12.820480
13.578240
12.784639
12.741632
13.549568
12.781569
12.739584
13.569024
12.710912
12.769279
13.609983
12.743680
12.679168
13.581312
12.609536
12.658688
13.571072
12.765184
12.766208
13.538303
12.721151
12.678144
13.570047
12.771328
12.781569
13.608960
12.753920
12.709888
13.553664
12.683264
12.620800
13.555712
12.741632
12.644352
13.569024
12.620800
12.752896
13.613056
12.771328
12.655616
13.531136
12.743680
12.751872
13.644800
12.759041
12.758017
13.605888
12.735488
12.698624
13.593599
12.743680
12.751871
13.569024
12.773376
12.753920
13.575169
12.741632
12.775424
13.601792
12.739584
12.831743
13.538304
12.744703
12.780544
13.588480
12.748800
12.738560
13.510656
Control Period
12.764160
12.718081
13.575169
12.696576
12.663809
13.601791
12.700672
12.823551
13.607937
12.667871
12.794880
13.578240
12.739584
12.640256
13.543424
12.638208
12.674047
13.573120
12.739584
12.810240
13.559808
12.738560
12.746752
13.573120
12.742656
12.797953
13.578240
12.767232
12.748800
13.552640
12.770304
12.775424
13.577216
12.756992
12.783616
13.594624
12.767232
12.772352
13.583361
12.631040
12.754944
13.574144
12.727296
12.766209
13.604864
12.740608
12.727296
13.570047
12.776447
12.773376
13.629440
12.771328
12.658688
13.539328
12.655617
12.675072
13.515776
12.765184
12.674047
13.572096
12.669952
12.554240
13.561855
12.759040
12.797952
13.573120
12.788736
12.745728
13.561855
12.740608
12.625919
13.557760
12.621824
12.753920
13.549568
12.754944
12.750848
13.563904
12.774400
12.723200
13.561856
12.662785
12.728320
13.600768
12.738560
12.781569
13.576193
12.753920
12.743680
13.584384
Control Period
12.769279
12.753920
13.564928
12.738560
12.758017
13.571072
12.744703
12.767232
13.585407
12.764160
12.789760
13.568001
12.741632
12.761088
13.603840
12.664832
12.766208
13.572096
12.678144
12.680192
13.573120
12.731392
12.858368
13.566976
12.774400
12.665855
13.603840
12.726273
12.768255
13.627392
12.673024
12.733440
13.602816
12.740608
12.634111
13.616128
12.767233
12.645376
13.526016
12.733440
12.760063
13.604864
12.735488
12.677120
13.573120
12.755968
12.740608
13.579264
12.754944
12.764160
13.615104
12.741632
12.784640
13.591553
12.742657
12.777472
13.585407
12.761088
12.778496
13.621248
12.759041
12.686337
13.528065
12.686337
12.782592
13.588480
12.777472
12.762112
13.565952
12.745728
12.722176
13.554688
12.749825
12.723200
13.581312
12.758017
12.752895
13.579264
12.715008
12.853248
13.523968
12.754944
12.660736
13.584384
12.772352
12.637184
13.589504
12.640257
12.713984
13.578239
12.686336
Control Period
12.755968
13.565952
12.745728
12.677120
13.465600
12.739584
12.779520
13.593599
12.743680
12.734465
13.558784
12.762112
12.773376
13.656064
12.784639
12.747776
13.495296
12.737535
12.749824
13.589504
12.697600
12.758016
13.512705
12.786688
12.760064
13.586432
12.737535
12.789761
13.595648
12.756992
12.764160
13.533184
12.746752
12.749825
13.558784
12.758017
12.727296
13.630465
12.776447
12.749825
13.586432
12.685312
12.682240
13.602816
12.811264
12.707840
13.528064
12.594176
12.755968
13.594624
12.740608
12.749825
13.613056
12.762112
12.774400
13.584384
12.680192
12.784640
13.606912
12.743680
12.674047
13.594624
12.740608
12.783616
13.578239
12.784639
12.739584
13.494272
12.759040
12.682240
13.493248
12.832767
12.742657
13.575169
12.738560
12.751872
13.583360
12.756992
12.749825
13.518848
12.783616
12.756992
13.580288
12.743649
12.779520
13.498368
12.776448
12.725248
13.589504
12.748800
Control Period
12.710912
13.553663
12.756992
12.718080
13.547520
12.642303
12.766208
13.618176
12.824575
12.662785
13.579264
12.709888
12.860416
13.578240
12.782592
12.771328
13.575169
12.778496
12.657663
13.504513
12.738560
12.786688
13.500416
12.683264
12.761087
13.603840
12.754944
12.732416
13.589504
12.750849
12.774400
13.596672
12.826624
12.672000
13.576192
12.763136
12.762112
13.608959
12.742656
12.744703
13.616128
12.784640
12.692480
13.592576
12.736512
12.753920
13.571072
12.703744
12.748800
13.595648
12.777472
12.758016
13.500416
12.738560
12.766209
13.590528
12.692480
12.760064
13.504513
12.747776
12.742657
13.600767
12.759040
12.764160
13.564928
12.700672
12.678144
13.628416
12.807168
12.772352
13.581312
12.664832
12.737535
13.586432
12.745728
12.654593
13.580288
12.745728
12.745728
13.577216
12.766209
12.764160
13.437952
12.775424
12.738560
13.585407
12.759041
12.787712
13.605888
12.759040
12.656640
Control Period
13.553664
12.775424
12.741632
13.507584
12.796928
12.758017
13.603840
12.780544
12.742657
13.582336
12.726272
12.784639
13.615104
12.773376
12.760064
13.606912
12.735488
12.641280
13.588480
12.761087
12.812288
13.623296
12.710913
12.778496
13.573120
12.768256
12.770304
13.562880
12.731392
12.763136
13.588480
12.699648
12.691456
13.625343
12.832767
12.851200
13.563904
12.774400
12.676096
13.584384
12.641280
12.657663
13.629440
12.761088
12.750848
13.527040
12.693504
12.771328
13.568001
12.760064
12.691456
13.581312
12.781569
12.764160
13.573120
12.812288
12.756992
13.578239
12.760064
12.725248
13.540352
12.750848
12.793856
13.626368
12.739584
12.786688
13.616128
12.719104
12.772352
13.609983
12.733440
12.763136
13.577216
12.774401
12.761087
13.598721
12.750848
12.778496
13.573120
12.705791
12.752896
13.548544
12.747776
12.775424
13.546495
12.768256
12.724224
13.573120
12.693504
12.686337
Control Period
13.623296
12.775424
12.848127
13.537280
12.803072
12.728320
13.599744
12.727296
12.657663
13.596672
12.784639
12.752895
13.564928
12.665855
12.756992
13.583361
12.765184
12.681215
13.601791
12.758017
12.665855
13.553664
12.679169
12.708864
13.403136
12.761088
12.793856
13.485056
12.793856
12.810240
13.555712
12.729343
12.774401
13.563904
12.794880
12.755968
13.526016
12.756992
12.728320
13.499392
12.747776
12.733440
13.576192
12.772352
12.762112
13.568000
12.771328
12.735488
13.590528
12.754944
12.730368
13.597696
12.774400
12.704768
13.586432
12.676096
12.656639
13.555712
12.686337
12.866560
13.554688
12.672000
12.670976
13.583360
12.753920
12.684288
13.604864
12.792831
12.764160
13.564928
12.705791
12.786688
13.371391
12.768256
12.565504
13.491199
12.737535
12.758016
13.550592
12.818432
12.686337
13.543425
12.744703
12.771328
13.506559
12.679169
12.772352
13.506559
12.661760
12.697599
13.586432
Control Period
12.678144
12.753920
13.584385
12.784639
12.797953
13.577216
12.751872
12.703744
13.609984
12.761087
12.762112
13.578239
12.708864
12.763136
13.604864
12.780544
12.712959
13.544448
12.733440
12.818432
13.597696
12.692480
12.635136
13.603840
12.759040
12.811264
13.492224
12.775424
12.667904
13.543424
12.659712
12.618752
13.597696
12.778496
12.759040
13.583361
12.801023
12.802048
13.585408
12.779520
12.746752
13.491200
12.754944
12.774400
13.554688
12.737535
12.774400
13.555712
12.788736
12.758017
13.639680
12.742657
12.736512
13.598720
12.743680
12.760064
13.576193
12.818432
12.792831
13.614080
12.647424
12.786688
13.568000
12.774400
12.685312
13.639680
12.723200
12.758016
13.591552
12.759040
12.774401
13.598721
12.759040
12.750849
13.558784
12.811264
12.789761
13.609983
12.784639
12.782593
13.570047
12.719105
12.846081
13.601792
12.687360
12.790784
13.582336
12.758017
12.633088
13.591553
12.774400
Control Period
12.752895
13.547520
12.740608
12.770304
13.497344
12.761087
12.680192
13.573120
12.703744
12.761087
13.579264
12.708864
12.760064
13.488129
12.754944
12.775424
13.579264
12.741632
12.743680
13.618176
12.742657
12.713984
13.568000
12.754944
12.767232
13.563904
12.690432
12.756992
13.623296
12.755968
12.803072
13.603840
12.767232
12.765184
13.574144
12.683264
12.797952
13.579264
12.769280
12.746752
13.616128
12.760064
12.765184
13.628416
12.828672
12.689407
13.584384
12.722176
12.851200
13.568000
12.675072
12.709888
13.582336
12.684288
12.628992
13.534208
12.679168
12.777472
13.521919
12.660736
12.624896
13.532160
12.698624
12.759040
13.496321
12.795904
12.702721
13.587456
12.669952
12.691456
13.591553
12.744704
12.763136
13.540352
12.756992
12.793856
13.591552
12.790785
12.775424
13.638656
12.783615
12.774401
13.576192
12.756992
12.759040
13.589504
12.780544
12.763136
13.495296
12.709888
Control Period
12.772352
13.596672
12.758017
12.778496
13.486080
12.804096
12.840960
13.547520
12.772352
12.656640
13.622272
12.815360
12.650496
13.569024
12.694529
12.746752
13.581312
12.760064
12.792831
13.591552
12.753920
12.761087
13.566977
12.639233
12.776448
13.518848
12.676096
12.723200
13.611008
12.755968
12.773376
13.609983
12.772352
12.779520
13.572096
12.734465
12.670977
13.608960
12.764160
12.687361
13.589504
12.769279
12.755968
13.494272
12.681216
12.562431
13.507584
12.650496
12.776448
13.568000
12.776448
12.755968
13.578239
12.747776
12.779520
13.642752
12.758016
12.765184
13.578239
12.771328
12.762112
13.552640
12.751872
12.737535
13.556736
12.754944
12.672000
13.628416
12.821505
12.812288
13.562880
12.684288
12.783615
13.577216
12.675072
12.769279
13.552640
12.750848
12.745728
13.597696
12.711936
12.778496
13.508608
12.646400
12.620800
13.573120
12.786688
12.715008
13.600768
12.755968
12.765184
Control Period
13.579264
12.792831
12.675072
13.600768
12.683264
12.758016
13.592576
12.738560
12.712960
13.604864
12.773376
12.800000
13.583361
12.754944
12.764160
13.606912
12.746752
12.762112
13.553664
12.742657
12.660736
13.488128
12.801023
12.736512
13.584384
12.745728
12.784639
13.588480
12.790784
12.826624
13.586432
12.771328
12.654593
13.623296
12.821505
12.661760
13.546495
12.752895
12.736512
13.612032
12.751872
12.736512
13.592576
12.767232
12.666880
13.604864
12.758017
12.788736
13.553664
12.684288
12.754944
13.515776
12.767232
12.698624
13.583360
12.803072
12.738560
13.575169
12.802048
12.678144
13.555712
12.778496
12.765184
13.636608
12.754944
12.772352
13.617152
12.747776
12.712959
13.587456
12.759041
12.770304
13.579264
12.673024
12.788736
13.582336
12.797953
12.756992
13.499392
12.729343
12.808192
13.580288
12.732416
12.680192
13.636608
12.733440
12.698624
13.549568
12.686337
12.754944
Control Period
13.613056
12.825600
12.768256
13.605888
12.814336
12.706816
13.533184
12.712959
12.801023
13.583361
12.784640
12.722176
13.596672
12.758017
12.744704
13.581312
12.764160
12.768255
13.612032
12.762112
12.779520
13.578239
12.747776
12.726273
13.536257
12.703745
12.776448
13.598721
12.772352
12.769279
13.537280
12.754944
12.736512
13.577215
12.720128
12.747776
13.592575
12.697600
12.767232
13.596672
12.667904
12.808192
13.627392
12.780544
12.709888
13.592576
12.746752
12.758016
13.568000
12.628992
12.753920
13.549568
12.785664
12.790784
13.548544
12.772352
12.749825
13.562880
12.693504
12.678144
13.554688
12.779520
12.823552
13.542400
12.802048
12.791808
13.583361
12.667904
12.713984
13.563904
12.734465
12.742657
13.581312
12.735488
12.770304
13.621248
12.773376
12.643328
13.463552
12.705791
12.727296
13.595648
12.770304
12.660736
13.617151
12.748800
12.822528
13.555712
12.811264
12.737535
13.582336
Control Period
12.755968
12.727297
13.580288
12.726273
12.762112
13.570047
12.751872
12.738560
13.476864
12.725248
12.765184
13.580288
12.773376
12.777472
13.561855
12.755968
12.752896
13.634560
12.747776
12.752896
13.518848
12.750849
12.773376
13.647872
12.816383
12.762112
13.587456
12.774400
12.833792
13.609983
12.758016
12.588032
13.586432
12.682240
12.788736
13.581312
12.776448
12.785664
13.599745
12.772352
12.824576
13.585407
12.787712
12.669952
13.582336
12.756992
12.756992
13.547520
12.664832
12.695552
13.538303
12.754944
12.819456
13.485056
12.796928
12.779520
13.572096
12.727296
12.786688
13.583361
12.776448
12.778496
13.572096
12.720128
12.686337
13.575169
12.802048
12.737535
13.585408
12.717056
12.769279
13.532160
12.659712
12.788736
13.579264
12.784639
12.763136
13.538303
12.775424
12.766209
13.608960
12.649472
12.747776
13.573120
12.765184
12.869633
13.559809
12.774401
12.668928
13.638656
Control Period
12.788736
12.750848
13.564928
12.695553
12.748800
13.592576
12.666880
12.763136
13.615104
12.762112
12.724224
13.492224
12.809216
12.694529
13.514752
12.656640
12.622848
13.577215
12.744703
12.681216
13.584384
12.752865
12.751872
13.623296
12.748800
12.805120
13.579264
12.647425
12.768256
13.544448
12.747776
12.677120
13.579264
12.728320
12.776447
13.589504
12.751871
12.862464
13.571072
12.695552
12.755968
13.590528
12.750848
12.755968
13.577216
12.764160
12.796928
13.614080
12.806144
12.771328
13.585407
12.690432
12.830720
13.589504
12.738560
12.650496
13.619200
12.803072
12.745728
13.575169
12.699648
12.793856
13.632511
12.732416
12.709888
13.572096
12.732416
12.623872
13.539328
12.639232
12.684288
13.555712
12.741632
12.778496
13.553663
12.746752
12.742656
13.478912
12.774401
12.774400
13.584384
12.747776
12.662785
13.595648
12.775424
12.774401
13.535233
12.748800
12.779520
13.597696
12.835840
Control Period
12.801023
13.543425
12.657663
12.878848
13.582336
12.646400
12.766209
13.609983
14.503936
16.324350
18.974203
20.731129
22.386679
25.060083
26.884594
28.653809
31.334381
33.237740
35.067368
37.703911
39.490532
41.296608
43.944412
45.774040
47.599571
50.257618
52.086224
53.898445
56.536011
58.375881
60.189129
62.826694
64.639938
66.385605
68.933060
70.693054
72.499130
75.151031
76.976562
78.814384
81.484711
83.349152
85.081497
87.754898
89.577362
91.412109
94.078346
95.921288
97.764229
100.414078
102.181244
104.038521
106.724213
108.609138
110.424431
113.105003
114.977638
116.883041
119.539032
121.373779
123.197266
125.893196
127.777100
129.606720
132.257599
134.097473
135.934265
138.577972
140.375854
142.088745
144.652588
146.498596
148.224792
150.863373
152.671494
154.405884
157.037308
158.706161
160.441589
163.099640
164.940536
166.756851
169.403625
171.245544
173.057770
175.728104
177.557739
179.409897
182.071014
183.902695
Control Period
185.689316
188.346344
169.743683
146.279068
128.776184
104.346954
86.044319
66.196472
47.852882
27.985579
10.582016
12.867584
10.658815
13.593599
9.062400
12.850176
10.322944
13.676544
10.380288
12.813313
10.235904
13.232128
12.597248
13.293568
13.198336
13.663232
13.198336
11.377665
12.186625
10.615808
13.197311
9.161728
13.591553
9.115648
13.625344
10.287104
13.675520
10.356736
13.605888
12.536832
13.291519
12.592129
13.614080
13.175808
12.791808
13.072384
11.175936
13.161472
9.191424
13.122561
9.049088
12.548096
10.333184
13.168640
7.983104
12.642304
10.364927
13.239296
12.617728
Control Period
13.741056
13.168640
13.644800
13.200384
12.862464
16.196608
14.074881
12.611584
9.157632
13.693953
8.528896
13.603840
7.905280
13.662209
8.562688
17.277952
10.800128
17.208321
10.797056
17.201153
13.179904
12.853249
16.276480
11.373568
16.030720
8.509440
17.134592
12.742656
13.725697
9.197568
17.165312
7.941120
13.664256
7.938048
13.735935
12.590080
13.623296
13.186049
12.852224
16.239616
11.332608
16.106497
9.203712
17.201153
8.542208
16.178177
12.660736
13.660160
10.335232
13.712383
11.021312
16.405504
10.336256
13.035521
13.197311
12.866560
12.434432
Control Period
10.644480
17.045506
10.523648
15.944704
9.084928
17.055744
10.659840
16.184320
9.196545
16.133120
9.143295
17.101826
10.505217
17.073151
10.602496
17.169409
10.758144
17.164288
10.653696
17.128448
10.458112
13.599744
9.174016
16.533504
9.167871
12.864511
9.122816
12.693504
9.083904
12.741632
9.134080
17.180672
9.146368
17.202175
9.159679
17.248257
8.547328
17.169407
8.495104
13.640704
12.712959
13.658112
9.141249
13.700096
9.167871
13.666304
10.272768
17.171455
8.546304
17.199104
8.542208
17.284096
8.592384
17.231873
8.518656
17.140736
7.904256
13.725696
8.029184
13.803520
8.005632
13.084672
Control Period
13.701120
13.641728
11.368448
12.826624
10.632193
13.608960
11.430912
17.188864
10.857471
16.387072
16.491520
13.177856
13.616128
13.493248
13.544448
14.911488
13.583361
15.335423
13.603840
11.351040
17.136641
11.373568
13.599744
9.128960
12.844032
10.649600
12.862464
10.722303
16.582657
14.426111
12.828672
10.862593
17.202175
14.971905
12.860416
12.746752
17.103872
12.743680
13.211648
17.158144
15.369215
13.584384
11.404288
17.063936
11.378688
17.074177
11.402240
13.601792
9.132032
12.839936
12.712959
16.490496
9.166847
12.964864
10.867712
17.190912
14.926847
16.388096
16.261120
16.155647
11.369473
13.180928
16.402431
15.002625
13.625343
Control Period
17.158144
13.616128
11.380735
12.914688
10.638336
12.886016
10.531839
17.164288
12.796928
12.833792
12.848128
13.218817
13.625344
11.369473
17.144833
14.907392
12.874752
10.823680
17.162239
14.906368
12.893185
12.894208
13.602816
13.657087
11.384832
17.162239
14.903296
12.812288
10.639360
17.069057
14.993408
12.945408
12.888063
13.581312
13.630464
17.170433
17.039360
14.814207
12.834816
10.595328
17.034241
14.908417
12.968960
12.890112
13.632512
13.622272
17.145855
17.140736
14.937088
13.631489
11.372543
13.614080
11.337729
17.211391
14.918655
13.615104
13.606913
13.179904
13.615104
14.896128
13.614080
11.365376
16.409599
11.379712
17.168385
14.909439
12.894208
12.888063
13.576193
13.604864
Control Period
13.575168
13.620224
16.307199
12.783616
14.961664
16.495617
13.625343
13.628416
17.147903
12.789761
12.800000
14.864384
13.650944
16.493568
17.165314
13.613056
11.379712
12.840960
12.882944
13.621248
16.410624
13.631488
13.583361
13.605888
17.157120
12.854272
12.789761
14.913536
16.345087
13.660160
13.622272
17.158144
12.876801
12.693504
12.774401
13.607936
16.343040
17.165312
13.623296
17.124352
12.772352
12.832767
13.626368
11.436031
12.934144
17.156097
13.575169
13.524992
16.307201
13.598721
11.347967
12.830720
13.049856
13.626368
13.651968
14.945280
16.396288
11.373568
12.912640
12.803072
13.668352
13.608959
13.605888
16.370687
16.427008
17.164288
12.906496
17.049601
12.892160
17.119232
17.054720
13.661184
13.606912
16.382977
Control Period
17.153025
12.798976
17.165312
13.609983
14.912512
13.587456
11.347968
12.892160
13.586432
13.655041
16.297983
13.593599
16.258049
13.638657
17.172480
13.474816
16.304129
13.628416
16.442368
13.623297
13.641727
11.360256
12.834816
17.014784
12.911615
17.152000
17.166336
13.591552
16.328703
13.638657
16.331776
13.605888
17.139713
11.326464
12.793856
17.156097
12.880896
17.174528
13.598721
16.371712
13.632511
13.626368
13.607936
13.587456
13.637632
16.352257
13.582336
11.341824
17.150976
13.590528
17.035263
12.760063
17.170433
12.887040
12.800000
17.166336
13.631488
16.357376
13.591552
16.220160
13.634560
17.171455
11.357183
12.824576
17.072128
12.792831
17.123329
13.582336
12.759041
12.779520
12.889088
12.804096
17.259520
13.671424
13.000704
12.819456
12.869632
Control Period
12.898304
17.154049
17.177601
12.815359
12.738560
12.703744
13.630465
12.827648
17.041409
12.755968
17.128448
13.625343
12.859392
17.084415
12.798977
13.633535
17.133568
12.815359
12.762112
17.106945
13.644800
12.872704
17.148928
12.808192
13.641727
17.124352
12.794880
12.840960
17.140736
13.634560
12.902400
17.004543
12.759040
13.615105
17.073153
16.182272
13.574144
16.330751
17.170433
13.624320
13.623297
16.237568
13.600767
17.167360
16.434177
13.485056
16.276480
13.594624
13.551616
16.288769
13.582336
13.629440
17.136639
13.627392
13.592576
16.323586
13.598721
13.564928
16.320511
13.548544
13.601791
17.126400
13.633535
17.167360
16.419840
13.602816
13.602816
17.130497
16.166912
13.515776
16.288769
13.632512
13.614080
16.424959
13.514752
13.592576
17.170433
13.633536
13.600768
16.291840
13.620224
13.615104
Control Period
16.413696
16.316416
13.591552
13.585407
13.552640
16.204800
13.584384
13.597696
13.545472
13.585408
17.034241
16.116735
13.533184
13.581312
17.114113
16.240639
13.606913
13.612032
13.578239
13.493248
16.312321
13.619200
13.588480
13.488129
16.299007
17.168385
16.360447
13.495296
13.638657
17.041409
16.291840
16.290815
13.579264
13.598720
13.581312
16.293888
13.622272
13.605888
13.495296
13.584384
17.166336
16.395264
13.596672
13.579264
13.546495
16.309248
16.402431
13.583360
13.580288
13.587456
16.212992
17.025024
13.585407
13.571072
13.573120
17.039360
16.200703
13.583361
13.577216
13.615104
16.292864
16.389120
13.590528
13.584384
13.591552
16.278528
17.163263
13.581312
13.575169
13.565952
17.027073
16.203777
13.573120
13.617152
13.595648
16.369663
16.414721
13.586432
13.576192
13.591552
16.454657
17.116159
16.317440
13.562880
13.608960
17.102848
16.352257
13.590528
13.591552
13.579264
13.547520
16.128000
13.587456
13.584384
13.546495
16.221184
17.157120
16.338943
13.565952
13.466624
17.125376
16.370687
13.618176
13.619200
13.592576
13.577215
16.297983
13.605888
13.606913
13.488129
13.562880
17.115135
16.245760
13.585408
13.568000
13.554688
16.193535
16.299007
13.589504
13.576192
13.509632
16.381952
17.160192
13.591553
13.619200
13.588480
17.054720
16.191488
13.593599
13.572096
13.551617
16.320511
16.283648
13.483008
13.524992
13.563904
16.275455
13.586432
13.559809
13.554688
13.589504
17.132545
16.388096
13.623297
13.589504
13.570047
16.304129
16.380928
13.581312
13.491200
13.631489
16.108543
17.172480
13.632512
13.585408
13.540352
17.056767
16.218113
13.580288
13.622272
13.593599
16.278528
16.300032
13.554688
13.578239
13.475840
16.287745
17.102848
13.560832
13.585407
13.584384
17.118208
16.251904
13.489153
13.592576
13.587456
16.284672
16.249855
13.583361
13.589504
13.580288
16.304127
17.165312
13.623297
13.568000
13.577215
17.036287
16.366592
13.589504
13.630465
13.590528
13.574144
16.307199
13.625343
13.595648
13.585407
13.546495
17.097729
16.171007
13.615105
13.605888
13.584384
16.280575
16.115711
13.560832
13.480960
