14.987616
12.976128
10.594304
12.269567
10.149888
9.577473
7.799808
14.135296
14.044160
12.921856
7.121920
8.504320
10.151936
12.498943
11.806720
7.112704
12.041216
12.045312
16.493568
9.587712
7.804928
12.386304
10.606592
12.503040
10.717184
7.112704
9.568256
14.258176
14.269440
14.268415
7.113728
8.495104
10.275841
12.943359
7.118848
7.804928
7.806976
14.048256
14.142464
7.115776
12.038144
11.922432
12.930048
11.680768
7.801856
9.580544
14.264319
16.252930
9.591808
12.043264
7.808000
10.589184
12.280832
10.157057
9.576448
9.575424
14.141439
14.275583
14.151680
7.112704
12.033024
11.927552
12.950527
11.808768
7.795712
9.582592
10.723328
16.484352
7.110656
7.809024
12.399616
10.727425
12.499968
10.730495
9.580544
11.686913
14.265345
9.474048
14.258177
7.804928
8.502272
12.275712
10.601472
7.113728
7.802880
12.039167
14.048256
14.152704
7.110656
12.044289
11.928576
12.936192
11.800576
7.799808
9.574400
10.716160
16.262144
9.582592
12.037120
12.382208
10.606592
12.502016
10.715136
7.113728
9.571328
14.260223
14.274561
14.267391
7.111680
8.501247
10.276864
16.485374
9.576448
7.813120
7.803905
14.046208
14.155777
7.113728
12.028928
12.466176
12.737535
11.689983
10.730495
9.580544
11.681792
16.264193
9.467904
12.037120
7.812096
10.599424
12.291072
10.600448
7.110656
9.577472
14.133247
14.043137
14.157824
7.110656
12.046336
11.923456
12.931072
11.813889
7.812096
9.583616
10.728449
16.491520
7.113728
7.805952
12.392448
10.729472
12.502016
10.722304
9.583616
10.601473
14.263296
Control Period
14.273536
14.153728
7.112704
8.502272
14.148608
12.286976
14.267391
10.713088
7.805952
10.603519
10.722304
16.278528
14.273537
11.940864
12.044289
10.625024
14.268415
16.271358
14.266369
10.739712
12.045312
10.604544
14.260223
16.252928
11.685887
10.723328
12.032000
10.605568
14.265344
16.256001
11.680768
11.932673
12.033024
10.619904
14.266369
16.253952
11.681792
10.720256
12.042240
10.606592
14.262272
16.259071
11.687937
10.732544
12.040192
10.609664
14.261248
Control Period
16.266239
12.504065
12.359680
10.720257
12.037120
16.375809
14.253056
14.260223
12.285952
14.268416
12.375040
10.731520
12.034048
16.372736
14.260223
14.265345
12.504065
12.378113
10.717184
14.252031
12.837888
10.605568
14.129152
12.273664
14.273536
12.375040
10.729472
12.042240
16.377857
14.257153
14.261248
12.276735
11.683840
14.148608
10.727425
12.039167
10.730495
14.260224
16.256001
12.496896
12.371967
10.788864
12.041216
16.383999
14.260223
14.258176
12.274689
14.280704
12.364800
10.726400
Control Period
14.263296
12.838912
12.841984
14.251007
16.267265
16.247807
16.262144
12.933120
14.146561
10.718208
10.728448
16.378880
14.138368
12.961792
14.260224
12.258305
16.486401
10.609664
10.724352
10.722303
16.373760
16.373760
14.257153
12.950528
16.254976
12.942336
10.610688
10.724352
14.147583
12.845056
14.138368
12.942336
14.258177
16.259071
12.504065
12.938240
12.938240
14.141439
14.264320
10.725376
16.376831
10.733568
14.263296
16.271358
12.491776
12.933120
10.596352
14.144512
14.269440
10.722304
16.366592
10.725376
14.269440
Control Period
16.253952
16.262144
16.483328
14.149632
10.614784
12.824575
16.259071
16.378880
12.937216
12.947456
16.267265
12.716032
14.151680
10.620928
12.830720
16.258049
16.375809
12.952576
12.962816
16.265217
12.734464
12.941313
10.596352
14.146560
16.245760
16.355328
12.938240
12.934144
16.471039
16.242687
12.948481
10.600449
14.132224
10.592257
12.823552
12.930048
12.941312
16.480255
12.925952
16.245760
12.911615
10.589184
12.818432
16.246784
16.357376
12.940289
12.939264
16.250881
12.937216
10.604544
14.132223
10.602496
12.823551
16.243713
12.948480
12.940289
Control Period
12.936192
16.244736
12.932096
12.939264
16.242687
12.930048
12.939264
16.230400
12.930048
12.943360
16.236544
12.938240
12.941313
16.232449
16.236544
12.934144
12.941313
16.232449
12.935168
12.941313
16.247807
12.932096
12.939264
16.236544
12.931072
12.959743
16.238592
12.937216
12.941313
16.238592
12.932096
12.938240
16.235519
12.941313
12.936192
16.236544
16.239616
12.931072
16.240639
16.245760
12.933121
12.935167
16.234495
12.953600
12.940289
16.248833
13.027328
12.941312
16.244736
12.925952
12.935168
16.249855
12.930048
12.940289
16.244736
12.939264
12.927999
16.243711
12.923904
12.927999
Control Period
16.244736
16.249855
12.937216
12.931072
16.245760
12.936192
16.239616
12.935167
12.930048
12.931072
12.932096
16.244736
12.936192
16.238592
12.923904
12.923904
16.239616
12.942336
16.241665
12.935168
16.241665
12.940289
12.936192
16.245760
12.924928
16.242687
12.935168
12.944384
12.932096
12.945408
16.243711
12.933121
16.240641
12.932096
12.933121
16.235519
12.930048
16.237568
12.939264
16.236544
12.950528
12.943359
16.250881
12.939264
16.238592
12.943359
16.240639
12.942335
12.940289
16.239616
12.926975
16.247807
12.934144
12.936192
16.240639
12.943360
16.236544
12.944384
16.235519
12.934144
12.931072
16.236546
12.930048
Control Period
16.236546
12.953600
12.946432
12.942336
16.257023
16.247808
12.941312
12.941313
12.931072
12.927999
16.238592
16.238592
12.933121
12.931072
12.937216
16.243713
16.232449
12.938240
12.946432
12.927999
12.940289
16.240639
16.247808
12.950528
12.942336
12.935168
16.231422
16.239616
12.944384
12.937216
12.921856
12.951552
16.241665
16.256001
12.934144
18.850815
26.350592
26.339329
26.351616
26.194944
26.085377
26.052608
26.075136
26.057728
26.062847
26.078209
26.071041
26.050560
26.083328
26.043392
26.075136
26.045441
26.061825
26.070015
26.055679
26.102783
26.340351
26.310656
26.349567
26.090496
26.071041
26.067968
26.081280
Control Period
26.064896
26.065920
26.067966
26.084351
26.076160
26.062847
26.065922
26.070015
26.053631
26.064896
26.064896
26.093567
26.058752
26.110977
26.313728
26.318848
26.321918
26.064896
26.067966
26.067968
26.061825
26.062847
26.041344
26.055679
26.057728
26.064896
26.047489
26.065920
26.068993
26.061825
26.049536
26.086399
26.064896
26.053633
26.252289
26.327040
26.324993
26.152960
26.054657
26.047487
26.054657
26.064896
26.067966
26.078209
26.054657
26.037247
26.041344
26.059776
26.066944
26.048512
26.057728
26.063871
26.056704
26.053633
26.216450
26.329088
26.326015
26.043392
26.068993
26.057728
Control Period
26.059776
26.074112
24.512512
23.794689
23.811073
26.056704
25.254913
24.525824
20.418560
21.396481
21.677055
19.997696
19.677183
20.914177
27.521025
24.536064
23.783424
22.372353
24.762367
19.050495
22.598656
26.177536
26.969088
24.532993
21.403648
18.166784
15.034369
19.425282
16.501760
22.444033
23.261185
23.715839
22.299648
22.438911
19.155968
18.784256
21.728256
23.828480
23.778305
25.283585
22.484993
22.231041
21.644287
24.145920
20.023296
19.664896
20.952065
27.560959
24.558592
23.825409
22.286335
24.556545
19.649536
22.456320
23.791615
27.005951
24.555519
21.415936
18.192385
15.045632
Control Period
19.468288
19.289089
20.642815
24.904705
24.668159
23.835648
24.537086
23.708672
23.029760
26.117119
27.557888
24.568832
23.832577
26.831871
24.591360
23.832577
26.093567
26.101761
24.563713
23.848961
23.832577
24.559616
26.109953
24.050688
26.387455
27.729919
24.748032
23.844864
26.823681
23.038975
26.093567
26.116096
27.575296
24.576000
23.838718
26.822657
25.294847
23.838720
26.096642
27.568127
24.580097
23.836672
26.862591
24.578049
23.826431
26.093567
27.547649
24.569855
23.831553
27.052032
24.805376
24.094719
26.360832
27.621376
24.570881
23.832577
26.841087
25.282560
23.818241
23.839745
25.265152
24.565760
Control Period
22.319103
26.115070
26.824703
25.296896
23.829504
26.118145
27.559937
24.580097
23.810047
26.115072
27.032576
25.442303
24.061951
26.164225
27.525120
27.521023
24.522751
23.797760
26.800129
25.266174
26.068993
23.818241
27.531265
27.524097
24.542208
23.782400
26.796032
25.249790
26.062847
23.785473
27.659264
27.698177
24.754175
24.028160
26.046463
24.534016
26.047489
23.794687
26.063873
27.530239
24.536064
23.814144
26.039295
24.521729
26.057728
23.791615
26.048512
27.521023
24.519680
23.811071
26.064896
27.046913
25.447424
24.054785
26.165249
27.533312
27.534336
24.535040
23.796736
26.797056
25.266176
23.803904
Control Period
26.071041
27.538433
27.517952
24.540161
23.782400
26.060799
26.810368
25.270271
26.070015
24.046593
26.338303
26.341377
27.578367
27.573248
24.517632
23.799809
26.073088
26.808319
25.271296
26.090496
23.790592
26.070015
27.524096
27.526144
24.516609
23.812096
26.085377
26.811392
27.526144
25.275391
26.076160
23.849983
26.324993
27.702271
27.708416
24.764416
23.839745
26.083328
26.784767
25.255936
26.075136
23.799809
26.061825
27.558912
27.536385
24.531967
26.058752
23.820288
26.064896
26.781696
25.260033
26.052608
23.789568
26.193920
27.723776
24.761345
26.299393
26.198017
23.795712
26.806271
27.523071
Control Period
25.267200
26.084352
23.785473
26.048512
26.061825
27.525120
27.533312
27.538433
24.530945
23.781376
26.088448
26.063871
26.796032
27.704319
25.444351
26.320896
26.092545
23.805952
26.072063
26.063871
27.546623
27.527168
27.514881
24.546303
23.798782
26.057728
26.072063
26.799105
27.520000
25.233408
26.076160
23.802879
26.082304
26.085377
27.713535
27.712513
27.710464
24.640511
26.073088
23.783424
26.067968
26.081280
26.806273
27.523071
25.274368
26.067968
26.055679
23.788544
26.063873
27.531263
27.518976
27.544577
24.528896
26.064896
23.785473
26.075134
26.784767
27.626495
25.457664
26.327042
26.275841
Control Period
26.073088
23.794689
26.065920
26.055679
27.535360
27.529217
27.542528
27.541504
27.539455
24.541183
26.063873
26.070015
23.815168
26.067968
26.042368
26.059776
26.783745
27.516928
27.603970
27.717632
25.443329
26.265598
26.057728
26.058752
26.046463
23.795712
26.041344
26.071041
26.077183
27.532288
27.537407
27.520000
27.512833
24.539135
26.060799
26.065920
23.802879
26.058752
26.113024
26.373119
26.329088
27.015167
27.536385
27.546623
25.255936
26.077183
26.085377
26.067968
26.079231
23.820290
26.075136
26.063871
26.085377
27.515903
27.521023
27.525120
27.529217
27.561985
24.754177
26.326015
Control Period
26.345470
23.988224
26.075136
26.070015
25.802753
23.428097
24.582146
23.437311
21.155840
23.435265
23.448576
25.681919
22.107136
20.994049
22.148096
22.184959
23.455746
21.178368
21.152767
23.469055
25.699327
22.337536
21.173248
21.133312
22.155264
23.303167
23.263233
21.088257
23.427071
25.701376
22.287361
21.173248
22.316032
24.560640
23.362560
23.268353
20.935680
20.878336
23.240704
25.709568
22.332417
21.169151
24.570881
22.302719
23.454720
21.173248
20.936705
22.521856
25.528320
22.163456
20.052992
24.550400
24.571903
22.326271
21.200895
21.179392
23.435265
25.507839
22.138880
20.831232
22.165504
24.587265
22.316032
23.437313
21.180416
23.436287
Control Period
25.693184
25.707520
22.296576
21.039104
24.353792
23.254017
23.172096
21.093376
23.444481
23.430145
25.700352
22.316032
23.421951
21.173248
24.384512
25.460735
23.273472
20.956161
21.081089
25.688065
25.718784
22.306816
20.923393
23.155712
24.353792
23.336960
21.213184
21.176319
23.426048
25.696255
22.330368
23.438335
21.165056
24.295424
25.637888
23.260159
21.003263
21.155842
23.447552
25.706497
22.315006
23.458817
21.183487
24.558592
23.329792
23.148544
21.026815
23.255039
25.704449
25.713665
22.305792
21.189632
24.576000
25.704449
23.438335
23.386112
20.891647
23.144447
25.503744
22.220800
23.450623
21.148672
24.565760
25.705471
23.439362
21.169151
23.375872
Control Period
23.171072
25.549824
25.577473
22.285313
21.192703
23.444481
23.422977
24.562687
23.441408
23.447552
23.245825
20.944897
23.257088
25.563137
25.699327
25.694208
22.297600
21.177343
23.438335
23.453697
24.563713
23.309311
23.205887
23.130112
21.011456
23.453695
25.690111
25.667583
22.165504
23.195648
20.970497
23.237633
24.579071
25.692162
23.442432
23.440384
23.440384
21.160961
23.417856
25.588737
25.535488
22.151169
23.169025
21.192703
23.440384
24.567808
25.686016
23.448576
23.435265
21.182465
23.300097
25.519104
25.517056
25.509888
22.295551
23.426048
21.196800
23.410686
24.583168
23.456768
23.435265
23.234560
20.956160
23.144447
25.542656
25.713665
Control Period
25.697281
22.303743
23.437313
21.176319
23.455744
23.429119
23.292927
24.260609
25.510912
23.293953
23.184383
23.448576
23.426048
21.179392
23.449600
23.440384
25.718784
25.706497
25.675777
25.520128
25.513985
22.096897
23.298048
21.157888
23.415808
23.420929
23.426048
24.557568
25.710590
25.603073
24.323071
23.305216
23.254017
23.367680
21.198849
23.438335
23.390209
23.055359
25.466881
25.497601
25.665535
22.307840
23.436287
23.451649
23.429119
21.177343
23.434240
24.495104
25.455616
25.456638
25.511936
23.392256
23.427073
23.448576
21.177343
23.447552
23.445503
23.447552
23.283710
25.518080
25.466881
22.085632
23.416832
23.435265
23.446527
23.422977
21.178368
Control Period
24.565760
25.699327
25.676800
25.472000
25.522175
25.508865
25.542656
25.700352
25.711617
25.694208
23.438335
23.443455
23.441406
23.427071
23.211008
23.184383
23.182335
20.924416
23.043072
23.415808
23.429119
23.445503
23.433216
23.441408
23.448576
25.720833
25.588736
25.511936
25.526272
25.536510
25.651199
22.319103
23.445503
23.439360
23.427071
23.439360
23.432192
23.232512
23.200768
23.135231
23.247871
21.179392
23.424000
23.445503
23.243774
24.253441
25.524223
25.571327
25.665535
25.704449
25.712639
25.708544
25.696255
25.704449
25.693184
25.533440
23.279617
23.164928
23.127041
23.437311
23.420929
21.174271
23.430143
23.445503
23.428097
Control Period
23.421951
23.396351
23.151615
23.053310
23.145473
23.341057
23.563263
23.438335
23.427071
23.429119
23.443455
23.441408
23.435265
23.330816
23.153664
23.034882
23.042049
23.086079
23.441408
23.457790
23.431168
23.430145
23.451649
23.425024
23.354368
23.044096
23.151615
23.148544
23.383039
23.449600
23.440384
23.435265
23.431168
23.419903
23.429119
23.208960
23.136257
23.165953
23.271423
23.432192
23.434240
23.433216
23.433216
23.438335
23.440384
23.421951
23.144447
23.101440
23.152639
23.272449
23.444481
23.440384
23.429119
23.159809
23.127041
23.248896
23.153664
23.457792
23.458817
23.441406
23.433216
23.473152
23.443455
23.413759
23.173120
Control Period
23.165953
23.217152
23.041023
23.429119
23.432192
23.418880
23.437313
23.437313
23.454720
23.410688
23.038977
23.149569
23.138306
23.050240
23.435265
23.454720
23.448576
23.438335
23.431168
23.430143
23.301121
23.167999
23.049217
23.162880
23.452671
23.447552
23.440384
23.443455
23.436287
23.430145
23.431168
23.262207
23.134209
23.154690
23.145472
23.393280
23.421951
23.440384
23.439360
23.432192
23.447552
23.436287
23.223297
23.060480
23.137280
23.055361
23.464960
23.452671
23.448576
23.431168
23.441408
23.436287
23.441406
23.311359
23.240704
23.136257
23.201792
23.425024
23.419903
23.421951
23.132160
23.122944
23.200768
23.342079
23.469055
Control Period
23.442432
23.424000
23.458817
23.465984
23.448576
23.447552
23.296001
23.260160
23.037952
23.155712
23.443455
23.422977
23.437311
23.416832
23.438335
23.449600
23.409664
23.166977
23.028736
23.153664
23.160831
23.447552
23.430145
23.454720
23.428097
23.445503
23.438335
23.434240
23.325695
23.054337
23.157761
23.156734
23.254017
23.439360
23.440384
23.438335
23.420927
23.431168
23.418880
23.526400
23.830528
23.829504
23.793663
23.691265
23.612415
23.627777
23.656448
23.829504
23.819263
23.817215
23.742464
23.632896
23.626751
23.638016
23.811073
23.828480
23.805952
23.818241
23.743488
23.611393
23.624704
23.630848
23.821312
23.826431
Control Period
23.810047
23.707647
23.658497
23.630848
23.611393
23.614464
23.628799
23.631872
23.647232
23.831553
23.811073
23.828480
23.799809
23.633919
23.641087
23.633921
23.710720
23.828480
23.818241
23.812096
23.662592
23.656448
23.618561
23.721985
23.818241
23.815168
23.809025
23.641087
23.629826
23.619583
23.710720
23.840767
23.813120
23.776257
23.621632
23.633919
23.649281
23.638016
23.630848
23.621632
23.632896
23.713793
23.820290
23.822334
23.930880
23.654400
23.635967
23.605247
23.648254
23.792641
23.823360
23.822336
23.659519
23.642113
23.629824
23.639040
23.833599
23.831551
23.812096
23.749632
23.654400
23.615488
23.628799
23.786495
Control Period
23.819263
23.818241
23.740417
23.617535
23.602177
23.658497
23.632896
23.632896
23.641088
23.714817
23.815166
23.811073
23.801857
23.636992
23.631870
23.633919
23.729153
23.834625
23.832577
23.812096
23.664640
23.631870
23.612415
23.655424
23.825409
23.818241
23.800831
23.675903
23.648256
23.618561
23.611393
23.616512
23.622656
23.630848
23.741440
23.800833
23.815166
23.825409
23.666687
23.640064
23.620607
23.663616
23.811071
23.816193
23.806976
23.696384
23.613440
23.614464
23.630848
23.823360
23.846912
23.817215
23.801857
23.645184
23.643135
23.633921
23.625729
23.821312
23.831553
23.815166
23.803904
23.617535
23.633919
23.629826
Control Period
23.628799
23.650303
23.624704
23.697407
23.812096
23.853056
23.829504
23.744513
23.614464
23.626753
23.619583
23.798782
23.838720
23.827456
23.730175
23.622656
23.626751
23.630848
23.739391
23.844864
23.804928
23.780352
23.628799
23.636992
23.623680
23.680000
23.840767
23.816193
23.825409
23.686144
23.650303
23.615488
23.647232
23.648256
23.615488
23.640064
23.784449
23.808001
23.834625
23.740416
23.650303
23.628799
23.662592
23.839745
23.822334
23.814144
23.650305
23.643135
23.632896
23.738369
23.821312
23.813120
23.763968
23.630848
23.615488
23.634945
23.641087
23.633921
23.618561
23.619583
23.820288
23.844864
23.817215
23.804928
Control Period
23.640064
23.635967
23.626751
23.783424
23.824385
23.839745
23.744513
23.648256
23.621632
23.633919
23.817215
23.822336
23.823360
23.626751
23.608320
23.640064
23.725056
23.829504
23.831553
23.800831
23.636993
23.624702
23.623680
23.625729
23.620607
23.626751
23.620607
23.742464
23.825409
23.826431
23.807999
23.655424
23.647232
23.639040
23.732224
23.827457
23.836672
23.801857
23.639040
23.648256
23.635967
23.732224
23.831553
23.827457
23.827456
23.712769
23.623680
23.601152
23.639040
23.833599
23.836674
23.816193
23.728128
23.638016
23.654400
23.600128
23.634945
23.625729
23.635967
23.618561
23.638016
23.707649
23.813120
23.813120
Control Period
23.811073
23.631872
23.609344
23.606272
23.753727
23.817215
23.798784
23.811073
23.644161
23.635967
23.609344
23.733248
23.829504
23.810047
23.810047
23.641088
23.652351
23.737343
23.625729
23.624704
23.619583
23.640064
23.628799
23.829504
23.803904
23.825409
23.689217
23.652351
23.652351
23.615488
23.818241
23.822336
23.809025
23.717888
23.629824
23.627777
23.626751
23.832577
23.847937
23.835648
23.725056
23.643135
23.622656
23.616512
23.627777
23.846912
23.826431
23.843842
23.812096
23.629826
23.626751
23.626751
23.611393
23.629824
23.627777
23.643135
23.815166
23.805950
23.812096
23.726080
23.615488
23.619583
23.623680
23.831551
23.827457
Control Period
23.825409
23.705601
23.611393
23.650305
23.627775
23.829504
23.815168
23.825409
23.814144
23.649281
23.627775
23.629824
23.723007
23.820288
23.811073
23.822336
23.661568
23.666687
23.616512
23.621632
23.604225
23.629824
23.625729
23.766016
23.799809
23.794689
23.780354
23.621632
23.623680
23.629826
23.768063
23.830528
23.829504
23.754753
23.645184
23.635967
23.641087
23.825409
23.824383
23.834623
23.657473
23.626751
23.623680
23.625729
23.626751
23.628799
23.630848
23.747585
23.815166
23.821312
23.805952
23.697409
23.644159
23.617535
23.701504
23.805952
23.819263
23.821312
23.704575
23.646208
23.624704
23.602177
23.623680
23.759872
Control Period
23.836672
23.831553
23.761921
23.631870
23.631872
23.632896
23.712769
23.820290
23.837696
23.797760
23.623680
23.639040
23.620609
23.646210
23.623680
23.638016
23.612415
23.787521
23.834623
23.845888
23.726080
23.629824
23.622656
23.629826
23.803905
23.818241
23.842815
23.741440
23.633919
23.618561
23.616512
23.849983
23.841793
23.826431
23.755775
23.614464
23.643135
23.617535
23.809025
23.811073
23.831553
23.721985
23.623680
23.625729
23.628799
23.625729
23.635967
23.627777
23.740416
23.831553
23.824383
23.800833
23.635967
23.620609
23.635967
23.766016
23.837696
23.803904
23.769089
23.617537
23.611393
23.644161
23.632896
23.701504
Control Period
23.823360
23.820290
23.820290
23.812096
23.633919
23.627777
23.630848
23.713793
23.836672
23.823360
23.817215
23.842815
23.824383
23.835648
23.815166
23.802879
23.831553
23.828480
23.687168
23.654400
23.627777
23.672832
23.836674
23.827456
23.807999
23.822336
23.848961
23.828480
23.810047
23.806976
23.840767
23.845888
23.797760
23.634945
23.643135
23.622656
23.669760
23.827457
23.820290
23.843840
23.812096
23.817215
23.844864
23.809025
23.829504
23.827456
23.837696
23.837696
23.817215
23.646210
23.631870
23.643135
23.734272
23.734272
23.830528
23.831553
23.813120
23.830528
23.818241
23.821312
23.826431
23.810047
23.788544
23.617537
Control Period
23.625729
23.619583
23.684095
23.813120
23.803905
23.832577
23.812096
23.802879
23.830528
23.831553
23.838720
23.820290
23.846912
23.658497
23.635967
23.627777
23.609344
23.742464
23.816193
23.821312
23.834625
23.823360
23.836672
23.824385
23.810047
23.834623
23.827457
23.805952
23.630848
23.649281
23.622656
23.636993
23.823360
23.837696
23.819263
23.810047
23.819263
23.803904
23.802879
23.823360
23.690239
23.618561
23.615486
23.640064
23.819263
23.824383
23.828480
23.806976
23.829504
23.824383
23.830528
23.828480
23.827457
23.803905
23.631870
23.634945
23.633921
23.643135
23.802879
23.840767
23.813120
23.812096
23.814144
23.823360
Control Period
23.813120
23.799809
23.800831
23.835648
23.781376
23.613441
23.631872
23.634945
23.728127
23.826431
23.812096
23.828480
23.835648
23.809025
23.813120
23.830528
23.822336
23.795712
23.640064
23.628799
23.626751
23.781376
23.801857
23.833599
23.811073
23.801857
23.815166
23.808001
23.814144
23.835648
23.825409
23.820288
23.746559
23.613440
23.670784
23.614464
23.777279
23.820288
23.806976
23.822334
23.820288
23.807999
23.816193
23.806976
23.812096
23.810047
23.811071
23.625729
23.636993
23.619583
23.716866
23.813120
23.828480
23.816193
23.844864
23.823360
23.833599
23.812096
23.663616
23.620607
23.624704
23.709696
23.832577
23.803904
Control Period
23.837696
23.815168
23.809025
23.805952
23.815168
23.813120
23.818241
23.832577
23.692287
23.651329
23.617535
23.675903
23.825409
23.823360
23.817215
23.817215
23.822334
23.822336
23.806976
23.825409
23.805952
23.801857
23.716866
23.630848
23.593983
23.627777
23.756802
23.814144
23.835648
23.821312
23.806976
23.808001
23.821312
23.816193
23.844864
23.821312
23.764992
23.624702
23.630848
23.613440
23.754753
23.809025
23.840767
23.806976
23.815166
23.816193
23.820288
23.828480
23.822334
23.831551
23.826431
23.769089
23.651329
23.631872
23.648256
23.843842
23.814144
23.833599
23.818241
23.832577
23.828480
23.821312
23.827457
Control Period
23.828480
23.845888
23.640064
23.609344
23.638016
23.623680
23.767040
23.835648
23.822336
23.832577
23.823360
23.861248
23.836672
23.820288
23.823360
23.822336
23.693312
23.641088
23.619583
23.628799
23.816193
23.829504
23.822336
23.824385
23.828480
23.818241
23.814144
23.672832
23.756800
23.625729
23.638016
23.701504
23.809025
23.809025
23.807999
23.806976
23.808001
23.799809
23.833599
23.829504
23.840767
23.818241
23.671808
23.607296
23.609344
23.629824
23.854080
23.813120
23.818241
23.806976
23.829504
23.822334
23.808001
23.811071
23.833599
23.821312
23.730175
23.647232
23.605247
23.645184
23.815168
23.819263
23.820288
23.813120
Control Period
23.815168
23.804928
23.802879
23.824385
23.832577
23.831551
23.753727
23.611393
23.612415
23.617537
23.807999
23.837696
23.814144
23.833599
23.832577
23.842815
23.818241
23.805952
23.830528
23.813120
23.664640
23.624702
23.621632
23.664639
23.833599
23.836672
23.830528
23.836672
23.817215
23.842815
23.713791
23.832577
23.828480
23.836672
23.795712
23.610369
23.635967
23.630848
23.729153
23.825409
23.841793
23.825409
23.822336
23.818241
23.816193
23.709696
23.636993
23.626751
23.642113
23.848961
23.821312
23.801857
23.821312
23.827457
23.832577
23.799809
23.831551
23.798782
23.809025
23.682049
23.649281
23.615488
23.708672
23.784447
Control Period
23.812096
23.804928
23.823360
23.814144
23.816193
23.803905
23.801857
23.810047
23.795712
23.824383
23.672832
23.643135
23.618561
23.624704
23.636993
23.840767
23.813120
23.797760
23.798784
23.814144
23.824383
23.812096
23.818241
23.821312
23.802879
23.671806
23.635967
23.647232
23.619583
23.843842
23.829504
23.824383
23.818241
23.857151
23.836672
23.799809
23.815168
23.823360
23.817215
23.681023
23.655424
23.611393
23.670784
23.816193
23.825409
23.842815
23.816193
23.829504
23.823360
23.821312
23.812096
23.810047
23.813120
23.832577
23.645184
23.621632
23.621632
23.731201
23.837696
23.815166
23.801857
23.815166
23.816193
23.823360
Control Period
23.812096
23.829504
23.835648
23.713791
23.639040
23.628799
23.630848
23.820288
23.815168
23.818239
23.820288
23.844864
23.823360
23.713791
23.648256
23.607296
23.659519
23.809025
23.807999
23.812096
23.812096
23.815168
23.851009
23.807999
23.824383
23.813122
23.806976
23.633919
23.631872
23.628799
23.642113
23.730175
23.831551
23.810047
23.829504
23.829504
23.819263
23.839745
23.822336
23.841793
23.816193
23.809025
23.831551
23.829504
23.839745
23.823360
23.825409
23.823360
23.805952
23.812096
23.824383
23.848961
23.846912
23.810047
23.829504
23.836672
23.840769
23.828480
23.789568
23.633919
23.607296
23.626751
23.632896
23.825409
Control Period
23.821312
23.947264
23.826431
23.829504
23.817215
23.830528
23.836672
23.855104
23.820290
23.830528
23.801855
23.816193
23.814144
23.810047
23.818241
23.822334
23.770111
23.638016
23.611393
23.606272
23.677952
23.817215
23.814144
23.822334
23.826431
23.814144
23.819263
23.841793
23.840767
23.816193
23.822336
23.832577
23.813120
23.822336
23.824385
23.827456
23.831553
23.788544
23.650303
23.634945
23.628799
23.703552
23.811071
23.826431
23.835648
23.825409
23.831551
23.821312
23.819263
23.813120
23.795712
23.819263
23.804928
23.813120
23.811073
23.813120
23.814144
23.817215
23.658497
23.613440
23.614464
23.686144
23.854080
23.811073
Control Period
23.835648
23.855104
23.821312
23.823360
23.822336
23.809025
23.817215
23.818241
23.820288
23.824383
23.828480
23.837696
23.821312
23.819263
23.817215
23.747585
23.623680
23.631872
23.622656
23.837696
23.840767
23.802879
23.804928
23.818241
23.831551
23.808001
23.829504
23.816193
23.843842
23.827457
23.818241
23.813122
23.804928
23.805952
23.828480
23.714817
23.650305
23.622656
23.678976
23.814144
23.815168
23.811071
23.825409
23.804928
23.831553
23.815168
23.823360
23.837696
23.825409
23.813122
23.844864
23.823360
23.810047
23.820288
23.798784
23.811073
23.654400
23.630848
23.635967
23.619583
23.781376
23.844864
23.824385
23.819263
Control Period
23.822336
23.808001
23.799809
23.795712
23.795712
23.828480
23.819263
23.812096
23.806976
23.834623
23.818241
23.806976
23.798784
23.616512
23.646208
23.639040
23.764992
23.821312
23.818241
23.834625
23.844864
23.806976
23.821312
23.823360
23.809025
23.818241
23.825409
23.841793
23.834625
23.849983
23.837696
23.833599
23.821312
23.628799
23.618561
23.630848
23.675903
23.813120
23.827457
23.830528
23.826431
23.835648
23.826431
23.801857
23.829504
23.814144
23.807999
23.819263
23.841793
23.819263
23.829504
23.825409
23.828480
23.774208
23.645184
23.620607
23.624704
23.798782
23.808001
23.847937
23.820288
23.817215
23.818241
23.810047
Control Period
23.824383
23.839745
23.832577
23.820288
23.821312
23.795712
23.808001
23.811073
23.831553
23.824383
23.802879
23.630848
23.630848
23.625729
23.690239
23.844864
23.831551
23.813120
23.835648
23.829504
23.815166
23.820290
23.822336
23.791616
23.809025
23.824385
23.814144
23.812096
23.831553
23.831551
23.802879
23.824383
23.624704
23.608320
23.619583
23.664640
23.813120
23.811071
23.912449
23.799809
23.805952
23.820290
23.802879
23.793663
23.849983
23.803905
23.828480
23.827457
23.817215
23.814144
23.830528
23.840767
23.832577
23.819263
23.711744
23.639040
23.634945
23.617535
23.647232
23.815168
23.793663
23.829504
23.822334
23.816193
Control Period
23.841793
23.831551
23.836672
23.821312
23.828480
23.806976
23.820288
23.824385
23.810047
23.704575
23.615488
23.640064
23.626751
23.829504
23.842815
23.811071
23.808001
23.819263
23.825409
23.818239
23.801857
23.838720
23.811071
23.820290
23.840767
23.818239
23.802879
23.837696
23.823360
23.810047
23.673855
23.644161
23.631872
23.768064
23.814144
23.822336
23.801857
23.828480
23.805952
23.824385
23.834623
23.826431
23.828480
23.821312
23.827456
23.812096
23.811073
23.801857
23.854080
23.832577
23.822334
23.663616
23.639040
23.636993
23.734272
23.818241
23.798784
23.838718
23.829504
23.824383
23.816193
23.816193
23.826431
23.822336
Control Period
23.820290
23.813120
23.830528
23.805952
23.819263
23.834625
23.810047
23.824385
23.731199
23.643135
23.631872
23.624702
23.644161
23.821312
23.816193
23.796736
23.831553
23.797760
23.829504
23.813120
23.827457
23.816193
23.818241
23.818241
23.806976
23.837696
23.816193
23.829504
23.816193
23.842815
23.772160
23.649281
23.627777
23.630848
23.773184
23.820288
23.813120
23.819263
23.821312
23.806976
23.825409
23.812096
23.833599
23.819263
23.805952
23.828480
23.818239
23.822336
23.812096
23.824385
23.820288
23.827457
23.796736
23.682049
23.619583
23.613441
23.678976
23.828480
23.814144
23.817215
23.787519
23.819263
23.831551
23.817215
Control Period
23.825409
23.826431
23.836674
23.815168
23.822336
23.803904
23.816193
23.821312
23.820288
23.812096
23.717888
23.629826
23.630848
23.644161
23.830528
23.823360
23.809025
23.813120
23.827457
23.801857
23.822336
23.824383
23.801857
23.824383
23.805950
23.812096
23.803904
23.807999
23.841793
23.820288
23.798784
23.823360
23.625729
23.630848
23.627775
23.755775
23.823360
23.832577
23.825409
23.852032
23.827457
23.828480
23.815166
23.812096
23.823360
23.823360
23.801857
23.831553
23.828480
23.802879
23.794689
23.827456
23.803905
23.788544
23.605247
23.604225
23.623680
23.672832
23.841793
23.817215
23.828480
23.843842
23.852032
23.801857
Control Period
23.800831
23.833599
23.813120
23.822336
23.810047
23.820290
23.824383
23.829504
23.840767
23.806976
23.827457
23.962624
23.826431
23.805952
23.801857
23.813120
23.821312
23.798784
23.811073
23.800831
23.819263
23.802879
23.825409
23.811071
23.820288
23.810047
23.830528
23.812096
23.809025
23.796738
23.817217
23.814144
23.830528
23.819263
23.829504
23.799809
23.655424
23.646210
23.613440
23.687168
23.813120
23.832577
23.818241
23.815168
23.819263
23.839745
23.821312
23.808001
23.836672
23.814144
23.810047
23.799809
23.822336
23.818241
23.818241
23.826431
23.811073
23.831553
23.821312
23.843842
23.801857
23.813120
23.699455
Control Period
23.631870
23.631872
23.636993
23.788544
23.801857
23.840767
23.841793
23.823360
23.817215
23.809025
23.816193
23.812096
23.815166
23.829504
23.812096
23.822336
23.828480
23.820288
23.830528
23.814144
23.809025
23.818241
23.852032
23.825409
23.736320
23.634945
23.604225
23.647232
23.834625
23.841793
23.821312
23.811073
23.834623
23.828480
23.817215
23.831553
23.835648
23.845888
23.821312
23.814144
23.817215
23.822334
23.831553
23.806976
23.811071
23.812096
23.834625
23.840767
23.826431
23.768064
23.624704
23.626751
23.617537
23.756800
23.833599
23.815166
23.821312
23.839745
23.833599
23.832577
23.821312
23.805952
23.821312
23.817215
Control Period
23.832577
23.849983
23.804928
23.819263
23.835648
23.826431
23.826431
23.816193
23.825409
23.805952
23.810047
23.728127
23.651329
23.627777
23.641088
23.792641
23.838720
23.836674
23.820290
23.820288
23.853056
23.810047
23.823360
23.820288
23.821312
23.816193
23.823360
23.823360
23.826431
23.820288
23.826431
23.825409
23.817215
23.822336
23.818241
23.830528
23.802879
23.820288
23.820290
23.821312
23.671808
23.630848
23.629826
23.688190
23.847935
23.844864
23.843842
23.822336
23.801857
23.823360
23.817215
23.815168
23.825409
23.819263
23.796736
23.806976
23.823360
23.813120
23.821312
23.831551
23.809025
23.800833
23.839745
23.825409
Control Period
23.825409
23.768064
23.625729
23.629824
23.641088
23.781376
23.799809
23.797760
23.819263
23.815166
23.838720
23.819263
23.805950
23.820288
23.801857
23.829504
23.810047
23.794687
23.819263
23.831551
23.829504
23.831551
23.814144
23.836674
23.831551
23.804928
23.622656
23.631872
23.628799
23.643135
23.795712
23.832577
23.808001
23.814144
23.822334
23.835648
23.829504
23.809025
23.812096
23.822334
23.814144
23.812096
23.819263
23.836672
23.846912
23.836674
23.832577
23.822336
23.816193
23.933952
23.818241
23.799809
23.656448
23.615488
23.619583
23.644161
23.633921
23.817215
23.837696
23.813120
23.809025
23.818239
23.820288
23.811073
Control Period
23.821312
23.826431
23.815166
23.806976
23.806976
23.818241
23.822334
23.815166
23.829504
23.822334
23.796738
23.816193
23.808001
23.710720
23.621632
23.606272
23.640064
23.795712
23.823360
23.821312
23.821312
23.798784
23.812096
23.802879
23.806976
23.812096
23.836672
23.811073
23.831551
23.829504
23.818241
23.800831
23.781376
23.809025
23.823360
23.845886
23.811071
23.821312
23.785473
23.639040
23.653376
23.605247
23.632896
23.773184
23.858177
23.821312
23.810047
23.799809
23.814144
23.827456
23.826431
23.817215
23.810047
23.807999
23.823360
23.811073
23.830528
23.812096
23.830528
23.797760
23.820288
23.811073
23.820288
23.808001
Control Period
23.813120
23.831551
23.811073
23.840767
23.668736
23.623680
23.613441
23.724033
23.798784
23.830528
23.820288
23.819263
23.834623
23.814144
23.841793
23.814144
23.828480
23.809025
23.815166
23.805952
23.820290
23.808001
23.831551
23.814144
23.832577
23.827456
23.804928
23.816193
23.814144
23.649281
23.638016
23.623680
23.725056
23.830528
23.841793
23.831553
23.814144
23.819263
23.809025
23.809025
23.856129
23.826431
23.818239
23.829504
23.833599
23.814144
23.810047
23.825409
23.815168
23.819263
23.797760
23.832577
23.794687
23.825409
23.774208
23.614464
23.626751
23.632896
23.738369
23.810047
23.824383
23.813120
23.828480
23.835648
Control Period
23.813120
23.812096
23.825409
23.812096
23.817215
23.825409
23.829504
23.811073
23.832577
23.803905
23.828480
23.813120
23.835648
23.846912
23.827457
23.813122
23.696384
23.611393
23.632896
23.718912
23.818241
23.801857
23.810047
23.818241
23.814144
23.809025
23.796738
23.824383
23.808001
23.809025
23.818241
23.829504
23.815166
23.812096
23.810047
23.809025
23.812096
23.793663
23.821312
23.813120
23.716864
23.648256
23.634945
23.609344
23.631872
23.827456
23.852032
23.814144
23.810047
23.788544
23.836672
23.810047
23.825409
23.824383
23.813120
23.809025
23.835648
23.820288
23.809025
23.836672
23.804928
23.827456
23.829504
23.829504
Control Period
23.825409
23.661568
23.634945
23.627777
23.636993
23.672832
23.827457
23.808001
23.815166
23.821312
23.806976
23.815166
23.824383
23.826431
23.806976
23.812096
23.821312
23.812096
23.819263
23.820288
23.825409
23.928833
23.806976
23.840767
23.816193
23.834625
23.828480
23.828480
23.831551
23.795712
23.708672
23.625729
23.633919
23.603199
23.721985
23.814144
23.822336
23.819263
23.812096
23.802879
23.832577
23.806976
23.812096
23.820290
23.831551
23.804928
23.837696
23.830528
23.815168
23.821312
23.829504
23.795712
23.836672
23.829504
23.814144
23.824383
23.806976
23.823360
23.832577
23.818241
23.853056
23.824383
23.798784
23.807999
Control Period
23.824385
23.810047
23.827456
23.821312
23.781376
23.631872
23.611393
23.651329
23.773186
23.812096
23.816193
23.809025
23.811071
23.823360
23.816193
23.816193
23.820288
23.803905
23.830528
23.819263
23.817215
23.828480
23.809025
23.799809
23.815168
23.813120
23.826431
23.801857
23.819263
23.803904
23.796736
23.832577
23.829504
23.774208
23.620609
23.641088
23.623680
23.620607
23.664639
23.847935
23.836672
23.800831
23.806976
23.824383
23.823360
23.825409
23.813120
23.809025
23.809025
23.816193
23.825409
23.823360
23.833599
23.830528
23.831553
23.830528
23.813120
23.838720
23.831553
23.837696
23.797760
23.799809
23.812096
23.806976
Control Period
23.619583
23.612415
23.611393
23.766016
23.814144
23.826431
23.813120
23.827456
23.826431
23.832577
23.824383
23.821312
23.816193
23.808001
23.806976
23.816193
23.817215
23.798784
23.804928
23.813120
23.815166
23.818241
23.837696
23.820288
23.827457
23.824383
23.823360
23.815168
23.769089
23.636993
23.634945
23.631872
23.759872
23.830528
23.796736
23.834625
23.843842
23.824383
23.816193
23.813120
23.829504
23.833599
23.819263
23.806976
23.818239
23.812096
23.810047
23.817215
23.836672
23.831551
23.816193
23.826431
23.826431
23.832577
23.633919
23.612415
23.611393
23.609344
23.799809
23.826431
23.827456
23.810047
23.833599
Control Period
23.806976
23.815168
23.797760
23.815168
23.816193
23.823360
23.833599
23.825409
23.813120
23.811073
23.825409
23.811071
23.815166
23.815166
23.827456
23.825409
23.817215
23.809025
23.788544
23.636992
23.626751
23.619583
23.705601
23.843842
23.824385
23.804928
23.829504
23.823360
23.816193
23.811071
23.842815
23.816193
23.804928
23.806976
23.800831
23.845888
23.822336
23.857153
23.829504
23.839745
23.808001
23.828480
23.838720
23.817215
23.835648
23.831553
23.823360
23.805952
23.696384
23.631872
23.612415
23.668736
23.835648
23.823360
23.814144
23.806976
23.814144
23.814144
23.811073
23.920639
23.811073
23.806976
23.832577
23.833599
Control Period
23.831551
23.831551
23.821312
23.825409
23.812096
23.827456
23.823360
23.844864
23.817215
23.813120
23.804928
23.821312
23.811071
23.807999
23.705601
23.655424
23.614464
23.658497
23.801857
23.797760
23.834623
23.829504
23.834623
23.830528
23.809025
23.835648
23.825409
23.826431
23.823360
23.809025
23.816193
23.805952
23.803905
23.803905
23.822336
23.824383
23.843840
23.833599
23.819263
23.693314
23.619583
23.611393
23.668736
23.801857
23.839745
23.807999
23.825409
23.855104
23.820290
23.813120
23.820288
23.820288
23.826431
23.802879
23.821312
23.799809
23.814144
23.805950
23.825409
23.801857
23.835648
23.822336
23.818241
23.810047
Control Period
23.846912
23.832577
23.814144
23.729153
23.628799
23.656448
23.631872
23.825409
23.815166
23.817215
23.818241
23.818241
23.813120
23.814144
23.806976
23.791616
23.813122
23.818241
23.813120
23.827456
23.816193
23.821312
23.821312
23.819263
23.827457
23.836674
23.811071
23.824383
23.823360
23.826431
23.804928
23.825409
23.803904
23.642113
23.639040
23.612415
23.721985
23.802879
23.815166
23.826431
23.804928
23.802879
23.824383
23.812096
23.809025
23.837696
23.825409
23.803904
23.810047
23.825409
23.813120
23.822336
23.799809
23.812096
23.818241
23.814144
23.804928
23.807999
23.819263
23.822336
23.746559
23.619583
23.621632
23.587841
Control Period
23.798784
23.804928
23.830528
23.829504
23.836672
23.802879
23.802879
23.804928
23.826431
23.818241
23.814144
23.817215
23.804928
23.813120
23.834625
23.827456
23.839745
23.832577
23.801857
23.827457
23.801857
23.826431
23.776257
23.621632
23.633919
23.640064
23.782398
23.811073
23.827457
23.803905
23.819263
23.805952
23.846912
23.828480
23.833599
23.814144
23.824383
23.826431
23.811073
23.817215
23.815168
23.831551
23.807999
23.828480
23.831553
23.819263
23.802879
23.832577
23.805952
23.823360
23.731199
23.629824
23.628799
23.620609
23.756802
23.804928
23.809025
23.824383
23.847937
23.833599
23.815166
23.827457
23.833599
23.838720
Control Period
23.807999
23.825409
23.797760
23.824385
23.812096
23.818241
23.818241
23.800831
23.800833
23.821312
23.827457
23.812096
23.812096
23.835648
23.833599
23.821312
23.708672
23.623680
23.614464
23.629826
23.717888
23.806976
23.787521
23.806976
23.821312
23.829504
23.806976
23.814144
23.811073
23.827456
23.821312
23.838720
23.802879
23.796738
23.803904
23.814144
23.817215
23.831553
23.815166
23.831551
23.821312
23.825409
23.811073
23.842815
23.821312
23.798782
23.633921
23.632896
23.627777
23.658497
23.809025
23.816193
23.840767
23.831553
23.830528
23.805952
23.820288
23.820290
23.800831
23.814144
23.800831
23.821312
23.808001
23.815166
Control Period
23.825409
23.792641
23.807999
23.815166
23.801857
23.815166
23.729153
23.638016
23.624702
23.617535
23.833599
23.834625
23.814144
23.829504
23.825409
23.832577
23.826431
23.813120
23.828480
23.828480
23.812096
23.812096
23.810047
23.824383
23.817215
23.827456
23.826431
23.825409
23.826431
23.810047
23.838720
23.823360
23.824383
23.815168
23.805952
23.817215
23.805952
23.817215
23.803905
23.811073
23.817215
23.664640
23.640064
23.631872
23.608320
23.805952
23.818241
23.819263
23.832577
23.827456
23.840769
23.824383
23.817215
23.814144
23.796736
23.813120
23.825409
23.814144
23.734272
23.806976
23.812096
23.813120
23.813120
23.811073
Control Period
23.824383
23.809025
23.824383
23.815168
23.827457
23.819263
23.797760
23.748608
23.606272
23.615488
23.611393
23.785473
23.811071
23.838718
23.810047
23.806976
23.803905
23.812096
23.825409
23.836672
23.825409
23.830528
23.852032
23.820288
23.801857
23.834623
23.822336
23.816193
23.809025
23.838720
23.800831
23.819263
23.823360
23.854080
23.821312
23.701504
23.617535
23.610369
23.645184
23.821312
23.810047
23.822336
23.805952
23.831551
23.826431
23.838720
23.830528
23.833599
23.815166
23.828480
23.822336
23.810047
23.828480
23.817215
23.826431
23.818239
23.845888
23.826431
23.840769
23.838718
23.818241
23.829504
23.825409
23.655422
Control Period
23.631872
23.636993
23.719936
23.842815
23.817217
23.827457
23.828480
23.835648
23.816193
23.840769
23.837696
23.818241
23.819263
23.815166
23.826431
23.838720
23.811073
23.833599
23.813120
23.820288
23.838720
23.813120
23.811071
23.823360
23.819263
23.833599
23.830528
23.635967
23.639040
23.639040
23.761921
23.814144
23.824383
23.813120
23.823360
23.827457
23.815166
23.805952
23.813120
23.810047
23.803904
23.823360
23.826431
23.831551
23.823360
23.818241
23.830528
23.821312
23.805950
23.801857
23.812096
23.818241
23.827457
23.825409
23.829504
23.685120
23.629824
23.629826
23.626751
23.836672
23.821312
23.818241
23.834623
23.834625
Control Period
23.827457
23.811073
23.844864
23.816193
23.822336
23.929855
23.838720
23.815166
23.823360
23.845888
23.837696
23.825409
23.813120
23.798784
23.813120
23.824383
23.813120
23.830528
23.828480
23.656448
23.618561
23.621632
23.743488
23.845888
23.813120
23.817215
23.812096
23.812096
23.832577
23.815168
23.807999
23.848961
23.819263
23.808001
23.841793
23.798784
23.823360
23.817215
23.813122
23.832577
23.814144
23.837696
23.824383
23.819263
23.830528
23.814144
23.827457
23.680000
23.626751
23.602177
23.625729
23.691263
23.813120
23.805950
23.841793
23.831553
23.814144
23.823360
23.807999
23.819263
23.800831
23.823360
23.844864
23.839745
Control Period
23.809025
23.813120
23.806976
23.810047
23.800831
23.825409
23.830528
23.815166
23.808001
23.812096
23.839745
23.823360
23.805950
23.658497
23.630848
23.623680
23.728128
23.818241
23.799809
23.811073
23.820290
23.817215
23.809025
23.826431
23.823360
23.808001
23.854080
23.802879
23.836672
23.830528
23.845888
23.814144
23.809025
23.818239
23.838720
23.858177
23.829504
23.801857
23.810047
23.813120
23.828480
23.825409
23.674881
23.623680
23.622656
23.686144
23.812096
23.821312
23.816193
23.814144
23.843842
23.842815
23.825409
23.852032
23.840767
23.824383
23.811073
23.826431
23.818241
23.803904
23.819263
23.811073
23.797760
Control Period
23.840769
23.812096
23.824383
23.810047
23.839745
23.818239
23.838720
23.775230
23.648256
23.642113
23.632896
23.796736
23.834625
23.807999
23.799809
23.796736
23.802879
23.812096
23.810047
23.806976
23.820288
23.818241
23.836674
23.826431
23.829504
23.810047
23.817215
23.814144
23.823360
23.842815
23.812096
23.812096
23.818241
23.809025
23.788544
23.633919
23.604223
23.645184
23.762943
23.823360
23.810047
23.817215
23.823360
23.807999
23.807999
23.792641
23.837696
23.800831
23.816193
23.810047
23.823360
23.834625
23.827457
23.831551
23.813120
23.815166
23.814144
23.824385
23.820288
23.825409
23.837696
23.826431
23.744513
23.663616
Control Period
23.625729
23.606272
23.804928
23.831553
23.843842
23.813120
23.814144
23.846912
23.822334
23.837696
23.820288
23.846912
23.824385
23.827456
23.842815
23.822336
23.814144
23.814144
23.824383
23.825409
23.819263
23.840767
23.806976
23.806976
23.817215
23.826431
23.827456
23.795712
23.633919
23.612415
23.620609
23.741440
23.803904
23.815166
23.821312
23.819263
23.811071
23.811073
23.817215
23.811073
23.808001
23.804928
23.834625
23.937023
23.844864
23.839745
23.836672
23.815168
23.805952
23.848961
23.827456
23.818239
23.822336
23.833599
23.825409
23.825409
23.653376
23.611393
23.626751
23.709696
23.828480
23.821312
23.836672
23.803905
Control Period
23.823360
23.816193
23.804928
23.824383
23.832577
23.821312
23.812096
23.813120
23.826431
23.801857
23.840767
23.835648
23.811071
23.814144
23.813120
23.828480
23.811073
23.815168
23.815168
23.820288
23.817215
23.608320
23.615486
23.601151
23.749632
23.814144
23.831553
23.815166
23.828480
23.823360
23.812096
23.806976
23.846912
23.831551
23.805950
23.820288
23.811073
23.823360
23.823360
23.845888
23.812096
23.830528
23.807999
23.816193
23.818241
23.822334
23.817215
23.802879
23.823360
23.803905
23.834623
23.833599
23.812096
23.844864
23.815166
23.835648
23.811073
23.825409
23.804928
23.812096
23.834625
23.823360
23.843842
23.823360
Control Period
23.804928
23.819263
23.824383
23.823360
23.804928
23.802879
23.821312
23.828480
23.819263
23.835648
23.641088
23.630848
23.635967
23.688190
23.818241
23.822334
23.810047
23.816193
23.823360
23.832577
23.797760
23.821312
23.806976
23.819263
23.825409
23.825409
23.803904
23.830528
23.852032
23.815168
23.842815
23.818241
23.819263
23.829504
23.811073
23.826431
23.815166
23.810047
23.769089
23.642113
23.616512
23.617535
23.753727
23.804928
23.807999
23.811071
23.835648
23.827456
23.817215
23.823360
23.794689
23.838720
23.828480
23.820290
23.805952
23.809025
23.821312
23.820288
23.828480
23.823360
23.802879
23.822336
23.825409
23.830528
Control Period
23.824383
23.823360
23.830528
23.687168
23.662592
23.636993
23.628799
23.717888
23.821312
23.825409
23.817215
23.806976
23.806976
23.811073
23.823360
23.812096
23.825409
23.794689
23.818241
23.825409
23.805952
23.815166
23.838720
23.813120
23.827457
23.817215
23.811073
23.821312
23.823360
23.806976
23.834625
23.823360
23.744513
23.641087
23.615486
23.654400
23.836672
23.831553
23.817215
23.805952
23.823360
23.833599
23.841793
23.827457
23.817215
23.814144
23.841793
23.814144
23.818241
23.823360
23.826431
23.811071
23.830528
23.833599
23.829504
23.815166
23.822336
23.824385
23.811073
23.829504
23.760895
23.642113
23.622656
23.640064
Control Period
23.741440
23.837696
23.826431
23.831551
23.824385
23.811071
23.818241
23.809025
23.803904
23.816193
23.834623
23.819263
23.814144
23.818241
23.821312
23.819263
23.944191
23.822336
23.807999
23.819263
23.827456
23.820288
23.823360
23.821312
23.829504
23.694336
23.636993
23.612415
23.708672
23.835648
23.839745
23.811073
23.822334
23.847935
23.831553
23.832577
23.830528
23.814144
23.810047
23.810047
23.815168
23.839745
23.818239
23.825409
23.826431
23.824385
23.817215
23.824385
23.823360
23.815168
23.811071
23.830528
23.825409
23.829504
23.698433
23.622656
23.632896
23.618561
23.688190
23.818241
23.838718
23.831551
23.837696
23.841793
Control Period
23.822336
23.839745
23.837696
23.813120
23.834625
23.838720
23.802879
23.802879
23.800833
23.814144
23.823360
23.819263
23.810047
23.830528
23.822336
23.849983
23.826431
23.810047
23.634945
23.636993
23.630848
23.738369
23.823360
23.831553
23.822336
23.822336
23.826431
23.838720
23.823360
23.836672
23.835648
23.818241
23.824383
23.734272
23.811073
23.837696
23.845888
23.824385
23.818239
23.818241
23.799809
23.821312
23.833599
23.806976
23.832577
23.825409
23.687168
23.668736
23.644161
23.619583
23.822336
23.851009
23.811071
23.815168
23.830528
23.828480
23.817215
23.847937
23.817215
23.810047
23.818241
23.830528
23.810047
23.818241
Control Period
23.812096
23.807999
23.825409
23.803905
23.824385
23.805950
23.809025
23.838720
23.828480
23.797760
23.700481
23.623680
23.617535
23.676928
23.826431
23.837696
23.819263
23.825409
23.823360
23.838720
23.832577
23.821312
23.820288
23.838720
23.824385
23.822336
23.839745
23.833599
23.828480
23.815168
23.793663
23.813120
23.813120
23.811073
23.822334
23.808001
23.830528
23.760895
23.635967
23.618561
23.612415
23.820288
23.810047
23.809025
23.813120
23.828480
23.818241
23.806976
23.823360
23.829504
23.824383
23.804928
23.803904
23.814144
23.839745
23.818241
23.826431
23.834625
23.819263
23.839745
23.834625
23.831551
23.820290
Control Period
23.831553
23.823360
23.809025
23.757824
23.621632
23.613441
23.614464
23.630848
23.820290
23.821312
23.832577
23.825409
23.852032
23.838720
23.828480
23.829504
23.803904
23.817215
23.799809
23.844864
23.822336
23.812096
23.829504
23.826431
23.799809
23.849983
23.838720
23.806976
23.816193
23.811073
23.819263
23.809025
23.706623
23.621632
23.630848
23.647232
23.817215
23.828480
23.835648
23.817215
23.805952
23.816193
23.817215
23.825409
23.816193
23.811071
23.823360
23.815168
23.809025
23.820288
23.846912
23.813120
23.819263
23.829504
23.940096
23.830528
23.821312
23.816193
23.827457
23.824385
23.817215
23.672832
23.628799
23.652351
Control Period
23.662592
23.844864
23.829504
23.830528
23.827456
23.846912
23.833599
23.823360
23.828480
23.820290
23.813120
23.811073
23.826431
23.802879
23.821312
23.831553
23.799809
23.813120
23.822336
23.839745
23.824383
23.827456
23.821312
23.815166
23.800831
23.816193
23.623680
23.635967
23.627777
23.711744
23.841793
23.820290
23.797760
23.805952
23.816193
23.849983
23.810047
23.817215
23.817215
23.823360
23.816193
23.800831
23.809025
23.799809
23.798782
23.808001
23.846912
23.830528
23.800833
23.810047
23.815166
23.834625
23.647232
23.627777
23.614464
23.696384
23.811071
23.828480
23.814144
23.819263
23.812096
23.807999
23.825409
23.824383
Control Period
23.805952
23.830528
23.839745
23.831551
23.803904
23.800831
23.833599
23.801857
23.812096
23.833599
23.830528
23.830528
23.831553
23.827457
23.835648
23.843842
23.816193
23.812096
23.815166
23.812096
23.812096
23.826431
23.845886
23.830528
23.787519
23.837696
23.818241
23.821312
23.819263
23.830528
23.824383
23.803904
23.832577
23.807999
23.813120
23.812096
23.810047
23.829504
23.805950
23.806976
23.817215
23.820288
23.647232
23.619583
23.622656
23.766016
23.813120
23.824383
23.817215
23.825409
23.829504
23.818239
23.822336
23.822336
23.825409
23.805950
23.809025
23.828480
23.819263
23.816193
23.839745
23.824383
23.820290
23.813120
Control Period
23.790592
23.814144
23.810047
23.820288
23.826431
23.826431
23.822336
23.720959
23.603199
23.625729
23.641088
23.778305
23.848961
23.816193
23.798784
23.811073
23.828480
23.813120
23.839745
23.833599
23.829504
23.803904
23.817215
23.821312
23.821312
23.803905
23.809025
23.836672
23.806976
23.835648
23.817215
23.828480
23.819263
23.819263
23.835648
23.840767
23.821312
23.707649
23.648256
23.640064
23.625729
23.715839
23.834625
23.829504
23.836674
23.836672
23.831553
23.815168
23.801857
23.839745
23.848961
23.833599
23.826431
23.828480
23.835648
23.824385
23.808001
23.806976
23.823360
23.827457
23.836672
23.819263
23.807999
23.823360
Control Period
23.828480
23.801857
23.736320
23.625729
23.604225
23.629824
23.774208
23.809025
23.798784
23.826431
23.805952
23.803905
23.813120
23.859200
23.814144
23.857151
23.830528
23.822334
23.817215
23.811073
23.827457
23.828480
23.814144
23.812096
23.807999
23.819263
23.826431
23.924736
23.806976
23.742464
23.651329
23.629826
23.632896
23.728127
23.836672
23.816193
23.821312
23.822336
23.838718
23.829504
23.842815
23.810047
23.816193
23.829504
23.840769
23.815166
23.806976
23.811073
23.827456
23.807999
23.834625
23.825409
23.822336
23.794689
23.827457
23.802879
23.822336
23.821312
23.633919
23.649281
23.630848
23.713791
23.825409
23.818241
Control Period
23.824383
23.804928
23.827456
23.816193
23.830528
23.845888
23.829504
23.826431
23.820288
23.832577
23.847935
23.813120
23.803905
23.823360
23.825409
23.805952
23.846912
23.805950
23.820290
23.829504
23.816193
23.807999
23.711742
23.614464
23.598080
23.610367
23.831553
23.825409
23.823360
23.806976
23.820288
23.845888
23.830528
23.845888
23.829504
23.838720
23.828480
23.806976
23.827457
23.843842
23.819263
23.807999
23.809025
23.823360
23.822334
23.814144
23.803904
23.818241
23.797760
23.807999
23.642113
23.647232
23.648254
23.609344
23.793665
23.818241
23.816193
23.808001
23.796736
23.821312
23.826431
23.820288
23.813120
23.831553
Control Period
23.827456
23.799809
23.806976
23.802879
23.810047
23.812096
23.810047
23.823360
23.833599
23.838720
23.822334
23.829504
23.801857
23.829504
23.821312
23.829504
23.757824
23.620607
23.636993
23.632896
23.796738
23.815168
23.815168
23.842815
23.820288
23.836674
23.821312
23.827456
23.825409
23.822334
23.814144
23.804928
23.838720
23.816193
23.816193
23.826431
23.801857
23.820288
23.797760
23.827457
23.803904
23.819263
23.806976
23.853058
23.737343
23.646208
23.614464
23.634945
23.719936
23.837696
23.813120
23.831551
23.801855
23.818241
23.803905
23.831553
23.812096
23.807999
23.810047
23.825409
23.828480
23.809025
23.826431
23.836672
Control Period
23.805950
23.814144
23.822336
23.830528
23.822336
23.825409
23.705601
23.643135
23.631872
23.687168
23.843840
23.814144
23.806976
23.814144
23.822336
23.811071
23.820288
23.829504
23.824385
23.824385
23.819263
23.827457
23.819263
23.805952
23.809025
23.821312
23.815168
23.822334
23.819263
23.808001
23.827457
23.819263
23.821312
23.815166
23.788544
23.646208
23.636993
23.626751
23.669760
23.851009
23.831553
23.810047
23.830528
23.831551
23.828480
23.815166
23.820288
23.819263
23.831553
23.802879
23.812096
23.800831
23.830528
23.806976
23.812096
23.831553
23.819263
23.804928
23.852032
23.818241
23.824385
23.819263
23.813120
23.706623
Control Period
23.628799
23.629824
23.645184
23.837696
23.806976
23.843840
23.836672
23.830528
23.796736
23.811073
23.824385
23.829504
23.812096
23.835648
23.823360
23.825409
23.817215
23.810047
23.813120
23.804928
23.809025
23.825409
23.815168
23.813120
23.817215
23.835648
23.832577
23.743488
23.635967
23.618561
23.621632
23.830528
23.833599
23.832577
23.821312
23.805952
23.820288
23.810047
23.811071
23.814144
23.809025
23.822334
23.827456
23.813120
23.812096
23.804928
23.820290
23.827456
23.825409
23.796736
23.815168
23.806976
23.796736
23.799809
23.816193
23.800831
23.805952
23.624702
23.630848
23.632896
23.719936
23.845888
23.806976
23.811073
Control Period
23.817215
23.841793
23.831553
23.803905
23.828480
23.813120
23.812096
23.817215
23.819263
23.790592
23.828480
23.813120
23.833599
23.800833
23.837696
23.835648
23.827457
23.822336
23.807999
23.798782
23.820288
23.781376
23.654400
23.639040
23.624704
23.636993
23.731201
23.831551
23.847935
23.828480
23.838720
23.824385
23.822336
23.816193
23.818241
23.812096
23.828480
23.814144
23.814144
23.830528
23.813120
23.806976
23.792641
23.830528
23.809025
23.830528
23.816193
23.829504
23.832577
23.818241
23.822336
23.810047
23.816193
23.803904
23.832577
23.816193
23.815166
23.822334
23.802879
23.821312
23.818241
23.815168
23.809025
Control Period
23.819263
23.815166
23.834625
23.857151
23.831551
23.813120
23.822334
23.796738
23.802879
23.830528
23.833599
23.813120
23.831551
23.659519
23.624702
23.646208
23.738369
23.807999
23.818241
23.810047
23.848961
23.815166
23.814144
23.818241
23.830528
23.811071
23.807999
23.801857
23.832577
23.821312
23.806976
23.872513
23.826431
23.809025
23.808001
23.823360
23.816193
23.809025
23.818241
23.817215
23.823360
23.670784
23.620609
23.615486
23.712769
23.811073
23.810047
23.815166
23.836672
23.806976
23.811071
23.842815
23.824383
23.846912
23.829504
23.823360
23.809025
23.837696
23.819263
23.837696
23.812096
23.831551
23.862272
23.831551
Control Period
23.815168
23.834625
23.827457
23.854080
23.732224
23.623680
23.632896
23.625729
23.726080
23.838720
23.822336
23.818241
23.839745
23.813120
23.811071
23.828480
23.826431
23.819263
23.815168
23.827456
23.827456
23.810047
23.809025
23.817215
23.810047
23.800831
23.819263
23.828480
23.817215
23.846912
23.829504
23.758848
23.638016
23.646208
23.616512
23.630848
23.814144
23.938047
23.819263
23.810047
23.819263
23.817215
23.823360
23.799809
23.819263
23.839745
23.826431
23.811071
23.810047
23.826431
23.836674
23.810047
23.824383
23.836672
23.824383
23.823360
23.816193
23.831553
23.802879
23.721985
23.642113
23.634945
23.649281
23.821312
Control Period
23.829504
23.806976
23.811073
23.824383
23.812096
23.830528
23.835648
23.827457
23.839745
23.824383
23.805952
23.820288
23.777279
23.837696
23.815166
23.815168
23.797760
23.822336
23.805952
23.813120
23.806976
23.804928
23.824383
23.767040
23.646208
23.625729
23.623680
23.650303
23.804928
23.810047
23.811073
23.827457
23.838720
23.803905
23.824385
23.820288
23.820288
23.821312
23.805952
23.809025
23.820288
23.801857
23.818241
23.847935
23.817215
23.803905
23.846912
23.813120
23.820290
23.815166
23.820290
23.819263
23.779327
23.635967
23.629826
23.621632
23.734272
23.831553
23.829504
23.818241
23.804928
23.826431
23.833599
23.831551
Control Period
23.820288
23.809025
23.819263
23.827457
23.821312
23.831551
23.826431
23.818241
23.823360
23.815168
23.841793
23.809025
23.819263
23.823360
23.828480
23.824383
23.781376
23.634945
23.628799
23.617535
23.703552
23.819263
23.809025
23.815166
23.831551
23.805952
23.819263
23.835648
23.829504
23.825409
23.816193
23.818241
23.822336
23.824383
23.828480
23.815168
23.834623
23.817215
23.828480
23.841793
23.833599
23.805950
23.805952
23.851009
23.801857
23.816193
23.714817
23.621632
23.607296
23.665665
23.820288
23.821312
23.824383
23.824383
23.829504
23.834625
23.840769
23.820288
23.815168
23.804928
23.835648
23.830528
23.826431
23.813120
Control Period
23.845888
23.820288
23.841793
23.841793
23.834625
23.821312
23.821312
23.826431
23.813120
23.830528
23.799809
23.630848
23.645184
23.608318
23.756800
23.813120
23.813120
23.823360
23.813120
23.817215
23.814144
23.807999
23.806976
23.819263
23.811071
23.847937
23.829504
23.807999
23.833599
23.817215
23.829504
23.828480
23.829504
23.789568
23.838720
23.829504
23.809025
23.832577
23.804928
23.721985
23.630848
23.614464
23.648256
23.805952
23.813120
23.832577
23.816193
23.797760
23.816193
23.818241
23.822336
23.814144
23.805952
23.822336
23.807999
23.824383
23.829504
23.832577
23.833599
23.832577
23.785473
23.803905
23.816193
23.818241
Control Period
23.817215
23.824383
23.818241
23.761921
23.630848
23.627777
23.632896
23.764992
23.846912
23.806976
23.937023
23.832577
23.814144
23.820288
23.822336
23.801857
23.809025
23.824383
23.818241
23.815166
23.823360
23.819263
23.836672
23.802879
23.817215
23.798782
23.818239
23.807999
23.817215
23.835648
23.825409
23.713791
23.623680
23.623680
23.617535
23.704575
23.817215
23.807999
23.823360
23.812096
23.836672
23.824383
23.825409
23.839745
23.818241
23.817215
23.839745
23.834625
23.808001
23.814144
23.835648
23.822334
23.816193
23.838720
23.826431
23.819263
23.829504
23.826431
23.831553
23.782400
23.627777
23.632896
23.621632
23.811073
Control Period
23.830528
23.804928
23.811073
23.819263
23.813120
23.810047
23.830528
23.804928
23.830528
23.831551
23.825409
23.833599
23.815168
23.810047
23.835648
23.836674
23.823360
23.828480
23.827456
23.827457
23.821312
23.812096
23.815168
23.843840
23.828480
23.665665
23.611393
23.614464
23.689217
23.815166
23.818241
23.815168
23.818239
23.839745
23.832577
23.841793
23.830528
23.856129
23.821312
23.812096
23.827457
23.811073
23.842815
23.806976
23.809025
23.823360
23.814144
23.828480
23.804928
23.805952
23.826431
23.816193
23.809025
23.849983
23.692287
23.631872
23.642113
23.625729
23.786495
23.804928
23.810047
23.823360
23.843840
23.834625
Control Period
23.833599
23.810047
23.833599
23.804928
23.801857
23.806976
23.802879
23.815168
23.834623
23.816193
23.792641
23.820288
23.817215
23.831553
23.823360
23.820288
23.824383
23.645184
23.613440
23.626751
23.742464
23.758846
23.813120
23.809025
23.822336
23.842815
23.819263
23.867393
23.826431
23.826431
23.818241
23.821312
23.817215
23.822336
23.823360
23.819263
23.831551
23.807999
23.787519
23.818241
23.819263
23.810047
23.802879
23.810047
23.813120
23.789568
23.617537
23.607296
23.632896
23.619583
23.725056
23.806976
23.812096
23.746559
23.833599
23.819263
23.823360
23.823360
23.820288
23.835648
23.825409
23.840767
23.820290
Control Period
23.814144
23.810047
23.828480
23.808001
23.812096
23.818241
23.813120
23.835648
23.823360
23.822334
23.844864
23.789568
23.619583
23.628799
23.624704
23.640064
23.770111
23.817215
23.804928
23.818239
23.816193
23.814144
23.836672
23.838720
23.842815
23.829504
23.836672
23.816193
23.816193
23.795712
23.821312
23.822334
23.788544
23.820288
23.838718
23.815166
23.820290
23.800831
23.813120
23.727104
23.830528
23.627775
23.661568
23.621632
23.626753
23.826431
23.839745
23.796736
23.937023
23.823360
23.826431
23.812096
23.834625
23.824385
23.804928
23.800833
23.828480
23.825409
23.822336
23.838718
23.821312
23.828480
23.820288
23.831553
Control Period
23.827457
23.818241
23.831553
23.818241
23.803904
23.731201
23.624704
23.616512
23.644161
23.821312
23.820290
23.811071
23.808001
23.823360
23.832577
23.806976
23.807999
23.813120
23.826431
23.802879
23.814144
23.828480
23.815166
23.829504
23.804928
23.814144
23.797760
23.806976
23.819263
23.811071
23.817215
23.798782
23.733248
23.631872
23.628799
23.630848
23.844864
23.823360
23.829504
23.844864
23.825409
23.826431
23.831551
23.825409
23.837696
23.820288
23.809025
23.818241
23.793663
23.829504
23.821312
23.827457
23.832577
23.800831
23.829504
23.828480
23.830528
23.818239
23.824385
23.831553
23.806976
23.837696
23.671808
23.636993
Control Period
23.613441
23.667713
23.802879
23.806976
23.828480
23.831551
23.830528
23.817215
23.848961
23.814144
23.831553
23.836672
23.825409
23.818239
23.822336
23.827457
23.824385
23.823360
23.824383
23.816193
23.830528
23.816193
23.839745
23.822334
23.813120
23.817215
23.803905
23.791615
23.615486
23.611393
23.611393
23.755775
23.823360
23.808001
23.829504
23.817215
23.801857
23.827457
23.838718
23.822334
23.832577
23.827456
23.819263
23.831551
23.805952
23.809025
23.827456
23.822334
23.826431
23.813120
23.839745
23.825409
23.831551
23.824383
23.819263
23.838720
23.673855
23.610367
23.631872
23.658497
23.800831
23.819263
23.821312
23.817215
Control Period
23.811073
23.819263
23.792641
23.815166
23.815168
23.810047
23.815168
23.831553
23.819263
23.812096
23.824383
23.821312
23.832577
23.819263
23.837696
23.797760
23.813120
23.819263
23.822336
23.852032
23.675903
23.625729
23.632896
23.628799
23.827457
23.831551
23.825409
23.815166
23.801857
23.853056
23.797760
23.794689
23.810047
23.835648
23.867392
23.819263
23.833599
23.829504
23.828480
23.811073
23.807999
23.823360
23.831551
23.836672
23.823360
23.822336
23.833599
23.830528
23.716864
23.608320
23.620609
23.620609
23.828480
23.811073
23.820288
23.819263
23.839745
23.818241
23.831551
23.811071
23.820288
23.824383
23.821312
23.840767
Control Period
23.820288
23.819263
23.811073
23.815166
23.824385
23.806976
23.822336
23.810047
23.819263
23.833599
23.839745
23.771137
23.641088
23.607296
23.634945
23.823360
23.811073
23.820288
23.831551
23.833599
23.813120
23.926785
23.820290
23.853056
23.812096
23.829504
23.844864
23.828480
23.804928
23.838718
23.832577
23.823360
23.823360
23.828480
23.793663
23.824383
23.818241
23.818241
23.816193
23.845888
23.823360
23.673855
23.643135
23.621632
23.723007
23.832577
23.818241
23.822336
23.811071
23.827456
23.812096
23.837696
23.839745
23.832577
23.841793
23.831551
23.828480
23.815168
23.814144
23.829504
23.832577
23.818241
23.805952
23.819263
Control Period
23.820290
23.811071
23.813120
23.805952
23.820290
23.805952
23.605247
23.622656
23.635967
23.635967
23.785473
23.804928
23.814144
23.821312
23.813120
23.817215
23.840767
23.830528
23.799809
23.828480
23.827456
23.839745
23.821312
23.811071
23.812096
23.821312
23.797760
23.798782
23.820288
23.819263
23.828480
23.819263
23.824383
23.826431
23.804928
23.647232
23.627777
23.636992
23.770111
23.805952
23.814144
23.817215
23.822336
23.828480
23.810047
23.793663
23.812096
23.805952
23.805952
23.801855
23.814144
23.822334
23.805952
23.826431
23.817215
23.817215
23.806976
23.811073
23.831551
23.822336
23.814144
23.825409
23.824383
23.834625
Control Period
23.813120
23.622656
23.619583
23.611393
23.734272
23.820288
23.815166
23.805952
23.828480
23.829504
23.815168
23.817215
23.819263
23.811071
23.818241
23.812096
23.835648
23.815166
23.819263
23.821312
23.818241
23.824383
23.840769
23.846912
23.820290
23.821312
23.836672
23.822334
23.800831
23.705601
23.624702
23.642113
23.701504
23.838720
23.821312
23.829504
23.818241
23.818241
23.818239
23.809025
23.806976
23.826431
23.801857
23.825409
23.812096
23.799809
23.818239
23.828480
23.829504
23.834625
23.827457
23.820288
23.805950
23.833599
23.843842
23.829504
23.830528
23.816193
23.822336
23.821312
23.835648
23.822336
23.796736
23.805952
Control Period
23.810047
23.818241
23.822336
23.822336
23.796738
23.818239
23.799809
23.792641
23.829504
23.820288
23.829504
23.813122
23.839745
23.830528
23.851007
23.825409
23.823360
23.731201
23.626751
23.612415
23.645184
23.749632
23.836672
23.822336
23.812096
23.798784
23.823360
23.814144
23.828480
23.804928
23.829504
23.817215
23.836672
23.839745
23.815166
23.800833
23.810047
23.824383
23.828480
23.835648
23.804928
23.803904
23.783424
23.810047
23.828480
23.769089
23.641087
23.624702
23.650303
23.786495
23.829504
23.837696
23.837696
23.823360
23.809025
23.808001
23.831553
23.832577
23.813120
23.827457
23.839745
23.833599
23.836672
Control Period
23.833599
23.843840
23.809025
23.817215
23.812096
23.828480
23.805952
23.834623
23.824383
23.842815
23.804928
23.789568
23.623680
23.633921
23.621632
23.764992
23.827457
23.817215
23.812096
23.819263
23.825409
23.822336
23.811073
23.815166
23.821312
23.815166
23.818241
23.806976
23.820288
23.822334
23.784447
23.839745
23.821312
23.820288
23.823360
23.811073
23.809025
23.824383
23.838718
23.736320
23.654400
23.623680
23.628799
23.778305
23.822336
23.816193
23.814144
23.799809
23.804928
23.810047
23.834625
23.841793
23.829504
23.817215
23.819263
23.819263
23.837696
23.821312
23.828480
23.843842
23.811071
23.805952
23.819263
23.794687
Control Period
23.815168
23.802879
23.823360
23.828480
23.813120
23.745537
23.638016
23.622656
23.618561
23.752705
23.826431
23.803905
23.815166
23.826431
23.809025
23.804928
23.805952
23.823360
23.826431
23.824383
23.829504
23.811071
23.825409
23.811071
23.832577
23.838720
23.818241
23.800831
23.809025
23.817215
23.817215
23.813120
23.808001
23.822336
23.759872
23.638016
23.622656
23.615488
23.686144
23.826431
23.819263
23.831553
23.804928
23.819263
23.810047
23.844864
23.832577
23.823360
23.821312
23.825409
23.829504
23.847937
23.804928
23.818241
23.783424
23.833599
23.820288
23.833599
23.833599
23.803905
23.824383
23.835648
23.846912
23.828480
Control Period
23.763969
23.635967
23.653376
23.625729
23.756802
23.838718
23.803904
23.813120
23.830528
23.818241
23.831553
23.798784
23.809025
23.813120
23.806976
23.842815
23.797760
23.814144
23.801857
23.813120
23.817215
23.816193
23.799809
23.824385
23.825409
23.832577
23.821312
23.816193
23.668736
23.657471
23.633919
23.692287
23.811073
23.818241
23.822336
23.807999
23.803905
23.802879
23.810047
23.815166
23.826431
23.812096
23.837696
23.822336
23.834623
23.826431
23.818241
23.856129
23.818239
23.810047
23.804928
23.809025
23.797760
23.810047
23.831551
23.797760
23.795712
23.655424
23.630848
23.628799
23.732224
23.823360
23.822336
23.797760
Control Period
23.804928
23.813120
23.814144
23.804928
23.824383
23.823360
23.834625
23.812096
23.826431
23.820288
23.814144
23.825409
23.831551
23.807999
23.816193
23.806976
23.822336
23.816193
23.842815
23.825409
23.844864
23.833599
23.812096
23.753727
23.670784
23.622656
23.636992
23.823360
23.831553
23.806976
23.796736
23.837696
23.929855
23.810047
23.816193
23.813120
23.836674
23.821312
23.823360
23.807999
23.822336
23.821312
23.810047
23.815168
23.818239
23.816193
23.809025
23.807999
23.811073
23.827456
23.822334
23.793663
23.619583
23.633921
23.609344
23.706623
23.821312
23.838720
23.825409
23.806976
23.805952
23.832577
23.823360
23.818239
Control Period
23.823360
23.821312
23.852032
23.829504
23.811073
23.816193
23.817215
23.815168
23.828480
23.846912
23.818239
23.813120
23.831551
23.818241
23.819263
23.643135
23.638016
23.623680
23.635967
23.805952
23.782400
23.828480
23.835648
23.836672
23.801857
23.826431
23.804928
23.819263
23.822336
23.839745
23.827456
23.833599
23.801857
23.807999
23.815168
23.819263
23.798784
23.808001
23.833599
23.816193
23.802879
23.796738
23.814144
23.747583
23.616512
23.641087
23.634945
23.669760
23.814144
23.812096
23.825409
23.822334
23.814144
23.833599
23.813120
23.818241
23.834623
23.826431
23.809025
23.809025
23.812096
23.822334
23.813120
23.821312
Control Period
23.811073
23.853056
23.817215
23.829504
23.809025
23.813120
23.812096
23.791616
23.815168
23.768063
23.648256
23.632896
23.630848
23.769089
23.835648
23.796738
23.804928
23.801857
23.804928
23.819263
23.793663
23.841793
23.823360
23.821312
23.836672
23.828480
23.803905
23.812096
23.813120
23.824383
23.816193
23.835648
23.826431
23.828480
23.833599
23.836672
23.821312
23.831553
23.779327
23.595009
23.619583
23.625729
23.620609
23.766016
23.811073
23.798784
23.821312
23.813120
23.811071
23.828480
23.807999
23.820288
23.835648
23.816193
23.838720
23.810047
23.816193
23.799809
23.802879
23.819263
23.810047
23.816193
23.821312
23.799809
Control Period
23.830528
23.826431
23.820288
23.805952
23.692287
23.625729
23.638016
23.630848
23.642113
23.843840
23.816193
23.838718
23.830528
23.829504
23.818239
23.812096
23.801857
23.835648
23.830528
23.821312
23.816193
23.839745
23.791616
23.820288
23.807999
23.831551
23.824383
23.820290
23.830528
23.828480
23.826431
23.839745
23.821312
23.819263
23.842815
23.833599
23.838718
23.818239
23.815166
23.819263
23.830528
23.805952
23.829504
23.809025
23.822336
23.834625
23.821312
23.817215
23.825409
23.839745
23.814144
23.795712
23.625729
23.632896
23.612415
23.786495
23.825409
23.807999
23.823360
23.833599
23.805952
23.810047
23.828480
23.820288
Control Period
23.842815
23.813120
23.817215
23.816193
23.818241
23.818241
23.823360
23.820288
23.804928
23.825409
23.833599
23.815166
23.845888
23.805952
23.810047
23.807999
23.798784
23.721985
23.608318
23.641087
23.626751
23.801857
23.799809
23.812096
23.827456
23.835648
23.824383
23.828480
23.808001
23.833599
23.830528
23.828480
23.807999
23.830528
23.825409
23.817215
23.812096
23.826431
23.827457
23.840769
23.792641
23.807999
23.797760
23.827457
23.811073
23.797760
23.706623
23.624702
23.630848
23.624702
23.806976
23.816193
23.805950
23.805952
23.813120
23.823360
23.791615
23.825409
23.821312
23.794689
23.838718
23.823360
23.820288
23.809025
Control Period
23.827456
23.856129
23.823360
23.819263
23.825409
23.822336
23.805950
23.823360
23.800831
23.795712
23.613440
23.622656
23.623680
23.740416
23.816193
23.835648
23.813120
23.844864
23.802879
23.813120
23.812096
23.809025
23.822336
23.822336
23.828480
23.819263
23.830528
23.809025
23.815168
23.815168
89.194534
153.525269
217.407501
281.878540
346.317810
410.725342
475.188171
539.645874
604.051331
Control Period
668.521301
732.929810
785.637878
838.792419
892.105652
945.500854
998.809998
1052.183716
1105.546143
1158.920898
1212.250610
1264.984375
1318.124634
1371.435913
1424.745117
1478.065552
1531.416748
1584.795654
1638.134521
1691.481689
1744.310669
Control Period
1792.881836
1801.869507
1808.883911
1820.081421
1831.316772
1838.928223
1851.311523
1860.610474
1869.018555
1879.398926
1886.975586
1896.241821
1906.949829
1916.477173
1927.202637
1935.100830
1943.359375
1954.099121
1959.963623
1970.657227
1981.334473
1989.887939
1998.857178
2006.694946
Control Period
2016.839722
2024.069214
2032.493652
2042.353760
2052.502686
2056.164551
2058.355957
2064.520508
2069.593506
2073.166260
2081.006104
2090.840576
2100.738525
2108.074463
2118.221191
2124.118408
2131.077637
2132.170166
2139.761230
2145.933838
2153.386475
2162.708008
2170.505859
2178.638428
2184.524414
Control Period
2190.401123
2197.346924
2203.290283
2207.204102
2214.211426
2221.849365
2231.758545
2239.031006
2248.699707
2254.582520
2260.490967
2262.703857
2270.346924
2274.259766
2282.751953
2290.387939
2300.298340
2307.911865
2317.987061
2319.859863
2324.295898
2325.383301
2333.000977
2339.200195
2346.847412
Control Period
2356.719727
2364.360840
2374.516846
2380.181641
2383.150146
2385.863770
2390.968506
2394.927246
2402.258057
2409.903320
2419.800293
2427.463867
2440.158447
2447.531250
2453.714111
2459.108643
2461.949219
2469.600586
2476.582275
2484.744629
2492.921387
2501.101074
2501.270020
2470.690430
2444.401367
2412.023438
2376.196777
Control Period
2341.532471
2307.789551
2280.474365
2244.774658
2205.910889
2171.183105
2143.068115
2109.877197
2069.779541
2028.658813
1993.883789
1966.947510
1936.484619
1907.123535
1868.323242
1838.949829
1806.155273
1775.520264
1745.150513
1711.004272
1688.737427
1655.356079
1626.530518
1589.596924
1558.005493
1530.646240
1498.355469
1470.920532
1433.594727
Control Period
1401.924438
1371.179932
1342.658447
1314.535400
1272.692749
1235.817505
1205.312622
1178.820801
1146.165527
1109.503296
1070.400879
1041.570190
1009.240479
971.108826
934.025696
899.706360
877.980164
847.331848
815.453735
778.450500
748.635742
718.547607
688.462524
661.424866
625.011475
598.167358
563.507019
533.809021
503.786407
469.737427
Control Period
444.581879
409.821198
383.843384
349.035614
315.060364
284.814514
252.546265
225.054962
187.595032
148.575546
116.097366
87.848312
55.568794
25.615360
27.753471
37.194752
39.819263
34.206718
32.717827
30.128128
38.543358
38.929409
26.827776
28.085249
34.620415
41.181183
36.727806
35.775490
26.411007
Control Period
40.624130
39.805954
34.639874
36.767746
39.971840
42.650623
30.854143
33.133568
40.062973
42.784767
45.658112
35.222527
35.397633
35.760128
41.784321
37.933056
32.921600
33.745918
37.722111
38.295555
41.961472
36.940800
33.856510
41.047039
38.049789
37.188606
31.776768
33.548286
33.358849
32.619522
Control Period
37.511169
41.937920
41.823235
41.762817
41.925632
41.874435
41.853951
41.928703
41.878525
41.747456
41.928703
41.953278
41.796608
44.192768
44.089344
43.927551
44.022781
44.022781
44.020737
43.950081
42.519554
42.475521
42.364929
42.497025
42.546177
42.374146
40.239105
42.655746
42.281982
42.478592
Control Period
42.489853
47.648769
49.998848
43.603966
44.826622
42.952705
41.036800
39.825409
39.735298
39.832577
47.028221
56.167423
45.235199
46.629890
42.889217
41.651199
43.675648
38.489086
40.354816
41.440254
37.564415
41.899010
44.685310
54.108162
51.834877
48.726013
40.115200
41.004032
41.105408
37.797886
39.264256
Control Period
38.841347
48.345085
51.301376
45.170689
45.983742
39.738369
42.825729
56.189953
52.131844
44.269569
40.318977
42.849281
56.278015
51.970047
43.783165
40.363007
40.799232
56.286209
49.371140
43.404289
40.037376
42.192894
52.192253
51.800064
44.254208
39.339008
42.106880
52.495361
52.075520
46.800896
39.484417
40.200191
Control Period
56.418304
49.204224
52.198402
51.203072
52.316162
46.272514
45.846527
52.598785
49.373184
49.269760
53.178368
49.270782
52.374527
54.491135
50.406403
52.495361
49.342464
54.589439
52.555779
49.206268
52.857857
49.187840
49.191933
53.219330
50.942978
52.234238
46.527489
50.572289
49.173504
50.219009
54.367233
Control Period
49.276928
51.198975
53.033981
51.219456
55.355392
52.201469
53.217278
54.657021
51.130371
56.619007
56.394753
55.362556
53.088257
51.345409
51.166206
53.107712
54.407169
51.149826
53.050369
52.924416
53.130241
51.044350
53.127167
53.073921
51.126274
56.885246
56.612862
53.109760
54.742016
51.281921
56.673279
56.595455
Control Period
53.108734
53.113853
52.919296
55.230465
56.424446
58.498047
58.563583
48.275459
55.913471
55.257088
53.109760
53.012482
55.325699
55.275520
53.084160
55.264256
55.277565
53.086205
52.867073
55.186432
55.085056
53.057537
55.314430
55.413757
53.051392
55.330818
53.108734
53.001213
55.310337
55.299072
53.079041
55.345154
Control Period
55.298050
55.120895
55.216125
55.055359
55.293953
55.211006
55.306240
55.149567
57.139198
55.239681
55.048191
55.281662
57.205761
57.441277
53.028862
57.404419
55.053314
55.222275
54.971390
57.344002
54.984703
55.303169
55.234558
48.989185
60.815361
58.799103
60.278786
56.502274
60.479488
61.018112
58.532864
58.936321
Control Period
58.474495
60.359680
60.210175
60.250114
60.326912
60.437504
61.125633
61.064194
60.843010
60.799999
61.150208
61.004799
58.482689
60.231682
60.371967
60.407806
60.198914
60.426239
60.363777
60.778496
61.106178
58.695679
58.835968
60.490753
60.317696
60.186623
60.508160
60.493824
60.242943
60.317696
Control Period
60.635136
60.949505
60.817406
60.964867
61.058048
60.946434
61.101059
61.020161
60.888062
60.897278
60.949505
61.062141
60.886017
61.043713
61.020161
60.793854
60.879871
60.871681
60.929024
61.047810
60.961792
61.050880
60.931068
61.014015
61.020161
60.929024
60.919807
60.941311
61.079552
60.813309
60.991486
Control Period
60.921860
60.807167
61.113342
61.080574
61.064194
61.067265
60.923904
61.072384
60.852226
60.924927
60.919807
60.942337
60.947456
60.888065
60.851200
60.855293
61.050880
61.092865
61.084671
60.896255
61.059071
60.914688
60.991486
60.909569
60.907520
60.827648
61.086720
60.923904
60.791809
60.979198
Control Period
61.010944
61.069313
61.058048
61.043713
61.033470
60.929024
60.943359
60.984322
60.921856
60.880898
60.966911
60.795906
60.802048
60.925953
61.048832
60.958721
61.015038
61.250561
61.088768
61.057022
60.803070
60.836864
61.067261
61.044735
61.006851
60.937218
60.782593
60.830719
60.912640
60.918785
Control Period
61.078529
61.173759
61.079552
60.984322
60.935165
61.017090
61.069313
60.949501
61.040642
60.920830
60.907520
60.961792
60.912640
60.822525
61.082626
61.074432
61.078529
61.031425
60.872704
60.806145
61.071358
61.090813
61.025280
61.079552
60.949501
60.820480
60.819458
60.911613
60.948479
61.061119
61.000702
Control Period
61.065216
61.016064
61.051903
61.034492
61.067265
60.916733
60.956673
60.804096
60.922882
60.791809
60.791809
61.022209
61.050880
61.054977
61.092865
60.969986
60.977150
60.933121
61.104126
61.094910
60.972031
61.025280
60.923904
60.903423
60.911613
60.947456
60.872704
61.059074
61.076481
61.064194
Control Period
61.043713
60.908546
60.821503
61.083649
61.109249
61.016064
61.102081
60.943359
61.046783
61.070335
61.019135
61.023232
60.774399
61.009918
61.162495
60.851196
60.938240
61.011967
61.036545
60.939262
60.916737
61.084671
60.909569
60.983295
61.095936
61.059074
60.827648
60.908546
61.020157
61.048832
Control Period
60.977150
60.921856
60.976128
61.058044
61.056000
61.131775
60.984322
60.813313
60.925949
61.007874
60.994560
61.014015
61.111298
61.046783
61.083649
61.048832
60.919807
60.890114
60.951553
61.078529
60.984322
61.045761
61.068287
61.046783
61.047806
60.968960
60.859390
60.995583
61.109245
60.977150
61.060097
Control Period
60.901375
61.090813
61.051903
61.034496
61.049858
60.816383
60.998657
61.160446
61.073410
61.051903
60.962814
61.033470
60.907520
60.889088
60.937218
61.166592
60.925953
61.047806
61.086720
60.923904
61.046783
61.006847
61.046783
60.918785
61.062141
61.080578
61.060097
61.066238
60.912643
60.853249
Control Period
60.896255
61.145088
61.069313
60.988419
61.046783
61.075455
61.060097
60.975105
61.034496
61.046783
61.102081
61.021187
60.977150
60.953598
60.931068
61.033470
61.081600
60.996609
61.047806
60.944382
61.009918
61.078529
60.990463
60.981247
61.079552
61.091843
60.876801
61.081600
61.048832
60.804096
61.158401
Control Period
61.110271
61.081600
61.054977
61.078529
61.053951
61.076481
60.973057
60.922878
60.959743
60.958717
61.083649
60.981247
61.026306
60.949505
61.047806
61.062145
61.002754
61.006851
60.971008
61.051903
61.159424
61.067265
61.144066
60.957695
61.003777
60.911613
61.020161
61.083649
61.022209
60.975105
Control Period
61.064194
61.051903
61.079552
61.051903
61.037567
61.090816
61.036545
61.104126
61.027328
60.915710
61.099007
61.046783
60.956673
61.033470
61.026306
60.841984
61.082626
61.095936
61.064194
61.044735
61.087746
61.076477
61.065216
61.056000
61.040642
60.821503
61.063168
61.017090
61.032448
61.043713
Control Period
61.051903
61.038589
61.047810
61.087746
61.034492
61.059074
61.075455
61.091839
61.020157
61.056000
61.050880
61.064194
61.061119
61.047806
60.908546
60.949505
60.983295
61.153282
61.068291
61.074432
61.068287
61.037567
61.056000
61.070335
61.021183
60.961792
61.015041
60.912640
61.068291
61.075455
61.076481
Control Period
61.069313
61.041664
61.001728
61.062141
61.066238
60.980225
61.170689
61.080574
61.074432
61.056000
61.086720
61.051903
60.909569
60.942337
61.073410
60.900352
61.058048
61.087746
61.066238
61.062141
61.062141
61.074432
60.931072
60.958721
61.168640
60.979202
61.067265
61.073410
61.069313
61.068291
Control Period
61.067261
61.080574
60.932098
60.921856
61.149185
61.066238
61.057022
61.087746
60.931072
61.047806
61.072384
61.046783
61.056000
61.083649
61.101059
61.064194
61.046783
61.059074
61.075455
61.041664
61.008896
60.822529
61.071358
61.076481
60.960770
61.091843
61.073410
61.068287
61.087746
61.075455
Control Period
61.027328
61.043709
61.049858
61.071358
60.977150
61.032448
61.058048
61.024254
61.059074
61.063168
60.937218
60.968960
61.004799
61.119488
61.066238
61.062145
61.050880
61.103104
61.047806
61.066238
61.023232
60.977150
61.087746
61.029373
61.050880
61.043713
61.059074
61.093887
61.040642
61.115395
61.059074
Control Period
60.926975
61.028351
61.070335
61.075455
61.018112
61.059071
61.049858
61.031425
61.136894
61.085697
61.042686
60.976128
61.073410
61.084671
61.069313
61.100033
61.062145
61.062141
61.110271
61.039616
60.946434
61.046783
61.048832
61.041664
61.058048
61.053951
61.047810
61.074432
61.045761
61.054977
Control Period
60.998657
60.986366
61.071358
61.094910
61.090816
61.071358
61.058048
61.091843
61.032448
61.067265
61.034496
60.983299
61.057022
61.060097
61.070335
61.045761
61.015038
61.067265
60.915710
61.095936
60.988419
61.091839
61.084671
61.100029
61.022209
61.074432
61.072384
61.133823
60.893185
61.114365
Control Period
61.076481
61.108223
61.059074
61.043713
61.106174
61.073410
61.085693
61.048832
60.922882
61.120514
61.012993
61.121536
61.039619
61.074432
61.080574
61.050880
61.061119
61.057022
61.191170
61.069313
61.028351
60.984322
61.053951
61.076481
61.030399
61.049858
61.080574
61.083649
61.102081
61.066238
61.081600
Control Period
61.072384
61.063168
61.069313
61.073410
61.066238
61.036545
61.074432
60.923904
61.079552
61.060097
61.060097
61.070335
61.083649
61.047806
61.046783
61.084671
61.099007
61.202431
61.057022
61.049858
61.038589
61.074432
61.079552
61.093887
61.072384
61.106178
61.077503
61.090816
61.078529
61.052925
Control Period
61.022209
61.096962
61.087746
61.048832
61.057022
61.051903
61.072384
61.084671
61.104126
61.068287
61.025280
61.151230
61.084671
61.076481
61.056000
61.054977
61.058048
61.178879
61.116417
61.087746
61.059071
61.190147
61.074432
61.181953
61.332481
61.188095
61.128704
61.121536
61.240318
61.385727
Control Period
61.187073
61.183998
61.276161
61.110271
61.014015
61.111298
61.114368
61.316093
61.361153
61.136894
61.072384
61.112320
61.331459
61.188095
61.214722
61.430786
61.279232
61.088768
61.179901
61.095936
61.107201
61.288448
61.347839
61.111298
61.104126
61.065216
61.315071
61.256706
61.069313
61.194237
Control Period
61.162495
61.244415
61.103104
61.097984
61.099007
61.183998
60.938240
61.090813
61.082623
61.181953
61.105152
61.314049
61.267967
61.372417
61.120514
61.119488
61.034496
61.118462
61.094910
61.235199
61.320190
61.092865
61.373440
61.143040
61.206528
61.117439
61.241341
61.217789
61.306877
61.211647
61.099007
Control Period
61.108223
61.120514
61.225983
61.097984
61.290497
61.350914
61.212673
61.094910
61.074432
61.365250
61.377537
61.241341
61.082623
61.099007
61.099007
61.157375
61.100029
61.332481
61.173759
61.242367
61.291519
61.227005
61.113342
61.201408
61.411327
61.393921
61.123585
61.125633
61.109249
61.085693
Control Period
61.176834
61.245438
61.276161
61.063171
61.250557
61.220863
61.149185
61.090816
61.339645
61.344765
61.295616
61.092865
61.106178
61.189117
61.102081
61.260799
61.263870
61.176834
61.020157
61.374462
61.204479
61.086720
61.077503
61.333504
61.362175
61.228031
61.077503
61.124611
61.115395
61.113342
Control Period
61.156349
61.094910
61.205505
61.271042
61.396996
61.135872
61.096958
61.142014
61.401089
61.305855
61.341698
61.124607
61.099007
61.164543
61.079552
61.099007
61.123585
61.324287
61.252609
61.349888
61.325310
61.190144
61.146111
61.344769
61.351936
61.308929
61.142014
61.154305
61.067265
61.074432
Control Period
61.095936
61.185024
61.322239
61.308929
61.387775
61.365250
61.171711
61.086720
61.342720
61.175808
61.202431
61.074432
61.067261
61.088768
61.086720
57.102337
57.031681
57.241600
57.242622
57.090050
57.209854
57.340927
57.237503
57.189377
56.959999
57.020416
57.021439
56.981506
57.035774
57.081856
57.139198
Control Period
57.615356
57.936897
57.726974
57.538559
57.568256
57.705471
57.850880
57.792511
57.827328
57.662464
57.561089
57.510910
57.527298
57.513985
57.651199
57.903107
57.893890
57.693184
57.544701
57.577473
57.821182
57.738239
57.840637
57.712639
57.548801
57.535488
57.565186
57.536514
57.767937
57.617409
Control Period
60.935169
60.816383
60.689407
60.546047
60.584961
60.547073
60.804096
60.871681
60.860416
60.743683
60.585983
60.554241
60.510208
60.742657
60.909569
60.828674
60.827648
60.554237
60.577789
60.711937
60.513283
60.615681
60.711937
60.792831
60.829697
60.748802
60.712959
60.532738
60.571648
60.697601
Control Period
60.833794
60.864510
60.650497
60.673027
60.515327
60.547073
60.915710
60.785667
60.826622
60.832767
60.834816
60.582912
60.515327
60.555264
60.776451
60.762112
60.736511
60.549118
60.720131
60.527618
60.689407
60.828674
60.774399
60.799999
60.748798
60.570625
60.578815
60.577793
60.678146
60.805122
Control Period
60.762112
60.635139
60.531715
60.612610
60.650497
60.888062
60.872704
60.865540
60.729347
60.559361
60.564480
60.684288
60.782593
60.858368
60.698624
60.666878
60.551167
60.603394
60.915710
60.820480
60.816383
60.832767
60.730370
60.588032
60.572670
60.592129
60.555267
60.662785
60.740608
60.548096
Control Period
60.724224
60.646400
60.807167
60.597248
60.799999
60.695549
60.688385
60.514305
60.549118
60.550144
60.598274
60.709888
60.770302
60.847103
60.614655
60.663811
57.762817
57.834496
57.817085
57.754623
57.608192
57.640961
57.709568
57.458687
57.554947
57.738239
57.827328
57.774078
57.844734
57.526272
57.538559
Control Period
57.638912
57.780224
57.812992
57.709568
57.917442
57.729027
57.561089
57.772034
57.563133
57.547775
57.869312
57.730049
57.795586
57.628674
57.568256
57.756672
57.780228
57.683968
57.716736
57.593857
57.728001
57.553921
57.567230
57.822208
57.809921
57.632767
57.621506
57.856003
57.804802
57.798653
Control Period
57.826302
57.574402
57.726974
57.686016
57.839615
57.581566
57.540607
57.579521
57.810944
57.847809
57.626625
57.653248
57.666561
57.699326
57.795586
57.733120
57.614334
57.878529
57.834496
57.554943
57.766914
57.608192
57.519104
57.781250
57.759743
57.816063
57.790466
57.613312
57.914368
57.845760
Control Period
57.735168
57.794559
57.625603
57.671680
57.633789
57.655296
57.566208
57.546753
57.847809
57.838593
57.829376
57.865215
57.840637
57.801727
57.820160
57.715714
57.555969
57.571327
57.757698
57.760769
57.647102
57.636864
57.887745
57.616386
57.625603
57.748482
57.839615
57.812992
57.921539
57.744385
Control Period
57.776131
57.519104
57.564159
57.582592
57.896957
57.850880
57.671680
57.709568
57.574402
57.613312
57.773056
57.661438
57.787392
57.750526
57.782272
57.692162
57.518082
57.593857
57.689087
57.801727
57.896961
57.737213
57.709568
57.628674
57.555969
57.676800
57.812992
57.789440
57.869312
57.771008
57.524223
Control Period
57.597954
57.549824
57.873409
57.937920
57.755646
57.839615
57.730049
57.750526
57.754623
57.566208
57.569283
57.708542
57.845757
57.698303
57.553917
57.568256
57.779198
57.814018
57.812992
57.916416
57.716736
57.970688
57.743359
57.583618
57.741310
57.624573
57.878529
57.546753
57.555969
57.528320
Control Period
57.665535
57.509888
57.814018
57.799683
57.687042
57.851906
57.672703
57.690113
57.816063
57.621506
57.754623
57.569279
57.573376
57.543678
57.540611
57.863167
57.806847
57.838593
57.816063
57.862144
57.677826
57.846783
57.638908
57.755650
57.602047
57.629696
57.700352
57.762817
57.792511
57.854973
Control Period
57.682945
57.890816
57.784321
57.735168
57.636864
57.804802
57.668610
57.846786
57.667583
57.663490
57.579521
57.659393
57.842690
57.838593
57.654274
57.647102
57.798653
57.773056
57.803776
57.811970
57.835522
57.788414
57.634815
57.756672
57.744385
57.742336
57.558014
57.678848
57.782272
57.834496
Control Period
57.879555
57.835518
57.750526
57.820160
57.844734
57.611263
57.761795
57.670654
57.634815
57.699326
57.720833
57.736191
57.672707
57.588737
57.886719
57.795586
57.827328
57.808899
57.820160
57.591808
57.807873
57.810944
57.777153
57.902077
57.647102
57.722881
57.610237
57.680897
57.752579
57.505791
Control Period
57.686016
57.850883
57.821182
57.792511
57.814018
57.850880
57.744385
57.743359
57.793537
57.805824
57.572353
57.618431
57.593857
57.666557
57.661438
57.641983
57.809921
57.773056
57.793533
57.885696
57.787392
57.844734
57.825279
57.782272
57.854973
57.847809
57.816063
57.719810
57.717758
57.669632
57.745407
Control Period
57.738239
57.682945
57.577473
57.570305
57.779198
57.618431
57.834496
57.841667
57.764862
57.870335
57.640961
57.820160
57.833473
57.666557
58.025986
57.734146
57.694206
57.692162
57.539581
57.607170
57.817089
57.712639
57.756672
57.830399
57.768959
57.743359
57.725952
57.743362
57.797630
57.640961
Control Period
57.950207
57.715714
57.657341
57.683968
57.587711
57.702400
57.789440
57.841663
57.750526
57.837566
57.692162
57.793537
57.873405
57.769981
57.735168
57.670654
57.651199
57.660416
57.740288
57.732098
57.581566
57.633793
57.732094
57.812992
57.832447
57.866241
57.789440
57.744385
57.858047
57.973763
Control Period
57.835518
57.819138
57.592834
57.622528
57.599998
57.740288
57.818115
57.578499
57.749504
57.875458
57.746429
57.791489
57.640961
57.844734
57.799683
57.805824
57.839615
57.769985
57.773056
57.762817
57.619453
57.689087
57.848831
57.759743
57.729023
57.594879
57.590782
57.785343
57.732094
57.812992
Control Period
57.851906
57.772034
57.893887
57.827328
57.790466
57.804798
57.549824
57.899010
57.841663
57.673729
57.765888
57.831421
57.566208
57.747456
57.755646
57.682945
57.864193
57.832451
57.888767
57.816063
57.894913
57.781250
57.795586
57.841667
57.695232
57.896957
57.648129
57.729027
57.622528
57.785347
Control Period
57.638912
57.853951
57.767937
57.797630
57.763840
57.828354
57.806847
57.752575
57.836544
57.780224
57.784317
57.874432
57.644032
57.800705
57.621506
57.803776
57.788414
57.659393
57.686016
57.644032
57.787392
57.841663
57.779198
57.791489
57.801727
57.843712
57.796608
57.800705
57.644032
57.762817
57.735168
Control Period
57.666557
57.724930
57.619457
57.716736
57.573376
57.747459
57.787392
57.731071
57.872383
57.786369
57.843712
57.834496
57.779198
57.819138
57.658371
57.802750
57.653248
57.772034
57.643009
57.574402
57.582592
57.752575
57.831421
57.720833
57.798656
57.823231
57.826302
57.880577
57.878529
57.773056
Control Period
57.724930
57.821182
57.656319
57.845760
57.644032
57.660416
57.845760
57.752575
57.740288
57.767937
57.831425
57.861122
57.725952
57.757698
57.865219
57.871361
57.892860
57.847809
57.805824
57.793533
57.675774
57.538559
57.883648
57.575424
57.743359
57.824257
57.579521
57.710594
57.599998
57.731071
Control Period
57.862144
57.801727
57.638912
57.801727
57.828354
57.748482
57.857025
57.661438
57.873405
57.712639
57.682945
57.787392
57.559040
57.556992
57.687042
57.750526
57.805824
57.832451
57.741310
57.867264
57.933823
57.781250
57.799683
57.826305
57.792511
57.760765
57.594879
57.747456
57.812992
57.710594
Control Period
57.603073
57.825279
57.844734
57.702400
57.802750
57.780224
57.808895
57.774078
57.912319
57.727997
57.740288
57.812992
57.652225
57.804802
57.655296
57.915390
57.824257
57.670654
57.722878
57.716736
57.916416
57.800705
57.726974
57.835518
57.839615
57.866241
57.847809
57.744385
57.816063
57.859070
Control Period
57.549828
57.648129
57.876480
57.682945
57.830399
57.915390
57.798656
57.701378
57.837570
57.840637
57.878529
57.786369
57.763840
57.677826
57.748482
57.556992
57.536510
57.778175
57.856003
57.720833
57.925632
57.761791
57.675774
57.672707
57.610241
57.730049
57.753601
57.618431
57.839615
57.748482
57.804802
Control Period
57.753601
57.763840
57.781250
57.804802
57.848831
57.946114
57.835518
57.753601
57.722878
57.764862
57.583618
57.659393
57.743362
57.734142
57.776131
57.825279
57.875458
57.819138
57.742336
57.814014
57.790466
57.714687
57.834496
57.725952
57.977856
57.751549
57.906174
57.817085
57.810944
57.601021
Control Period
57.575424
57.693184
57.723907
57.843712
57.833473
57.750526
57.819138
57.687042
57.761791
57.755646
57.832451
57.840641
57.712639
57.839615
57.840637
57.733120
57.697281
57.582592
57.694206
57.824257
57.768959
57.828354
57.839615
57.759743
57.820160
57.675774
57.833473
57.771008
57.744385
57.703423
Control Period
57.798656
57.875458
57.658367
57.535488
57.602051
57.791489
57.841667
57.757698
57.835522
57.863167
57.796608
57.712639
57.777153
57.839615
57.876480
57.846786
57.839615
57.605118
57.822208
57.742336
57.828354
57.661438
57.798653
57.648129
57.780224
57.815041
57.744385
57.634819
57.694206
57.908226
Control Period
57.861122
57.717758
57.817089
57.688065
57.654274
57.705471
57.836544
57.861122
57.781250
57.699326
57.830399
57.749504
57.738243
57.781250
57.783295
57.923584
57.827328
57.670654
57.882622
57.766914
57.840641
57.763840
57.673729
57.679871
57.791489
57.807869
57.684990
57.560066
57.815041
57.842690
Control Period
57.767937
57.825279
57.714691
57.780224
57.790466
57.816063
57.779198
57.740288
57.767937
57.670654
57.742332
57.593857
57.818111
57.877502
57.582592
57.802750
57.816063
57.785347
57.812992
57.790466
57.850880
57.878525
57.806847
57.816063
57.833473
57.762817
57.727997
57.708542
57.656319
57.912319
57.834496
Control Period
57.807869
57.742336
57.740288
57.809921
57.905151
57.791489
57.871361
57.822208
57.801727
57.830399
57.865215
57.788414
57.842690
57.844734
57.495552
57.698303
57.654274
57.873405
57.707520
57.668610
57.861118
57.814018
57.603073
57.676800
57.655296
57.803776
57.790466
57.777153
57.739265
57.691135
Control Period
57.863167
57.555969
57.644035
57.857025
57.812992
57.736191
57.829376
57.628670
57.722881
57.759743
57.836544
57.809921
57.776131
57.854977
57.788414
57.875458
57.833473
57.709568
57.754623
57.803776
57.867264
57.667587
57.860096
57.743362
57.732094
57.680893
57.674751
57.777153
57.722878
57.760769
Control Period
57.790462
57.808899
57.748482
57.808899
57.808895
57.833473
57.836544
57.822208
57.824257
57.759743
57.671680
57.789440
57.725952
57.805824
57.803776
57.660416
57.895935
57.785343
57.751549
57.826302
57.791489
57.818115
57.799683
57.821182
57.809921
57.856003
57.800705
57.742336
57.716736
57.961472
Control Period
57.795586
57.781250
57.807869
57.833473
57.721855
57.742336
57.730049
57.835518
57.870335
57.842690
57.843712
57.772034
57.769981
57.848831
57.791489
57.873405
57.811966
57.842690
57.680897
57.787392
57.753601
57.691135
57.811966
57.749504
57.747459
57.739265
57.760769
57.845760
57.796608
57.830399
Control Period
57.853951
57.635841
57.871361
57.818111
57.912319
57.868286
57.646080
57.822208
57.821182
57.794559
57.791489
57.780224
57.731071
57.664513
57.745407
57.806847
57.859070
57.899010
57.795586
57.843712
57.885696
57.745407
57.721855
57.797630
57.712639
57.812992
57.689087
57.917442
57.718784
57.822208
Control Period
57.739265
57.692162
57.703423
57.793533
57.679871
57.769981
57.854973
57.789440
57.867264
57.789440
57.829376
57.779198
57.838593
57.779198
57.719810
57.670654
57.830399
57.748482
57.863167
57.876480
57.745407
57.816063
57.573376
57.738239
57.682945
57.810944
57.845760
57.801727
57.794559
57.840641
57.596928
Control Period
57.908226
57.801727
57.659393
57.902081
57.781250
57.845757
57.842690
57.857025
57.719807
57.825279
57.825279
57.820160
57.781250
57.833473
57.830399
57.764862
57.826302
57.682945
57.786369
57.810944
57.801727
57.726974
57.925632
57.843712
57.843712
57.736191
57.735168
57.655296
57.891838
57.805824
Control Period
57.730049
57.821182
57.933823
57.747456
57.876480
57.844734
57.793537
57.802750
57.817085
57.814018
57.852928
57.660416
57.868286
57.705475
57.809921
57.791489
57.702400
57.753601
57.784321
57.834496
57.814018
57.496574
57.787392
57.841667
57.866241
57.877502
57.801727
57.832447
57.834496
57.739265
Control Period
57.717758
57.845760
57.592834
57.861122
57.816063
57.682945
57.872383
57.795586
57.818111
57.840641
57.774078
57.823231
57.849857
57.840637
57.905151
57.848831
57.820160
57.849854
57.855999
57.666557
57.683968
57.789440
57.804802
57.787392
57.844734
57.712639
57.775105
57.809921
57.789440
57.834496
Control Period
57.789440
57.798653
57.793533
57.835518
57.783295
57.878529
57.785343
57.578495
57.808895
57.874432
57.695232
57.946114
57.774078
57.721855
57.719810
57.871361
57.577469
57.788414
57.772034
57.826302
57.739265
57.842690
57.777153
57.787392
57.764862
57.726974
57.859070
57.667587
57.794563
57.713665
Control Period
57.790466
57.841663
57.768959
57.755646
57.759743
57.807869
57.777153
57.698303
57.860096
57.846786
57.883648
57.800705
57.742332
57.756672
57.766914
57.821182
57.668610
57.839615
57.705475
57.762817
57.825279
57.661438
57.865215
57.773056
57.724930
57.840637
57.745407
57.865215
57.789440
57.714691
57.747456
Control Period
57.698303
57.823235
57.844734
57.708542
57.837570
57.879555
57.720833
57.738239
57.567230
57.830399
57.851906
57.732094
57.874432
57.859070
57.707520
57.887741
57.754623
57.923584
57.815041
57.785347
57.874432
57.764862
57.728001
57.982975
57.761791
57.842690
57.792511
57.872383
57.737217
57.833473
Control Period
57.767937
57.939968
57.775105
57.847809
57.847809
57.835518
57.833473
57.890816
57.837570
57.772034
57.787392
57.775105
57.584641
57.853951
57.669632
57.850880
57.825279
57.634819
57.677826
57.648129
57.761791
57.746429
57.867264
57.774078
57.819138
57.801727
57.810944
57.868286
57.782272
57.817089
Control Period
57.704449
57.676800
57.869312
57.802750
57.707520
57.579521
57.841667
57.761795
57.818115
57.808899
57.810944
57.817089
57.845760
57.746429
57.781246
57.796608
57.819138
57.766911
57.688065
57.680893
57.578495
57.841663
57.816063
57.677826
57.637886
57.795586
57.793533
57.666557
57.826302
57.810944
Control Period
57.834496
57.772034
57.824257
57.822208
57.792511
57.807869
57.651199
57.897984
57.749504
57.834496
57.767937
57.754623
57.768959
57.728001
57.757698
57.798656
57.791489
57.850883
57.854977
57.849857
57.790466
57.756672
57.827328
57.778175
57.747456
57.809921
57.874432
57.676800
57.780224
57.692162
Control Period
57.787392
57.720833
57.696259
57.787392
57.808899
57.910271
57.717758
57.790462
57.781250
57.825279
57.839615
57.732094
57.768959
57.866241
57.662464
57.844734
57.658367
57.797630
57.870338
57.809921
57.752575
57.821182
57.800705
57.660416
57.789440
57.788414
57.800705
57.763840
57.814018
57.745407
Control Period
57.782272
57.783295
57.657341
57.827328
57.879555
57.846786
57.774078
57.755646
57.675774
57.819138
57.825279
57.789440
57.828354
57.835518
57.856003
57.815041
57.754623
57.848831
57.732094
57.773056
57.735168
57.831425
57.676800
57.925632
57.751549
57.749504
57.799683
57.817089
57.679871
57.838593
57.748482
Control Period
57.787392
57.777153
57.874432
57.825279
57.883648
57.713665
57.882622
57.832447
57.811966
57.800705
57.691135
58.025986
57.745407
57.701378
57.870338
57.699326
57.735168
57.847809
57.853951
57.798653
57.820160
57.860096
57.837570
57.848831
57.834496
57.862144
57.738243
57.795586
57.775105
57.679871
Control Period
57.968639
57.798656
57.713661
57.846786
57.772034
57.795586
57.747456
57.658367
57.651199
57.807873
57.785347
57.839615
57.759743
57.704449
57.816063
57.811966
57.810944
57.825279
57.652222
57.833473
57.679871
57.800705
57.857025
57.762817
57.460735
57.691135
57.763840
57.781250
57.723907
57.608192
Control Period
57.775101
57.870338
57.758720
57.857025
57.786369
57.823231
57.793537
57.752579
57.875458
57.671677
57.564159
57.854977
57.865219
57.830399
57.722881
57.793537
57.808899
57.849854
57.818111
57.877502
57.764862
57.802750
57.863167
57.839615
57.831425
57.853951
57.904129
57.867264
57.830399
57.742336
Control Period
57.874435
57.790462
57.665535
57.762817
57.793533
57.731071
57.816063
57.811966
57.804802
57.728001
57.894913
57.843712
57.775101
57.818111
57.861122
57.873405
57.879555
57.759743
57.696259
57.742336
57.559040
57.710594
57.704445
57.698303
57.823235
57.804802
57.861122
57.907200
57.827328
57.845760
Control Period
57.700352
57.833473
57.839615
57.718784
57.801727
57.750526
57.833473
57.851906
57.743362
57.640961
57.851906
57.870338
57.701378
57.810944
57.827328
57.504768
57.701378
57.825279
57.819138
57.882622
57.819138
57.776131
57.723904
57.966591
57.763840
57.791489
57.778175
57.820160
57.520126
57.785343
57.833473
Control Period
57.750526
57.776131
57.811970
57.913345
57.816063
57.842690
57.683968
57.749504
57.840641
57.922562
57.738239
57.868286
57.786369
57.828354
57.743362
57.876480
57.721855
57.704449
57.838593
57.758720
57.809921
57.877502
57.806847
57.843712
57.836544
57.847809
57.746433
57.732094
57.822208
57.692162
Control Period
57.906174
57.857025
57.742332
57.817085
57.829376
57.821182
57.867264
57.753601
57.733120
57.866241
57.772034
57.792511
57.782272
57.769985
57.840641
57.815041
57.710590
57.822208
57.778175
57.664513
57.873405
57.832447
57.721855
57.784321
57.803776
57.777153
57.608192
57.741310
57.890816
57.811966
Control Period
57.782272
57.787392
57.802753
57.686016
57.838593
57.814018
57.866241
57.739265
57.933823
57.924606
57.680893
57.779198
57.859070
57.897984
57.743362
57.802750
57.635841
57.802750
57.772034
57.793537
57.858047
57.773056
57.843712
57.808895
57.695232
57.853951
57.781250
57.767937
57.931778
57.734146
Control Period
57.906178
57.748482
57.790466
57.811970
57.732094
57.520126
57.731071
57.806847
57.884674
57.764862
57.745407
57.809921
57.899010
57.722878
57.812992
57.850880
57.902081
57.879555
57.729023
57.884674
57.791489
57.829376
57.666557
57.582592
57.783295
57.764862
57.739265
57.714687
57.868286
57.786369
Control Period
57.922562
57.833473
57.742336
59.601921
61.209602
61.316093
61.453312
61.316093
61.356033
61.356033
61.345791
61.244415
61.191170
61.362175
61.348862
61.393921
61.396992
61.360130
61.434879
61.501442
61.369347
61.468674
61.361153
61.225983
61.222912
61.287422
61.087746
61.375488
61.376511
61.400063
Control Period
61.331455
54.881279
49.700867
48.893951
52.562943
44.693504
45.470718
46.313469
42.601471
41.665535
39.230461
44.180481
46.926849
55.105537
50.209793
41.758720
41.385983
46.338051
43.556866
42.638336
45.475842
46.891006
52.960258
51.053566
49.753090
41.255936
44.026878
42.392574
43.598846
38.396927
44.256256
Control Period
48.583679
54.897667
51.236862
45.767677
39.522305
40.428543
42.442749
42.475517
43.956223
49.528831
49.530880
51.137535
47.818752
40.589310
36.698112
44.388351
46.474239
48.865280
46.629890
53.025795
51.186687
47.773697
40.686592
36.863998
44.091393
44.656639
46.620674
46.519295
47.084545
51.130367
Control Period
42.058754
41.167870
40.358910
41.849854
40.838142
41.285629
44.348419
45.037567
45.445122
45.265919
45.091843
46.442497
47.010818
42.724350
42.460159
42.439682
42.497025
42.523647
42.653694
42.380287
44.577793
46.674942
46.828545
46.794754
48.839680
48.937981
49.136642
49.043457
48.721920
46.558208
46.855167
Control Period
50.537472
52.929535
45.413376
48.377853
42.360832
50.869247
54.952957
53.305344
50.733055
50.782207
47.050751
48.485374
45.438976
45.448193
46.958595
42.616829
44.340225
49.516544
50.673664
53.280769
50.804733
47.132671
47.111168
48.496643
43.218945
46.953472
45.710335
47.390720
53.071873
47.760384
52.273155
51.097599
Control Period
51.283966
49.694717
45.418495
49.370113
49.000450
53.304321
47.138817
47.656960
47.236095
49.676285
53.660675
47.171585
47.391743
47.347710
49.750015
53.495811
49.014786
47.396866
47.012863
49.758209
57.202690
49.047554
50.810883
52.686848
47.436798
57.031677
53.152767
50.757629
53.114880
47.232002
49.680382
53.462017
Control Period
54.851585
49.421310
55.296001
53.579777
51.548161
53.022720
53.647362
49.635330
55.054337
57.027584
53.614594
51.572735
55.254013
53.645309
49.444862
54.783997
53.663742
51.450882
52.962303
51.690498
54.704128
54.745087
49.745918
53.756927
55.169025
49.613823
57.277443
55.136253
51.470337
49.346558
52.740097
54.972416
Control Period
51.377151
53.633026
54.786049
51.562496
56.969215
57.036800
57.015297
57.184258
57.210876
51.504128
53.639168
57.115646
56.991745
57.094147
51.562496
53.664768
57.156609
57.022461
57.046017
54.708221
53.480446
53.429249
51.588097
57.192451
56.818687
57.187328
51.560448
53.381119
53.628929
53.826561
56.305664
53.825535
Control Period
51.607552
55.700481
53.709824
53.334015
55.741440
53.435394
53.591042
55.628799
55.807999
53.584896
55.708672
55.832577
53.307392
52.739075
57.038849
59.202560
56.937469
59.302910
56.930305
56.902657
59.032578
59.024384
56.943619
58.906624
54.848511
59.371521
61.108223
56.881149
57.203712
58.891266
59.171841
57.057281
Control Period
59.313152
58.846207
56.882175
60.851200
58.899456
61.074432
58.932224
58.807297
59.041794
59.203583
58.876930
61.257729
58.923008
57.029633
60.910591
59.305984
58.881027
59.298813
58.866688
58.790913
61.029373
58.795010
59.256832
58.925056
56.999939
60.855293
58.929153
59.078659
59.303936
59.030529
59.081726
61.165569
59.023361
58.703873
58.862595
59.118591
58.770432
59.247616
61.014015
57.038849
60.839935
59.089920
58.838017
59.140095
58.975231
59.077633
61.034496
58.868736
59.176960
58.756096
56.922112
60.829697
59.346947
58.963966
59.242496
58.720257
59.168770
61.005821
58.930176
59.144192
58.857471
56.845314
60.854271
59.029503
58.895363
59.114494
58.895359
59.138046
61.043713
59.107330
58.914818
59.067390
60.935169
58.962944
58.998783
54.645760
