29.842226
8.380571
8.378812
28.736496
8.382493
8.381213
28.611702
8.379772
8.380093
8.388732
8.380571
8.390173
8.390812
8.373212
28.606585
8.382332
8.386971
28.595385
8.379133
8.371931
28.608662
8.376412
8.393372
28.596025
8.388412
8.392251
28.775700
8.384731
8.383451
28.771057
8.394012
8.404409
28.772337
8.385851
8.387932
28.782738
8.395451
8.405051
8.403452
8.394971
8.388254
8.407291
28.772820
8.392892
8.402811
28.776659
8.391611
8.386813
8.396091
8.385211
8.430649
28.757458
8.383932
8.398172
28.600025
8.379770
8.379932
28.609142
8.380411
8.394972
28.614262
8.371292
8.386652
28.609621
8.386011
8.389532
28.589302
8.382172
8.389692
28.769617
8.388091
8.397371
8.393692
8.414650
28.768019
8.396091
8.375452
28.765457
8.374653
8.376411
28.767857
8.393692
8.394011
28.719858
8.380571
8.382011
28.588345
8.384731
8.382491
28.592825
8.385532
8.417850
28.611383
8.375291
8.395612
28.606583
8.463930
8.375132
8.407452
28.773937
8.395931
8.393532
8.386492
8.415609
28.792978
8.390172
28.778259
8.369373
28.595541
8.410812
8.388093
28.608021
8.398172
8.386494
28.603861
8.387292
8.382172
28.783857
8.385853
8.401372
8.400092
8.385211
28.762897
8.394012
8.401691
28.778896
8.384573
8.382331
28.780338
8.392092
8.384411
28.770739
8.375293
8.381371
28.707542
8.377052
8.384731
28.596664
8.388092
8.383291
28.608025
8.391611
8.387932
28.608503
8.386171
8.382493
8.398172
8.390972
28.604183
8.382013
8.390972
28.585306
8.383773
8.394011
28.608181
8.394172
8.396570
28.828499
8.379932
8.386011
28.762421
8.382333
37.896732
28.763700
8.391293
8.392091
8.403451
8.396254
8.397692
28.603386
8.398812
8.400572
28.605305
8.389212
8.383293
28.631384
8.405051
8.387133
8.405052
8.383771
8.388732
8.382492
8.385532
28.619703
8.385373
8.402172
28.769941
8.389373
8.388731
28.772020
8.390013
8.404891
28.798901
8.388573
8.380091
28.722422
8.389533
8.396411
28.608505
8.387771
8.404732
28.655224
18.584295
28.768982
8.387774
8.397532
28.607225
8.393852
8.384415
8.377213
8.381851
8.384415
8.388093
28.763380
8.389374
8.395133
28.768661
8.394653
8.393213
8.400092
8.384413
8.382174
8.389374
8.392731
28.620667
8.381214
8.402491
28.607546
8.386813
8.400412
28.597786
8.389212
8.387131
28.663383
8.380253
8.402653
28.609945
8.406652
8.399452
28.800661
8.392414
8.404411
37.456425
8.391453
28.786741
8.400093
8.383773
28.778101
8.390654
8.387934
8.393372
8.385851
8.387133
8.399133
8.385211
28.794102
8.392574
8.388731
28.769144
8.391771
8.399612
28.758263
8.397852
8.395452
8.418013
8.394333
8.389532
28.608828
8.387453
8.394812
28.530750
8.402652
8.393692
8.397373
8.384091
40.291866
8.391455
28.598747
Control Period
8.392254
8.392893
8.435131
8.398012
28.590588
8.399932
28.764341
8.393372
8.393052
8.391933
8.396571
28.804821
8.406652
28.792183
8.409213
8.400732
8.378172
8.397371
28.800341
8.390813
28.616184
8.385534
8.406492
8.391773
8.387292
28.658747
8.396893
28.708662
8.392253
8.382812
8.393852
8.399612
38.765190
28.815704
8.389533
8.426812
28.710104
8.403772
8.390974
8.392252
8.385852
28.756664
8.389533
28.783222
8.386813
28.531548
8.383612
8.380414
8.379774
8.382013
28.532669
8.388732
28.533148
8.380255
8.394171
28.608986
8.379293
28.583866
8.390012
8.389372
8.389372
8.425211
28.618906
8.402493
28.767704
8.407293
8.379454
8.393534
8.395131
28.768661
8.384892
28.794422
8.388573
8.391293
8.398172
8.399612
28.780024
8.399775
28.616667
8.402813
8.390172
8.396093
8.402651
Control Period
50.241043
28.807383
8.386812
28.773144
8.400730
8.401854
8.400892
8.416893
8.382174
8.395292
8.397532
8.383934
8.384573
8.388574
8.397053
8.388573
8.388252
8.394493
8.381853
8.395615
8.381212
8.373693
8.411131
8.392414
8.407132
8.394332
28.621147
8.387453
136.009140
28.633627
8.389053
28.794743
8.387453
28.783703
8.395134
28.796661
8.393053
28.588188
8.415134
28.613468
8.390973
28.604187
8.394652
28.790745
8.403613
28.794102
8.393213
8.398972
8.405692
8.408731
8.407612
8.404733
8.430971
8.396412
8.393372
8.393854
8.391132
8.400251
8.423452
28.760181
8.392094
28.615229
8.398333
28.602268
8.386333
28.734903
8.389854
8.410012
28.528032
8.387293
29.705437
8.374493
8.389694
8.390654
8.394814
8.390333
8.397215
8.384733
8.387135
8.380413
28.611069
8.379293
28.776665
8.387933
28.749306
8.413534
28.759865
Control Period
8.380413
8.382174
8.407291
8.394653
28.760664
8.384574
8.390493
8.433532
28.601151
8.397853
28.791225
8.390013
8.398494
8.390973
8.378174
28.611387
18.610058
8.378494
28.605629
8.398495
8.393694
28.788183
8.376254
28.773144
8.383135
8.394493
8.382494
8.376094
28.762743
8.380094
8.426332
8.394174
8.389534
28.600029
8.387294
28.758904
28.515070
8.371134
8.374814
8.384574
8.410652
8.380573
8.378334
28.609470
8.378494
28.647070
18.588619
49.840260
28.754747
8.384094
8.382334
8.376574
8.390493
28.798424
8.406654
28.769464
8.390654
8.406654
28.780024
8.378975
28.776985
8.386333
8.379775
8.389374
8.382815
28.766106
8.386174
8.386815
8.401853
8.386974
28.600670
8.424091
28.767387
8.406815
28.789467
8.388252
28.809624
8.386972
8.387135
8.385373
8.412094
28.765465
8.400093
28.777946
8.424253
8.382014
28.610430
8.394334
28.740826
8.394335
8.392414
Control Period
8.400733
28.785465
8.397213
8.403133
60.044945
8.418175
8.419774
8.395615
28.799545
8.404575
8.393054
28.615551
8.401533
8.392415
28.621790
8.408254
18.629738
8.402333
8.394655
8.421053
8.393373
8.400894
8.386655
8.402815
8.403774
8.400573
8.407614
8.398174
8.394014
8.402814
28.772667
8.410333
28.782587
8.416735
8.395774
28.638590
8.415773
8.408092
28.789307
8.396254
8.399454
8.390335
8.410173
8.406494
18.592619
8.397533
28.614109
8.393694
8.398495
28.799387
8.392095
8.396094
28.630911
8.394335
8.394014
28.643709
8.411291
28.793947
8.404573
8.426014
28.789307
8.383295
8.393213
28.621471
8.383934
8.434333
8.396094
8.398653
8.398654
8.406813
8.394014
18.643339
28.782269
8.437532
18.635021
8.405535
28.626270
8.394014
8.386814
28.807547
8.398815
8.416094
28.794428
8.386972
8.395294
28.650110
8.391136
8.386816
127.377548
28.811386
8.385056
8.387615
Control Period
28.975063
9.023758
9.150475
29.316492
29.364971
8.916241
9.062157
29.555367
19.164925
9.130315
8.928401
29.510891
9.146315
8.914319
9.130955
29.437927
8.992079
9.139755
8.936399
29.544325
8.920081
9.040716
29.547527
29.149296
43.919144
29.536488
8.921041
9.145035
8.910160
29.340332
9.157515
8.917201
9.146154
29.211697
9.044397
9.106955
29.250416
29.370571
8.924561
9.082476
29.376013
8.908401
9.139114
8.951121
9.157675
29.429449
8.918159
9.145994
9.083757
29.363373
9.131276
8.908401
29.379051
9.024399
8.930639
9.133196
29.268496
9.135594
43.818024
29.520489
9.133677
9.039919
9.128716
29.203217
8.948878
29.292015
8.915442
19.274523
9.131116
8.915921
9.151114
29.223536
8.976880
9.159754
29.358734
29.376331
8.946161
9.141354
29.229454
29.417450
29.515848
8.921521
9.025040
9.119436
29.258736
9.135754
8.909040
9.083437
29.352333
8.909522
9.154473
29.341291
29.309774
9.111755
8.911280
29.385294
8.914482
9.085836
40.399399
29.534248
29.528009
9.053358
8.943439
Control Period
29.374733
29.312973
9.145195
9.004719
9.152393
29.353134
8.907122
9.136236
9.098797
9.055918
29.259855
9.134315
8.919601
9.130795
9.050797
30.360308
29.557129
8.918481
9.091436
9.065357
29.298733
9.156875
8.933841
9.167753
9.042317
29.442093
9.132715
9.144716
8.928082
9.075117
29.363054
8.914481
9.134475
8.901842
9.144714
29.597448
8.931921
9.140556
8.912242
29.539530
29.222576
8.925041
9.161514
9.143756
29.193298
62.058979
29.358734
9.149515
8.925362
20.926641
9.165033
9.146315
28.682112
8.963278
9.164715
8.920082
9.170635
29.287054
9.144076
8.996717
8.990318
29.356653
29.385452
9.156397
8.950640
9.142956
29.347378
29.162420
9.185194
8.920401
9.161515
29.206739
29.348175
9.163596
19.209085
29.353294
8.919123
9.144073
9.027758
29.293457
9.154153
9.165834
8.914001
9.064878
29.560970
8.918480
9.149994
8.920082
9.131116
29.366413
8.917521
9.165195
8.931440
29.554729
29.408173
8.904562
9.137995
9.133677
29.169460
39.635262
29.558090
9.165354
29.346258
9.141195
8.928082
9.141195
29.213619
8.934799
Control Period
9.131275
9.138316
8.972400
29.363377
29.368973
8.923922
9.150314
8.922161
9.157516
8.975760
29.349613
29.470734
9.148716
8.924240
9.036079
9.134795
8.920881
29.555531
29.233936
9.108236
9.058638
9.173035
8.926479
9.150795
9.086796
9.147116
8.929522
29.285618
29.510571
9.045197
9.134794
8.916243
9.137836
8.923443
29.550570
29.272499
8.946159
9.148876
9.150475
8.933521
9.116236
29.372335
29.337936
9.147916
8.939281
19.299805
29.230740
9.151596
8.918001
29.377613
29.412014
8.928883
9.139915
8.919762
9.139915
8.988079
9.140236
8.936242
29.378094
29.339695
9.134315
29.559528
8.927603
9.147275
8.922962
9.150794
8.990320
29.266096
29.527531
8.928082
9.141994
9.065517
9.125037
8.921362
29.595209
29.324493
9.116237
9.054156
9.145836
8.921202
29.541771
29.430094
29.282738
9.138636
8.940081
9.151917
9.152555
29.332975
29.225460
29.326418
9.151596
9.140876
8.924721
19.193727
9.150634
9.137836
8.962001
9.003920
29.360657
29.339697
9.133836
8.947921
8.962801
29.456974
8.920083
9.131916
8.963282
9.157676
8.929522
29.446413
29.366896
9.112078
9.060719
8.948082
9.158475
Control Period
29.538572
29.214260
29.439693
29.370417
8.919601
9.134796
8.932722
9.137035
9.120398
9.029678
8.935762
9.144876
8.923761
38.073547
29.369776
29.436974
29.301779
29.545773
8.928720
9.048719
9.108236
9.143595
8.921362
9.139596
8.923761
9.146795
29.203701
58.108047
29.317619
29.452333
29.373297
9.080077
8.926962
9.146317
9.157675
8.929361
9.148235
9.015919
9.149996
8.934322
29.318579
29.444334
37.243008
8.944402
29.504494
29.265781
29.470091
29.375378
8.941360
9.145036
8.918802
19.353245
29.396177
29.454735
9.077038
8.952883
29.522575
8.923442
9.147276
8.960561
9.148395
8.920562
9.159756
9.149196
9.001202
29.400335
29.394577
29.431536
29.320017
8.934321
9.060239
9.130316
9.144556
8.918642
9.150156
8.927443
9.144396
9.004081
9.169195
8.932882
9.139757
135.894928
29.162262
29.478415
29.276817
29.341938
9.136076
8.991119
9.138796
8.919924
9.146476
9.144076
8.917362
9.051439
9.153835
29.328817
29.468494
29.200500
9.150956
9.011598
9.150476
8.917522
9.165035
57.026642
29.320499
9.140556
8.915923
9.145357
9.086796
9.088558
8.928242
9.167756
9.156396
29.338579
29.276661
Control Period
29.537933
29.166422
29.448015
8.904242
9.135115
9.108236
9.033998
8.910643
9.137038
8.932722
9.150476
9.123755
8.976400
8.971921
9.123276
9.142637
8.912563
9.134317
8.919282
9.138156
137.445297
29.413618
29.217621
29.542736
9.141676
8.969360
8.997841
9.146796
8.935282
9.169197
19.183969
29.160664
19.329565
9.098797
9.141836
8.925842
9.150316
8.914483
9.141037
9.021200
9.151437
8.925522
9.164557
9.174156
29.166904
29.446735
29.351219
29.413458
29.370897
29.415855
29.475534
29.219864
42.035843
29.345940
46.023254
29.369139
29.535694
29.403540
29.230742
29.525934
9.138957
8.902644
9.132717
8.984241
9.137196
8.909042
9.140717
8.918324
9.142157
8.926802
9.158957
8.943121
9.130317
8.917043
9.137677
9.143117
8.935762
9.021360
9.123276
9.139436
8.926163
9.153037
29.172026
29.536976
29.210583
29.464817
29.260342
29.420496
29.311701
29.496656
59.236984
29.379538
29.550573
29.293621
29.463535
29.283062
9.158636
8.938002
9.159117
8.938802
9.155597
9.083757
9.105677
8.919762
9.149997
9.142797
8.920403
9.118637
9.051600
8.943123
9.142796
9.148076
8.930162
9.143117
9.024240
9.180077
29.267700
29.314899
29.386099
29.362259
29.377140
29.232502
Control Period
29.997442
29.996002
29.716331
30.201757
29.737610
30.185757
29.856806
49.804119
29.855045
29.906885
29.932163
30.127998
29.768969
9.699102
29.757130
30.060802
30.125280
29.730572
29.907526
30.009443
29.923206
29.803368
46.932514
29.782249
30.078081
29.728970
29.939205
30.060322
30.198397
29.924805
29.991203
30.047520
29.925285
29.721291
30.039204
29.731209
29.870726
30.223835
9.541986
9.557825
9.697022
9.511267
9.884858
40.305489
30.148958
29.956005
30.044804
29.909927
29.907045
9.710943
19.720276
9.512867
9.503428
9.890778
9.495108
9.504547
9.714621
9.505987
9.894777
9.504068
9.513507
9.877658
9.496548
9.696061
9.527428
9.501348
9.885657
9.497348
9.496387
9.589346
9.675741
9.497349
9.879098
9.497188
9.495909
9.890137
19.705557
30.129921
29.961124
29.839367
30.156000
29.911366
29.926886
30.104162
29.721451
30.104643
29.943844
29.902887
57.180561
29.922886
29.836489
30.202717
29.744331
29.982246
29.746731
29.951366
30.055042
29.896006
29.946566
30.000326
9.506947
9.874619
9.492548
9.495908
9.499588
9.893976
9.503587
9.783580
9.507269
9.527747
9.889498
9.507746
9.503108
9.738141
9.516706
9.881978
9.517188
9.526308
9.894617
9.526147
28.842434
29.979841
29.904486
30.139040
29.917446
29.929447
29.876646
30.114721
29.832006
Control Period
30.096800
29.872168
29.932487
30.184158
29.720490
29.951046
29.769611
30.001925
30.048483
29.928326
63.768707
29.971844
29.935368
30.269596
29.738411
33.778145
19.787956
9.498466
9.877977
9.507587
9.808860
9.502789
9.504547
30.109760
29.956966
29.723213
30.079041
29.968645
29.942886
29.929127
29.912807
29.907045
30.019203
29.874727
30.062403
29.746248
30.057121
30.169281
29.719532
30.156160
29.758568
30.004326
30.022406
34.822918
19.721878
9.897498
9.515427
9.659744
9.581186
9.514468
9.880379
9.502948
9.517508
30.132322
29.915525
30.232317
53.558582
30.258556
29.980005
29.882727
50.298668
29.829449
29.959686
30.091202
29.952164
29.735531
30.283197
9.514308
9.817820
9.508868
9.503748
47.008194
29.958565
30.246237
29.922247
9.534946
9.511747
9.749983
9.540707
9.907096
9.503428
9.504868
9.901176
9.518788
9.767900
9.502948
9.531746
9.896378
9.499748
9.493828
9.716543
9.508708
9.906617
9.500228
29.902729
29.922407
30.255997
29.914249
58.920517
29.907528
30.154400
30.066242
29.746733
30.141443
29.922247
30.075682
30.147362
29.739212
30.034405
29.865450
29.897768
29.801451
30.217758
29.719215
29.963367
30.191521
29.729454
30.108641
29.739212
9.519908
45.909664
30.113924
30.120644
29.917126
29.731533
30.083363
29.980968
Control Period
29.932327
29.767374
30.059044
30.014885
29.944164
30.218719
29.913288
29.964966
30.090565
27.165680
9.893977
9.506628
9.527108
9.881178
9.497829
9.762782
9.502469
9.517027
56.396271
30.202721
29.924969
30.203041
29.728973
29.999525
30.068325
29.920008
29.838249
30.057125
29.754894
30.281437
29.941927
9.505988
9.887578
9.506308
9.507428
9.896538
9.495749
9.497348
9.890617
9.506628
9.656385
9.615425
9.492549
9.876698
9.500389
9.519588
30.129602
29.722574
59.362907
29.904970
30.132002
30.075523
29.731216
20.792891
9.881659
9.501188
9.488389
9.754622
9.487749
9.879257
9.504548
9.500710
9.881339
9.491909
9.676865
9.546307
29.853931
30.266399
29.925610
29.743374
29.940006
29.959209
29.940647
30.011524
29.911690
29.729454
30.172802
55.154381
30.032003
29.758892
30.139362
29.932011
29.904970
29.902893
30.110563
29.852970
30.182241
29.868172
29.929607
29.937288
30.012806
33.604870
30.229761
29.913769
9.501828
9.655265
9.593187
29.923208
30.078407
29.827051
29.739534
30.061766
29.728973
29.913933
30.187202
39.888706
30.010887
29.924812
29.911369
30.200481
29.804653
29.909771
29.976646
29.913769
29.959688
29.946087
29.721775
30.129606
29.920650
29.927687
30.115526
29.729614
29.932650
29.874250
30.178562
29.730415
29.745615
30.023685
30.031527
Control Period
29.904810
29.996168
30.111525
29.981287
30.044645
29.921930
29.760014
30.292961
29.732334
36.231522
30.086403
29.965927
29.827049
30.194080
29.764496
30.244162
29.927851
29.983528
30.236801
29.716656
29.963848
29.838573
29.943527
30.093605
29.935530
9.489190
9.512869
9.725344
9.499429
9.884699
9.499589
9.500710
9.895098
9.491430
9.786942
9.503429
9.487589
9.880381
9.505508
29.752014
30.036486
29.746574
30.241119
29.978729
29.832172
29.908810
29.966570
29.914249
29.959850
25.560286
40.063580
30.171843
40.019424
30.208481
29.947050
30.014088
30.052807
29.910252
29.934250
30.074408
29.721775
29.908171
29.992649
29.912012
30.034887
29.804335
29.719694
30.181602
32.836735
30.150726
30.063046
29.731377
30.123365
29.873451
30.043367
9.705824
29.903370
29.880970
30.142246
29.731215
29.913452
30.178083
29.912811
29.998245
30.023367
29.936810
30.210564
30.041449
30.072968
37.708923
29.912333
30.125126
29.850573
30.096006
29.928169
29.764494
29.920490
30.108646
9.493029
9.820701
9.517990
9.499430
9.901019
9.506787
9.581828
9.661985
9.501348
9.889500
9.516228
9.489190
9.882137
9.498789
29.943211
30.074245
29.927212
29.938892
30.127846
30.001129
30.093445
30.097286
29.916809
29.934891
30.137766
29.728333
30.066568
29.739855
30.046247
29.987690
29.919533
29.814894
30.159845
29.903690
Control Period
29.966732
30.278400
29.731377
29.945129
30.093765
29.937130
9.805021
9.500549
9.534309
9.884859
9.502628
9.552069
9.520068
29.781935
43.636932
29.913450
29.959370
29.949450
29.927212
30.012810
29.916010
29.740173
30.180325
29.845613
30.081127
29.916649
29.913450
30.100965
9.700226
29.908491
29.991850
29.903372
29.872654
30.055370
29.761614
29.906092
29.936010
29.955528
29.775536
30.149925
29.724657
29.932972
30.194567
9.503109
9.903739
9.508867
9.524710
9.900219
9.499109
30.129765
26.521383
40.053505
30.023689
30.079048
29.984489
30.224325
29.912331
29.780495
30.250883
29.738258
30.110567
29.743376
9.495430
9.909819
9.503749
9.591426
9.637347
9.515590
9.507430
9.898779
9.526309
9.709503
29.964491
30.289120
29.973612
29.725458
30.237444
29.787216
30.138565
29.810575
29.914251
30.005131
30.047211
29.731539
30.027369
29.725136
29.872173
36.728794
30.091370
29.953449
29.942251
29.916651
29.845615
30.165766
29.722258
29.977291
29.809135
29.986412
30.049610
29.909130
29.771858
30.270721
29.912172
9.524389
9.900537
9.498150
9.504390
9.882780
9.506950
9.759263
9.504869
9.501509
9.883739
9.500870
9.526950
30.035851
29.768654
30.191204
29.882256
49.262543
30.017612
29.936972
29.920490
29.970732
29.906574
29.837776
30.071369
29.740656
29.992811
29.964012
29.973770
30.065769
Control Period
29.938574
30.557919
30.297922
30.328001
30.315842
30.310562
40.815727
30.317602
30.315361
30.303040
40.394615
20.097553
9.883580
9.885019
9.903900
9.891740
9.886939
9.891900
30.493277
30.190407
30.181927
30.258564
30.248165
30.242085
30.275043
30.231207
9.874620
30.461279
30.177607
30.190407
30.259045
30.242725
30.235527
30.264484
37.648289
30.596317
30.375521
30.306883
30.108488
30.185446
30.174885
30.238884
30.235525
30.329922
30.539997
30.318241
30.304161
30.143368
30.181927
30.187845
30.250086
30.244005
30.243364
30.512157
30.282244
30.220165
30.126247
30.182407
30.199047
30.235846
30.225927
32.840256
30.319843
30.320164
30.336163
27.716393
30.164967
20.109232
9.887419
9.889339
30.448479
30.354721
30.311684
30.355362
30.152805
30.235525
30.216486
9.877820
9.873981
30.669754
30.332001
30.308325
45.484886
30.350403
30.314085
30.321602
30.337765
40.554932
20.180750
9.912220
9.886459
9.881820
9.906460
9.908220
9.881981
9.883101
9.891580
30.579678
30.246407
30.118408
30.173607
30.192966
30.232166
30.277447
30.298244
30.546717
30.321281
30.311041
30.118729
30.204966
30.188967
30.286726
30.280485
30.282404
30.360804
30.666393
30.317924
30.110729
30.188326
30.173447
20.108433
9.893021
9.908060
30.485918
30.188005
30.187527
30.247688
Control Period
30.224966
30.294888
30.291685
30.361921
30.312164
9.884701
30.433121
30.173449
30.240967
30.261446
30.289925
30.307684
30.344004
30.362562
30.456322
30.176968
30.216648
30.249126
30.262405
30.306244
30.330402
30.304165
30.306404
30.184168
30.496799
30.195049
30.234886
30.246246
30.331203
9.907259
9.884380
36.809113
20.122351
9.922777
9.894620
9.891100
9.895741
9.899422
9.905500
9.916540
30.609116
30.245127
30.254406
30.307686
30.306087
30.327366
30.328644
30.147051
30.299366
30.619677
30.248007
30.252487
30.306564
30.302406
30.294247
30.313765
30.117451
30.212006
30.576319
30.255205
45.706799
30.336006
30.293606
30.316965
30.322243
30.125931
30.186247
30.539997
30.277445
43.461899
30.256966
30.262886
30.320486
30.329926
30.303846
30.420322
30.214888
30.224808
30.187691
30.268166
30.255846
30.319206
30.307205
30.306566
30.410242
30.416803
30.208487
30.183849
30.246246
30.256327
30.312166
9.899580
30.478241
30.420162
30.238726
30.257607
30.314087
30.295048
30.254406
30.242247
30.137451
30.429922
30.389442
30.245447
30.241766
30.294405
30.294725
30.321287
30.321766
30.112329
30.424000
30.343845
30.255207
42.121933
30.243525
30.244007
30.346727
30.292488
30.306726
30.584476
38.473873
30.238407
30.250727
9.915419
9.897981
9.896861
9.885661
Control Period
30.653759
30.325926
30.307205
30.296646
30.138250
30.184332
30.193768
30.258886
30.324806
30.537920
30.313126
30.292488
30.305286
30.115211
30.215687
30.221130
30.278246
30.291525
30.603518
30.240486
30.333447
30.314568
30.112492
30.182091
30.177132
30.238247
30.278248
30.388802
30.298084
30.326405
30.316486
30.102093
30.187208
30.180172
30.288486
22.325495
9.916700
30.631517
30.114889
30.224491
30.195530
30.260807
30.283848
30.308807
30.348804
30.607998
30.329128
30.125290
30.183693
30.181131
30.243687
30.249447
30.303686
30.297127
30.377285
30.537123
30.111050
30.200010
30.197613
30.255365
30.246088
9.881502
30.469761
30.198732
30.183372
30.245289
30.278727
30.295208
30.340006
30.328327
30.346567
30.153131
55.154720
30.182892
30.223049
30.244009
30.286566
30.296967
30.284487
30.557598
30.113930
30.205931
30.173130
30.234089
30.298088
30.301126
30.321287
9.876222
9.882622
30.466562
30.591679
20.099474
30.272968
30.273766
30.262409
30.241610
30.355846
30.675678
30.116329
30.176651
30.219212
30.275208
30.256969
30.295847
30.297928
30.317448
30.373127
30.267208
30.212811
30.192011
30.267048
30.239210
30.291527
30.300327
30.387844
30.614241
30.138252
30.184650
30.171371
30.262730
30.253128
30.288486
32.390995
30.244970
9.887423
9.885660
9.886942
Control Period
9.869661
9.902302
9.881821
9.906781
9.880383
9.878780
51.017387
30.305767
30.125454
30.183371
30.219852
30.288807
30.288008
9.880542
30.673119
30.298248
30.309128
30.138412
30.186890
30.241772
23.595703
9.882141
9.885341
9.891421
30.336327
30.187210
30.176971
30.240971
30.276649
30.220331
30.270088
30.324966
30.663198
30.125454
30.193611
30.176331
30.264332
30.236650
30.304968
30.314888
30.315845
30.246090
30.378407
30.191690
30.222891
30.248968
30.244492
30.260328
30.251211
30.365446
30.618879
30.123053
30.199211
30.179852
30.265129
30.241611
30.223530
30.252327
30.325768
30.316486
30.396484
30.240490
30.252972
30.256012
30.306566
30.320007
30.331688
30.563683
30.133774
30.200171
30.188492
30.262091
30.275047
30.226252
30.337606
30.320168
30.444162
30.348806
30.200010
30.245291
30.245770
30.256811
30.318569
30.327847
30.310249
30.532001
30.110413
30.228811
30.259371
30.250090
30.250891
30.311047
9.921181
30.511364
30.467201
30.316811
30.309292
30.148811
30.187210
30.238892
30.304649
30.256651
55.561913
30.308966
30.293129
30.287689
30.312809
30.315210
30.113136
30.177294
30.421604
30.343847
30.235691
30.240009
30.255692
30.175213
30.237291
30.121935
30.206890
30.242571
30.420166
30.249611
30.310247
9.902943
9.892700
9.892221
9.891102
Control Period
30.685118
30.303532
30.314249
30.304649
30.145294
30.197771
30.246252
30.246410
30.281610
30.325930
30.513285
30.332006
30.330729
30.095217
30.209612
30.245451
30.251211
30.295052
30.049137
30.256969
20.132275
9.897020
9.902462
9.897023
9.891902
9.891743
9.888542
30.668797
30.318249
30.318089
30.308491
30.126734
30.219051
30.258411
30.271530
30.296490
30.660320
30.298569
30.287849
30.307690
30.116335
30.211691
30.256010
30.292332
30.289770
30.679840
30.302731
30.311049
30.308170
30.114096
30.183693
30.224970
30.266251
9.880222
9.894622
30.659840
34.464222
20.094357
9.892862
9.881342
9.890621
9.886302
9.919580
30.622883
30.259052
30.310730
30.319851
30.313929
30.313610
30.125135
30.207375
9.869823
30.601442
30.246252
30.301130
30.334888
30.309771
30.317612
30.112495
30.206411
30.271532
30.552643
30.238571
30.284170
30.319370
30.298733
30.315371
30.092976
30.223213
30.259211
30.489285
30.252651
30.330730
9.900381
9.890623
9.889822
9.904861
9.881662
30.598402
30.252331
30.307531
30.317291
30.320971
30.345131
30.115696
30.203373
30.294891
30.309931
30.386087
30.335213
30.316172
30.330730
9.880543
9.893342
9.904702
9.892063
30.611362
30.262890
30.310411
30.326731
30.313292
30.324011
30.119055
30.270733
30.284010
30.340012
30.450569
30.308651
30.316652
Control Period
30.321772
30.331371
30.133934
30.302092
30.515526
30.253771
30.287052
30.262890
30.313452
30.116177
30.484167
30.255852
30.242092
30.284651
30.319372
30.259371
30.311050
55.114563
30.341450
30.346249
30.138577
30.418247
30.283691
30.256811
30.258411
30.239853
30.317930
20.042517
42.940006
30.310251
30.312813
30.349451
30.248653
30.236494
30.253132
30.243214
30.304972
30.516966
30.301771
30.305931
30.111055
30.238735
30.235855
30.463848
30.271051
30.305771
30.310091
30.301771
30.313292
30.445129
30.237614
30.264332
30.308331
30.303211
30.318092
30.384968
30.251854
30.246414
30.310892
30.335211
30.517769
30.313292
30.124176
30.247374
30.244013
30.284492
30.462887
30.341930
30.312170
30.330254
30.311531
30.159534
30.438889
30.248173
30.249931
30.281612
30.275213
30.309933
30.340971
30.265451
30.252012
30.243853
30.243855
30.325769
30.533447
30.318893
30.315371
30.112495
30.244333
30.370409
30.296013
30.341770
30.306412
30.319691
30.319530
30.449451
30.281773
30.251213
30.314732
30.331051
30.320650
30.407530
30.242575
30.250895
30.251854
30.319050
30.344971
30.568327
30.319691
30.123856
30.257933
30.256174
30.244976
30.507528
30.323370
30.302094
30.322573
30.332331
30.133137
50.900917
30.310732
9.886461
9.885183
9.882143
Control Period
30.561766
30.247856
30.307693
30.322571
30.318092
30.264334
30.570087
30.240337
30.234734
30.318733
30.308331
30.111858
30.284012
30.439049
30.273453
30.267374
30.307852
20.969374
9.940701
30.483686
30.330572
30.153454
30.260015
30.257296
30.290094
30.477928
30.271694
30.317291
30.125458
30.251535
30.298252
30.470570
30.290894
30.341290
30.318733
30.115219
30.311371
30.472649
30.252975
30.251534
30.303852
30.309132
30.184496
30.451530
30.248337
30.260815
30.246897
30.317291
30.400171
30.362892
30.257135
30.257135
30.251215
30.264338
30.424332
30.560966
30.118099
30.258575
30.260815
30.248655
30.395851
9.896221
9.906464
9.894464
9.893183
30.609287
30.324495
30.312014
30.111700
30.259377
20.059158
30.633768
30.240335
30.242737
30.305134
30.308975
30.113140
30.614407
30.264816
57.143158
30.264816
30.276493
30.648323
30.297134
30.322895
30.142097
30.261454
30.259695
30.588007
30.268335
30.283695
30.301773
30.116819
30.292816
30.601286
30.262577
30.309614
30.302256
30.307213
30.132820
30.594086
30.259056
30.257298
30.259375
30.305134
30.328331
30.451212
30.259216
30.245773
30.227856
30.246897
30.308813
30.621925
30.112339
30.253134
30.246096
30.234735
30.236177
30.584646
30.318253
30.111380
30.239857
30.246096
30.252975
9.898142
9.895103
9.884864
9.929342
Control Period
30.527369
30.266737
30.310415
30.301775
30.127859
30.253937
30.521610
30.302893
30.258097
30.265297
30.304176
30.287855
30.355373
30.267536
30.253294
30.248337
30.248976
30.303535
30.499048
30.147379
30.253296
30.277935
30.254095
30.252655
30.513609
30.357931
30.124500
30.264175
30.287537
30.460651
30.413773
30.318413
30.114580
30.240015
30.247217
30.458893
30.421772
30.311216
30.309614
30.120020
30.250256
30.495850
30.364012
30.258736
30.335535
30.313295
30.135860
30.509132
30.362253
30.244816
30.252975
30.312817
30.336494
30.388332
30.328974
30.257776
30.251694
30.248497
30.324335
30.248177
30.268175
30.247377
30.257774
30.325457
30.506411
30.257936
30.269297
30.229616
30.230576
30.250736
30.525131
30.455853
30.126581
30.243216
30.243855
30.260336
30.499693
30.441771
30.329456
30.117619
30.254416
30.245935
30.508492
30.383694
30.313295
30.309296
30.126579
30.249775
30.520172
50.764603
30.324337
30.117140
30.427692
30.443213
30.264174
30.260178
30.333616
30.336815
30.319695
30.410252
30.262897
30.282576
30.270096
30.311058
30.516010
30.257935
30.254736
30.284016
30.259855
30.256815
30.546570
30.398413
30.117142
30.245455
30.271534
30.266254
30.537451
30.423372
30.316177
30.142740
40.119762
30.532490
30.325617
30.334417
Control Period
30.306257
30.117619
30.233620
30.462412
30.305296
30.248978
30.284338
30.217775
30.115540
30.499371
30.348175
30.247538
30.249296
30.310738
49.902225
30.514412
30.323536
30.107380
44.837879
30.299057
30.531849
30.370413
30.116821
30.277136
30.254419
30.269138
30.342415
30.133301
30.241457
30.258736
30.468012
30.401613
30.302734
30.302578
30.110901
30.236176
30.481932
30.354097
30.253139
30.314255
30.287216
30.124020
30.517452
30.336657
30.242897
30.249939
30.300655
30.294575
30.416494
30.311058
30.248016
30.234579
30.242418
30.308817
30.613766
30.148659
30.264977
50.628448
30.402573
30.499533
30.116661
30.242098
30.256180
30.242418
30.379055
30.547052
30.299538
30.114580
30.249779
30.248978
30.435694
30.463692
30.333618
30.316816
30.121302
30.259218
30.452013
30.422573
30.249619
30.306896
30.305618
30.111862
30.460815
30.396015
30.252178
30.264179
30.304016
30.302416
30.189619
30.274258
30.241781
30.296976
30.308336
30.655207
30.121140
9.900545
9.911744
9.909664
9.884705
30.615686
30.126583
30.231697
30.253300
30.247538
30.270741
30.630089
30.322737
30.118742
30.232819
30.242098
30.310738
30.544971
30.296976
30.296337
30.134901
30.251701
30.248178
30.350578
30.503851
30.306416
30.120502
30.253622
30.341297
Control Period
30.556652
30.250580
30.314899
30.315699
30.108982
30.355375
30.462574
30.244659
30.264177
30.267380
30.302896
30.329777
30.356977
30.248981
30.252340
30.252977
30.308977
30.535051
30.117304
30.253780
9.894305
9.911104
9.890305
30.554892
30.105301
30.261940
30.245781
30.238422
30.627369
30.283218
30.109945
30.320017
30.256981
30.326895
30.467052
30.242102
30.236023
30.325459
30.138742
30.432175
30.373137
30.248661
30.261620
30.283537
30.236820
30.396015
30.235861
30.244501
30.250900
30.253620
9.876863
30.360815
30.238260
30.240499
30.238739
30.248981
30.342575
30.450417
30.112343
9.918303
9.888865
9.881664
30.558893
30.297140
30.097464
30.240499
30.238262
30.320658
30.424656
30.303061
30.292976
30.139866
30.244499
30.427858
30.337296
30.250259
30.291380
30.416336
30.075384
40.449196
30.247702
30.246740
30.254581
30.308979
30.406258
30.170742
30.260660
9.891905
9.899904
9.884225
30.491531
30.170904
30.249302
30.239700
30.243858
51.162037
30.556171
30.232021
30.283220
30.300339
30.132023
30.392815
30.444496
30.223862
30.250900
30.286898
30.235062
30.358418
30.330420
30.241941
30.250580
30.252501
30.297300
30.612173
9.880064
9.892225
9.888065
9.882946
9.878626
30.691689
30.115704
9.885986
9.890785
9.895586
Control Period
30.580173
30.307541
30.121784
30.265141
30.264500
30.243862
30.246582
30.274261
30.294741
30.118103
30.239380
30.233942
30.258261
30.242420
30.300819
30.280661
30.115705
30.240341
30.245302
30.236980
30.240982
30.309141
30.295380
30.114265
9.905664
9.893026
9.885185
9.898304
9.890623
9.882465
9.891907
9.903425
9.896545
9.888386
9.900866
9.894142
9.893187
9.896226
9.884225
9.901184
9.884546
9.883745
30.672489
30.128025
30.252342
30.246582
30.246740
30.243221
30.287540
30.309780
30.129623
30.246580
30.239861
30.268341
30.236500
30.302101
30.274900
30.122906
30.234581
30.255381
30.254101
30.317461
40.566635
20.103481
9.892224
9.882945
9.889186
9.890465
9.888546
9.896065
9.903106
9.898943
9.892225
9.897346
9.903425
9.914465
9.886466
9.892385
9.924064
9.895105
9.891266
9.894146
9.896866
9.909665
9.905664
9.899104
30.349621
30.123064
30.249462
30.256981
30.274422
30.255062
30.299381
30.255062
30.119383
30.257622
30.247059
30.273300
30.246260
30.492657
30.465616
30.119225
30.242102
30.256821
30.241463
30.244984
30.248661
30.319860
30.142906
9.904544
9.887906
9.893665
9.891266
9.894146
9.905986
9.912066
9.895103
9.896545
9.902306
9.890625
9.898787
9.897985
9.882465
9.884705
9.885185
9.910465
9.896385
9.884226
9.904547
Control Period
9.889186
9.907745
9.897026
9.891266
9.893985
9.903746
9.885506
9.896706
9.897825
9.893507
9.891906
9.893665
9.907745
9.904387
9.930785
9.910303
9.887905
9.902626
9.902784
9.903106
9.896866
9.883587
9.887424
9.911905
9.890626
9.914304
9.909025
9.901025
9.921347
9.906626
30.415699
30.351381
30.316980
30.295862
30.128185
30.290262
30.289143
30.260820
30.269621
30.317459
30.293781
30.149305
30.288502
30.286421
30.284821
30.283543
30.255861
30.349941
30.157623
30.256981
30.288660
30.279381
30.255383
30.267384
30.359861
30.130106
30.289303
30.282742
30.281620
30.288982
9.892546
30.125147
30.245462
30.239704
30.267860
30.291382
30.254906
30.316021
30.122908
30.257624
30.253305
30.237944
30.244503
30.320499
30.300180
30.122269
30.263702
30.261623
30.250584
30.256025
30.256023
30.356180
30.114586
30.246906
30.239704
30.250586
30.254581
30.306421
30.467216
30.234262
30.249624
30.256023
9.901345
9.895906
9.898146
9.906146
9.898947
9.888065
9.904706
9.884066
9.889666
9.883106
9.879587
9.881508
9.901026
9.883427
9.881026
9.898786
9.895906
30.360821
30.321781
30.326422
30.102428
30.292343
30.284664
30.279064
30.283384
30.323223
30.273624
30.163385
30.282906
30.290424
30.285461
37.079052
20.102364
9.897985
9.884867
Control Period
9.905188
9.923906
9.911587
9.908546
9.898946
9.902946
9.885666
9.897025
9.899105
9.877666
9.912706
9.902786
9.895906
9.901505
9.894786
9.879427
9.882146
30.284504
30.279385
50.986694
30.267864
30.316181
30.128506
30.294903
9.883907
9.887107
9.905985
9.894304
9.891106
9.884227
9.893347
9.894146
9.882786
9.882147
9.896385
9.898148
9.896067
9.887266
9.884706
9.900547
9.883106
9.896865
9.887906
9.891106
9.889827
9.919426
9.891106
9.900227
9.881824
9.883429
30.328344
9.893187
9.902626
9.898947
9.898626
9.887905
9.879906
30.329624
9.887427
9.900227
9.906786
9.899746
9.885824
9.899266
9.894787
9.896067
9.887108
9.913986
9.890787
9.900866
9.904707
9.891586
30.166428
9.893026
48.855068
30.245785
30.247705
30.233786
30.498579
30.279224
30.258104
30.237305
30.232346
30.268507
30.294424
30.313305
30.153305
9.906946
9.893826
30.260025
30.274265
30.283546
30.227865
30.109789
30.244026
30.282104
30.259224
30.224827
30.311064
30.111389
30.242105
30.241787
30.239384
30.266584
30.296343
30.232185
30.122589
30.257946
30.286427
30.252666
30.249466
30.307705
30.326744
30.117310
30.279867
30.244345
30.241306
30.259386
30.290745
30.326584
30.140350
30.236826
30.240347
30.245146
30.289146
30.303703
9.895586
9.899427
9.919426
9.889186
Control Period
9.894466
9.892707
9.892385
9.881186
9.913826
9.890467
9.904227
30.677776
30.269304
30.318426
30.127390
30.228027
30.252983
30.248667
30.262426
30.319386
30.349623
30.156990
30.288986
9.876068
9.880707
9.887267
9.889507
9.901026
9.902626
9.892705
9.889346
9.881987
9.901187
9.882468
9.881666
9.872229
30.162430
30.244503
30.264027
30.249947
30.246584
30.255384
30.328665
30.113791
30.275385
30.271866
30.231867
30.260506
30.269627
30.330107
30.148989
30.249146
30.240984
30.234266
30.257145
30.213467
30.339706
30.122589
30.283226
30.236347
30.240826
30.270107
30.295067
30.305145
30.114107
30.259386
9.874628
30.334743
30.303385
30.294106
30.263865
30.265467
9.901508
30.266106
30.352024
30.307066
30.120829
49.760170
104.171265
30.332825
30.337147
30.138269
30.236187
30.238108
30.247547
30.275387
30.217308
30.315865
30.123390
30.232025
30.230747
30.237625
30.276665
9.889345
9.888548
9.888388
9.894466
9.878786
9.884388
9.888388
9.882627
9.877347
9.880226
30.249306
30.293625
30.275387
30.307547
30.310905
30.102110
30.254267
30.258907
30.239546
30.263224
30.227388
30.351385
30.107071
30.234268
30.227068
30.246746
30.245468
30.296825
122.994293
9.889828
9.884548
20.054688
Control Period
40.403130
30.247868
30.268667
30.272026
30.304186
30.306908
30.128191
30.262106
30.251228
30.274426
30.283546
30.315544
30.325624
30.126110
30.233469
30.263229
30.255226
30.286587
30.320024
30.310265
30.120190
50.493431
30.286587
30.268345
30.289465
30.316505
30.328667
9.898308
9.889347
9.898146
9.895746
9.886628
9.895267
9.897348
9.901346
9.894307
9.904706
9.897186
9.895748
9.884548
9.905027
9.891108
9.904867
9.903109
9.890306
9.901346
9.904388
9.894787
9.883268
9.895588
9.908709
9.884386
30.652817
30.113792
30.247231
30.253307
30.244509
45.811470
9.961666
30.310745
30.128029
30.271709
30.249468
30.268349
30.269947
30.314907
30.361307
30.109631
30.251867
30.243069
30.253630
30.266909
30.312666
30.314585
30.173151
30.261631
30.252987
30.248192
30.278587
30.311386
30.328667
30.140509
30.245470
30.263069
30.271069
30.270267
30.318907
30.344826
30.139709
30.268188
9.901987
9.893988
9.903906
9.896708
9.889187
9.893668
9.889988
9.897508
9.909986
9.893026
9.894147
30.310587
30.304987
30.332664
30.148029
30.290428
30.290907
30.291546
30.304188
30.680336
30.321627
30.118111
30.241150
30.236191
30.231071
30.285467
30.303228
30.343866
9.875908
9.875908
9.889828
9.893827
9.891268
9.893349
9.904707
9.887589
Control Period
9.893508
9.885347
9.887908
9.929507
30.463543
30.328669
30.462105
30.250431
30.250429
30.601299
30.311546
30.600180
30.300829
30.148190
30.574102
30.247231
30.450584
30.386425
30.379225
30.622740
30.110912
30.288830
30.509623
30.341146
30.619381
30.320667
30.371386
30.414585
54.830280
30.480022
30.392027
30.491222
30.245150
30.372347
30.548340
30.304667
30.350908
30.249950
30.356985
30.523863
30.340023
30.460823
30.380665
30.267389
30.491224
30.401146
30.542261
30.314428
30.532984
30.280668
30.246109
30.460506
30.259390
30.460186
30.452986
30.481302
30.536341
20.112448
30.587542
50.839344
30.391867
30.326588
30.674578
30.320827
30.283709
30.389465
20.028610
20.467798
30.246429
30.316349
30.619862
30.298908
30.647539
30.126114
30.268030
30.571060
30.255070
30.476185
30.344669
30.339388
30.441465
30.242111
30.293629
30.456028
30.356346
30.613941
30.361626
30.408825
30.253311
30.377947
30.320028
30.666096
30.235550
30.114756
30.580662
30.239069
30.590424
30.348028
30.368507
30.622742
30.117313
30.448505
30.278271
30.338428
30.612980
30.302589
30.402746
30.294750
30.345308
30.501305
30.239069
30.448345
30.544981
30.319229
30.337948
30.273149
30.412827
30.485466
30.322590
30.488825
30.360670
30.306271
9.889827
30.679060
30.312830
Control Period
30.583063
30.139874
30.612183
30.270750
30.359711
30.564182
30.332829
30.649942
30.126434
30.307070
30.559221
30.266270
30.526743
30.318428
30.356348
30.416506
30.255711
30.328508
30.416666
30.406425
30.595863
30.322111
30.207392
30.520344
30.246910
30.545944
30.318430
47.749504
30.327389
30.598904
30.118114
30.351547
30.370588
30.313150
30.597940
30.279869
30.387545
30.365149
30.282589
30.514902
30.337471
30.573301
30.303549
30.415707
30.212992
30.350750
30.536026
30.230268
30.443386
30.564022
30.288830
30.355389
30.265312
30.343227
30.519547
30.312511
30.471066
30.364508
30.234591
10.074624
30.530584
30.470268
30.493786
30.487545
30.118114
30.470745
30.398907
30.333471
30.498104
30.315392
30.486107
30.240511
30.279549
30.542425
30.306110
30.608341
30.415066
30.232193
30.420826
30.320829
30.405787
30.349792
30.660501
30.360348
30.311071
30.496506
30.258751
30.552664
9.903268
9.905987
30.632980
30.412987
30.331707
30.249151
30.707220
30.309950
30.317791
30.350590
61.211723
30.322910
30.338593
30.565304
30.243872
30.501465
30.316189
30.336670
30.450106
30.243393
30.311071
30.396830
30.356190
30.601143
30.321310
30.175556
30.552345
30.256670
30.533783
30.311390
30.367229
30.578745
30.136196
30.658421
30.309950
30.313309
Control Period
30.654902
30.124676
30.473785
30.252670
30.303711
30.629942
30.294910
30.406590
30.297310
30.334431
30.548027
30.247391
30.426109
30.526426
30.306751
30.341629
30.253633
30.405628
30.517147
30.320190
30.459705
30.343552
30.292351
30.479706
30.271070
30.526426
30.520506
30.419868
9.902147
30.627382
30.264830
30.385311
30.398911
30.316671
30.470427
30.279072
30.283550
30.598104
30.475067
30.354750
30.315231
30.441628
30.242752
30.312191
30.491547
30.383711
30.594421
30.336031
30.192675
30.549946
30.256834
30.535065
40.279617
25.208160
30.425629
30.414268
30.232836
30.248516
50.736954
30.423550
30.377949
30.244192
30.488346
50.007210
30.563705
30.316029
30.493145
30.467546
30.297634
30.475548
30.270432
30.498907
30.501465
30.257792
30.550587
30.127874
30.410109
30.457787
30.518425
30.496187
30.422586
30.498268
30.107395
30.451071
30.433310
30.280830
30.545624
30.262592
30.344028
30.465469
30.417149
30.524187
30.385952
30.308350
30.340511
30.370430
30.274595
30.505306
30.306110
30.564507
30.443871
30.118916
30.503866
30.254755
30.533627
30.409472
30.294273
30.626425
30.176834
30.444828
30.309954
30.270435
30.632984
30.264196
30.366909
30.315071
30.268993
30.603064
9.881029
10.076223
30.357471
30.293154
30.468349
Control Period
30.407709
30.313152
30.521147
30.262272
30.346909
30.379391
30.277313
30.583706
30.424829
30.424509
30.425310
30.133318
30.528667
30.352991
30.295553
30.541145
30.329311
30.619545
30.172997
30.252516
30.596186
30.351068
30.529945
30.387711
30.352510
30.483229
30.248356
50.682873
30.454109
30.563545
30.136997
30.424829
30.497948
30.524508
30.317471
30.459709
30.530106
30.141317
30.428032
41.639107
30.618263
30.404030
30.226913
30.427872
30.273794
30.624346
30.345791
30.144197
30.590425
30.268354
30.593626
30.355232
30.318750
50.901276
30.253155
30.426908
30.334595
9.902948
30.336990
30.301313
30.362591
30.477631
30.439871
30.327873
30.549305
30.460510
30.183235
30.419870
30.272995
30.504189
30.411871
30.338913
30.548187
30.309473
30.330593
30.256035
30.525785
30.393311
30.340834
30.516987
30.119400
30.569307
30.314114
30.256834
30.652504
30.307714
30.673466
30.194117
9.920229
30.338272
30.536028
30.303396
30.323551
30.428190
30.248196
30.518745
30.326273
30.513145
30.460192
30.118279
30.451551
30.408031
30.371553
30.448669
30.300035
30.554586
30.248674
30.256676
30.467072
30.241476
30.565145
30.440191
30.312672
30.355553
30.405151
30.416031
30.241474
30.561947
30.418432
30.324192
30.441309
30.431231
30.318913
Control Period
30.451231
30.479712
30.192677
30.411232
30.253475
30.450590
30.455872
30.330433
30.524347
30.125637
30.470751
30.405149
30.282274
30.530270
30.441792
30.490112
30.262754
30.241955
30.503071
30.390751
30.347874
30.464352
30.314596
42.267414
30.337152
30.573147
30.226114
30.426109
30.368191
30.592026
30.416191
30.645147
30.198917
30.268835
30.524509
30.284355
30.668026
30.336674
30.359552
50.846237
30.250597
30.535870
30.383873
30.330275
30.629307
30.111399
30.290754
30.478752
30.337315
30.628826
30.317635
30.376833
30.443232
30.259396
30.452831
30.256834
30.391552
30.607067
30.328194
30.448349
30.253954
30.602106
30.324192
30.470751
30.606106
30.301315
30.570908
30.327715
30.234917
30.504673
30.251877
30.483711
30.475071
50.904156
30.373474
30.609306
30.320194
30.185316
30.512352
30.298595
30.522591
30.336674
30.444351
30.584829
30.126600
30.455872
30.251717
30.428352
30.564028
30.305956
30.321632
30.357153
30.507231
30.260515
30.471550
30.552988
30.328194
30.349474
30.278435
30.430592
30.465952
30.308035
30.513790
30.397953
30.322275
30.426750
30.272196
30.529791
30.436993
30.353313
30.471071
30.129000
30.499390
30.371555
30.590748
30.413471
30.505312
30.426432
30.121000
30.517792
30.335236
30.369951
30.349955
30.508989
30.301796
Control Period
30.247877
30.490431
30.350277
30.304197
30.333475
30.306595
30.105801
30.235397
30.255718
30.243074
30.599548
30.332996
30.307875
9.885190
9.887270
9.888229
9.881830
9.886150
9.906309
9.882790
9.893031
9.885191
9.887271
9.895111
9.885672
9.895432
9.882950
9.880230
9.881672
30.330437
30.336994
30.140839
30.255558
30.257956
30.254757
30.282118
30.315876
30.320677
30.104361
30.242758
30.249638
30.258759
9.911910
9.891430
30.481470
30.243397
30.258118
30.256996
30.272196
30.319075
30.299076
30.118599
30.256039
30.245157
30.247719
30.269154
30.348515
30.330437
50.480324
30.268356
30.273476
30.304516
30.327715
30.169800
30.242756
30.243717
30.238441
30.274595
30.316835
30.332834
30.116362
30.253477
30.254280
30.279076
30.260679
30.298435
9.901350
30.504032
30.252840
30.248198
30.320835
30.308676
30.303236
30.121161
30.248360
30.256680
30.251717
30.274759
30.318115
30.118919
30.251398
30.254440
30.265158
30.258759
30.296837
30.306114
30.104683
30.275557
30.247559
30.256517
30.264837
30.310917
9.904071
9.890150
9.888711
9.894630
9.906149
9.897673
9.915270
9.881191
9.900550
30.607388
30.254440
30.277958
30.315235
30.321156
30.113003
30.251240
30.253317
30.239880
30.274597
30.326595
30.313158
30.140841
30.246758
Control Period
30.252201
30.250278
30.260839
30.321796
30.313478
30.118921
30.247561
30.245960
30.259399
30.277317
30.316837
30.310917
30.111242
30.250280
30.248199
30.253960
30.262119
30.316357
30.322918
30.139242
30.556671
45.702530
30.307558
30.314117
30.142603
30.259720
30.271078
9.896070
9.889030
9.885352
9.903751
9.909191
9.903751
9.887272
9.886950
9.895430
9.885192
20.038055
30.184202
23.288216
9.901030
9.896709
9.882631
9.902311
9.883272
9.902472
9.897191
9.881350
9.945190
9.902631
9.900552
9.888072
9.900872
9.911430
9.906471
30.472834
30.254120
30.250441
30.260040
30.248680
30.312840
30.306915
30.124363
30.251720
30.257320
30.237000
30.259560
30.321798
30.303398
30.119404
30.253479
30.238602
30.247881
30.259239
30.305958
30.335396
30.148205
30.243559
30.248199
30.255558
30.277960
30.334278
30.319557
30.144041
30.250759
30.252199
30.271400
30.269159
30.303080
30.493311
30.286760
30.303078
30.255402
30.261000
30.312677
30.321157
30.118765
9.868233
9.885511
9.887751
9.880552
9.884550
9.913831
9.892391
9.872872
9.879751
9.878632
9.881032
9.897192
9.907593
9.886473
9.895752
9.886950
9.901670
9.891272
9.885832
9.887112
9.889352
9.884552
9.887911
9.893190
9.888712
9.888391
30.382757
30.248201
35.809502
20.113895
Control Period
9.901830
9.879271
9.903751
9.884392
9.882792
9.880711
9.886471
9.895432
9.883271
9.884232
9.884552
9.889671
9.895111
9.892872
9.883112
9.900071
9.896711
9.888552
9.898632
9.886152
9.882631
9.888712
9.882952
9.885352
30.319080
9.885351
30.248520
30.293640
30.303240
30.261320
30.310440
50.889763
30.279240
30.288521
30.249641
30.312521
30.317801
30.345797
30.125164
30.272839
9.873512
9.887432
9.901672
9.885193
9.889832
9.887271
9.883272
9.891750
9.896392
9.883593
9.902151
9.894152
9.895271
9.883272
9.892551
9.886632
9.882312
9.895910
9.905029
9.885672
9.877672
9.891750
9.887753
9.880552
9.883272
9.887431
9.890472
30.486595
30.249481
30.257160
30.310280
30.317959
30.341160
30.165646
9.882631
9.904712
9.889512
9.888710
9.887592
9.890952
9.886951
9.886951
9.873352
9.893192
40.604259
30.319399
30.285000
30.266281
30.306759
30.315399
30.120684
30.245800
30.298759
30.268839
30.281639
30.305799
30.328999
30.126444
30.248360
30.236521
30.241802
30.388519
30.509954
30.309799
30.129484
30.278921
9.887112
30.254440
30.307400
30.300678
30.312040
30.120684
30.248360
30.248363
30.249962
30.249481
30.329960
30.322279
30.108204
30.256361
30.261478
30.246761
30.286440
30.306280
30.318439
9.882311
9.902152
9.873672
9.871592
Control Period
9.881512
9.881353
9.878312
9.872392
9.884712
9.879751
9.897032
30.524834
30.143885
30.236523
30.265162
30.277000
30.265642
30.337000
30.351881
30.149963
30.281961
30.280201
30.280682
30.270760
30.307880
30.341480
30.151243
30.272362
27.262995
30.225962
20.112137
9.875273
9.872712
9.881032
9.889992
9.892392
9.876553
30.251081
30.303398
30.330761
30.333799
9.905673
9.906473
9.896711
9.892551
9.894472
30.574274
30.137163
30.283878
30.238602
9.871273
9.890792
9.879753
9.883752
9.895752
9.890633
9.905672
9.899113
9.882792
9.878793
9.889352
9.877031
9.884872
9.879911
9.881512
9.873512
9.892073
9.900230
9.901512
9.892871
9.893032
9.890633
9.876072
30.310759
9.874311
30.319401
30.167404
9.903592
9.888553
9.908232
9.899591
9.905512
30.482918
30.247242
30.248363
30.264044
30.283720
30.302601
30.321960
30.144844
30.253801
30.281322
9.880713
9.896711
9.894792
9.897992
9.892873
9.916231
9.897352
9.879913
9.905993
9.894313
9.875593
9.907112
9.890633
9.883111
9.893672
9.874474
9.880392
9.879593
30.320681
30.123884
30.298122
30.237644
30.247244
30.256205
30.305479
30.657312
9.887753
9.892073
9.898153
9.883273
9.903911
9.879592
30.312199
30.144527
30.285803
30.271084
30.246445
30.297003
30.319561
30.313002
30.121326
30.238924
30.246605
30.263565
Control Period
30.304682
30.329962
30.331558
30.132366
30.272524
30.245964
30.262926
30.283081
30.335880
30.306122
30.118128
30.250444
30.249485
30.252365
30.258924
30.305803
30.325642
61.659576
30.337000
30.329002
30.304684
30.121969
30.276684
30.272045
30.241646
30.260525
9.885192
9.898472
9.899591
9.883753
9.893033
9.888232
9.927113
9.891272
9.896713
9.889673
9.909512
9.889513
9.917353
9.893033
9.884232
9.899593
9.882474
9.888072
9.888873
9.883272
9.906792
9.890472
9.895272
9.897992
30.511717
30.316362
30.304363
30.325319
30.152527
9.877512
9.884394
9.894633
9.885033
9.890793
9.886475
9.889193
9.885353
9.900233
9.908072
9.891433
9.884711
9.900872
9.887594
9.898314
9.904552
9.909353
9.895912
9.891591
9.883434
9.879754
30.140528
9.883754
20.118536
30.302763
30.219885
30.106289
30.250284
30.254284
30.256367
30.270603
30.584354
30.346123
30.123730
30.254286
30.300686
50.636177
30.309484
30.344364
30.115250
30.245964
30.267725
30.268684
30.280043
30.314444
30.319403
30.140528
30.256845
30.262444
30.268204
30.295563
30.329004
30.322283
30.129648
30.255726
30.288204
30.282444
30.263245
30.333162
30.316683
30.135569
30.246445
30.271725
30.257166
30.257484
30.336042
30.566597
50.690575
30.247244
30.272364
30.343403
Control Period
30.322601
30.125809
30.261005
30.247244
30.247725
30.307404
30.654757
30.375563
30.447399
30.253803
30.544994
30.231884
30.383400
30.593796
30.329163
30.361641
30.261644
30.345163
30.506281
30.311722
30.440361
30.484041
30.342762
30.261005
30.401161
30.501480
30.299885
30.505157
30.166927
30.563877
30.258286
30.371561
30.564358
30.403881
30.572195
30.224205
30.514597
30.259085
30.439560
30.425161
30.440361
30.536839
22.122969
30.580677
24.421310
9.904711
30.674915
30.321964
30.553318
30.135571
30.599556
30.250126
30.338282
30.605318
30.329966
30.602276
30.125809
30.286924
30.560999
9.950312
9.894793
30.473801
30.270924
30.613316
30.258764
30.593958
30.305805
30.362284
30.423721
30.248684
30.423401
30.298124
30.380524
30.622276
30.294285
30.199406
30.469322
30.316364
30.518440
30.424683
30.551237
30.334286
30.254604
30.343884
30.413801
30.469320
30.313644
30.504839
30.505161
30.203888
30.265005
30.516840
30.378443
30.602116
30.326923
30.455721
30.299404
30.248686
30.651876
30.338766
30.467880
30.347565
30.115250
50.997768
30.252686
30.352524
30.576839
30.500679
30.139889
30.304047
41.198013
30.443401
30.338284
9.898794
30.685316
30.313805
30.362602
30.364204
30.287884
30.606598
30.607876
30.309965
30.383564
30.191887
Control Period
30.338284
30.560677
30.249165
30.418440
30.523399
30.319405
30.363403
30.271885
30.380363
30.482759
30.529320
30.345644
30.486921
30.350285
30.253967
30.450121
30.444042
30.354282
30.504841
30.330603
30.329483
30.391884
30.262447
30.546919
30.554121
30.446281
30.326925
9.898312
30.584038
30.327885
30.332525
30.636036
30.123407
30.444201
30.305807
30.295565
30.635878
30.309004
30.368523
30.300686
30.496841
30.276047
30.314766
30.576199
30.313965
30.479401
30.156691
30.356684
30.516039
30.258608
30.438921
30.518282
30.343082
30.334446
30.406122
30.443403
30.247087
30.484520
30.427402
30.489159
30.263727
30.280846
30.605637
30.302765
30.563238
30.283886
30.186930
30.551559
30.336365
30.527081
30.392683
30.545801
30.317005
30.219408
30.524681
30.269966
30.541798
30.309006
30.425640
30.513479
30.121969
30.396687
30.388205
30.530439
30.329004
30.483080
30.519081
30.151249
30.482443
30.252527
9.900232
9.897833
30.508200
30.258610
30.551243
30.265648
30.656197
30.319885
30.363403
30.346924
30.282608
30.582119
30.247410
30.361645
30.621159
30.313005
30.350607
30.247252
30.296844
30.571079
30.415403
30.582441
30.337164
30.429962
30.254450
30.361006
30.521481
30.273487
30.518440
30.329327
30.212049
30.494282
9.882953
30.634438
30.291245
Control Period
30.691555
30.114613
30.583561
30.249489
30.342604
30.492683
30.320206
30.650438
30.120211
30.312365
30.561642
30.245169
30.605961
30.314608
30.361008
30.458603
30.322447
30.464525
30.347565
30.601961
30.314606
30.395725
30.398605
30.255089
30.483084
30.257328
30.407085
30.479403
30.473162
30.566120
30.271889
30.323885
30.624521
30.303408
30.229969
30.387886
30.270451
30.584042
30.322449
30.351246
30.639238
30.110933
30.503401
30.294765
30.636997
30.333488
30.363405
30.559402
30.168369
30.554920
30.256210
30.366926
30.620201
30.310608
30.545639
30.121174
30.313486
30.551720
30.394606
30.567402
30.370605
30.145811
30.635561
30.264370
30.318928
30.489162
30.338127
30.648201
30.164692
30.277328
50.961136
30.492361
30.347248
20.094702
30.693796
30.312529
30.396687
30.271570
30.259089
30.605322
30.248852
30.336525
30.654119
30.248049
22.908390
9.906473
9.906155
30.459726
30.416685
30.301809
30.270130
30.660679
54.624565
30.650280
30.326769
30.525482
30.123892
30.356686
30.529484
30.269009
30.410765
30.474283
30.595882
30.117332
30.393806
30.493481
30.270611
30.512362
30.348530
30.428045
30.334288
30.253969
30.409325
30.464203
30.386765
30.520041
30.434763
30.292210
30.257010
30.458765
30.352526
30.348047
30.322289
30.302929
30.437485
30.255728
Control Period
30.515083
30.315090
30.530279
30.441326
30.353809
30.363087
30.447245
30.371086
30.320850
30.566601
30.405006
30.119576
30.443726
30.297329
30.535242
30.376045
30.302610
30.618280
30.288368
30.314928
30.241808
30.602760
30.345329
30.226929
30.541962
30.118135
30.610441
9.876717
30.678919
30.318287
30.403246
30.280531
30.594120
30.242771
30.370768
30.494125
30.401005
30.424204
30.258289
30.325487
30.554600
30.309010
30.432526
30.318609
30.241171
30.533644
30.279570
30.454765
30.469805
30.469164
30.324852
30.272209
30.486765
30.277969
30.528524
30.314610
30.446926
30.513483
30.309170
30.365967
30.484526
30.496525
30.509804
30.445168
30.121813
30.485004
30.261490
30.512526
30.424366
30.245329
30.588041
30.215092
30.357967
30.366608
30.253969
30.625959
30.407566
30.634441
30.143093
30.507723
30.305168
30.250450
30.649960
30.247730
30.393967
30.308851
30.266289
50.998093
30.302771
30.308529
30.275728
30.261969
30.593161
30.347408
30.347889
30.418127
30.162933
30.581322
30.255411
30.378288
30.621801
30.287729
30.557642
30.199894
30.517166
30.263409
30.434765
30.571724
30.332850
30.574121
30.117172
30.390448
30.488365
30.279091
30.555721
30.326450
30.466606
30.310608
30.425806
30.474445
9.897675
9.875277
30.483086
Control Period
30.243090
30.281811
30.457966
30.326771
30.677801
30.329969
30.160053
30.570284
30.248529
30.532845
30.345806
30.620361
30.314770
30.155575
30.457966
30.288368
30.533646
30.293171
30.275890
30.623880
30.102135
30.457489
30.236052
30.317169
30.581644
30.390125
30.581802
30.115894
9.887594
30.687561
30.314289
30.375727
30.253010
30.241489
30.609322
30.230612
30.320370
30.652681
30.489647
30.156214
30.286770
30.578125
30.253172
30.350611
30.548845
30.369650
30.434767
30.246452
30.306450
30.583242
30.275570
30.455246
30.375570
30.400211
30.242132
30.325970
30.513645
30.343891
30.494926
30.409328
30.309490
30.277330
30.482927
30.292210
30.505806
30.392529
30.441328
30.294291
30.418926
30.336529
30.331890
30.659241
30.335409
30.117174
50.851540
30.263891
30.663719
30.319250
30.354290
30.454128
30.398930
30.345331
30.289970
30.623722
30.259573
30.391411
30.369968
30.287571
30.557003
30.249653
30.559725
30.329811
30.331411
30.271893
30.437006
30.425488
30.519405
30.511566
30.438126
30.287252
30.278931
30.511086
30.401970
61.244404
30.306610
30.436047
30.436049
30.316530
30.335249
30.414450
28.989523
40.047012
30.508205
30.317970
30.501804
30.474766
30.305649
30.464207
30.367090
30.332212
9.882635
30.598606
30.279572
30.644522
Control Period
30.321970
30.659082
30.311893
30.110935
30.257492
30.240534
30.246613
30.325649
30.603407
30.310930
30.137337
30.245493
30.245333
30.258774
30.255573
30.336208
30.317490
30.126297
30.245813
30.248375
30.265335
30.274296
30.254133
30.313972
30.119576
30.247095
30.251093
9.893354
30.346451
30.322769
30.127098
30.472687
30.432211
30.245174
30.310133
30.303890
30.305813
30.116858
30.255095
30.254614
30.247734
30.260052
30.300692
30.310289
30.128536
30.245815
30.240374
30.255253
30.255093
30.325972
30.314774
30.121174
30.236374
30.250935
30.257975
30.266132
30.516685
30.389969
30.123096
30.269495
30.296692
30.278772
30.314451
30.114777
30.249653
30.250614
30.253334
30.274775
30.258453
30.310932
30.110935
30.241495
30.253494
30.261494
30.261976
30.322609
30.323730
30.129658
30.266134
30.521484
30.360531
30.312531
30.252533
30.318453
30.128698
30.259575
30.268854
30.243093
30.242775
50.452835
30.268854
30.285011
30.251415
30.261015
30.221014
30.298773
30.118137
30.297974
30.239735
30.236374
30.317652
30.276215
30.481649
30.477808
30.325813
30.304853
30.117500
30.231573
30.249174
30.242294
30.248055
30.263416
30.306452
30.123737
30.251413
30.255415
30.260534
30.258133
30.316372
30.324213
50.479076
30.241495
30.285334
30.250134
Control Period
30.305977
30.146618
30.542446
30.256374
30.229815
30.307732
30.309975
30.312691
30.127256
30.288855
30.245653
30.251894
30.272373
30.225176
30.316853
30.113499
30.250614
30.252853
30.253334
30.268692
30.231733
30.321335
9.904555
9.892876
9.889357
9.895276
30.701162
30.133337
30.246294
30.298294
30.265173
30.259415
30.304531
30.311094
30.114458
30.249813
30.252216
30.246613
30.281975
30.312214
30.346451
30.118940
30.251095
30.253654
30.277813
9.909196
9.893677
9.894318
9.892076
30.614605
30.270935
30.309494
30.314133
30.321493
30.113977
30.247894
30.264055
30.248215
9.884396
9.891116
30.138937
30.265333
30.245975
30.270935
30.263573
30.257812
30.327414
30.125338
30.256214
30.249813
30.273815
30.300213
30.509171
30.454611
30.117020
30.244856
30.242613
30.277815
30.267574
30.220215
30.321014
30.111418
30.280853
9.901356
9.903276
9.886637
9.904716
9.904235
9.889196
9.891916
9.899918
9.913996
9.904396
9.904556
9.887275
9.899757
9.894796
30.653006
30.324215
30.234453
30.329813
30.108219
30.238455
30.244534
30.238134
30.287254
30.254936
30.305494
30.118778
30.245974
30.252216
30.240856
30.269493
30.300854
30.308216
30.113020
30.242935
30.240534
30.247574
30.298454
9.895116
30.472849
30.242455
30.266775
30.264854
30.252373
Control Period
30.303093
56.438450
30.320694
30.305655
30.114300
30.240053
30.261816
30.241653
30.276695
30.306295
30.303574
29.107605
30.183258
20.863169
9.886795
9.884237
9.892557
9.904397
9.899918
30.508211
30.115578
30.240053
30.267254
30.274134
30.268373
30.281174
30.323414
30.145498
30.237818
30.237816
30.250135
30.266935
30.207739
30.308535
30.105980
30.251415
30.254936
30.248056
30.268055
30.220697
30.307415
30.119417
30.257654
30.434450
30.251736
30.325655
30.308853
30.328533
30.118778
30.238617
30.243095
30.240217
30.274136
30.227097
30.326454
30.126459
30.258936
30.261175
9.914637
30.320854
30.320534
30.130779
30.250776
30.260696
30.245178
30.290134
30.592211
30.377172
30.113817
30.252056
30.252056
30.254778
30.270937
30.226936
9.892075
9.893196
9.896718
9.900236
9.911437
9.903758
9.889997
9.895596
9.900717
9.888238
9.893996
9.889517
9.891916
9.891276
9.897514
9.893517
9.941357
30.601648
30.311415
30.243900
30.315735
30.111900
30.240536
30.237818
30.239258
30.262295
30.298935
30.305975
30.117979
30.262455
30.251257
30.253017
30.284695
30.206779
30.320536
30.110140
30.241978
30.241657
30.245338
30.262775
30.309814
30.537651
30.249340
30.277657
30.248535
30.244057
30.273657
30.286133
30.334454
30.248537
30.286453
30.242298
30.278137
Control Period
30.266457
30.315094
30.120859
30.236698
30.248699
30.251095
30.281977
30.218781
30.305016
30.110620
30.272377
30.246456
30.545811
30.357656
30.214619
30.316696
30.106142
30.244059
30.239258
30.244539
30.258938
30.249819
30.308376
30.110142
30.251579
9.878798
9.908078
9.901997
9.896074
9.900396
9.899597
9.897837
9.891758
9.902317
9.902317
9.888235
30.614609
30.250299
30.246778
30.270458
30.320057
30.297335
30.113659
30.248859
30.233820
30.254778
30.272217
30.247900
30.313015
30.118622
30.254778
30.253819
30.241020
30.257977
30.293335
30.305817
30.139900
30.251900
30.235580
30.241499
30.433014
30.383892
30.341335
30.116381
30.249020
30.259739
30.252378
30.253658
30.322298
30.328377
30.126780
30.236380
30.244219
30.240379
30.271259
30.319096
30.315897
30.123423
30.244059
30.237499
30.242939
30.267738
30.236858
30.328856
30.192223
30.347734
30.269018
30.236538
30.315737
30.298458
30.316694
30.255579
30.248859
30.299416
30.312698
30.315897
30.112860
30.248379
30.239100
30.250137
30.279579
30.319736
30.325497
30.117823
30.242619
30.255098
30.255739
30.512373
30.402456
30.335735
30.123583
30.239738
30.285019
30.249660
30.269178
30.327736
30.319256
30.136543
30.245020
30.268059
30.250938
30.277657
20.133266
9.898317
9.896875
9.912557
Control Period
9.894157
9.898157
9.893679
9.897038
9.906478
30.483093
30.247419
30.242939
30.273499
30.262779
30.314297
30.341816
30.123903
30.244698
30.250938
30.245501
30.266939
30.236217
30.294300
30.114782
30.253820
30.264698
30.253178
30.272377
30.226620
30.318455
30.134142
30.271420
30.294781
30.472374
30.459095
30.315577
30.332376
30.113182
30.246939
30.245499
30.241180
30.267258
30.319738
30.304859
30.117023
30.254940
30.251579
30.245020
30.260220
30.333977
30.308060
30.124542
35.356735
30.316219
30.329659
30.312059
30.132383
30.359257
30.360538
30.266619
30.311739
30.315899
30.323416
30.248539
30.245338
30.267418
30.252220
30.312057
30.132383
30.249340
30.272058
30.248539
30.257019
30.315578
30.317978
30.134462
30.249338
30.265018
30.255898
30.273500
30.564529
30.373493
30.120222
30.256058
30.271740
30.261179
30.271259
9.892076
9.887758
9.892557
41.468102
30.325020
30.318459
30.274776
30.262459
30.256699
30.263899
30.342777
30.312698
30.114464
30.259739
30.254139
30.243420
30.374298
30.567249
30.334938
30.123264
30.244377
30.259897
30.255899
30.276699
30.271259
30.311100
30.124702
30.284698
30.246458
30.261660
30.246298
30.314138
30.316059
30.118464
30.254620
30.248859
30.250298
30.279900
30.313339
30.130302
30.449976
30.401176
Control Period
30.259098
30.294939
30.307098
30.309660
30.117184
30.253338
30.242300
30.245499
30.264380
30.310938
30.322618
9.888238
9.899757
9.887117
9.883118
9.876556
9.896559
9.902958
9.875759
9.889999
9.886478
9.897198
9.883597
30.668371
30.110622
30.247740
30.271099
30.247261
30.283739
30.313339
30.317181
30.126621
30.234781
30.242142
30.268221
30.284859
30.312859
30.306780
30.114304
30.265821
30.247738
30.273661
30.265018
30.315418
30.346298
30.139263
30.252060
30.617332
30.271101
9.892717
9.886000
9.885038
9.892558
9.889198
9.886638
9.893679
9.910158
9.892717
9.894798
9.905678
9.898478
9.897358
9.897838
9.902958
9.896238
9.897837
9.911758
9.904398
9.905037
9.929518
9.909359
9.913837
30.486774
30.270941
30.254299
30.264542
30.268702
30.321339
30.321018
30.119904
30.246460
30.253021
30.267900
30.271578
30.324860
30.331579
30.137505
30.264702
30.264061
30.248701
30.274460
30.267900
30.335739
30.128223
30.286459
30.257181
30.596373
9.897518
9.913198
9.898958
9.902798
9.896077
9.889359
9.892398
9.896718
9.892559
9.895918
9.890318
9.907757
9.886318
9.893838
9.902637
9.924237
9.889039
9.893039
9.894638
9.895278
9.899439
9.907278
9.898319
30.479095
30.283739
30.250780
30.242462
30.284222
30.301500
30.312538
30.111906
Control Period
30.278297
30.239105
30.263102
30.317497
30.307579
30.307739
30.107265
30.253822
30.239426
30.258783
30.255743
30.225664
30.330139
30.117825
30.246943
30.248703
30.340380
30.553974
30.287903
30.293980
30.131424
30.245502
30.244860
30.238625
30.276861
30.225504
30.294941
30.107746
9.894638
9.883918
9.883598
9.877518
9.882960
9.891760
30.265820
30.233826
30.242945
30.293821
30.275742
30.317339
30.475897
30.254301
30.250145
30.239902
34.850189
30.308859
30.280380
30.109825
30.249180
30.245825
30.270622
30.266304
30.305820
30.316540
30.134306
30.241825
30.238943
30.248703
30.263901
30.264061
30.125345
30.276064
30.256544
30.247263
30.533653
30.313341
30.312542
30.118786
30.249664
30.257982
30.276543
30.275105
30.214783
30.325981
30.124226
30.242783
30.258144
30.262144
30.306782
30.219904
30.317181
30.117348
30.273983
30.270941
30.246143
30.278143
30.245504
30.303579
30.417820
30.320059
30.242622
9.882318
9.882318
9.873999
9.880399
9.898800
9.888559
9.883438
9.876398
9.882481
9.887759
9.893359
9.896721
9.887280
9.919118
9.905518
9.903759
9.911118
9.905038
9.907759
9.905999
9.880079
30.661812
30.312382
30.137028
30.254623
30.245504
30.278465
30.285181
30.324699
30.341019
30.130787
30.291424
30.294144
30.292063
30.304222
30.289663
30.355099
Control Period
30.159266
30.288704
30.258465
30.298943
30.322142
30.358620
30.349020
30.163586
30.297182
30.563576
30.272863
30.328861
30.288221
30.302301
30.143745
9.890160
9.894960
9.906797
9.896719
9.902158
9.943117
9.901677
9.890480
9.898958
9.883918
9.880880
9.928078
9.894958
9.895277
9.892720
9.908878
9.921358
9.906799
9.892399
30.678934
30.123426
30.272224
30.255104
30.248064
30.265984
30.234785
30.325184
30.127268
30.292706
30.289185
30.294304
30.304544
9.872880
9.876080
9.890160
9.892879
9.894318
9.888237
9.887119
9.874320
9.880400
9.895440
9.906960
30.623734
30.285824
30.315424
30.322622
30.347582
30.131588
30.280384
30.278303
30.247423
30.267744
30.309023
30.321501
30.126629
30.257185
30.258625
30.262144
30.266943
30.325823
30.340221
30.120869
30.258783
30.281504
30.271584
30.277664
30.377022
30.628216
30.147427
30.250145
30.274143
30.261185
30.263424
30.273663
30.320381
30.126308
30.260704
9.920557
9.890960
9.894960
9.885361
9.873680
9.886480
9.897360
9.880719
9.899278
9.883120
9.878799
9.891760
9.878319
30.617496
56.497025
30.266304
30.273983
30.298143
30.308064
30.126148
30.252224
30.252224
30.282143
30.292706
9.882960
9.894640
9.894960
9.893838
9.898798
9.902800
9.883920
9.899439
9.908079
9.900080
9.882000
9.913037
Control Period
9.898319
30.677977
30.211905
30.304222
30.121986
30.262144
30.250944
30.256226
30.272224
30.271263
30.318464
30.126469
30.286463
30.258144
30.262302
30.269024
30.200706
30.300224
30.105507
30.253824
30.258623
30.257025
30.250624
30.221827
30.487740
30.273664
30.251263
30.246143
30.242785
30.290625
30.220703
30.314785
30.118629
30.255585
30.247908
30.261826
9.876719
9.883921
9.903439
9.897679
9.882799
30.260384
9.907759
9.877841
9.899759
9.895599
9.894320
9.897677
9.894160
10.092073
30.485821
30.307905
30.293022
30.142147
30.258783
30.246305
30.253502
30.265184
30.284704
9.886320
9.881200
9.899279
9.897200
30.276545
30.321663
30.353664
30.134949
30.273346
30.278303
30.247906
30.261024
30.281185
30.329664
30.460060
30.311264
30.266943
30.253345
30.313984
30.311424
30.321342
30.130148
30.247265
30.255424
30.251427
30.295582
30.295904
30.301186
30.129669
30.264706
30.241985
30.248224
50.685165
30.151108
30.243746
30.269825
30.254627
30.447578
30.525658
30.346785
30.120068
30.265182
30.249506
30.256063
30.279583
30.313025
9.892879
30.135107
30.272867
30.259747
30.274624
30.282303
30.284704
29.411606
40.249744
30.247585
30.265024
30.279264
30.272385
30.321663
30.314465
30.155270
30.472858
9.889839
9.889680
9.886320
9.877520
9.891920
Control Period
9.892080
9.906321
9.889519
9.889200
9.879920
20.136471
9.897680
9.894160
9.943760
9.911758
9.895599
9.897839
9.910320
9.892080
9.897680
9.894000
9.908080
30.608377
30.284544
30.301184
30.298784
30.315424
30.127750
30.259586
30.269667
30.285503
30.306784
30.290787
30.342785
30.157509
30.283104
30.279106
30.297186
30.302624
30.333824
30.351425
30.157509
30.290146
30.284384
30.290623
30.306303
30.273985
30.662937
30.113668
30.254465
30.272865
30.247906
30.265827
30.270308
30.330143
30.124229
30.273186
30.253189
30.251425
30.301506
30.303104
30.356865
30.162788
30.272545
9.919279
9.885681
9.881680
9.896080
9.883282
9.897039
30.609016
30.314304
30.261665
30.314945
30.104712
30.273186
30.250790
9.878801
9.880560
9.891920
9.880082
9.895920
9.884081
9.880720
9.872241
9.886801
9.906640
9.882161
9.882641
9.880880
9.872719
9.887761
9.884560
9.883600
9.909519
30.478142
30.246468
30.240709
30.250948
30.278147
30.297825
30.300867
30.152390
30.297825
30.285027
30.297186
30.317987
30.337185
30.322304
30.162470
30.289507
30.260708
30.290306
30.308704
30.353825
30.352865
30.164387
30.282787
30.296867
30.613979
30.315586
30.290306
30.317505
30.124550
30.277348
30.264069
30.248709
30.295427
9.903119
9.904561
9.896240
9.898800
Control Period
9.881681
9.893520
9.890640
9.887920
9.904560
30.615740
30.278149
30.311586
30.484863
30.373184
30.117830
30.254469
30.606779
30.250790
30.266468
30.316708
30.664696
30.130152
30.267109
30.281025
30.573502
30.324543
30.329346
30.669338
30.133030
30.262310
30.308865
30.309505
30.593340
30.427744
30.126472
30.293186
30.438145
30.263588
30.329025
30.630777
30.349985
30.137989
30.416386
30.312225
30.265989
30.329184
30.664217
30.326466
30.137030
30.509661
9.891921
9.896559
9.885040
30.674936
30.123753
30.258469
30.612541
30.250788
30.314465
30.341347
30.639580
30.112392
30.511101
30.253508
30.361027
30.478783
30.472542
30.120073
30.434143
30.429504
30.245190
30.310467
30.550621
30.372543
30.144392
30.483902
30.416706
30.253988
30.314787
30.564060
30.322948
30.134153
30.494781
30.373665
30.280388
30.362465
30.475422
30.317188
30.149511
30.524223
30.335907
30.284868
30.553980
9.895440
9.934479
30.609180
30.284550
30.352865
30.668539
30.303587
30.124874
30.324549
30.504063
30.269508
30.379747
30.617981
30.317188
30.122791
30.408545
30.322626
30.274630
30.416706
30.607100
30.306469
30.134632
30.265669
30.502304
30.243748
30.309986
30.431105
30.543261
30.119911
30.384544
30.497665
30.239109
30.327106
30.491264
30.535744
30.138151
30.416386
Control Period
30.447104
30.268709
30.311428
30.521984
30.416544
30.130791
30.494465
30.424065
30.257029
30.317026
30.534302
30.320389
30.150635
30.528063
30.364866
30.242628
30.300388
30.532223
30.324387
30.133032
30.534304
30.329025
30.329666
30.409668
30.433344
30.325027
30.128391
9.894479
30.554621
30.321827
30.323429
30.242149
30.646620
30.149513
30.246948
30.559261
30.243908
30.329348
29.847715
8.375671
8.370391
8.375193
8.367350
8.370872
8.374229
8.380468
28.760859
8.375832
8.390710
28.761820
8.365592
8.374229
28.597824
8.380152
8.382870
28.600864
8.378389
8.372790
28.589664
8.376789
8.377270
28.583422
8.375989
8.380630
28.582462
8.383032
8.393910
8.388309
8.384951
28.572704
8.376792
8.384468
28.757978
8.375352
8.368629
28.759739
8.392311
8.374709
28.764860
8.383671
8.378550
28.592863
8.380952
8.400311
28.590143
8.373270
8.377429
28.610142
8.374868
8.379671
28.613983
38.434265
28.814457
8.374231
8.376949
8.394711
8.377590
8.376151
8.390551
8.383989
28.605343
8.374392
8.385750
28.709179
8.384790
8.374390
28.759741
8.368151
8.380470
28.759260
8.377592
8.384790
28.768379
8.379351
8.386230
28.770458
8.388149
8.433108
8.387991
8.384151
8.392151
8.382069
28.764217
8.398230
8.376308
28.752060
8.379350
8.386869
8.387191
8.377910
8.386230
8.380630
8.380790
8.384949
28.614784
8.382711
8.402390
28.598303
8.379030
8.372311
28.582943
8.368312
8.382549
28.609505
8.372470
8.377750
46.948971
28.573183
8.382551
37.781319
8.402711
8.372791
28.768860
8.391350
8.380949
28.605343
8.385113
8.383509
28.587425
8.380150
8.390390
28.603745
8.381109
8.376949
28.616222
18.574984
28.618622
8.391352
8.381912
8.381269
8.381910
8.386712
8.399990
8.382869
28.591263
8.379351
8.377429
28.596382
8.381111
8.370549
28.600224
8.386551
8.374869
28.602304
8.388311
8.385429
28.774780
8.374071
8.394710
28.772537
8.386711
8.387349
8.388631
28.602463
8.393749
8.377750
28.592863
8.380629
8.384472
8.389591
8.377749
28.600542
8.392792
8.390869
28.627422
8.386869
8.399990
28.597824
8.380311
8.391349
28.755421
8.384150
8.386549
28.760540
8.380952
8.372469
28.771580
8.375669
8.381109
28.706141
8.379829
8.384632
28.578783
8.384469
8.387031
8.394390
18.605385
8.399831
8.392149
28.747259
8.368790
8.383511
28.770620
8.391830
8.381109
58.034191
28.792860
8.390711
8.371352
8.373911
8.366549
8.389431
8.378712
8.379189
28.594944
8.382870
8.381589
28.620382
8.387510
8.384470
28.748220
8.382872
18.605064
28.769501
8.378712
8.405748
28.775101
8.393749
8.380311
8.398550
8.389910
8.399670
8.405109
8.418229
28.768858
8.409430
8.384949
28.765980
8.412630
18.602343
28.611742
8.394390
8.403989
8.389591
8.384309
8.399031
8.389432
8.391349
28.589664
8.388470
8.396629
28.612223
8.390232
8.400471
28.616543
8.387511
8.385909
28.634302
8.391352
8.385270
28.712862
8.385592
8.392789
41.659000
8.392791
18.538027
8.396629
28.764061
8.393272
8.382869
28.766619
8.389429
8.379990
28.764061
8.377270
8.384949
28.778141
8.385270
8.395670
28.775579
8.393112
8.383989
28.593023
8.390870
8.384628
28.584223
8.384789
Control Period
8.373432
28.584543
8.388629
28.607584
18.581865
8.386070
28.597345
8.391990
8.387349
8.377592
8.396151
28.576702
8.379509
28.584064
8.382551
8.385269
8.395510
8.387831
28.779099
8.383029
28.772221
8.374711
8.385750
8.391991
8.387030
28.773178
8.393909
28.765501
8.383671
8.388149
8.378871
8.387029
28.601662
8.374069
28.622305
8.377592
8.388630
8.387032
8.391029
28.520706
8.381592
8.389269
8.392310
8.386549
28.610462
8.389912
38.053631
28.758141
8.392312
8.375989
8.386230
8.392149
8.377592
8.398870
8.401589
28.561983
8.390551
8.392469
28.786299
8.406391
28.610785
8.389910
8.387030
8.388472
8.385109
28.616062
8.387669
28.617664
8.398870
8.414709
8.402231
8.385269
28.630302
8.392469
28.604385
8.407830
8.384469
8.390710
8.392149
8.387512
8.400950
8.432789
28.606464
8.384312
29.725033
8.378403
8.377600
8.384799
8.371841
8.373442
8.374242
8.387040
28.767136
8.385280
8.380320
28.760897
8.396481
8.384958
28.592258
8.393281
8.387201
28.635458
8.373281
8.368799
28.594660
8.375041
8.379679
28.591455
8.382239
8.381121
28.621696
8.378880
8.368322
8.373920
8.376799
8.373122
8.385120
8.368319
28.756256
8.369600
8.374559
18.585249
28.590336
8.383202
8.380482
28.599457
8.394722
8.366401
28.591295
8.385921
8.380162
28.570015
8.375841
8.375360
28.593216
8.376963
8.375522
8.389282
8.378880
159.352646
28.733856
8.378881
8.373281
28.771292
8.390881
8.375999
28.763454
8.371842
8.383841
28.754656
8.370241
8.375519
28.763615
8.367042
8.376479
28.588097
8.382719
8.377282
28.578659
8.387360
8.379361
8.389281
8.376638
8.381602
8.412961
8.373280
28.583776
8.379042
8.377439
8.368802
28.769533
8.380482
8.375840
28.757214
8.372160
8.373280
28.711296
8.367041
8.375521
28.580097
8.365763
8.378400
28.598976
8.385442
8.375521
38.318954
8.387199
28.612736
8.390400
8.374559
28.592417
18.607647
28.600418
8.375360
8.382559
28.622816
8.379843
8.389439
28.606657
8.376322
8.373919
28.587938
8.374880
8.369280
28.582817
8.368319
8.376802
28.754177
8.376639
8.369440
8.407681
8.380798
8.382561
8.377442
8.378719
28.773376
8.373281
8.373281
28.785854
8.392161
8.380480
28.749058
8.377602
8.378561
28.588736
8.377281
8.374561
8.390560
9.287828
8.380966
28.752272
8.385767
8.379686
28.759151
8.376647
8.372165
28.764111
8.367846
8.364806
28.747152
8.380966
8.365766
28.558195
8.366086
8.373606
28.593235
8.376005
8.365447
28.582674
8.376485
8.380326
8.378566
8.385605
28.595955
8.394885
8.381926
28.600275
8.390885
8.382244
28.601234
8.389925
8.388805
28.770512
8.394886
8.384165
36.195816
8.378086
28.597395
8.369287
8.395686
28.747149
8.378727
8.375366
28.757069
8.381766
8.379525
8.375366
8.377606
8.397125
8.378725
28.766350
8.393284
8.387205
28.760910
8.392806
8.379684
28.779951
8.380325
8.395844
28.754351
8.368166
8.387685
28.607155
8.400806
8.380005
28.590034
8.386086
8.399364
28.590675
8.388965
8.372005
8.382246
8.381926
8.384645
8.378726
8.382404
44.025112
8.367367
28.786032
8.380326
8.392005
28.580276
8.380486
8.376486
8.390566
8.373925
8.375046
8.386726
8.383685
28.577875
8.383526
8.365604
28.563156
8.395525
8.373765
28.582514
8.390085
8.368645
28.595316
8.381286
8.381765
28.766832
8.377766
8.397284
28.760431
8.372005
18.558058
131.816940
8.411045
8.386726
8.365447
8.375526
8.372005
28.601555
8.372807
8.368164
28.589075
8.377605
8.374725
28.595634
8.376646
8.373765
28.754513
8.372486
8.373125
28.761711
8.394246
8.365126
28.762032
8.382406
8.376326
28.754831
8.380165
8.376966
8.391206
8.377285
8.390566
8.383527
8.390406
28.768270
8.380646
8.384005
28.593716
8.374886
8.374886
28.594995
8.384326
8.378885
28.580435
8.390726
8.373446
28.579475
8.376005
8.381285
28.600115
8.377925
8.371686
28.747791
8.374725
8.377127
8.397126
8.376005
8.380325
8.378566
8.380965
28.763151
8.384806
8.380005
64.818169
28.773870
8.369926
8.365765
28.577555
8.372325
8.387686
8.375687
8.376165
8.379045
8.387206
8.370245
28.578995
8.369926
8.381445
28.583956
8.367846
8.380805
125.909843
28.752272
8.379366
8.372328
25.316334
8.374565
8.382726
28.605877
8.419365
8.375205
28.579475
8.367526
18.577097
8.382086
28.790672
8.370405
8.386885
28.765871
8.370246
8.383205
28.769550
8.386887
8.378565
28.700432
8.384645
8.373924
48.721668
28.751629
8.385926
8.383846
28.766350
8.376006
8.397126
28.770350
8.384645
8.378086
8.416485
8.376806
8.381446
8.393446
8.384325
28.767792
8.379686
8.384965
28.766830
8.385925
8.395525
28.758511
8.391047
8.398085
28.598835
8.384645
8.412324
28.623316
8.384326
8.399685
28.608915
8.382887
8.385925
28.611155
8.381124
8.367525
8.408485
8.369125
8.427365
28.751791
8.384007
8.376647
28.763311
8.392005
8.380486
28.706354
8.394245
8.389126
28.585556
8.377765
8.375366
28.607475
8.388645
8.382086
28.598675
8.372005
8.396326
28.621235
8.380645
8.377605
8.388166
Control Period
8.374406
55.156429
28.744591
8.384326
8.369607
8.403845
8.375366
28.752754
8.367686
28.611317
8.376966
8.381445
8.377286
8.368807
28.632914
8.370726
28.592756
8.384487
8.380965
8.367847
8.373925
28.581877
8.382404
28.770512
8.367846
8.370245
8.381765
37.400436
8.412004
8.376486
28.793711
8.369127
38.860088
8.358407
28.591795
8.370246
28.595795
8.371848
8.391365
8.379047
8.382245
28.586355
8.370887
28.759472
8.370087
8.380805
8.388807
8.385286
28.787474
8.379847
28.750513
8.369928
8.371206
8.377447
8.379365
28.766193
8.372166
28.589556
8.385607
8.413924
8.377607
28.798832
8.382566
28.753233
8.384966
8.372328
8.370246
8.375366
28.768913
8.377286
28.750832
8.379366
8.383685
8.379686
8.382085
28.618835
8.374887
28.627794
8.377127
8.384645
8.380807
8.384005
28.599957
Control Period
8.374567
28.596756
8.380007
28.680756
8.365606
28.771954
8.364967
28.754995
8.375526
28.599476
36.770687
28.736437
8.379047
28.599476
8.383366
28.702515
8.391047
28.806351
8.384645
28.749231
8.373608
28.679955
8.382566
31.764061
8.381927
28.593874
8.377928
8.495857
8.357621
28.736002
8.374741
8.368980
28.776482
8.365299
8.369303
28.764482
8.362099
8.358262
28.728483
8.373779
8.384181
28.584003
8.375539
8.364341
28.583202
8.367219
8.363702
8.374260
8.360179
8.373621
8.372020
8.378579
28.594881
8.363700
8.378420
28.576645
8.390580
8.366739
28.590725
8.356981
8.370099
31.776112
8.372020
8.371220
8.365940
8.376339
28.589764
8.364981
8.364019
28.754881
8.356501
8.376179
28.766562
8.382421
8.369139
28.752644
8.363541
8.371380
28.752800
8.377940
39.835976
28.786077
8.374260
8.371700
28.572325
8.385620
8.372021
28.615042
8.370420
8.378420
28.581444
8.359859
8.367219
28.593601
8.380019
8.362741
28.707842
8.382420
8.367701
8.368502
8.386099
8.364182
8.367860
8.361938
8.369781
8.375700
8.371540
28.755203
8.399858
8.381779
28.754402
8.379381
8.378260
28.752804
8.362900
8.364500
28.593443
8.376020
8.368820
28.587841
8.357301
8.365459
28.567684
8.376820
8.364658
28.559523
8.366100
8.368340
28.788639
30.909883
8.381460
28.774080
8.386580
8.357620
28.750240
8.368980
8.370260
28.756159
8.391219
8.362421
28.745440
8.358740
8.373301
28.577763
8.369141
8.371540
8.406261
8.365459
8.365141
8.369940
8.366581
28.584324
8.376181
8.369619
28.583202
8.374580
8.379860
28.578562
8.374580
8.368500
28.701284
8.373140
8.384499
28.755041
8.378581
8.364979
28.753441
8.362101
8.379060
28.766243
8.367861
8.363539
28.764959
8.368820
8.366100
28.585922
8.363218
8.373301
8.365141
8.365940
8.360821
8.369620
8.371379
8.368181
8.365782
8.371700
28.569122
8.365140
8.387220
28.567842
8.371059
8.367859
28.585442
8.375542
8.369940
51.130985
28.749443
8.376820
8.395380
28.579041
8.371861
8.375540
28.612484
8.362740
8.369143
28.584482
8.375220
8.374420
28.603682
8.373940
8.379221
8.397459
8.382099
8.381620
8.376980
8.367859
28.589922
18.602570
8.387379
28.765762
8.378580
8.381298
28.760641
8.374741
8.382259
28.765600
8.380341
8.368818
28.765282
8.371221
8.368979
28.576004
8.371381
8.376180
28.581760
8.374901
8.371380
28.576641
8.372339
8.366422
28.580643
8.368819
8.375061
8.377940
8.377300
8.364981
8.378580
8.364019
28.582561
8.368341
8.378739
28.743841
8.373941
8.362579
28.754883
8.366739
8.370099
28.757282
8.373461
8.366419
28.739523
8.372820
8.374418
28.576643
8.367861
8.371219
28.592005
8.371221
8.393459
28.581604
8.381140
8.378740
28.569763
8.371380
8.376181
28.622881
8.387379
8.394581
8.407061
8.372820
8.370101
8.381781
8.378260
8.363380
28.742882
8.379861
8.373620
28.743202
8.373621
8.382421
28.581764
8.388981
8.373302
28.613760
8.371541
8.376502
8.376181
8.370740
8.363382
8.373940
8.371539
8.377460
8.382100
8.377780
28.572006
8.381301
Control Period
8.363539
28.606083
8.375540
8.364658
8.369301
8.377780
28.574081
8.374899
28.620964
8.377141
8.374100
8.371380
8.371059
28.585281
8.386419
28.581924
8.382580
8.370419
8.370420
8.367859
28.737761
8.378740
41.190353
28.589285
8.370740
8.367863
8.371700
8.370258
28.582083
8.385302
28.761280
8.388980
8.379059
8.378101
8.368499
28.796642
8.372021
8.363699
8.372660
8.376499
28.784641
8.378260
28.762403
8.377941
8.392020
8.366739
8.369139
28.753122
8.379860
28.579523
8.385941
8.368339
8.389620
8.370739
28.588964
8.372660
28.618084
8.368980
8.367538
8.374260
8.367059
28.574726
8.369299
28.755362
8.370100
8.392659
8.375060
8.379379
28.770241
8.372660
59.960281
28.749119
8.367701
8.385620
8.371861
8.369299
28.755524
8.368820
28.775200
8.372499
8.376020
8.367380
8.368340
Control Period
28.755520
8.375700
28.589603
8.391860
28.614243
8.396500
28.602402
8.367862
28.759203
8.374901
28.748962
8.362740
28.764801
8.362419
8.365301
8.361619
8.366100
8.376499
8.392019
8.376659
8.378260
8.390580
8.392179
8.358739
8.368181
8.369939
8.366100
8.372660
8.361141
8.365779
8.378740
8.383380
8.366420
8.370260
8.359380
8.381300
8.385941
8.380180
8.378901
8.383060
8.387541
8.375860
8.384820
8.367221
8.378581
8.380180
8.379379
8.361938
8.361141
28.743999
8.364182
28.759041
8.377621
28.748480
8.384180
28.604483
8.366420
28.585443
8.367860
28.581760
8.382261
28.760643
8.373620
28.754242
8.369940
28.591362
8.376020
28.623362
8.368659
28.590084
8.364342
28.771519
8.364660
28.738083
8.372181
28.764641
8.381460
28.590563
8.364499
28.587843
8.362901
28.584164
8.364180
28.727842
8.363699
28.748640
8.362099
8.378422
8.366899
Control Period
8.371380
8.388179
8.371059
28.766558
8.379861
35.110451
8.387859
28.702080
8.366261
28.611523
8.377460
8.375219
8.392818
8.371059
28.610241
8.368821
8.389940
8.388500
8.367701
45.151085
28.748642
8.364340
8.383700
8.366901
8.368821
28.614561
8.362579
28.577286
8.369942
8.366419
8.365942
8.376822
28.581604
8.368179
8.375540
8.371861
8.372662
28.756161
8.369941
28.593761
8.369301
8.368179
28.763363
8.368660
28.748482
8.360500
8.367060
8.363062
8.374580
28.777279
8.365620
28.749603
8.364501
8.360980
28.578884
8.361300
28.778881
8.388981
8.381301
8.380980
8.373140
28.594402
8.373301
8.368660
8.375860
8.371540
28.598402
8.378101
28.567680
8.366582
8.375220
8.366899
8.380341
28.599684
8.377460
18.496973
8.370581
28.701601
8.362579
8.367060
28.591042
8.380020
28.574245
8.374420
8.371220
8.369139
8.367062
28.593601
8.369782
8.392020
8.369780
8.371540
28.567682
Control Period
8.375220
28.617441
8.368822
8.368020
28.771042
8.373461
8.367541
28.734241
8.361619
8.383539
28.603203
8.365141
8.365780
28.754562
8.372660
8.373941
28.589605
8.364819
8.365140
28.602724
8.398100
8.369140
28.759842
8.367380
8.376500
28.583363
8.379220
8.365620
28.745281
8.353943
8.369141
28.747522
8.366901
8.390261
28.584965
8.369139
8.367540
28.671844
8.369781
8.359379
28.714243
8.368502
8.366100
28.586082
8.362902
8.379381
28.750721
8.367222
8.370740
28.587044
8.377781
8.368181
28.605282
8.368019
8.362740
28.739521
8.372660
8.374260
28.593124
8.376340
8.369941
8.388981
8.369299
8.371861
8.377139
8.376181
8.369461
8.368980
8.388340
8.375860
8.379379
28.746084
8.373140
8.366580
28.595842
8.384501
8.382898
28.758722
8.387700
8.366101
8.370100
8.376820
8.376501
8.368019
8.374901
8.375060
8.375381
8.376820
8.376980
8.383700
8.374421
8.385620
8.375061
8.374102
28.592165
8.368981
8.367221
28.760162
Control Period
8.361300
8.371222
8.405300
28.583525
8.363541
8.377301
8.385300
28.588642
8.365782
8.371702
28.755363
8.364819
8.363543
8.366421
28.677441
8.367699
8.379222
8.369461
28.754883
8.363379
8.365140
8.360981
28.591681
8.375059
8.376501
8.367381
28.590403
8.365141
8.381781
8.385620
28.593603
8.368820
8.382901
28.739361
8.374899
18.568171
8.360981
8.365301
8.373140
28.585924
8.367378
8.362902
8.371222
28.587044
8.388500
8.372181
8.372021
28.595203
8.375380
8.378421
8.374741
28.591524
8.383701
8.381622
28.595842
8.373940
8.379221
8.375061
28.588165
8.378740
8.375381
8.360341
28.579525
8.363859
8.361460
8.366100
28.592163
8.362739
8.375860
8.396180
28.584326
8.370260
8.384661
8.392340
28.579365
8.371862
8.376501
28.586723
8.362740
8.363541
8.369621
28.586405
8.374578
8.366899
8.365941
28.591043
8.365941
8.369619
8.370901
28.595364
8.364019
8.370260
8.358261
28.672964
8.364662
8.374420
8.398740
28.695843
8.383060
8.366901
28.586082
8.365299
8.369940
8.367541
28.607204
Control Period
8.369619
8.368660
8.365302
8.363062
28.790562
8.372820
8.373299
8.360020
8.362422
28.577602
28.751040
8.363220
8.362581
8.368023
8.446579
28.593605
8.365299
8.363380
8.390900
8.381461
28.756964
8.366422
8.375859
8.383060
8.370741
28.732323
28.741280
8.360182
8.371698
8.381781
8.395540
28.746403
8.376659
8.368500
8.374901
8.365462
28.592163
8.363540
8.363379
8.374580
8.368182
28.767521
60.062683
8.401140
28.586884
8.375539
8.384180
8.363541
8.377941
28.594727
8.363222
8.362900
8.384820
8.379221
28.758083
28.654083
8.375862
8.371539
8.385300
8.377781
28.764324
8.379219
8.388340
8.364181
8.380180
28.590565
8.374262
8.360339
8.367380
8.368662
28.779682
28.586082
8.392179
8.371380
8.373620
8.376501
28.764803
8.382420
8.412500
8.375221
8.366100
28.602406
8.380660
8.394899
8.372499
8.380821
28.761602
28.592802
8.365459
8.367859
8.373462
8.392501
28.758402
8.375059
8.381140
8.381942
8.370260
28.594084
8.361460
8.366739
8.378422
8.378101
28.762402
28.593124
8.378099
8.371859
8.366742
8.379541
28.760002
8.381619
Control Period
8.364982
8.374901
8.366261
8.367222
28.747042
28.588163
8.359380
8.374421
8.383060
8.370741
8.366580
8.379379
28.764801
28.596325
28.785759
8.374102
8.378901
8.370900
8.378262
8.387540
8.378101
28.608807
28.739202
8.369142
8.370420
8.376820
8.376022
8.379221
8.375061
28.598404
28.614086
28.760004
8.371862
8.376019
8.367381
8.382742
8.368980
8.385941
28.636164
28.754082
8.377300
8.375860
8.372340
8.366423
8.364340
8.368022
28.590565
28.768162
28.609125
8.371222
8.369141
8.357302
8.372978
8.367380
8.407539
28.767200
28.602242
8.364980
8.369619
8.377142
8.374261
8.376181
8.374582
28.755842
28.735361
28.603844
8.378740
8.369780
8.361942
8.364022
8.373941
8.390900
28.762562
28.568485
8.365461
8.375220
8.362422
8.366259
8.371862
8.367221
28.754883
28.590881
8.364182
8.370739
8.382261
8.377141
8.371060
8.367861
8.372341
28.588966
28.751204
8.368341
8.365459
8.378902
8.367538
8.372502
8.367702
28.590725
28.753601
8.368340
8.361619
8.366899
8.370741
8.371540
8.373781
28.753763
28.597286
28.757442
8.370262
8.365140
8.368982
8.366419
8.365940
8.381142
28.592487
28.750881
8.366102
8.372660
Control Period
8.375862
8.376502
8.370101
8.367061
8.368820
8.373622
8.372979
8.417621
28.697441
32.934494
18.597130
8.371062
8.366419
8.372820
8.375381
8.393940
8.377141
8.380020
28.706562
28.603525
28.761282
28.757923
28.591045
28.785282
8.373940
8.366899
8.368982
40.750683
28.745602
28.767683
28.602724
8.368181
8.365459
8.373461
8.369619
8.372662
8.375382
8.360181
8.359862
8.368820
8.363541
8.370739
8.363859
8.361462
8.382100
28.594246
28.752802
28.617123
28.764641
28.579687
8.365302
8.364021
8.366261
8.364180
8.363379
8.362740
8.365942
8.372980
8.361781
8.371540
8.368179
8.372499
8.364980
8.402901
28.596966
28.774403
28.602404
28.750565
28.585606
8.375701
8.389299
8.386421
8.374421
8.370100
8.374418
8.375860
8.374422
8.381300
8.381941
8.392340
8.378740
8.380178
8.371062
28.582886
28.755203
28.576488
28.794882
28.754562
28.606564
8.380981
8.375060
8.398421
8.377782
8.385941
8.392500
8.383700
8.390100
8.386740
8.388981
8.382900
8.383221
8.403220
28.721283
28.600967
28.766243
28.607521
28.760483
28.608801
8.363702
8.371698
8.368181
8.382261
8.368662
8.364021
8.365460
8.380180
8.379379
8.372820
8.374582
8.380342
8.374262
8.376980
28.600006
28.769444
28.608965
Control Period
28.755842
28.600168
28.759840
28.761921
28.610245
28.758562
28.596327
28.769762
28.599525
28.770884
28.594727
28.758722
28.601768
28.768484
28.727043
28.600645
28.745764
28.629604
28.781921
28.601444
28.756161
28.599047
28.734562
28.769602
8.418900
8.395381
8.388182
8.387062
8.395700
8.383701
8.390741
8.398260
8.379539
8.382261
8.393941
8.377300
8.383060
8.374100
8.370901
8.378582
8.368502
8.374262
8.372501
8.374099
8.369301
8.370422
8.367542
8.379061
8.374262
8.375541
8.376339
8.369301
8.374902
8.372982
8.368502
8.370422
8.376183
8.382099
8.369460
8.371541
8.377941
8.379063
8.371061
8.380342
8.378260
8.373140
8.366423
8.366262
8.362902
8.367540
8.366900
8.376339
8.378580
8.383862
8.367861
8.374741
8.373302
8.369303
8.400021
8.377780
8.368022
8.370261
8.384981
8.371700
8.386420
8.388498
8.393940
8.377300
8.371222
8.379862
8.388662
8.377621
8.371859
8.383860
8.370102
8.379541
8.370902
8.374262
8.376342
8.384659
8.378420
8.380181
8.372183
8.374421
8.378422
8.372180
8.369779
8.382259
8.392342
8.377942
8.369941
8.373941
8.386902
8.378899
8.374102
8.391061
28.599686
28.752483
28.595846
28.801441
28.600807
28.779043
28.598724
28.759363
28.606407
28.761282
28.777922
28.597124
28.778883
28.601765
28.776484
28.599367
28.783361
Control Period
28.601765
28.760162
28.762562
8.414580
8.370902
8.380821
8.369300
8.369619
8.378260
8.376502
8.370261
8.376501
8.378582
8.366100
28.612486
28.770401
28.754242
8.379700
28.762884
28.600327
28.755043
8.385301
8.387702
8.395220
8.389462
8.377300
8.375701
8.375859
8.389300
8.381462
8.409781
8.376982
28.772964
28.637444
28.763203
28.593287
28.757442
28.595688
8.380180
8.368982
8.368019
8.368982
8.368181
8.382742
8.373463
8.386263
8.375540
43.953190
28.758244
28.695202
28.788961
28.759842
8.369301
8.367222
8.369781
8.369462
8.380022
8.385622
8.370579
8.372982
8.372182
8.362421
8.369143
28.780003
28.778721
28.608166
28.758562
28.591686
28.748161
28.587046
8.384820
8.370259
8.378101
8.365461
8.364341
8.376020
8.373940
8.364983
8.369139
8.363702
8.366262
28.581287
28.773922
28.583366
28.762722
28.609446
28.759363
8.374100
8.369940
8.380020
8.374901
8.374100
8.388502
8.383059
8.369143
8.376662
8.369460
8.368982
8.377941
28.605446
28.763683
28.753284
28.756802
28.755360
18.528812
8.377299
19.720633
8.375861
8.365299
8.367060
8.372822
28.754082
28.598566
28.770245
28.597446
28.765762
28.595367
8.380020
8.382421
8.374580
8.386742
8.378420
8.368502
8.372020
8.381142
8.374743
8.376500
8.384022
28.620646
28.761444
28.601608
28.760801
28.604965
28.760483
28.756641
8.379700
8.403540
8.391860
8.377302
Control Period
8.371861
8.373941
8.381140
8.392021
28.764162
28.619526
28.768482
28.595366
28.747683
28.761761
28.761122
8.381622
8.373623
8.364820
8.365940
8.388660
8.368822
8.373940
28.768642
28.595207
28.765762
28.629124
28.768963
28.605766
8.382102
8.375540
8.383862
8.378101
8.373142
8.374741
8.386100
28.590088
28.764482
28.592167
28.759521
28.600805
28.763683
8.419220
8.376982
8.373302
8.383699
8.378580
8.373942
8.380341
28.765762
28.608807
28.784641
28.604807
28.769922
28.594406
8.381941
8.371382
8.373623
8.372341
8.370101
8.371222
8.369621
28.772163
28.763523
34.178635
28.701763
8.410580
8.371061
8.374261
8.383541
8.382100
8.372980
8.391379
28.785282
28.600647
28.766882
28.583527
28.763363
28.613766
8.398902
8.376661
8.374420
8.380981
8.373301
8.375061
8.375699
28.599525
28.763683
28.595688
28.799202
28.592007
28.770243
8.383062
8.365940
8.378580
8.367382
8.371221
8.381302
8.373302
28.750082
28.777763
28.772163
28.603525
28.759361
28.598885
8.410261
8.364662
8.378420
8.369940
8.378101
8.376502
8.373461
28.706083
28.616966
28.760004
28.760962
28.592007
28.771042
8.382740
8.373623
8.367702
8.376501
8.380341
8.364981
8.370260
28.594406
28.776802
28.580807
28.760002
28.723522
28.761122
8.384342
8.378422
8.382582
8.376662
8.374262
8.370741
8.372662
28.766722
28.598888
28.761124
28.603048
28.762562
28.585287
8.380982
8.384981
8.368022
Control Period
8.377460
8.378742
8.367861
28.772322
28.593128
28.783524
28.625925
28.781601
28.599688
8.370262
8.372341
8.379061
8.368500
8.368179
28.756004
28.581608
28.745443
28.775362
28.757122
28.756483
8.404662
8.374422
8.370262
8.369141
8.369143
8.374102
28.763683
28.648647
28.751684
28.583366
28.747522
28.583847
8.376661
8.371059
8.366740
8.370102
8.368982
28.712963
28.748964
28.756483
28.755682
28.596485
28.758564
8.379379
8.364820
8.363862
8.361782
8.366262
28.593126
28.763844
28.587528
28.789764
28.576647
28.772161
28.595688
8.404502
8.389460
8.375541
8.376020
8.378580
54.887253
28.759201
28.753443
28.757603
28.597446
28.773441
8.380981
8.376822
8.366901
8.393780
8.375381
28.609447
28.757603
28.591686
28.770723
28.594887
28.793600
8.377300
8.381302
8.374262
8.375542
8.370899
8.380661
28.767683
28.781603
28.611687
28.770721
28.586727
28.764002
8.389299
8.375542
8.372182
8.380821
8.373622
28.593765
28.759521
28.598087
28.786562
28.604324
28.774561
28.800482
8.384979
8.369942
8.386581
8.384182
8.371059
28.612328
28.755203
28.618408
28.751202
28.600807
28.769123
8.374582
8.373140
8.361782
8.373622
8.366901
28.600327
28.716963
28.596167
28.746082
28.756323
28.769920
28.688805
8.399381
8.371061
8.371540
8.363380
8.371702
28.589767
28.762083
28.593128
28.800640
28.592327
28.766403
8.386902
8.369141
8.378582
8.373621
8.370901
8.368821
28.759045
28.757603
Control Period
28.594887
28.765444
28.581604
28.755362
8.404821
8.374582
8.371220
8.374900
8.370582
28.593767
28.763523
28.600008
28.760962
28.625286
28.780804
8.385301
8.381622
8.380342
8.375542
8.369781
28.707685
28.778883
28.741123
28.756483
28.765282
28.776321
8.369461
8.380022
8.368661
8.370901
8.372023
28.767202
28.598568
28.762241
28.608967
28.774561
28.600647
8.382900
8.377140
8.369461
8.380339
8.380022
28.758083
28.591526
28.754883
28.590885
28.771523
28.709126
8.394260
8.374901
8.373463
8.375060
8.372182
28.608326
28.775684
28.601927
28.765442
28.603846
28.768642
8.396020
8.402740
8.379539
8.385621
8.385621
28.620325
28.771683
28.597286
28.742722
28.608967
28.813601
8.393300
8.386100
8.386742
8.385942
8.370902
28.776642
28.781763
28.681284
28.588486
28.767683
28.602726
8.391862
8.374102
8.401621
8.369781
8.370901
28.764643
28.594088
28.767204
28.590405
28.749763
28.586567
8.421782
8.367702
8.376022
8.365141
8.387861
28.715525
28.606726
28.762724
28.729282
28.802242
28.768803
8.389460
8.391221
8.372821
8.366262
8.368982
28.620165
28.775043
28.594566
28.760643
28.592646
28.751526
8.381943
8.380501
8.374420
8.373460
8.370101
28.600807
28.767042
28.594727
28.762402
28.592808
28.760805
8.400982
8.378262
8.370742
8.375061
8.385462
28.776167
28.608809
28.781761
28.600647
28.764961
28.597124
8.398101
8.372822
8.378420
8.374743
8.375221
28.772165
28.593607
28.778244
28.592487
Control Period
28.777281
28.608326
8.409782
8.373781
8.370743
8.372820
8.378741
28.756165
28.728485
28.749445
28.802879
28.751682
28.751364
8.381940
8.371861
8.380022
8.377623
8.378582
28.616488
28.770403
28.592968
28.756485
28.593447
28.745441
8.387062
8.377142
8.378422
8.386902
8.370901
28.610245
28.766403
28.619688
28.763523
28.599846
28.764961
8.417461
8.386101
8.383060
8.370260
8.370421
28.594088
28.772642
28.590569
28.767841
28.604647
28.766884
8.383701
8.390421
8.381620
8.385461
8.385141
28.801441
28.700005
28.774563
28.779041
28.770243
28.610886
8.400661
8.385782
8.378421
8.375702
8.387861
28.783684
28.612007
28.773922
28.595684
28.804321
28.602566
8.388021
8.372023
8.370901
8.372980
8.369143
28.753925
28.637928
28.769764
28.617126
28.777122
28.608967
8.377462
8.381460
8.371862
8.372342
8.366582
28.735525
28.608006
28.760324
28.757282
28.747044
28.775520
8.414103
8.380981
8.379063
8.387383
8.380981
28.616169
28.771042
28.598248
28.777603
28.644966
28.777924
8.386742
8.383381
8.391380
8.377780
8.387220
28.607208
28.786402
28.604488
28.776482
28.621925
28.781124
8.391060
28.769764
28.785442
28.733444
28.761280
28.762722
28.783844
8.389782
8.378581
8.373782
8.378101
8.392982
28.596966
28.757601
28.597448
28.780483
28.602886
28.777121
8.368822
8.374582
8.375542
8.383222
8.394421
28.595528
28.760805
28.598087
28.773924
28.621445
28.764164
8.386902
8.376180
8.380981
8.370901
Control Period
8.369462
28.584648
28.774723
28.596806
28.754242
28.606247
28.752325
8.396182
8.378582
8.380662
8.377621
8.386742
27.100670
28.714085
19.125124
8.374582
28.772964
28.708324
28.790083
28.714243
28.765284
28.761126
8.389941
8.386262
8.387862
8.380662
8.384342
28.761763
28.769123
28.767204
28.773443
28.771046
28.747044
8.425941
8.387222
8.379541
8.378582
8.374420
28.597767
28.781765
28.600327
28.810562
28.613285
28.763844
8.396662
8.386103
8.381783
8.373620
8.380022
28.636646
28.775206
28.602087
28.766560
28.604008
28.780325
8.379541
8.378741
8.394262
8.368822
8.385142
28.603687
28.762241
28.611366
28.764486
28.594406
28.795040
8.388502
8.377623
27.622103
8.392181
8.395061
8.376982
8.384340
8.385942
28.767525
28.762402
28.612808
28.766563
28.613127
28.776005
8.382421
8.391062
8.388662
8.376343
8.396341
28.622406
28.771683
28.609127
28.764645
28.614887
28.772802
8.387702
8.377142
8.400980
8.371062
8.384661
28.601448
28.787043
28.608967
28.775043
28.610407
28.770243
8.398422
8.380501
8.388341
8.381301
8.380342
28.602568
28.769125
28.630249
28.776165
28.610407
28.769127
8.415220
8.390579
8.377302
8.382742
8.379541
28.605127
28.771843
28.604807
28.796164
28.612167
28.679527
8.407862
8.392820
8.391382
8.392821
8.400661
28.790243
28.696968
28.765285
28.777765
28.776482
28.776482
8.391861
8.376662
8.377942
8.373622
8.376981
28.696007
28.774084
28.784163
28.759203
Control Period
28.807041
28.788643
8.399221
8.386421
8.389141
8.381460
8.391701
28.767204
28.655685
28.767681
28.763523
28.782724
28.676647
8.376022
8.373782
8.379702
8.372501
8.393621
28.769924
28.780003
28.764965
28.771204
28.777922
28.799681
8.377622
8.376502
8.375381
8.379222
8.384501
28.779842
28.602087
28.767044
28.634407
28.775684
28.613447
8.381781
8.383220
8.386101
8.378902
8.378262
28.772964
28.597446
28.766085
28.592327
28.755526
28.598728
8.389619
8.383380
8.384022
8.380822
8.383701
28.772163
28.602406
28.771366
28.597126
28.768805
28.608646
8.390421
8.386261
8.379222
8.382261
8.386581
28.766882
28.600647
28.778725
28.597126
28.758404
28.597288
8.394423
8.390102
8.378421
8.372183
8.377460
28.768484
28.587048
28.768963
28.602245
28.773766
28.602726
8.383062
8.376341
8.379541
8.383223
8.396181
28.779366
28.603205
28.769285
28.600327
28.818403
28.601126
8.381781
8.389142
8.386581
8.380180
8.368182
28.761765
28.604805
28.761765
28.602886
28.774405
28.607687
8.369781
8.382742
8.375542
8.385941
8.398581
28.797604
28.608488
28.769764
28.608807
28.775364
28.599045
8.420022
8.389940
8.387220
8.386422
8.393461
28.766884
28.607687
28.768965
28.603527
28.776325
28.599047
8.388340
8.383862
8.389301
8.375702
8.376020
28.785284
28.601286
28.781124
28.638725
28.773603
28.592487
8.395222
8.386742
8.389622
8.385941
8.396502
28.760645
28.605448
28.766403
28.620806
28.755844
28.603209
8.403063
Control Period
8.388662
8.389622
8.391861
8.396980
28.768166
28.606247
28.765924
28.603367
28.776325
28.597767
8.375061
8.381140
8.389781
8.374582
8.382582
28.772646
28.598246
28.752645
28.600487
28.780483
28.595047
8.388342
8.379862
8.379381
8.376499
8.386901
28.754564
28.594088
28.764805
28.599047
28.773924
28.627045
8.387541
8.381783
8.374102
8.388981
8.377942
28.769764
28.639687
28.777124
28.604006
28.773926
28.603367
8.380981
8.388982
8.373141
8.376501
8.375701
28.768963
28.601606
28.759365
28.605288
28.772326
28.681286
8.391863
8.380020
8.382901
8.384822
8.378262
28.753288
28.796642
28.764805
28.772644
28.767365
28.765924
8.405621
8.382742
8.388662
8.383542
8.380662
28.773603
28.768166
28.741127
28.772964
28.773125
28.742243
8.420822
8.398742
8.390902
8.378262
8.397142
28.615847
28.773605
43.713200
28.792969
28.720648
28.768164
8.403702
8.378421
8.388021
8.384821
8.400981
28.701607
28.713448
28.609608
28.778885
28.618887
28.783844
8.401460
8.392502
8.381622
8.386901
8.391541
28.617126
28.774725
28.618248
28.780645
28.599846
28.800964
8.399061
8.385782
8.401622
8.396821
8.380180
28.605766
28.776325
28.620806
28.799686
28.618565
28.771845
8.396501
8.391861
8.401141
8.388500
8.399061
28.628807
28.772165
28.613129
28.776165
28.604965
28.782244
8.400023
8.392981
8.381142
8.387381
8.396181
28.606567
28.781605
28.607206
28.774405
28.643368
28.783684
8.403062
8.381622
Control Period
8.381462
8.387542
8.380341
28.609287
28.785126
28.605288
28.787203
28.617605
28.787205
8.402422
8.384022
8.388981
8.390580
8.396182
28.780005
28.787846
28.784004
28.781603
28.730726
28.784166
8.426420
8.389301
8.387062
8.394901
8.390741
28.723207
28.619368
28.777927
28.625608
28.797125
28.605286
8.384342
8.388660
8.384342
8.387222
8.383223
28.791525
28.611048
28.787045
28.616007
28.780163
28.611366
8.390741
8.376022
8.385462
8.379221
8.375063
28.777124
28.613285
28.786724
28.614086
28.788164
28.630886
8.409142
8.384821
8.394423
8.396341
8.385942
28.780006
28.770565
28.779366
28.768328
28.760326
28.783203
8.394741
8.388662
8.384821
8.397781
8.390901
28.781927
28.779528
28.740486
28.772484
28.605125
28.764484
8.416822
8.407061
8.384181
8.396660
8.394901
28.647205
28.777445
28.626247
28.804163
28.612486
28.804165
8.403381
8.386262
8.399702
8.403542
8.393461
28.622566
28.784487
28.599367
28.792648
28.612967
28.784801
8.387862
8.394901
8.386262
8.388823
8.408661
28.613127
28.787365
28.623526
28.796804
28.798082
28.786243
8.406422
8.392181
8.383862
8.389460
8.380822
28.803364
28.776966
28.781286
28.794083
28.723526
28.620007
8.402420
8.394262
8.389782
8.396821
8.403542
28.775366
28.612648
28.779848
28.614246
28.774405
28.601765
8.414902
8.397942
8.385941
8.374421
8.389782
28.787045
28.612328
28.791527
28.646887
28.775364
28.606569
8.405302
8.390102
8.386742
8.397141
Control Period
8.392822
28.776485
28.644808
28.786247
28.618246
28.784008
28.768005
8.403542
8.385942
8.388021
8.388021
8.399062
8.386420
28.615208
28.785126
28.602566
28.775045
28.631687
28.792807
8.390102
8.390739
8.389462
8.392822
8.392502
28.624008
28.787209
28.605768
28.777607
28.609930
28.771208
8.390423
8.390581
8.380501
8.396820
8.384021
28.782726
28.781925
28.762245
28.746565
28.758724
28.715687
8.384022
8.378262
8.376022
8.383062
8.391701
28.769766
28.605606
28.786087
28.603687
28.782087
28.603846
8.379222
8.387222
8.368181
8.374743
8.375221
28.778885
28.597450
28.770725
28.603371
28.775843
28.622887
8.399862
8.397460
8.390902
8.386742
8.393621
28.751526
28.765446
28.777607
28.780325
28.767849
28.812967
8.396341
8.398743
8.397142
8.393143
8.394262
28.621927
28.775526
28.628328
28.797287
28.618568
28.799362
8.405621
8.384182
8.411381
8.400982
8.395222
28.620007
28.784006
28.624325
28.792166
28.627365
28.794567
8.400341
8.394423
8.384022
8.388820
8.406741
28.759527
28.795204
28.778727
28.794243
28.798244
28.731047
8.405142
8.396181
8.401302
8.389622
8.384342
28.791845
28.601768
28.798887
28.624968
28.774565
28.611687
8.380182
8.388662
8.398262
8.394901
8.397781
28.788326
28.609449
28.771366
28.603848
28.782726
28.642246
8.418581
8.389940
8.389621
8.389142
8.395061
28.721928
28.732647
28.807045
28.804007
28.788006
28.784166
8.404181
8.414263
8.431541
8.384021
8.382902
Control Period
28.619047
28.776808
28.733929
28.939522
28.787846
28.802084
8.447062
8.404502
8.404661
8.400023
8.400821
28.618246
28.795366
28.624805
28.885124
29.020641
28.994881
8.396662
8.402102
8.395222
8.390422
8.412501
28.772968
28.953602
29.006882
28.892645
28.724485
28.623848
8.416182
8.393142
8.398900
8.621458
8.387702
28.804808
28.629450
28.915680
28.851204
28.868326
28.612650
28.863365
8.639538
8.622098
8.386422
8.389302
8.387702
28.800165
28.808647
28.767368
28.983524
29.323837
28.968002
28.735207
8.388823
8.389142
8.392820
8.386102
8.909933
28.995201
46.187557
28.770086
28.783686
8.419861
8.389622
8.398582
8.391862
8.409781
28.788006
28.783047
29.064960
29.293598
28.941122
28.631369
28.784008
8.394262
8.399062
8.591859
8.922255
8.549458
28.616327
28.775047
28.597130
28.878082
29.157118
29.253597
28.774246
8.408663
8.397622
8.397462
8.412182
8.415062
29.224159
29.320156
28.963842
28.796328
28.775047
56.101151
28.784327
8.392822
8.404822
8.404982
8.399222
8.391222
29.167519
29.170399
29.107040
28.620968
28.792324
28.617287
28.826244
8.909131
8.947851
8.488340
8.389622
8.393461
28.618568
29.208958
29.493275
29.207359
28.765285
28.777287
28.777767
8.390902
8.384981
8.615858
8.902735
8.581938
28.777607
28.771206
28.774246
28.985764
29.349276
29.433277
28.907684
8.412502
8.390902
8.388021
8.384022
8.618898
29.492313
29.389757
29.110243
28.605129
Control Period
28.814405
28.627689
29.067043
29.367996
29.441917
8.394260
8.383383
8.379862
8.389622
8.386262
28.996801
29.747669
29.495995
28.879364
28.776808
28.805286
28.796328
8.411702
9.156330
9.248648
8.389782
8.396661
28.625130
28.807524
28.923363
29.592634
29.487354
28.949442
28.614889
8.389462
8.398581
8.580338
9.140650
8.956172
28.834724
28.614408
28.928963
29.299356
29.454556
29.003683
28.780006
8.397622
8.388502
8.928812
9.512803
8.931691
28.810726
28.776487
28.768646
28.869444
29.316156
29.916626
29.394876
28.632490
8.430422
8.396341
8.394423
9.090731
9.507844
29.227198
28.649448
28.785767
28.622570
29.009604
29.340797
29.755030
29.045444
28.778566
8.405301
8.613779
9.137129
8.916492
8.386261
28.781446
28.778408
29.369436
29.892948
29.332478
28.805286
28.789768
28.786087
8.791214
9.498404
9.094411
8.397621
28.699846
28.802246
28.610889
29.366238
29.784950
29.530714
28.742245
28.777447
28.610729
8.665938
9.196648
9.056812
8.382742
8.387222
28.787527
29.145441
29.681749
29.725910
29.079521
28.767206
28.772165
28.769287
9.114890
9.499044
8.701618
8.398581
28.722406
28.781767
29.617115
30.286062
29.311520
28.763527
28.771046
28.728806
28.756165
9.143369
9.853598
9.120649
8.388502
8.399221
28.634249
28.959362
29.479355
29.897591
8.904334
28.791046
28.608007
28.829767
29.905748
30.288141
8.793616
8.384022
8.387222
8.397142
8.704018
29.830070
29.911507
29.075043
Control Period
28.788967
28.791527
28.869125
29.498875
29.863031
29.508793
28.769127
8.434101
8.401781
8.591539
9.500004
9.513123
29.113121
28.649609
28.768005
28.798883
29.779350
29.971027
29.393597
28.618090
28.783207
8.497780
9.468805
9.633442
8.619858
8.386901
28.780968
28.856325
29.484154
30.112623
29.483196
28.856165
28.771847
28.776169
8.659058
9.885918
9.887678
8.485939
8.407862
28.775368
28.768486
29.451996
30.466217
29.817430
28.883684
28.753286
28.719048
8.412982
9.164649
9.875678
9.217129
8.388342
28.794247
28.599691
29.760311
30.496616
29.464315
28.652649
28.777126
28.672167
29.322237
30.153904
30.080463
8.444660
8.398262
8.402901
8.430902
9.477764
30.237101
29.349277
28.816166
28.787848
28.874886
29.590393
30.399658
29.766869
28.837925
28.799047
28.791847
8.695057
9.776478
9.596802
8.442421
8.393782
28.681290
29.036804
29.720951
30.282383
29.536636
28.843044
28.634089
28.808006
28.958563
30.269903
30.294060
8.570258
8.404343
8.410262
8.534739
9.841597
30.403820
8.773456
8.386581
8.395222
8.401621
9.104650
30.276302
29.798710
28.888006
28.628010
28.929287
29.520794
30.561893
29.726713
28.871204
28.631367
28.789925
8.630418
9.891357
30.362381
8.731056
8.435381
8.403063
8.588977
9.510242
30.040466
29.023521
28.811049
28.627048
29.180481
29.879509
30.401419
29.215199
28.809767
28.653446
28.844324
29.645592
30.597897
29.695831
8.418422
8.397942
Control Period
8.415861
8.837133
9.900156
9.871517
8.664978
28.797127
28.615530
29.202881
30.043987
30.399019
29.183199
28.780487
28.613449
28.840326
30.091345
31.018370
29.651192
28.817768
8.406902
8.386103
8.985613
30.614857
30.110708
8.398903
8.389301
8.398262
8.760336
9.883998
9.950556
8.739376
28.806726
28.618250
29.226400
30.366220
30.668135
29.207680
28.783047
28.633129
28.899044
29.691032
30.557098
29.560953
8.390262
8.399221
8.622578
9.750559
9.879998
9.002253
28.682409
28.774086
29.446875
30.160624
29.858707
29.065603
28.771366
28.933764
29.725750
30.627176
29.948626
28.758087
8.389462
8.393942
9.049132
30.664295
30.150543
8.407861
8.402422
8.392982
8.702576
30.498859
30.340622
8.692338
8.408503
8.407381
9.024173
30.766695
30.373421
8.409462
8.406262
8.417142
8.850894
30.368942
30.547178
8.790415
8.410742
8.406742
9.119051
30.913092
30.282543
8.452501
8.404503
8.394582
9.259367
30.615978
30.053747
8.393782
8.384663
8.468180
9.878239
30.756615
8.957771
8.400661
8.401142
9.050252
31.170048
30.243185
8.384982
8.399062
8.403542
9.307687
31.164286
30.119026
8.431220
8.403702
8.412342
8.704018
9.960316
30.995491
29.584154
8.434902
8.397303
8.398582
9.107850
30.614058
30.131504
8.433620
8.397142
8.400661
9.455524
30.611816
30.089588
8.495380
8.405783
8.405142
Control Period
9.613283
31.086529
29.725273
8.397942
8.402903
8.673938
30.674055
30.802694
8.768016
8.400342
8.398902
8.792974
30.694376
30.877892
29.204161
8.411702
18.544174
29.004642
19.700315
9.685281
9.031691
28.829767
28.771847
29.218241
30.644136
30.858534
29.318560
28.784489
28.789766
29.058243
30.747015
31.323486
29.434557
28.740807
28.826727
8.386103
9.592163
31.194368
30.095024
8.396502
8.392982
8.405622
9.409606
30.668615
58.585121
8.423542
8.388662
8.394901
9.115370
30.634375
30.517260
8.606579
8.401463
8.396662
9.576803
31.156607
30.168625
8.391062
8.426102
8.411383
9.379526
31.164127
30.086864
8.413142
8.413782
8.452981
30.566380
31.587963
29.533434
8.409302
8.405462
8.397782
9.666561
31.159487
30.092464
8.409622
8.407063
8.470100
30.492300
31.161087
29.770233
8.443861
8.407221
8.458742
30.381424
31.108130
29.443996
8.398902
8.407542
9.013452
31.305248
30.951170
29.247841
8.400822
8.412181
9.559043
31.633240
30.219826
28.751526
8.408503
8.412022
9.024813
31.217407
30.924770
29.179680
8.403221
8.402422
8.987532
31.152607
30.867653
29.116962
8.407701
8.400661
9.315847
31.250687
30.704777
28.877766
8.406582
8.393461
9.698881
31.268927
30.363503
8.450261
8.411861
8.392181
9.145290
31.285566
30.952612
29.093924
8.411701
8.403062
9.067851
Control Period
31.609083
31.082050
29.079363
8.412823
8.407222
9.066252
31.307009
31.048927
29.168640
8.417782
8.404821
8.659058
30.621096
31.660118
29.922709
28.739847
8.406262
8.467701
30.699175
31.497402
29.635513
8.428343
8.408503
8.847694
31.288927
31.403963
29.377758
28.740646
8.424501
9.057931
30.880135
30.662058
29.056164
8.415543
8.412022
9.386406
31.770517
30.948772
28.907686
8.424022
8.412342
8.744817
31.025410
31.035971
29.474236
8.412823
8.411701
9.022093
31.296606
31.205248
29.370880
8.426580
8.408662
8.880175
31.252607
31.399004
29.507036
28.728329
8.404502
8.708656
31.136610
31.602362
29.820951
28.734087
8.396982
8.538899
30.891172
31.622202
30.023027
28.780487
8.412502
8.402262
30.710857
32.284908
30.005428
28.733768
8.386421
8.405782
30.516939
32.241390
29.954229
28.725927
8.409142
8.517939
30.344942
31.216288
29.949429
8.400501
8.391542
8.752337
31.115971
31.544121
29.693592
28.730249
8.407701
8.740496
31.137569
31.455322
29.600634
28.726568
8.398743
9.255848
31.328127
30.826696
28.994564
8.412663
8.428982
30.869894
31.716599
30.114546
28.778246
8.388344
8.415861
30.785416
32.125393
29.921429
28.725126
8.419701
8.727857
30.815975
31.279329
29.640953
8.395702
8.396341
9.489604
31.893717
31.055969
28.982883
8.400661
8.387223
9.109771
Control Period
31.262367
31.020452
29.432957
8.400182
8.391382
9.912958
32.408749
30.518219
28.807846
8.403221
8.386903
30.707014
32.352753
30.111668
28.729448
8.415542
8.437141
30.974854
32.308270
30.018869
28.796646
28.734409
8.668338
30.658216
31.665081
30.144785
28.805126
8.407222
8.731056
31.237888
31.532124
29.747831
28.774086
8.410262
9.007853
31.846355
31.775959
29.473278
28.778727
8.412663
8.857454
31.180449
31.041412
29.394077
8.416342
8.416983
9.677762
32.066673
30.949253
28.926403
8.434742
8.404343
9.795200
31.777559
30.766695
28.924004
8.398582
8.650419
30.891813
31.653721
30.044786
28.781446
8.398422
8.992652
31.305567
31.518044
29.608635
28.811687
8.396183
9.716801
31.809719
30.703657
28.815847
8.444660
8.404022
30.938854
32.241871
30.009748
27.573786
28.792967
8.530581
29.993746
31.840120
30.980293
29.210083
28.803047
28.812487
29.677914
32.031155
31.511164
29.282558
28.788006
28.813927
29.511997
31.989717
11.169257
29.402721
28.793768
28.822887
29.379517
31.810038
31.590521
29.504637
28.786247
28.798567
8.839056
31.621723
31.602201
29.543835
28.782566
8.400023
9.539843
32.239632
30.956131
29.038563
28.770887
8.403704
30.619659
32.583946
30.667017
28.818726
28.800968
8.409622
30.753897
32.486668
30.455980
28.804487
28.785446
8.437462
30.893892
32.360909
30.289906
Control Period
28.797127
28.807047
8.459381
30.772936
31.786198
30.555500
28.869610
8.396343
8.417303
30.930693
32.267151
30.208626
28.749449
8.408183
8.754576
31.316929
31.586205
29.827991
28.794727
8.383703
9.190890
32.626984
31.668598
29.240162
28.770409
8.400661
9.258728
32.418510
31.440443
29.242561
28.748970
8.393464
9.716801
32.396111
30.966213
29.068165
28.796488
8.422262
30.501579
32.513390
30.742218
28.914087
28.792328
8.440182
31.051971
32.114513
30.195986
28.754570
28.790726
8.552980
31.346687
32.214672
30.069588
28.640812
28.792969
9.045933
31.998516
31.901875
29.512157
28.820967
28.739849
9.213610
32.129395
31.209408
29.297121
28.783527
8.411062
30.549900
32.537548
30.767656
28.912483
28.793766
8.418422
30.894373
32.500267
30.630539
28.876488
28.780006
8.434581
31.167971
32.347794
30.230385
28.794407
28.793129
8.590899
31.091970
32.105873
30.237585
28.742090
28.793129
8.873774
31.838839
32.084595
29.688313
28.783689
28.816486
9.414086
31.849079
31.315807
29.238882
28.756969
8.408663
30.483500
32.735783
31.209568
29.002884
28.788166
8.417622
9.912956
32.564270
30.970854
28.901606
28.794567
8.409782
31.282047
34.228241
29.739191
28.708490
28.633770
29.076004
32.565868
33.490013
29.410719
28.781771
28.805607
29.446238
31.683159
31.931316
29.551037
28.789288
28.832645
Control Period
29.648956
32.010677
31.813236
29.478878
28.786247
28.851686
29.716953
31.916277
31.682840
29.494238
28.780006
28.875366
29.859030
32.984901
31.301086
29.192162
28.785927
28.924967
30.040466
34.163761
31.033573
29.085602
8.400664
29.027845
30.711657
33.389534
30.547020
28.944328
28.677132
29.373280
31.510845
32.554665
29.585434
28.779850
28.742409
29.556154
31.914038
31.921717
29.607676
28.799366
28.770889
29.542395
33.018822
32.676105
29.107365
28.706886
28.780651
30.043350
33.597687
31.754200
8.391064
28.789766
28.985445
30.429420
32.425388
31.135651
28.878248
28.782089
29.035204
30.512302
32.398354
30.849415
28.919048
28.787687
29.389118
31.654202
32.754501
29.438400
28.823528
28.689611
29.568636
34.007446
53.449684
28.992165
8.399384
8.399063
9.334567
32.326031
31.869877
29.361599
28.776489
28.792648
29.873592
32.562988
31.882519
29.510395
28.792009
28.847368
29.558716
33.498013
32.229233
29.204323
28.794727
28.892967
30.004950
32.761703
31.277088
29.170883
28.782410
29.026726
30.816456
32.668903
30.759336
29.060163
28.785130
29.021446
30.777576
32.705067
30.925415
29.058083
28.725451
29.041765
32.119156
33.798805
29.654713
28.765610
28.766890
29.360477
31.673563
32.220753
29.747353
40.347336
28.723211
28.974567
30.029591
32.348431
31.219009
29.151684
28.792330
29.025925
Control Period
30.772137
32.672424
30.812136
28.976969
28.792328
29.300001
32.142517
33.541370
29.379040
28.781448
28.795050
29.756792
34.321678
51.911312
8.426742
8.390741
8.444503
30.897415
32.513546
30.829096
28.945126
28.783367
8.450741
31.189892
33.966324
30.304304
28.772491
28.783051
28.908167
31.402046
32.335472
30.371183
28.939365
28.797609
29.279842
32.864262
33.325695
29.303680
28.784967
28.805771
29.759514
33.896404
32.113873
28.980967
28.793770
28.911045
30.296305
34.657673
51.409401
8.403863
8.411063
8.901616
32.323471
32.592907
29.628796
28.799210
28.943527
30.548941
32.697548
31.073572
28.997286
28.787048
29.271360
32.551788
33.845844
29.546078
28.792007
28.803848
29.642557
31.888918
32.008438
29.485760
28.777929
28.900646
30.012630
13.720736
31.423006
28.963207
28.776489
29.170563
31.406845
54.647106
29.757593
8.396025
8.401623
9.660642
32.406990
31.831959
29.532959
28.774569
28.808170
30.740299
35.376862
30.517103
28.828970
28.763212
25.410622
31.122370
40.919651
29.375359
28.745453
28.929928
30.168945
34.654633
31.212929
28.937767
28.729773
29.322081
31.563164
32.863625
29.847355
28.785769
28.728010
29.643993
55.390617
33.083302
29.126883
28.771690
8.387863
9.734562
33.826008
31.339649
29.135525
28.791851
29.004328
32.283154
33.882328
Control Period
29.415998
28.782249
28.866568
29.791672
33.767448
32.199635
29.043842
28.714731
28.774408
30.435022
35.136063
30.825096
8.404503
8.392824
8.649300
32.035797
33.642811
29.619194
28.785294
28.903048
29.924629
32.722187
31.683964
29.389120
28.802250
29.084005
31.147650
33.695930
30.165907
28.884007
28.619051
29.561436
33.700569
53.813202
8.611540
8.390425
8.392502
30.563499
34.163441
30.664139
28.884970
28.770571
29.115202
32.459629
33.696571
29.574078
28.778889
28.873766
29.943192
34.237999
32.229073
28.910408
28.775049
29.044325
30.520622
32.404591
31.273571
29.106565
28.773449
29.113605
31.386847
55.132217
29.965752
28.773930
8.401463
9.684961
32.985222
31.516764
29.178722
28.794569
28.811529
31.601883
34.620556
30.008310
28.777290
28.775047
29.208803
32.782345
33.298176
29.363520
28.776653
8.619219
30.484463
34.396881
30.723179
28.828171
28.770088
29.623837
33.277534
52.846657
29.261921
8.394742
8.434744
31.407007
34.622154
30.091827
28.766571
28.779528
29.301121
33.447773
33.480736
29.170563
28.785448
28.889931
30.358702
34.908230
51.333725
8.391382
8.388501
8.878096
32.522827
33.746487
29.452480
28.791849
28.682251
29.739994
34.081203
32.856747
29.040646
28.778412
28.992645
30.790379
55.640373
30.471502
8.418582
8.393303
Control Period
8.982254
32.906185
32.984425
29.430399
28.618570
28.992167
30.676617
35.259743
30.340946
28.883528
28.786570
29.480959
33.651932
53.258968
8.916335
8.406424
8.409945
30.680138
32.449230
30.826376
28.978729
28.784971
8.784977
32.400269
34.072884
29.750717
28.794409
28.898567
30.064468
34.339443
31.942198
28.993769
28.774889
29.105286
31.268450
55.548214
30.057589
8.412024
8.394423
9.236330
34.324402
31.970200
29.218725
28.792011
29.149284
31.411007
33.441055
30.246708
28.920807
28.779053
29.596798
33.677212
32.519951
28.978888
28.814732
28.685772
30.364304
55.575573
31.343010
28.795849
8.403064
8.709297
32.450191
33.962807
29.639036
28.809288
28.893768
29.913591
33.989525
32.374832
29.108002
28.618412
29.318880
32.133717
55.995567
29.711515
28.791691
8.399064
9.296329
33.244736
31.800440
29.509598
28.809452
29.007526
31.561085
34.256561
30.029112
28.810089
28.876970
29.997112
34.510956
31.730682
28.841610
28.784492
29.089287
31.594368
55.999886
29.912153
28.775852
8.396183
9.422407
33.428734
31.810362
29.367043
28.772171
28.972647
31.751802
35.309341
30.136948
28.868490
28.790731
29.464479
33.682007
53.739605
29.199682
8.399224
8.423862
31.423645
34.547279
29.978870
28.827209
28.869930
29.868635
33.841690
Control Period
32.942982
29.126245
28.800011
28.930569
30.319347
34.880871
51.415001
8.407223
8.402742
8.844336
32.707306
33.547771
29.545437
28.785770
29.008648
30.675020
35.034790
30.786058
28.970886
28.703051
9.178891
31.885880
33.409214
9.087051
28.800812
28.786253
29.971830
55.104706
31.637245
28.900650
8.396824
8.467541
31.650366
34.715431
30.241428
28.841450
28.870407
29.780794
33.779129
32.552589
29.081926
28.781292
29.147686
31.203491
56.461479
29.988470
8.398423
8.403543
30.459505
35.229504
30.695019
28.876009
28.798412
29.536959
33.397217
33.235779
29.097605
28.620813
28.969767
30.333426
55.632694
31.158371
8.398104
8.389304
8.720819
32.233234
34.183922
29.723194
28.770088
28.947369
30.054710
34.176083
32.295952
29.005608
28.761452
29.365602
33.519772
54.619431
29.428961
28.785612
8.404662
30.459024
35.256065
31.090534
29.094727
28.806252
29.193283
31.850521
33.998325
29.887674
28.836330
28.908329
30.574543
55.626610
30.827019
8.396343
8.396502
8.786737
32.774345
33.703289
29.488480
28.712490
28.950089
30.645262
35.872375
30.903816
28.806572
28.782251
29.406563
34.264881
33.791611
29.413282
28.809612
8.431864
31.047813
35.765976
30.336147
28.934729
28.606895
29.451361
33.684250
54.533512
8.683378
8.383703
8.388824
Control Period
31.110374
35.003109
30.648140
28.927048
28.805611
29.785116
33.667130
32.766987
29.092804
28.770252
28.875050
30.331823
34.864876
31.316769
8.443863
8.389301
8.502902
31.812441
34.809994
30.134068
28.835854
28.862732
30.059671
34.146805
32.383793
28.859373
28.622414
29.111046
31.206533
56.155087
30.477104
28.787050
28.806572
8.954254
32.711784
33.448097
29.460318
28.790253
28.897289
32.139477
56.136368
9.318729
8.405304
8.416342
30.433905
34.605198
30.803980
29.085606
28.614895
29.487040
33.655449
33.449375
29.381924
28.789932
28.968969
30.702381
55.591255
30.809259
28.792011
8.409143
8.992014
32.954506
33.579132
29.419842
28.771372
28.991367
30.648781
36.076214
31.036137
28.820812
28.810251
29.227364
31.699806
55.653015
29.905914
28.777611
28.818092
29.908632
36.570923
32.362194
29.077768
28.802891
28.983530
30.715500
55.660370
30.900936
8.399063
8.416183
8.971695
33.217220
33.556576
29.406082
28.783051
29.178726
32.359314
34.269039
29.797754
28.844330
28.780331
30.054070
55.253983
31.744602
29.147526
8.412024
8.512661
31.845242
34.560879
30.143030
28.823051
28.839050
29.959833
34.333519
32.121399
28.981447
41.360767
29.179525
30.968939
32.202995
30.374065
29.004648
28.915051
30.191029
34.145844
Control Period
32.134518
28.891369
28.627535
29.579357
54.400394
34.261681
29.611357
28.829132
28.966890
30.294546
33.510815
31.047815
40.350060
28.800171
28.976971
30.597742
55.324379
30.926376
28.826410
8.397144
29.640797
33.491135
33.286018
29.364002
28.726254
28.883530
30.968777
56.467239
30.476784
8.406584
8.405785
9.401447
35.740700
32.101555
29.021130
28.761612
29.639679
32.585548
53.462173
9.114573
8.434903
8.446743
31.436930
34.445202
30.175028
28.883211
28.861610
29.921432
34.320724
32.396275
28.944490
28.796490
28.892811
31.543167
55.609497
30.196468
28.837132
28.772011
29.571838
33.370335
33.369537
29.260805
28.800011
29.000008
30.727180
55.697815
30.859978
28.798410
28.630417
8.757778
33.803932
33.922810
29.403362
28.797771
28.882252
30.538544
55.578297
31.163975
28.832012
8.398904
8.545301
31.949240
34.764713
30.200788
28.835051
28.796331
30.039192
34.467598
52.448429
8.414583
8.413942
8.791218
33.102982
33.564415
29.449600
28.634893
29.132807
31.568766
56.550762
30.176147
8.408343
8.427704
9.585124
34.690155
32.778187
29.204006
28.794573
29.259844
32.824265
55.529179
29.712797
28.660976
8.406263
31.131653
35.524384
30.612621
28.973610
28.788174
29.628641
34.047924
Control Period
53.507771
29.286243
8.429625
8.619061
32.890984
34.005848
29.673759
28.786572
28.862091
30.560781
55.456703
30.910696
28.789291
28.767693
29.373123
33.042820
33.125858
29.329283
28.790892
29.079369
30.919497
55.800537
30.920938
28.806252
28.812012
29.344162
33.269218
32.977383
29.272163
28.806252
29.264006
31.696287
55.327900
29.961912
28.632816
28.943529
30.631823
35.925652
30.924297
28.843853
28.809771
30.015831
55.305820
11.070061
29.189766
28.791212
29.405283
33.873848
53.151138
8.874096
8.411383
8.491222
32.007000
34.625359
30.072151
28.774412
28.864172
30.341425
34.757675
31.260132
8.491703
8.415863
8.852176
33.321857
33.696091
29.507839
28.798893
28.913450
30.927017
55.729813
30.794380
28.759050
28.819052
29.616961
33.556416
32.856747
29.171366
28.801132
29.099369
31.597889
55.409180
30.023514
28.826893
28.743534
30.540785
36.320850
52.005875
8.399704
8.447382
9.004974
32.900906
33.807449
29.656960
28.782251
29.243046
31.345730
54.596394
30.117912
8.410743
8.411864
31.193253
36.357170
30.391026
28.943373
28.810253
29.729595
55.081184
33.760735
29.342564
28.778893
29.216805
32.192276
34.160408
9.378888
28.758892
28.802092
30.557106
57.035553
31.845404
Control Period
28.996328
28.683372
29.823675
55.538139
33.236420
29.327044
28.762411
29.328484
33.342659
54.857670
29.535040
28.746254
29.039368
33.560257
55.852211
29.835358
28.617937
28.916971
30.638704
57.159393
31.094215
8.400663
8.420984
29.377604
32.902344
33.425697
29.402723
28.776173
29.068010
31.180614
54.968708
30.284628
28.832010
28.999687
30.795500
56.321323
31.080935
8.412344
28.758732
29.715679
33.306980
32.906986
29.278244
28.797291
29.375362
53.107941
32.796909
29.575840
28.643057
29.205765
33.607773
55.637177
29.596481
28.776651
29.015369
32.056599
34.705517
30.067993
28.828173
28.788172
51.307327
35.120548
30.736301
28.995371
28.615057
30.351507
55.519100
31.559488
28.945450
28.767851
29.333763
33.457539
33.267780
29.361605
28.787533
28.971210
51.799160
34.710316
29.978233
28.781933
28.884972
31.218372
56.141006
30.737263
28.789454
28.765934
30.182070
34.482960
31.910042
28.975050
28.795372
29.615040
54.484879
32.555153
29.202085
28.825132
29.767038
55.456699
33.470818
29.140968
28.724335
29.272644
33.515137
55.153664
29.712797
28.768812
29.082727
33.135143
33.656418
29.369123
28.658577
29.364485
53.774490
34.226002
29.655840
Control Period
28.778252
28.859852
30.828299
52.806023
31.674686
29.336803
28.811050
30.023832
34.491119
52.122517
8.720179
28.820332
29.573278
34.540241
32.626831
28.909933
8.414581
8.511222
32.415157
35.863419
30.185270
28.833132
28.792332
30.857899
35.053352
30.742702
29.016008
28.841770
30.752619
55.475739
30.401907
28.800653
28.942091
32.274036
55.632061
29.907196
28.629776
29.008329
31.288773
55.970772
30.510546
28.796173
18.855694
9.642883
52.451630
31.683487
29.847515
28.805134
29.273924
34.298801
32.109558
29.463203
28.787693
29.246567
33.799294
54.677193
29.473602
28.814894
29.429123
32.598831
32.695629
29.494244
8.413943
8.778097
32.807945
34.365044
29.875036
28.795532
28.789131
30.786701
35.918297
30.931339
29.019207
28.795534
30.131992
55.352863
31.277256
29.090569
28.783051
29.818876
56.168530
32.841869
29.203209
28.634415
29.633278
53.592411
33.781853
29.454721
28.790573
29.377123
55.417023
33.319458
29.306564
28.804651
29.235365
52.938824
34.193207
29.694239
28.791533
29.117447
31.483171
55.142143
30.252790
28.813770
29.138086
31.473572
54.907272
30.089912
28.638416
29.274406
33.942329
55.608379
Control Period
30.006714
28.744816
28.958569
30.613586
52.891624
31.095339
29.279205
28.965931
30.491825
32.454514
51.576607
8.682098
28.921772
31.496609
55.920052
29.899517
28.785933
29.274725
33.456257
53.403458
29.795357
28.785612
29.243208
33.616096
52.933861
29.473442
28.629135
29.593281
32.327797
52.765068
8.935375
28.852652
30.586386
34.545681
30.772303
8.399704
8.419704
9.374249
34.176727
32.624271
29.265125
28.804493
29.818718
32.659790
32.025883
29.832317
28.622896
30.003834
54.097847
31.788124
29.308163
28.793291
29.793118
52.440750
31.921404
29.925438
28.841770
29.514561
32.265877
52.635311
29.624481
28.644497
29.821756
31.991961
31.948122
29.958395
8.409943
8.892494
32.475155
34.193848
29.957914
28.807055
29.032810
32.296276
33.870331
29.684320
28.782894
29.171526
33.094185
33.208584
29.528961
28.793133
29.346567
33.252899
33.676258
29.457764
28.783854
29.538080
32.857708
33.324902
29.473923
28.775053
29.827358
35.040234
31.246853
29.099850
28.633295
30.329910
35.753502
31.057739
29.016172
28.790573
30.176313
36.554131
32.229076
29.079527
28.784492
8.805618
33.500576
34.223927
29.731197
Control Period
28.796173
8.461943
31.485731
34.901352
30.346546
28.852493
28.922569
32.189720
34.678795
30.074554
28.794252
28.977293
32.377396
34.423122
29.839678
28.786896
29.048330
32.168758
34.284889
29.888157
28.632175
29.502083
34.178802
33.605057
29.352486
28.807053
8.773298
32.175800
13.760578
30.188791
28.846571
28.837776
32.028759
34.218006
29.948154
28.781456
29.510561
33.336418
33.334023
29.307365
28.797775
30.090395
36.125496
31.316133
29.033451
28.621456
30.666384
36.646286
31.969723
29.027370
8.417303
8.982574
32.334358
34.223446
29.851358
28.796816
29.184486
33.585697
33.598335
29.420164
28.798574
8.759699
32.215637
34.409363
30.021914
28.806095
29.030411
32.186680
34.133369
29.886396
28.751215
29.182407
32.618996
34.009212
29.748640
28.761135
29.225927
34.042812
33.484100
29.397446
28.747377
8.999534
32.930508
33.536098
29.421923
28.789293
29.390724
34.310486
33.470341
29.328806
28.624016
8.841457
32.932587
33.814651
29.549604
28.745775
29.402245
33.408257
33.284103
29.427685
28.644817
9.731361
36.610126
32.151802
29.091208
8.398584
9.204491
34.207130
33.225700
Control Period
29.304647
28.795053
8.923857
33.030025
33.820896
56.968842
28.811855
29.158407
52.976746
34.016251
29.546564
28.809456
29.400963
33.422501
33.321060
29.391525
28.648815
30.287029
36.609009
32.195961
29.096970
8.420824
9.265610
33.018185
33.781052
29.546883
28.807377
8.892497
32.677231
34.461845
30.044954
28.818575
8.478743
31.004459
35.941017
30.595024
28.909613
8.438264
30.943020
36.021339
30.826223
28.963371
8.424664
9.726084
36.639252
32.262676
29.070091
8.405462
8.804497
32.067966
34.499283
30.039194
28.812176
29.397766
32.970509
33.685539
29.654562
28.812336
29.130569
32.064762
34.543442
30.067034
28.826576
29.238247
32.803310
33.812256
29.689600
28.742096
28.988811
32.671314
34.646801
30.279192
28.845934
8.430424
31.406052
34.917198
30.829422
28.939531
28.856653
31.574692
34.769836
30.318392
28.852654
28.927855
32.104919
34.280087
29.956476
28.641779
29.689121
35.692703
33.469700
29.222887
8.414104
8.872974
33.078987
35.248070
29.878399
28.808176
8.441624
31.635969
35.867741
30.455507
28.852493
8.419703
30.436789
36.618446
32.508114
29.046093
8.418424
Control Period
9.050254
33.138828
34.098969
29.668800
28.803696
8.704499
32.996910
34.618641
30.023834
28.740974
8.412024
31.695328
36.674286
31.254375
28.843376
8.425304
9.638405
36.220375
32.082684
29.097130
28.807537
9.555207
35.818142
32.672913
29.165127
28.816975
8.857937
32.950508
33.959293
29.820478
28.829456
8.526901
32.217079
34.758156
30.233913
28.849295
8.409625
30.968302
36.634930
31.438055
28.899693
8.407703
30.493269
35.046955
30.976143
29.019053
28.815536
30.964462
35.276711
30.650066
28.930092
28.878895
32.264759
34.358006
29.896957
28.785936
29.079050
32.055321
34.638641
30.203671
28.808018
8.703860
32.248119
34.438644
29.972635
28.808817
28.819374
31.265095
36.671249
30.743023
28.846096
8.419064
30.712784
34.687283
30.832142
29.038893
28.818897
9.879681
33.402981
31.752287
29.393604
28.812336
30.176632
32.591476
31.656132
29.570082
28.824175
30.137434
53.038506
31.259975
29.293449
8.603221
31.212776
55.279270
30.168472
28.643219
29.718239
55.210472
32.970825
29.308329
28.791536
8.956496
32.207958
34.184731
29.995998
28.838896
29.089451
32.177238
34.493843
30.020958
Control Period
29.019371
29.029772
9.430727
33.163143
33.560421
29.548803
29.017292
29.232327
31.892124
34.452084
30.027197
29.013771
29.048330
30.854383
32.671791
31.209099
29.394247
29.018415
29.347847
32.352921
34.061371
29.885918
29.045773
29.037773
30.428629
36.634132
31.013897
29.124329
8.639859
8.872656
32.068443
34.531284
30.127995
29.028332
29.011213
9.687202
34.137211
32.759792
29.395367
29.023689
8.723539
31.652929
34.703918
30.244633
29.020334
29.022730
9.371691
33.346825
33.589058
29.572962
29.028013
8.675861
31.698530
34.824879
30.392632
29.035372
29.014412
9.517767
33.186504
33.555458
29.605923
28.998896
29.036972
31.209738
33.653538
31.151178
29.262249
29.033932
29.430086
33.119148
34.054173
29.755840
29.021614
8.617943
30.745745
36.624851
31.579491
29.151852
8.629139
8.766098
32.095325
34.375126
30.032957
29.008017
29.027851
9.463367
33.235466
33.663940
29.642723
28.953297
28.940016
31.388615
35.816544
30.775665
29.110891
8.623060
9.105774
33.219624
33.749695
29.639202
29.036652
8.629941
31.055182
36.092381
30.777264
29.054092
8.633459
8.762739
31.617092
34.742958
30.508308
Control Period
29.099051
29.011856
9.297609
32.857231
33.520737
29.651203
29.027534
29.061771
31.455013
34.076733
30.420952
29.319048
29.353128
8.955696
30.479828
36.432373
31.055498
29.383846
29.343849
9.136654
9.203372
32.129726
34.194492
30.204634
29.807360
29.951361
9.500488
9.503848
9.510565
9.503527
9.508008
30.816626
31.893568
31.194057
29.994396
30.304634
30.121275
30.244312
9.881282
9.889280
9.898561
9.871841
9.874401
9.887360
9.877439
9.886723
9.882563
9.886721
9.879682
30.486071
30.614546
30.653908
30.675825
30.683346
30.722225
30.476469
30.632788
30.607668
30.702066
30.693424
30.672304
31.197739
31.213737
31.252457
31.259336
31.232937
32.455795
31.244938
31.249416
31.255177
31.061741
31.231016
31.236137
31.281418
31.187817
51.676289
31.037422
31.195818
31.270218
31.252937
31.251656
51.696770
31.039982
31.219337
31.266857
31.257257
31.210377
51.708450
31.038860
31.210537
31.266537
31.255978
31.252777
31.274696
31.027021
31.209736
31.265896
31.184780
31.220936
31.247658
51.500931
31.264936
31.238377
31.253258
31.254217
31.232298
51.495972
31.220297
31.238058
31.206217
31.236778
31.254856
31.249737
31.200775
31.247017
31.182541
Control Period
10.804947
31.254538
31.268936
51.475651
31.233418
31.249577
31.217896
31.171980
31.188618
31.110859
31.254217
31.252136
31.191978
31.234056
31.241096
31.033903
51.649086
31.280777
31.252937
31.164139
31.171976
31.063183
31.244137
31.264618
31.245577
31.247818
31.239338
31.023983
31.234697
30.820625
30.697426
30.701426
30.725105
30.509590
30.407993
30.249434
30.314232
9.899202
9.880161
9.905281
9.894239
9.890721
9.899363
9.888161
9.896643
9.896800
9.894720
9.886559
9.891361
30.306231
30.310070
30.328312
30.324633
30.128637
30.255835
9.893442
9.892000
9.890081
9.896641
9.889120
9.893919
9.896800
9.895041
9.889280
9.884962
9.895841
30.116957
30.257751
30.250715
30.283512
30.313435
30.320152
9.890242
9.881602
9.885921
9.883839
9.880802
9.894241
9.879842
9.881601
9.881442
9.886560
9.881441
9.886560
30.322552
30.328632
30.115837
30.257113
30.270555
9.888639
9.889602
9.883842
9.887041
9.887842
9.887521
9.896799
9.889602
9.889442
9.901602
9.878242
9.885921
30.251034
30.289112
30.362232
30.311993
30.315992
30.136478
9.895201
9.884161
9.882881
9.906719
9.902241
9.890242
9.882081
9.891842
9.887682
9.884481
9.888639
9.886241
30.148796
30.243515
Control Period
30.256313
30.296154
30.321112
30.310553
30.319035
30.131037
9.886241
9.885920
9.903520
9.905122
9.922401
9.907522
9.906563
9.931360
9.910879
9.889441
9.887522
9.885921
9.893922
9.891202
9.890561
9.892480
9.888002
9.898242
9.889282
9.895201
9.900802
9.898241
9.917599
9.908481
9.910561
30.329752
30.128157
30.252632
30.247675
30.295673
30.340311
30.317753
30.329432
30.118557
25.008078
9.899841
9.900639
9.887201
9.894402
9.895041
9.889762
9.892642
30.310072
30.327353
30.315191
30.152475
30.258234
30.265753
30.302555
30.301912
30.323034
30.332792
30.129757
30.251995
30.279993
9.894720
9.883200
9.882562
9.884962
9.884001
9.882242
9.895842
9.898241
9.892160
9.888962
9.897602
9.896320
9.897762
9.882561
9.894562
9.883680
9.900962
9.892002
9.892799
9.890082
9.892642
9.884482
9.885600
9.893602
9.881601
9.892000
30.260155
30.311993
30.347031
30.358551
30.356472
30.147837
9.904322
30.274555
30.291191
30.316631
30.327032
30.629749
30.514549
30.614069
30.676147
30.718706
30.677746
30.679188
30.479031
30.616631
30.617750
30.667349
30.714869
30.702707
30.698067
30.506229
30.629589
30.681425
30.725426
30.624790
30.707825
30.502069
30.638868
30.667191
30.698387
30.694067
30.694386
30.691345
30.511349
30.626549
Control Period
30.631510
30.691189
30.670229
30.688147
30.498070
30.607990
30.639029
30.679188
30.692629
30.714546
30.718868
30.496471
30.632790
30.650709
30.707668
51.181259
30.692627
30.510710
30.643507
30.651827
30.684149
30.719666
30.744148
30.690228
30.496147
30.619511
30.636311
30.669271
30.697430
30.692787
30.710386
30.480789
30.632471
30.621269
30.685429
30.720627
30.720787
30.488628
30.663507
30.623669
30.679510
30.712788
30.699827
30.685108
30.485111
30.627350
30.675989
30.686228
30.692629
30.682549
30.696629
30.498390
30.621269
30.663828
30.673429
30.681427
30.686388
30.714706
50.868942
30.629429
30.675827
30.695187
30.718067
30.690550
30.492632
30.623508
30.626711
30.923023
31.261101
31.271177
31.268139
31.035341
31.210859
51.729408
31.276138
31.270060
31.276297
31.052462
31.225740
31.247021
31.279018
31.198221
51.729893
31.053902
31.220940
31.261740
31.271017
31.229900
31.258699
31.252457
31.057581
31.219500
51.702530
31.247980
31.274698
31.282377
31.055820
31.207500
31.253899
31.207020
31.203503
51.726692
31.078382
31.204781
31.235981
31.275816
31.099661
30.675350
30.713909
30.498070
30.620790
30.628151
30.701267
30.691830
30.700150
30.730547
50.877266
30.695669
30.688469
30.697750
30.694227
30.710709
30.480312
Control Period
30.622871
30.628790
30.696947
30.707188
30.686710
30.670872
30.503349
30.634710
30.622711
30.681427
30.697908
30.689270
50.865585
30.642389
30.628471
30.705427
30.713587
30.695511
30.675671
30.488632
30.619350
30.640631
30.670389
30.703506
30.694548
30.678707
30.491352
30.618710
30.646870
51.159821
30.695829
30.699190
30.494551
30.636950
30.625111
30.700150
30.714708
30.703188
30.727669
30.484791
30.614391
30.656471
30.675510
30.714869
30.699030
30.684628
30.507832
30.624470
30.700150
46.892208
30.681427
30.606871
30.484470
30.650070
30.629431
30.687187
30.682388
30.696310
30.687828
30.489271
30.644789
30.619991
30.699184
30.709110
51.138702
30.538712
30.635189
30.631670
30.680790
30.679508
30.697910
30.715830
30.502871
30.615349
30.625271
30.678389
30.680630
30.707668
30.697746
30.494553
30.631187
51.059021
30.727346
30.698229
30.684311
30.505428
30.625111
30.632151
30.692949
30.691669
30.703829
30.680470
30.489113
30.625269
30.625111
30.674070
30.676790
30.683826
30.683350
30.616631
30.632950
30.678391
30.678711
30.704149
30.695511
30.490871
30.672310
30.623671
30.673426
30.679029
30.693588
30.693110
30.492630
30.620470
30.688631
30.699989
30.682230
30.691830
30.495192
30.622070
30.638390
30.710228
30.690231
30.693750
Control Period
30.685911
30.498232
30.620951
30.616631
30.676790
30.706551
30.690868
30.474554
30.616631
30.609909
30.665909
30.712950
30.685429
30.690392
30.490711
30.638552
30.606230
30.685909
30.673429
30.686708
30.499672
30.649750
30.661110
30.678549
30.675831
30.686871
30.706867
50.873745
30.630869
30.669111
30.698069
30.704311
30.718548
30.504150
30.624950
30.632151
30.674389
30.687349
30.703671
30.488792
30.625427
30.635509
30.679829
30.711668
30.690388
30.694231
30.499670
30.618069
30.705587
30.699190
30.690548
30.690870
30.491190
30.646069
30.658546
30.687990
30.714066
30.713907
50.931824
30.631191
30.626869
30.683031
30.702711
30.680790
30.692310
30.493912
30.625910
30.646551
30.687191
30.694069
30.703829
30.488316
30.622391
30.622709
30.672150
30.675671
30.753910
30.687832
30.627029
30.626230
30.684469
30.681589
30.695190
30.705111
30.494072
30.637430
30.640631
30.687189
30.699669
30.720789
30.512472
30.641270
30.639830
30.681589
30.715189
30.685270
30.697590
30.508951
30.637590
30.682709
30.672150
30.744471
30.607189
30.487995
30.633909
30.620790
30.676950
30.697111
30.691830
30.514713
30.636150
30.623510
30.684629
30.710709
30.681751
30.696789
30.487833
30.627831
30.672470
Control Period
30.694710
30.683350
30.704309
30.518072
30.617111
30.610229
30.685591
30.594069
30.673592
30.483194
30.615349
30.625910
30.682550
30.682711
30.623510
30.490070
30.619190
30.627991
30.663990
30.713268
30.607990
30.732311
30.494072
30.640310
30.680950
30.699030
30.650711
30.744949
30.493755
30.636311
30.631029
30.689110
30.696150
30.696629
30.487835
30.424152
30.251356
30.247837
30.351036
9.895041
9.888802
9.885921
9.885283
9.900162
9.892323
9.898882
9.906403
9.890722
9.904001
9.892482
9.906722
9.891521
9.912481
30.330235
30.135521
30.267517
30.283676
30.284317
30.309755
30.315037
9.886402
9.899363
9.896322
9.887362
9.895841
9.890402
9.893922
9.893923
9.882083
9.880161
9.883841
9.899362
9.885602
30.328955
30.121281
30.256958
30.269596
30.295837
30.320477
30.335995
9.888641
9.881441
9.894722
9.893602
9.899523
9.888962
9.881442
9.896002
9.909442
9.885282
9.906082
9.883041
9.885921
9.889282
30.130079
30.255676
30.259357
30.293596
30.329758
30.334557
30.306717
9.896961
9.900002
9.918402
9.905122
9.898881
9.917121
9.896961
9.888163
9.900162
9.896961
9.907843
9.902401
9.900002
30.143677
30.274078
30.264797
30.296316
30.323036
30.327517
30.351517
9.892482
9.900162
Control Period
9.885283
9.885122
9.893600
9.903360
9.881441
9.897762
9.884323
9.895842
9.889603
9.888323
9.890882
9.894082
9.882402
9.888643
9.893922
9.893763
9.888641
9.888002
9.890722
9.896802
9.892801
9.900482
9.896322
9.894402
9.892962
9.892483
9.890403
30.249277
30.265757
30.331997
30.331356
30.333117
30.141279
30.277756
30.323837
9.904642
30.337116
30.314877
30.319515
30.122719
30.260956
30.256477
30.326717
30.339836
9.902241
9.891682
9.898242
9.892002
9.917442
9.890402
9.884962
9.879681
9.895203
9.892962
9.882883
9.897442
9.905762
9.895203
9.901442
9.896642
9.889921
9.888802
9.895521
9.897442
9.888002
9.908482
9.890562
9.889282
9.890722
9.888802
9.894082
9.892323
9.899361
9.898082
9.896002
9.895523
9.900642
30.331036
30.342398
30.325598
30.135998
30.289434
30.257755
30.294556
30.355837
30.351837
30.329117
30.135838
30.254879
30.278397
30.284637
30.312798
30.319036
30.330717
9.904002
9.902401
9.897602
9.893602
9.893602
9.893122
9.892483
9.890402
9.888961
9.886723
9.894562
9.888641
9.889442
9.895842
9.892963
9.882241
9.891202
9.896482
9.893122
9.895842
9.890083
9.903362
9.885762
9.911522
9.887363
9.884481
9.898083
9.908960
9.889282
9.892642
9.882562
9.898082
9.892162
9.909761
30.142239
Control Period
30.297756
30.250397
30.265436
30.275358
30.320797
30.326237
30.136162
30.275997
30.321117
30.278236
30.326237
30.359196
30.341757
30.277596
30.625111
30.634552
30.684790
30.707991
30.679510
30.695511
30.497112
30.626709
30.623991
51.140785
30.691509
30.711668
30.492954
30.623831
30.637911
30.681110
30.699350
30.652950
10.266877
30.493435
30.620312
30.638073
30.677912
30.685589
30.636629
30.698549
30.516954
30.612631
30.663511
30.696470
30.698551
30.689110
30.485115
30.629749
30.673910
30.669430
30.679352
30.708950
30.691830
30.486074
30.629910
30.629593
30.689590
30.717110
30.683350
30.711672
30.485596
30.610550
30.676950
30.686069
30.623833
30.695032
30.502714
30.621113
30.652473
30.685911
10.268156
30.679508
30.713110
30.486555
30.639511
30.614391
30.671991
30.686712
30.681589
50.935188
30.633909
30.614872
30.677269
30.705750
30.663509
30.696629
30.485916
30.621914
30.670231
30.674070
30.681271
30.609274
30.697269
30.496635
30.622553
30.641750
30.680471
30.700951
51.160301
30.489594
30.627993
30.635353
30.681751
30.679991
30.746550
30.691351
30.489594
30.632469
30.603994
30.677750
30.691671
30.619513
31.088787
31.038864
31.203821
31.254702
31.195982
31.263823
31.250702
31.053106
31.221582
31.273741
31.279503
31.271502
51.714695
Control Period
31.050865
31.236462
31.241901
31.260462
31.194221
31.290222
31.171663
31.033426
51.658054
31.265102
31.275341
31.201584
31.153902
31.056786
31.210861
31.237103
30.750870
30.689110
30.663511
30.684631
30.626392
30.635189
30.668631
30.711990
30.699989
30.729908
30.483034
30.631512
30.625273
30.674393
30.686872
30.712469
30.700790
30.496954
30.621113
30.632954
30.681911
30.686230
30.691990
30.705910
50.873909
30.669592
30.693588
30.702871
30.690710
30.689432
30.500793
30.613594
30.627193
30.697910
30.732151
30.663670
30.694391
30.487194
30.626713
30.630234
30.671513
30.685751
30.686552
30.697432
30.492794
30.611675
30.680630
30.716951
30.686871
30.729111
30.478394
30.615831
30.626232
30.677271
30.695671
10.262075
30.693111
30.524153
30.648151
30.628952
30.672630
30.684629
30.601435
30.689110
30.484634
51.010708
30.684629
30.682392
30.691671
30.698709
30.515356
30.644150
30.622393
30.684475
30.690071
30.683512
30.684952
30.483355
30.622873
30.631834
30.684149
30.695831
30.692951
30.689911
30.510395
30.619673
30.667032
30.692310
30.703350
30.709751
30.492315
30.640312
30.615355
30.659672
30.676950
30.686871
30.681911
30.502075
30.648149
30.645912
30.685911
30.708469
30.636312
30.688150
30.508795
30.626394
30.622715
30.691990
Control Period
30.604635
30.694391
30.488316
30.621916
30.617115
30.710230
30.691193
30.717430
30.693592
30.496794
30.635033
30.650232
30.679672
30.716152
30.698393
30.695831
30.498394
30.629433
30.628471
51.108788
30.694874
30.722229
30.490396
30.627834
30.624794
30.670872
30.721910
30.691191
30.719830
30.528955
30.608316
30.639513
30.688953
30.690710
30.706072
30.689590
30.483355
30.639194
30.641750
30.666073
30.682869
30.678232
30.501755
30.620152
30.631672
30.656153
30.684792
30.694550
30.692953
30.485756
30.604311
30.625435
30.662710
30.725590
30.707512
30.691351
30.485115
30.611834
30.625275
30.671989
30.695671
51.140945
30.493114
30.635035
30.615515
30.679352
30.694071
30.702869
30.694073
30.510235
30.629436
30.622236
30.677109
30.680153
30.676470
30.673594
30.479515
30.625595
30.642235
30.675833
30.715992
30.700470
50.950706
30.613754
30.611195
30.714071
30.697109
30.692472
30.694073
30.497114
30.624796
30.657274
30.671993
30.718231
30.691513
30.685272
30.502394
30.629753
30.620474
30.673433
30.724310
30.717911
30.694073
30.605434
30.646873
30.688148
30.688631
30.730230
30.679670
30.485914
30.627192
30.651352
30.686234
30.709272
30.697113
30.703672
30.501274
30.627031
30.619675
30.676153
30.679832
30.683353
30.683033
30.487514
30.625595
30.671833
Control Period
30.703831
30.695833
30.697433
30.490393
30.643995
30.639353
30.666233
30.673754
30.708950
30.661753
30.481594
30.617756
30.636789
30.683193
30.683031
30.695353
30.495516
30.635195
30.625275
30.677113
30.685913
30.743029
30.606073
30.495514
30.625593
30.625595
30.682390
30.695831
30.706551
30.483355
30.617273
30.619194
30.684471
30.687513
30.675512
30.699352
30.517115
30.622555
30.673273
30.662870
30.714552
30.689594
30.614235
30.500317
30.623356
30.682871
30.704311
30.695833
30.690229
30.502874
30.619675
30.624954
30.662394
30.699032
30.685432
30.667353
30.498394
30.628313
30.650074
30.690231
30.708149
30.686073
30.505114
30.623034
30.640314
30.676313
30.702389
30.689114
30.636154
30.485273
30.618395
30.610233
30.667994
30.702230
30.578236
30.482876
30.640633
30.630554
30.666233
30.717911
30.689112
30.669434
30.501755
30.616474
30.615513
30.679031
30.686392
30.685272
30.654074
30.618876
30.627674
30.647995
30.713913
30.711349
30.705591
30.481276
30.623035
30.618555
30.676311
30.680153
30.691513
30.671513
30.497755
30.647194
51.063988
30.690231
30.683195
30.609276
30.497435
30.637434
30.625753
30.668312
30.690231
30.694874
30.682554
30.484957
30.640474
30.634714
30.659990
51.167030
30.701433
30.490398
30.633114
Control Period
30.656954
30.679834
30.700794
30.690233
30.671993
30.493439
30.620474
30.631676
30.691833
30.686714
30.700314
30.495356
30.624634
30.607994
30.671835
30.681273
30.696953
30.590715
30.621273
30.643356
30.672316
30.695995
30.684952
30.604155
30.531195
30.630556
30.618233
30.671196
30.689112
30.593275
30.491354
30.624155
30.645916
30.676792
30.694235
30.696472
30.667994
30.508795
30.616474
30.684635
30.695673
30.683035
30.690552
30.493755
30.632795
30.627354
30.691193
30.699352
30.687996
30.497755
30.659515
30.625595
30.700632
30.722551
30.695673
30.673916
30.493916
30.616795
30.677753
30.691994
30.689432
30.674557
30.497597
30.609596
30.623993
30.696796
30.698551
30.687351
30.491995
30.619034
30.633274
30.679514
30.733593
30.728474
30.697752
30.496317
30.613594
30.624315
30.683516
30.691196
30.669594
30.490877
30.646715
30.659674
30.681915
30.687832
30.684473
30.656155
30.626074
21.769417
20.474236
30.633434
30.676155
30.693275
30.681755
30.588953
30.145599
30.280960
30.245604
30.297920
30.313599
30.342077
9.898724
9.882723
9.884162
9.899043
9.885763
9.891844
9.883204
9.895523
9.892321
9.899364
9.889765
9.883364
9.887043
9.890244
9.885764
9.883202
9.885604
9.887844
Control Period
9.882242
9.887043
9.889444
9.884164
9.904643
30.112801
30.251678
30.243683
30.280640
30.327038
30.335518
30.321598
30.130402
30.245440
9.901920
9.899042
9.888165
9.887523
9.891363
9.891363
9.896002
9.892323
9.889924
9.887684
30.323200
30.303520
30.227682
30.338560
30.129442
9.893924
9.882403
9.897923
9.892162
9.897923
9.912004
9.895523
9.905764
9.887522
9.909602
9.898722
9.884964
9.895204
9.891521
9.889604
9.878084
9.888802
9.877281
9.895205
30.132160
30.236641
30.252802
30.267677
30.257761
30.234241
30.316158
30.136322
30.287842
9.891843
9.893124
9.904644
9.889442
9.883522
9.887043
9.890084
9.882243
9.885445
9.904001
9.889922
9.874243
9.891522
9.878244
9.891042
9.888002
9.896643
9.881283
9.888161
30.268963
30.236803
30.249762
30.291040
30.278877
30.319679
30.142242
30.254883
30.257122
30.268642
9.889922
9.892963
9.887842
9.891043
9.877122
9.881603
9.894403
9.893763
9.896003
9.903842
9.872164
9.892163
9.884483
9.888484
9.889123
9.900484
9.890882
9.912802
9.892801
30.276958
30.326880
30.322079
30.332479
30.129921
30.255522
30.252323
30.283682
30.312000
30.345280
9.887684
9.882403
9.897603
9.893444
9.900480
9.898883
9.910884
9.884964
9.889924
9.884644
9.893444
30.687353
Control Period
30.683516
30.723196
30.486397
30.626873
30.631355
30.674234
30.698555
30.763832
31.258389
31.081264
31.230066
31.245905
51.658867
31.248144
31.267345
31.041269
31.199507
31.247026
31.242706
31.175186
31.257267
31.262066
31.205429
31.243183
31.259026
31.259827
31.290384
31.260143
31.050709
31.207985
31.246706
51.707020
31.269264
31.260147
31.068787
31.223347
31.239826
31.253584
31.248787
31.250383
51.497269
31.238384
31.241907
31.248947
31.257748
31.290384
31.253588
31.040787
31.212627
31.267822
31.193909
31.263027
31.265427
31.046228
31.230707
31.245747
31.246548
31.220947
31.256786
51.502544
31.201588
31.238386
31.220627
31.261745
31.265907
31.254225
31.042870
31.205427
51.629585
31.181906
31.245905
31.241587
31.071028
31.218065
31.244307
31.257267
31.236145
52.107815
31.734539
31.852617
31.571180
31.247505
31.261745
31.043348
30.746716
30.433439
30.295683
30.291040
29.874247
29.940166
29.717449
29.925608
29.727528
29.908007
29.734249
29.927204
29.744328
29.917925
29.926086
30.008965
30.548475
30.883034
30.144485
29.914566
29.927046
29.830889
29.734249
29.923847
29.734249
30.601116
31.671497
31.128946
29.994244
29.914085
29.915688
29.730888
29.919685
29.728168
29.936966
30.461756
32.324448
31.222385
Control Period
29.899847
29.816328
29.942724
29.734570
29.925446
29.745768
30.024006
30.748953
31.859013
30.613596
29.884647
29.921125
29.725929
29.921446
29.746891
29.929607
29.736168
30.322241
31.641739
31.702057
30.278721
29.928808
29.731207
29.923527
29.738409
29.914406
29.862087
31.175827
31.857576
30.905270
30.001766
29.740969
29.933126
29.728649
29.923367
29.728008
51.229748
32.488285
31.195826
29.926886
29.935043
29.748329
29.943045
29.783369
29.926247
29.740488
30.160162
30.967190
31.626699
30.450397
29.953764
29.927689
29.737448
9.498089
9.498249
9.494730
31.371660
32.423649
30.735994
29.911528
29.768810
29.940968
29.731209
29.908487
29.957445
31.227985
32.044132
30.774073
29.957287
9.518890
9.496170
9.505131
9.504168
9.497290
31.011992
32.691643
31.685099
29.958885
29.920330
29.934566
30.249123
30.253761
30.263361
30.314402
30.316319
30.319042
30.421919
30.621756
30.654396
30.655674
30.695194
30.692795
30.496639
30.653913
30.635355
30.676155
30.673435
30.669914
30.698715
30.491358
30.619194
30.697275
30.686394
30.709274
30.658876
30.696955
30.496798
30.634716
30.635994
30.699356
30.693756
51.108150
30.513439
30.634075
30.654875
30.669914
30.688955
30.699837
30.688156
30.486879
30.615995
30.620794
30.679516
30.701115
30.703035
Control Period
30.709114
30.496639
30.622074
30.635195
30.676794
30.699356
51.133591
30.497440
30.658714
30.618555
30.680794
30.702074
30.696156
30.678394
30.504639
30.617117
30.646236
30.671194
30.685915
30.691835
30.714394
30.496639
30.645435
30.657753
30.704475
51.698227
31.264626
31.057432
31.215828
31.243187
31.192308
31.182228
31.252626
31.249588
31.037270
51.657906
31.215986
31.190226
31.260468
31.259026
31.051991
31.210388
31.236307
31.256145
51.759987
31.267826
31.049271
31.217907
31.272945
10.835509
31.215027
31.257427
31.275347
31.063509
51.663345
31.253746
31.244148
31.256147
31.266705
31.049751
31.225746
31.254707
31.278868
31.273428
31.266226
31.066551
31.248465
31.244467
31.284786
31.226707
31.250387
31.268627
31.043510
31.211826
31.227345
31.189266
31.255507
31.272467
31.082390
31.232946
31.233746
31.255346
31.198708
51.756622
31.057270
31.219505
31.270866
31.262867
31.256145
31.282387
31.254227
31.052311
31.204466
51.721104
31.237427
31.259987
31.257906
31.039511
31.206547
31.233587
31.255028
31.198868
31.293747
51.502388
31.234705
31.259346
31.252308
31.255987
31.251827
31.257748
31.056950
31.240467
51.764305
31.219185
31.271347
31.256466
31.052631
31.243826
31.247187
31.246067
31.246866
Control Period
31.247189
51.497429
31.217266
31.253426
31.020309
30.688797
30.685276
30.690075
30.489918
30.633116
30.304323
9.890884
9.895683
9.892803
9.887844
9.886404
9.886564
9.901283
9.882884
9.882884
9.888163
9.886404
9.898563
9.885605
9.884484
9.895364
9.881924
9.883683
30.153927
30.246080
30.251842
30.297441
30.340322
30.327358
30.342562
30.158562
9.900324
9.900642
9.883844
9.896484
9.894884
9.882404
9.885923
9.896804
9.927203
9.891844
9.888964
9.889284
9.904324
9.901283
9.913924
9.888643
9.899203
30.364964
30.311363
30.120966
30.251362
30.274883
30.283682
30.334562
30.308163
30.674555
30.607357
30.612637
30.691994
30.691513
30.683035
30.705593
30.498398
30.620798
30.624636
30.691513
30.688314
30.692795
30.486559
30.618559
30.614555
30.680634
30.688156
30.672636
30.696316
30.501280
51.042717
30.685276
30.729435
30.684635
30.685757
30.480478
30.621593
30.626877
30.669115
30.710236
30.707674
30.490879
30.632317
30.629118
30.683676
30.690235
30.678076
30.694077
30.519039
30.638876
30.669437
30.692154
30.688795
30.689114
30.688477
31.202227
31.222708
31.251026
31.177586
51.761425
31.058552
31.200626
31.270386
31.274706
31.233107
31.254547
31.259827
31.057911
51.681744
Control Period
31.265106
31.203506
31.254385
31.276466
31.034872
31.213747
31.237747
31.208147
31.200468
51.171513
30.507359
30.666397
30.651676
30.683355
30.680155
10.249760
30.687195
30.479519
30.249283
30.245281
30.276802
9.879843
9.882885
9.890083
9.907845
9.884485
9.881924
9.891364
9.882884
9.889605
9.880644
9.888966
9.879684
9.888004
9.882565
9.883043
9.880323
9.895524
9.889124
9.892324
9.890564
9.880164
9.905443
9.880965
30.115526
30.250723
30.256962
30.259201
30.267361
30.282722
30.325922
30.156487
30.254082
30.254082
30.277761
30.343521
9.894724
9.884644
9.885284
9.879204
9.887684
9.880323
9.889284
9.899525
9.900484
9.882565
9.900482
9.884804
9.896004
9.892164
9.885124
9.888484
9.887685
9.902723
9.886404
9.891364
9.898884
9.884165
9.899684
30.242884
30.244484
30.292162
30.292320
30.312323
30.311840
30.125605
30.261282
30.256004
30.272482
30.262562
30.661116
30.480000
30.629278
30.652956
30.673916
30.687035
30.733755
30.686876
30.494558
30.626717
30.639677
30.672955
51.154236
30.689436
30.499680
30.638077
30.665756
30.712318
30.706554
30.697756
30.718235
30.494398
30.635517
30.630075
30.695034
30.678875
30.701595
30.487679
30.649597
30.611515
30.686396
30.743515
30.693279
30.692955
30.499039
30.651197
Control Period
30.628958
30.684479
30.679356
30.700638
30.531998
30.638878
30.619678
30.689117
30.684477
30.686235
30.691036
30.489920
30.666555
30.625599
30.672636
30.686075
30.686878
30.685436
30.489920
30.615677
30.635357
30.689278
51.164955
30.693117
30.476799
30.655357
30.606400
30.712955
30.685596
30.678556
30.685436
30.483040
30.619839
30.648796
30.684477
30.693277
30.715195
30.702717
30.496479
30.619198
30.677437
30.680798
30.691998
51.125275
30.481758
30.639360
30.635040
30.700476
30.686235
30.665277
30.698074
30.486719
30.628960
30.623680
30.680637
30.680798
30.686876
30.698715
30.501919
30.626879
30.632959
30.693275
30.694078
31.209587
31.040310
31.218388
31.262707
31.284470
31.175671
31.262386
31.279507
31.047190
31.198391
31.251188
31.179668
31.251186
31.251987
31.050232
31.201429
31.243347
31.263666
31.230867
31.231348
51.525269
31.217266
31.236948
31.271986
31.248150
31.268948
31.252468
31.037910
31.218390
31.235348
51.696304
31.256308
31.246710
31.040791
31.203350
31.235508
31.244308
31.218227
31.271667
31.256628
51.494392
31.257906
31.237268
31.256626
31.283989
31.248947
31.040472
31.202549
31.232948
31.195190
51.631989
31.272945
31.084311
31.232307
31.246067
31.266066
31.249107
31.254387
31.271347
Control Period
31.061592
31.234228
31.243027
31.177591
31.214228
31.267185
31.088791
31.229908
31.247349
31.234550
51.577110
30.695997
30.491199
30.625120
30.505278
30.310402
30.304802
30.329281
30.332323
30.128965
30.265282
30.277924
9.888324
9.900164
9.891365
9.911524
9.901125
9.895683
9.907684
9.896645
9.896484
9.893764
9.889765
9.887526
9.889924
9.896645
9.891843
9.891364
9.886246
9.920643
9.888965
9.897605
9.891204
9.902243
9.900166
30.329601
30.118404
30.267365
30.256483
30.300322
30.362722
30.334881
30.332481
30.113445
30.274084
30.283684
9.914885
9.888005
9.917923
9.893764
9.889925
9.889124
9.888485
9.889766
9.891045
9.884803
9.883364
9.886885
9.908964
9.905605
9.902884
9.898885
9.914722
9.892164
9.904324
9.893604
9.890884
9.909122
9.898085
9.897924
30.156807
30.256964
30.256643
30.270245
30.322243
30.320482
30.321604
30.126408
30.303841
30.252165
30.286245
9.890404
9.888645
9.889444
9.900805
9.898724
9.890725
9.887206
9.887844
9.919364
9.894086
9.885284
9.888163
9.892485
9.887845
9.934723
9.899366
9.909763
9.887203
9.891523
9.907845
9.925924
9.883685
9.903046
9.887845
30.268486
30.268003
30.287043
30.319361
30.322403
30.339520
30.137764
30.248325
30.261927
30.278244
30.309765
Control Period
30.340483
30.124487
30.274887
30.255524
30.248165
30.320644
30.329601
30.321764
30.161285
30.241924
30.287844
30.275366
30.319044
30.320322
30.418402
30.506882
30.616159
30.641758
30.680000
30.716639
30.698877
30.684317
30.494404
30.625599
30.619360
30.697918
30.700638
30.682240
30.686237
30.507679
30.622078
51.054077
30.689280
30.699677
30.695038
30.487679
30.654560
30.635201
30.675838
30.700478
30.598078
30.731358
30.508961
30.622240
30.616480
30.673439
30.688959
30.601761
30.701279
30.479361
30.611839
30.635201
30.665918
30.684479
30.691839
30.495199
30.652321
30.649118
30.679680
30.733757
30.601120
51.806068
30.704960
30.708639
30.481121
30.640959
30.633759
30.690077
30.679199
30.643520
30.712158
30.509121
30.629280
30.671040
30.701439
30.687355
31.161430
31.049591
31.200472
31.259350
31.249908
31.180311
31.236469
31.245270
31.044472
51.649269
31.216309
31.225590
31.238708
31.278868
31.040951
31.193111
31.277269
31.277269
31.193911
51.608631
31.055513
31.240950
31.236950
31.231508
30.909115
30.588320
30.711838
30.494400
30.627039
30.677761
30.690401
30.690878
30.601440
30.692476
30.494400
30.624958
30.687199
30.698399
30.610558
30.689121
30.500801
30.610559
30.628960
30.703518
30.684319
30.666239
30.696478
30.482721
Control Period
30.619999
30.614880
30.695358
30.678398
30.681921
30.704159
30.493443
30.627199
30.649599
30.692476
30.687840
30.690239
30.499041
30.637600
30.619678
30.664320
30.710560
30.678719
30.675200
30.487841
30.626400
30.645760
30.670399
30.711361
30.698879
30.681759
30.492323
30.625761
30.665600
30.677917
30.702877
51.142719
30.496641
30.600481
30.627041
30.676960
30.708481
30.721279
30.707680
30.499361
30.631359
30.636799
30.672798
30.691837
30.688320
30.690079
30.484802
30.620640
30.636480
30.695518
30.712002
40.821758
30.631680
21.327986
30.680000
30.472162
30.620159
30.615841
30.686560
30.703520
30.665760
30.684158
30.488642
30.626398
30.643681
30.661440
30.671040
30.683840
30.720320
30.473442
30.622080
30.609280
30.692480
30.681919
30.712318
30.692959
30.622719
30.629919
30.671999
30.692640
30.675680
30.688801
30.477922
30.623039
30.650881
30.667841
30.686880
30.583519
30.696320
30.492002
30.615040
30.681919
30.679518
30.694719
30.685440
30.682077
30.482244
30.630560
51.094559
30.724957
30.707680
30.688641
30.495682
30.642559
30.640160
30.688639
30.696159
30.651840
30.696640
30.481602
30.595520
30.657280
30.667200
30.704641
30.682558
30.701757
30.503843
30.629440
30.646080
30.670238
30.722879
30.685118
30.472801
30.618561
30.623039
30.685760
Control Period
30.702240
30.695198
30.690241
30.493122
30.614399
30.622879
30.676159
30.691360
30.690399
30.688158
30.489281
30.644798
30.670879
30.687199
30.727837
30.675358
30.491682
30.634241
30.640158
30.682560
30.696480
30.699999
30.712160
30.497122
30.626719
30.633440
30.682560
30.691681
30.717121
30.503839
30.617599
30.650398
30.693279
30.692640
30.678558
30.709120
30.488638
30.619839
30.653439
30.673120
30.685600
51.116478
30.488003
30.632000
30.622881
30.670238
30.751202
30.713120
30.677120
30.465765
30.624321
30.627199
30.682400
30.709120
30.712795
30.690880
30.635359
30.624962
30.672321
30.692318
30.689600
30.689440
30.531681
30.631039
30.633440
30.674080
30.689280
30.693119
30.681759
30.513283
30.613277
30.657761
30.702240
30.696640
30.695356
30.502405
30.611679
30.618240
30.688480
30.702721
30.698240
30.711517
30.484005
30.611200
30.619200
51.131042
30.672798
30.699841
30.503681
30.640320
30.649920
30.671680
30.700480
30.693279
30.740959
30.487999
30.628479
30.662241
30.712959
30.710720
51.165596
30.495045
30.656479
30.623520
30.688477
30.697918
30.692959
30.683838
30.510883
30.622080
30.634880
30.673599
30.680479
30.699198
30.482883
30.615837
30.632320
30.669117
30.705120
30.690720
30.694239
30.483364
30.629919
Control Period
30.654240
30.661119
30.706562
30.723679
30.481285
30.612160
30.615200
30.651840
30.688959
30.673279
30.645760
30.491203
30.645920
51.065918
30.683361
30.694241
30.674398
30.493921
30.634720
30.625599
30.687201
30.693920
30.696480
30.510561
30.613760
30.615200
30.669439
30.718239
30.686560
30.682560
30.494724
30.645121
51.073601
30.704161
30.699841
30.727360
30.478085
30.614399
30.639359
30.671520
30.690559
30.709278
30.496483
30.630718
30.615360
30.702238
30.707998
30.681759
30.675039
30.491680
30.618080
51.046242
30.683361
30.699039
30.583521
30.492964
30.609119
30.628960
30.680799
30.688799
30.691521
30.488962
30.621439
30.616159
30.686241
30.690559
30.753281
30.594082
30.495043
30.636160
30.659521
30.685440
30.708641
30.654560
30.526722
30.636801
30.665279
30.675520
30.697760
30.683199
30.692001
30.625280
30.669121
30.667360
30.697119
30.704639
30.691681
30.484003
30.617599
30.672480
30.672482
30.685759
30.663681
30.495363
30.631519
30.656479
30.691521
30.733759
30.700960
30.685280
30.485765
30.637440
30.671841
30.690559
30.700958
30.712481
30.518562
30.632957
30.654079
30.681438
30.678879
30.686239
30.505604
30.638399
30.668800
30.680799
30.686718
30.686398
30.707680
Control Period
30.514084
30.644321
30.678400
30.706079
30.680801
30.633921
10.257439
30.628319
30.637440
30.709599
30.692801
30.703520
30.489285
30.631039
30.625439
30.672800
30.690239
30.719360
30.493443
30.636322
30.644960
30.676640
30.704000
30.690401
30.602402
30.508644
30.619041
30.702719
30.686880
30.693758
30.577763
30.475845
30.613121
30.610241
30.673120
30.748959
30.670559
30.508324
30.609280
30.628641
30.674721
30.696001
30.679199
30.542723
30.619680
30.616962
30.700319
30.683361
30.688801
30.599522
30.617599
30.652319
30.715519
30.700800
30.714878
30.592962
30.508963
30.649120
30.677761
30.702080
30.691841
30.608320
30.491045
30.626560
30.631199
30.683842
30.688959
30.695681
30.478403
30.614721
30.633440
30.693600
30.686560
30.713921
30.509283
30.640320
30.631359
30.685760
10.263680
30.724480
30.647200
30.512644
30.660641
30.702400
30.686079
30.702881
30.608801
30.490084
30.624960
30.627201
30.678080
30.736160
30.616480
30.521763
30.630400
30.643520
30.656160
30.686399
30.622561
30.506245
30.618401
30.621441
30.668961
30.689758
30.676159
30.589281
30.619362
30.621923
30.690399
30.705599
30.691519
30.616482
30.488003
30.614241
30.665600
30.739841
30.706718
Control Period
30.631361
30.498083
30.610882
30.632160
51.097443
30.678558
30.715200
30.490244
30.625919
30.599043
30.659519
30.711679
30.726400
30.486565
30.639521
30.615841
30.683680
30.675838
30.687840
30.486725
30.617601
30.662720
30.668959
30.675360
30.690559
30.487043
30.633282
30.640640
30.672159
30.673599
30.689919
30.679039
50.866566
30.629919
30.662239
30.692160
30.680481
30.680319
30.478563
30.630081
30.672001
30.717600
30.686560
30.576641
30.491524
30.630882
30.672640
30.684799
30.677601
30.679201
30.493763
30.622881
30.660799
30.688000
30.699680
30.689598
30.504004
30.619202
30.628960
30.654720
30.678400
30.694080
30.506083
30.640001
30.640320
30.665600
30.686880
30.714880
30.498724
30.624643
30.627043
30.664478
30.697121
30.695360
30.477283
30.627361
30.665762
30.682079
30.690559
30.695040
30.695042
30.642401
30.649921
30.683519
30.692322
30.687521
30.699200
30.498884
30.651682
30.672321
30.703840
30.725119
30.673922
30.480644
30.611362
30.678240
30.688959
30.687201
30.670559
30.485283
30.642721
30.660000
30.682720
30.703360
30.602882
30.495361
30.669441
30.618080
30.667200
30.677761
30.699841
30.487045
30.641123
30.625122
30.668640
Control Period
30.687361
30.692799
30.506723
30.630722
30.665762
30.677599
30.707201
30.677122
30.483364
30.639362
30.642721
30.672960
30.681438
30.689119
30.476965
30.620483
30.630241
30.684801
30.695040
30.682400
30.491043
30.608801
30.639040
30.698238
30.681919
30.676960
30.528004
30.641121
30.630882
30.671204
30.676319
30.682402
30.500965
30.614565
30.646242
30.680000
30.704479
30.684000
30.531204
30.620003
30.645761
30.667839
30.683361
30.668163
30.492643
30.618084
30.664001
30.671682
30.691521
30.695040
30.509766
30.622406
30.636482
30.682400
30.724640
30.695200
30.493124
30.631363
30.642403
30.676640
30.687521
30.685282
30.523844
30.621605
30.626562
30.674082
30.680641
30.685923
30.492163
30.629444
30.666401
30.679522
30.697281
30.718559
30.489605
30.629444
30.696001
30.675041
30.689440
30.712641
30.510565
30.635365
30.631521
30.705441
30.740318
30.698242
30.487206
30.623363
30.619843
30.675522
30.686722
30.695042
30.489605
30.654724
30.652481
30.672163
30.697599
30.682562
30.458565
30.258087
30.282406
30.274567
30.319366
9.877926
9.881765
9.894886
9.886724
9.887206
9.884166
9.891207
9.892166
9.899206
9.885447
30.256647
Control Period
30.287207
30.326246
30.284487
30.312168
9.883526
9.879206
9.881606
9.884645
9.875206
9.890086
9.886406
9.881447
9.879526
9.882566
30.301765
30.318565
30.315845
30.122091
30.246408
30.256647
9.882727
9.877928
9.884806
9.892806
30.649120
30.649603
30.671041
30.683361
30.704803
30.685120
30.615683
30.646881
30.674242
30.715839
30.711679
30.692961
30.643681
30.646400
30.686560
30.699522
30.677601
30.688641
30.609764
30.638721
30.669764
30.706558
30.695522
30.686880
30.648161
30.624641
30.724800
30.689442
30.692162
30.704643
30.647682
30.675522
30.677601
30.684162
30.723680
30.717123
30.629604
30.612963
30.693762
30.694563
30.681122
30.683359
30.607044
30.633446
30.670563
30.714720
30.699362
30.708641
30.623047
30.632324
30.715363
30.686239
30.690561
30.705761
30.616484
30.639523
30.675362
30.697283
30.701122
30.723360
30.616802
30.648481
31.261911
31.260790
31.264153
31.273111
51.492638
31.237753
31.249111
31.174555
31.253431
31.266392
31.246552
31.273592
31.252953
31.263832
31.047676
31.211994
31.210073
31.186075
31.252792
31.250393
31.198874
31.261272
31.259033
31.274071
31.036476
31.214394
31.259512
31.265270
Control Period
31.251032
31.256630
31.179995
31.246231
31.257275
31.260471
31.031515
31.218714
31.286072
30.803040
30.700962
30.680002
30.488163
30.615204
30.625925
30.727201
30.692162
30.685600
30.674242
30.637764
30.632484
30.675365
30.714563
30.725922
30.696163
30.474564
30.637444
30.677765
30.696802
30.706081
30.691040
30.529125
51.011688
30.702560
30.715681
30.717279
30.687363
30.474567
30.613285
30.674721
30.673122
30.681442
30.711361
30.499203
30.614883
51.033607
30.720963
30.708000
30.707840
30.478403
30.622406
30.690563
30.685602
30.695362
30.700481
30.519363
30.615204
30.631205
30.679043
30.682243
30.686562
30.513763
30.654564
30.650082
30.666403
51.156483
30.672165
30.468483
30.613604
30.628166
49.864662
30.686241
30.678082
30.672163
30.690723
30.609283
30.681602
30.710243
30.686085
30.679682
30.515205
51.011368
30.688322
30.711361
30.712803
30.674564
51.125767
30.599524
30.622885
30.673285
30.690403
30.679684
30.491524
30.645924
51.082405
30.705122
30.681923
30.680964
30.499207
30.624805
30.637285
30.688320
30.689121
30.697283
30.491844
30.612484
30.648006
30.683041
30.686085
30.701122
30.509445
30.617603
30.624165
51.093285
Control Period
30.691044
30.672642
30.483847
30.640644
30.692482
30.698242
30.594563
30.701283
30.492966
30.626085
51.103848
30.697922
30.623684
10.268480
30.485765
30.621445
30.673443
30.677925
30.591846
30.689283
30.525764
30.642084
30.692804
30.672962
30.612164
30.675844
30.527205
30.655046
30.673603
30.703842
30.606884
30.692324
30.484165
30.618244
30.658884
30.680485
30.630884
30.682724
30.519524
30.632164
30.674244
30.695520
30.604485
30.741280
30.515366
30.632484
30.691685
30.684164
30.595205
30.686243
30.487043
30.615685
30.673122
30.690563
30.675045
30.687521
30.490088
30.639044
30.655685
30.689442
30.685444
30.683681
30.487846
30.617924
30.660164
30.669764
30.672804
30.687202
30.515366
30.618244
30.664484
30.696003
30.590405
30.688324
30.501446
30.643364
30.653284
30.703522
30.688484
30.691523
30.483364
30.627525
30.677284
30.697926
30.640324
30.693443
30.521284
30.622402
30.662725
30.691683
30.695364
30.722080
30.489765
30.650244
30.682884
30.695684
30.640163
30.684006
30.504326
30.645924
30.664486
30.668644
30.606085
30.684164
30.527367
30.629925
30.674564
30.728321
30.604483
30.697605
30.516325
30.647205
Control Period
30.668324
30.705761
30.622404
30.709600
30.495846
30.662565
30.668165
30.728161
30.593124
30.697285
30.616163
30.653444
30.685444
30.684004
30.579845
30.482403
30.645445
30.639524
30.667847
30.691523
30.682564
30.483044
30.651684
30.646564
30.683365
30.689442
30.695522
30.513926
30.623365
30.627047
30.683044
30.629604
30.694883
30.486406
30.621925
30.681126
30.703363
30.687365
30.699684
30.487364
30.636324
30.670246
30.680645
30.644484
30.687044
30.608965
30.636324
30.670244
30.697285
30.655205
30.481287
30.670565
30.643524
30.656485
30.691845
30.684803
30.507046
30.627525
30.648806
30.704802
30.670563
30.686565
30.505445
30.643845
30.619526
30.673923
30.685925
30.682404
30.490887
30.632645
30.661764
30.684004
30.721605
30.722881
30.486729
30.620966
30.663845
30.691204
30.593925
30.708481
30.633125
30.629765
30.682243
30.681444
30.577444
30.485447
30.634243
30.650724
30.674885
30.688484
30.677284
30.508646
30.615364
30.645285
30.673605
30.621765
30.689924
30.527203
30.609606
30.624645
30.682085
30.583204
30.689445
30.500008
30.615685
30.668325
30.738565
20.368324
20.493443
30.691364
Control Period
30.692005
30.691525
50.862572
30.616486
30.668324
30.715046
30.710083
30.485926
30.641123
30.670404
30.675846
30.709124
30.692005
30.529446
30.636646
30.701443
30.686405
30.675043
30.694084
30.523205
30.679525
30.658245
30.685123
30.672165
30.693924
30.471046
30.612326
30.677284
30.752005
30.693285
30.692326
30.486725
30.623205
30.677605
30.675205
30.691525
30.709126
30.613926
30.618404
30.673767
30.681284
30.692165
30.488808
30.625925
30.647203
30.673285
30.677284
30.698406
30.508488
30.639683
30.617765
30.663044
30.678885
30.683525
30.507687
30.616802
30.631205
30.685444
30.622246
30.682884
30.525444
30.619205
30.673285
30.687366
30.683525
30.697123
30.476007
30.609285
30.708805
30.687044
30.691845
30.697926
30.639204
30.646404
30.681923
30.693443
30.695206
30.485607
30.621605
30.622564
30.697445
30.689606
30.687046
30.501125
30.635685
30.636166
30.705925
30.688005
30.703045
30.494568
30.628006
30.647043
30.676163
30.689283
30.707363
30.498087
30.626564
30.656324
30.693924
30.676006
30.714565
30.473288
30.623684
30.674725
30.678244
30.696486
30.681444
30.618084
30.654083
30.676485
Control Period
30.681927
30.683683
30.464649
30.629925
30.626404
30.702244
30.679525
30.695524
30.475687
30.607044
30.647846
30.693445
30.669285
30.682724
30.501928
30.608644
30.636965
30.674084
30.684006
30.704964
30.491848
30.617445
30.663843
30.666725
30.672005
30.694405
30.502569
30.651045
30.664165
30.721283
30.694565
30.668165
30.631683
30.619364
30.697765
30.696323
30.702244
30.483528
30.623365
30.616962
30.669285
30.693764
30.683846
30.526890
30.626404
30.661606
30.666885
30.675524
30.684324
30.475847
30.632326
30.656164
30.672485
30.712164
30.684486
30.501289
30.637926
30.663525
30.689285
30.686085
30.715364
30.468649
30.617924
30.709925
30.681126
30.673603
30.706245
30.612005
30.630726
30.720804
30.678406
30.681765
30.488968
30.628643
30.636484
30.667044
30.683044
30.681284
30.489769
30.637123
30.639843
30.670244
30.669123
30.688805
30.492008
30.626566
30.663046
30.688164
30.700325
30.693605
30.475689
30.633924
30.663685
30.714565
30.572006
30.689764
30.496969
30.621124
30.682564
30.684166
30.682726
30.728485
30.615046
30.632006
30.670887
30.695684
30.679684
30.478889
30.661924
Control Period
30.642405
30.675205
30.714085
30.678726
30.513609
30.637924
30.605764
30.652004
30.687845
30.684647
30.506088
30.627525
30.651684
30.674404
30.668165
30.690725
30.512966
30.646404
30.689606
30.688644
30.692326
30.695845
30.491207
30.640326
30.684324
30.694242
30.688005
30.688486
30.616165
30.646406
30.672644
30.699366
30.690243
30.482088
30.641766
30.629286
30.670883
30.692326
30.689445
30.490889
30.650404
30.665127
30.671844
30.697924
30.728004
30.495209
30.644806
30.674244
30.683685
30.693764
30.682884
30.487530
30.630726
30.686405
30.704485
30.719044
30.683525
30.611687
30.620483
30.669926
30.660326
30.658726
30.480648
30.656965
30.637285
30.674086
30.673443
30.675045
30.491207
30.617126
30.624964
30.671524
30.671043
30.703045
30.489929
30.625605
30.641603
30.680325
30.719204
30.711205
30.495529
30.649765
30.674404
30.717443
30.688484
30.736324
30.478251
30.608006
30.648804
30.716805
30.683203
30.699846
30.636805
30.641123
30.714085
30.719526
30.708164
30.489609
30.630245
30.618404
30.684805
30.692806
30.685444
30.507366
30.614407
30.613928
30.658566
30.681604
30.688484
30.500969
Control Period
30.612164
30.644964
30.680805
30.675205
30.677765
30.490570
30.619846
30.702085
30.698723
30.709444
30.688644
30.486568
30.625767
30.671844
30.712006
30.687365
30.735365
30.601768
30.646404
30.658405
30.690886
30.723684
30.484648
30.647846
30.660324
30.681927
30.702726
30.687685
30.491209
30.623848
30.627045
30.696163
30.679207
30.682886
30.470409
30.604168
30.603848
30.681126
30.678726
30.695526
30.516808
30.637766
30.674404
30.696804
30.703846
30.695686
30.495209
30.616167
30.702564
30.674406
30.700966
30.698404
30.635685
30.651686
30.696804
30.694244
30.733604
30.506729
30.610727
30.633926
30.667364
30.676966
30.686886
30.497768
30.636486
30.660645
30.671043
30.699844
30.699524
30.498089
30.631367
30.656485
30.677925
30.696484
30.681286
30.493288
30.611206
30.660166
30.695683
30.684965
30.703365
30.508329
30.610725
30.656645
30.702084
30.685123
30.697445
30.614567
30.638884
30.664644
30.681286
30.689606
30.468008
30.615688
30.632166
30.684484
30.684805
30.684965
30.494247
30.653767
30.631685
30.658886
30.671206
30.747044
30.471209
30.633766
30.635046
30.684164
30.685604
Control Period
30.692966
30.479210
30.669125
30.661606
30.688324
30.713604
30.684006
30.488968
30.604486
30.677284
30.709764
30.721603
30.710886
30.628006
30.630247
30.695684
30.682884
30.679043
30.476330
30.638407
30.618885
30.664165
30.687527
30.709764
30.486088
30.641129
30.638569
30.676325
30.686403
30.694405
30.496489
30.608807
30.661766
30.695044
30.723366
30.687206
30.488329
30.643686
30.670727
30.697124
30.698404
30.687683
30.517448
30.632809
30.673607
30.696484
30.684166
30.670885
30.617126
30.630085
30.673765
30.682085
30.678566
30.476170
30.618889
30.602407
30.673285
30.685284
30.677124
30.490568
30.624008
30.632647
30.678885
30.671045
30.692326
30.489929
30.627045
30.625607
30.680967
30.678085
30.688965
30.493769
30.619205
30.657925
30.726246
30.683046
30.688644
30.490728
30.641447
30.667847
30.689445
30.676167
30.704004
30.617926
30.633768
30.677288
30.674404
30.677444
30.477928
30.633446
30.659206
30.669765
30.694086
30.702883
30.496490
30.634567
30.635046
30.697765
30.698404
30.700165
30.490570
30.622089
30.656326
30.686886
30.694086
30.692327
30.493929
30.636168
30.667366
30.706562
Control Period
30.690245
30.691845
30.499529
30.627525
30.681446
30.714565
30.682566
30.455050
9.877768
9.903687
9.886889
9.888326
9.882407
9.888168
30.119696
30.254412
30.250252
9.888646
9.879207
9.884329
9.885448
9.895367
9.891366
9.881767
30.315371
30.306892
30.309292
9.875048
9.883047
9.880007
9.892165
9.881767
9.901768
30.130737
30.284012
30.254570
30.265293
9.885127
9.892008
9.887847
9.896327
9.892965
9.888968
30.316492
30.330893
30.314411
9.892807
9.882568
9.916167
9.894567
9.888168
9.915047
9.896165
30.253294
30.254570
30.281452
9.898246
9.890247
9.882566
9.897287
9.894888
9.898088
30.304651
30.325932
30.327852
30.139536
9.884007
9.909447
9.915046
9.882727
9.892807
9.884968
30.254890
30.253136
30.277130
9.891047
9.885767
9.899048
9.887207
9.893447
9.906086
9.923686
30.332331
30.343693
30.133135
9.901928
9.903207
9.901447
9.891207
9.890088
9.894088
30.281775
30.245613
30.273932
30.319853
9.897287
9.889608
9.910887
9.901129
9.882887
9.901287
30.313612
30.563368
30.480330
30.630888
30.683046
30.707684
30.732325
30.724804
30.635849
30.643688
30.670727
30.692165
30.713764
30.481449
30.625126
30.627527
Control Period
30.679047
51.138088
30.699528
30.510250
30.638889
30.677927
30.675367
51.130890
30.688646
30.508009
30.613928
30.645126
30.689287
51.066254
30.701447
30.510569
30.654249
30.617609
30.676964
30.699686
30.702406
30.523689
30.627529
30.633928
30.680805
30.696325
30.705608
30.496008
30.626408
30.659845
30.684649
30.684647
30.679848
30.508327
30.628809
30.653769
30.662407
30.718885
30.680967
30.494568
30.623850
47.421669
30.700006
30.641766
30.483849
30.623529
30.684803
30.684965
30.714565
31.028481
31.042080
51.633446
31.244476
31.235037
31.264637
31.061922
31.219198
31.256315
31.265598
31.149120
31.052162
31.229116
31.265276
31.174561
31.257597
31.068319
31.223518
31.253920
31.222719
31.243357
31.043041
31.210560
31.215679
31.236479
31.200802
31.089760
31.234398
31.304317
31.273117
31.257439
31.128000
31.225918
31.228319
31.248158
31.240479
31.256638
31.043682
31.277439
31.270718
31.174400
31.167683
31.048481
31.222559
31.246077
31.197758
31.238718
31.040642
31.206879
31.243361
31.252157
31.168640
31.050560
31.217117
31.263357
31.173122
31.253277
31.145922
31.221277
31.273121
31.279837
31.262400
31.042240
Control Period
31.217918
31.272320
31.244160
31.215519
51.663200
31.255198
31.254717
31.251036
31.254719
31.246397
31.197119
30.670088
30.730087
30.585289
30.488008
30.626888
30.676487
30.702568
30.698248
30.716805
30.519527
30.644169
30.674728
30.698248
30.702087
30.700806
30.497929
30.618088
30.707687
30.686728
30.679207
30.698725
30.510889
30.659367
30.671848
30.684330
30.712008
30.687687
30.495689
30.624649
30.657768
30.694407
30.688488
30.698084
30.515369
30.612329
30.675049
30.687366
30.694407
30.698248
30.476013
30.634729
30.736649
30.687527
30.685127
30.691687
30.512329
30.616650
30.701927
30.697605
30.712807
30.699846
30.507690
30.620970
30.689610
30.721445
30.687691
30.739367
30.500328
30.629129
30.673449
30.711208
30.698727
30.681927
30.495529
30.650888
30.688648
30.710089
30.697926
30.696968
30.491529
30.618568
30.679689
30.737926
30.698088
30.696327
30.497768
30.639849
30.704010
30.696968
30.712486
30.697126
30.480490
30.635849
30.685768
30.697609
30.729288
30.708807
30.499689
30.625769
30.716328
30.686247
30.684967
30.684166
30.511049
30.620810
30.687687
30.696646
30.684330
30.684010
30.491690
30.616329
30.693129
Control Period
30.702566
30.684967
30.700487
50.925453
30.657129
30.692009
30.702087
30.692329
30.481133
30.623049
30.630089
30.654570
30.697289
30.596169
30.545130
30.619370
30.670088
30.670406
30.694088
30.691528
30.512650
30.646090
30.632648
30.680008
30.686569
30.689930
30.515049
30.619051
30.680328
30.692968
30.695686
30.694088
30.513290
30.615688
30.665770
30.700809
30.679850
30.577610
30.609447
30.632809
30.668650
30.706728
30.703209
30.497290
30.630890
30.620169
30.669128
30.696487
30.591368
30.483532
30.621128
30.635368
30.701607
30.699049
30.559370
30.512650
30.635048
30.632648
30.683689
30.715050
30.701288
30.484011
30.624489
30.662088
30.695049
30.698410
30.676968
30.497770
30.646568
30.681450
30.695848
30.676970
30.673126
30.612169
30.630249
30.669128
30.685928
30.689928
30.471210
30.628649
30.645128
30.681448
30.739206
30.682570
30.484489
30.624489
30.637289
30.674728
30.686089
30.697289
30.517609
30.623529
30.626888
30.697449
30.689449
30.684490
30.497610
30.660650
30.676970
30.692169
30.684649
30.627048
30.491051
30.610889
30.659849
30.712009
30.687529
30.597931
30.650249
Control Period
30.627209
30.685610
30.690889
30.692966
30.490891
30.663210
30.631371
30.678410
30.687529
30.645288
30.488811
30.615849
30.648329
30.655048
30.707209
30.562729
30.525772
30.622568
30.628330
30.684010
30.726410
30.675049
30.476971
30.615690
30.678890
30.671530
30.710890
30.702888
30.515371
30.617290
29.487707
20.470566
30.680012
30.686249
30.501930
30.674891
30.622410
30.686569
30.684010
30.613449
30.494732
30.616489
30.667849
30.734728
30.691689
30.678570
30.519852
30.630569
30.681288
30.700809
30.702091
30.702408
30.622410
30.632328
30.704008
30.686571
30.685131
30.480972
30.630089
30.682890
30.687691
30.710087
30.680969
30.495852
30.616970
30.645929
30.680330
30.714729
30.682409
30.488651
30.630409
30.653770
30.679369
30.718248
30.725929
30.506729
30.633450
30.685452
30.701769
30.702089
30.634890
30.498249
30.641130
30.693607
30.694889
30.672009
30.571529
30.612169
30.622570
30.679527
30.670731
30.692810
30.487534
30.644329
30.634729
30.669930
30.690248
30.680168
30.501133
30.652809
30.629770
30.693130
30.684649
30.597290
30.515373
30.631689
30.664810
30.689770
30.688168
30.704491
Control Period
30.487053
30.640650
30.669291
30.706249
30.727369
30.680489
30.486732
30.617289
30.673771
30.728649
30.678249
30.672329
30.609129
30.626410
30.676329
30.687370
30.690090
30.475689
30.610729
30.617769
30.691849
30.716169
30.599689
30.504814
30.627689
30.632969
30.708330
30.711048
30.689449
30.493292
30.632488
30.645929
30.690248
30.672808
30.350098
30.126097
30.288176
9.885927
9.888808
9.906087
9.909928
9.909768
9.882888
9.905287
30.327854
30.320656
30.316015
30.245935
9.894567
9.888168
9.897767
9.889448
9.895848
9.889448
9.893608
30.250896
30.234097
30.269777
30.280817
9.887848
9.906567
9.898727
9.888648
9.896808
9.895687
9.899208
30.260336
30.120178
30.285454
30.248817
9.880487
9.898247
9.880648
9.886408
9.895208
9.894088
9.887209
30.260015
30.328976
30.303856
30.120817
9.897768
9.890728
9.902407
9.896008
9.893288
9.896488
9.900169
30.273617
30.286736
30.319054
9.903528
9.900969
9.891048
9.889288
9.889448
9.897928
9.896809
9.893768
30.142097
30.270737
30.253456
9.884970
9.905607
9.900488
9.892326
9.890247
9.887688
9.891848
9.891689
30.307695
9.883047
30.123539
9.889448
9.892328
9.881929
9.894089
Control Period
9.884329
9.889767
9.888648
9.893929
30.710089
30.679209
30.728329
30.702888
30.491533
30.618889
30.630730
30.686569
30.693609
30.687851
30.490574
30.621450
30.603048
30.691051
30.685289
30.696808
30.506250
30.621449
30.661770
30.665131
30.688169
30.684008
30.483694
30.657928
30.628811
30.665611
30.696169
30.697611
30.489933
30.640327
30.628328
30.674250
30.703369
30.676811
30.742729
30.617767
30.618092
30.702089
30.698568
30.685930
30.791689
31.040167
31.230402
31.206242
31.160322
31.270401
31.168961
31.168482
51.720329
31.250881
31.299681
31.077286
31.204323
31.236801
31.187841
31.273281
31.165121
31.215200
31.270241
31.250563
31.261921
31.262882
31.252161
31.242241
31.276320
31.274561
31.059523
31.236162
51.634087
31.187202
31.260641
31.135363
31.185600
31.246243
31.250401
31.249601
31.145603
31.278561
31.327679
31.258081
31.242241
51.502731
31.279202
31.253441
31.205921
31.259201
31.140642
31.185760
31.263681
31.261280
31.288483
31.168001
31.242722
31.244164
51.741928
31.066404
31.237761
31.316481
31.200642
31.238243
31.276482
31.250240
31.256161
31.180321
31.248001
31.269602
31.143522
51.704967
31.251202
31.263521
31.041924
Control Period
31.228321
31.233120
31.257282
31.255360
31.188961
31.288960
30.955526
30.613129
30.636490
30.489614
30.642731
30.627209
30.385616
30.320335
30.339697
9.887688
9.880650
9.889606
9.882408
9.892488
9.891048
9.884489
9.884329
9.880008
9.886887
30.263697
30.266895
30.292177
30.323215
30.134897
9.897929
9.888648
9.894887
9.908168
9.878090
9.879368
9.883210
9.880648
9.880969
9.880808
30.219215
30.325935
30.143536
30.264816
9.891689
9.887848
9.890088
9.889767
9.883207
9.892808
9.890247
9.896169
9.888168
9.884970
30.316336
30.117300
30.280014
30.255695
30.285778
9.888168
9.908008
9.876648
9.883687
9.886248
9.893448
9.884808
9.883369
9.884808
9.888168
30.241455
30.244017
30.260977
30.251698
30.228176
9.880969
9.892168
9.892330
9.882727
30.577770
30.590092
30.702250
30.486414
31.044964
31.276962
31.247044
31.257921
31.067526
31.215681
31.250721
31.277761
31.279842
31.164162
31.269279
31.248800
31.261602
31.138565
31.208641
31.236641
31.255520
31.169441
31.271681
31.211040
31.253283
31.263683
31.279682
31.266722
31.182240
31.242722
31.250721
31.241444
31.069603
31.214081
31.232481
31.188002
31.267681
31.176641
31.278400
31.247681
Control Period
31.290882
31.268641
31.176161
31.252323
31.272320
31.267200
31.253603
31.134403
31.272322
31.282560
31.241442
31.040325
31.223682
31.267681
31.259041
31.218563
31.270561
31.189280
31.252159
31.252642
31.175364
31.299040
31.188002
31.232162
31.176802
31.251682
31.172642
31.253120
31.301762
31.254242
31.139044
31.064644
31.225441
31.268641
31.248802
31.257282
31.210562
31.272001
31.270401
31.261600
31.261921
31.263201
31.264002
31.259041
31.277281
31.278881
31.036964
31.248001
31.250561
31.244003
31.030405
31.211842
31.260000
31.216003
31.175201
31.248003
31.160801
30.657928
30.686728
30.695690
30.629612
30.363855
30.276817
30.249138
30.250576
30.262575
9.876808
9.876490
9.888329
9.881130
9.886887
9.886570
9.873770
9.886250
9.880810
9.879530
9.902887
9.885767
9.892649
9.880489
9.887050
30.108501
30.245777
30.257935
30.280975
30.317297
30.280497
30.340178
9.879529
9.880808
9.877927
9.885288
9.880489
9.883210
9.882568
9.880970
9.884809
9.888006
9.892008
9.911369
9.886569
9.883209
9.876648
30.266256
30.274895
30.317297
30.337296
30.358578
30.117140
30.263376
9.900169
9.885769
9.889767
9.895369
9.902729
9.891209
9.895209
9.881289
9.888170
9.902567
9.889288
9.886569
Control Period
9.892329
9.899209
9.916168
30.680330
30.712009
30.690409
30.506733
30.620331
30.629292
30.689930
30.687849
30.692968
30.696491
30.495853
30.632811
30.651527
30.682249
30.686569
30.706570
30.501616
30.626732
30.651531
30.692490
30.718569
30.679689
30.698408
40.684017
30.623692
30.668491
30.680170
30.700809
30.710089
30.719690
30.489613
30.631369
30.615692
30.679688
30.719849
30.692329
30.480175
30.639851
30.628971
30.650890
30.681610
30.655533
30.680969
30.487213
30.628010
30.612492
51.101135
30.711531
31.212002
31.167362
31.231522
31.240482
31.264320
31.258564
31.187841
31.256962
51.713448
31.154724
31.040964
31.209122
31.243202
31.204002
31.187681
31.258242
31.218723
31.265921
51.692169
31.253120
31.197601
31.278563
31.248161
31.252800
31.261923
31.083845
31.208002
31.266563
51.732327
31.267361
31.182081
31.240963
31.248642
31.255842
31.252163
31.170082
31.263842
31.254082
31.172482
51.483532
31.232002
31.248800
31.197281
31.213282
31.270561
31.176804
31.265121
31.244801
31.261282
51.647369
31.257441
31.273762
31.278563
31.260002
31.271042
31.172001
31.249441
31.250881
31.268162
51.645451
31.236160
31.311844
31.190083
31.262882
31.062244
30.662891
30.661770
30.684973
30.699690
30.718891
Control Period
30.677769
30.491373
30.635056
46.874802
30.722092
30.706089
30.678892
30.502573
30.637611
30.648649
30.671370
30.707371
51.159859
30.546734
30.644171
30.682728
30.721609
30.693130
30.484333
30.648649
30.667850
30.686890
30.687050
30.703049
30.582254
30.650249
30.743208
30.693130
30.686569
30.496334
30.651211
51.063858
30.733128
30.692329
30.693932
30.640810
30.641773
30.713289
30.692329
30.694412
30.534733
30.622732
30.679852
30.679852
30.720013
30.719849
30.587534
30.665770
30.697929
30.690250
30.699209
30.646252
30.658571
30.696808
30.742887
30.699047
30.692810
30.636169
30.653292
30.690411
51.135696
30.518734
30.641455
30.644175
30.695211
30.694090
30.683849
30.696331
30.603374
30.675529
30.718887
30.710089
30.497614
30.629452
30.640175
30.666573
30.675852
30.718889
30.707850
30.623055
30.694092
30.712170
30.687372
30.495533
30.633932
30.648010
30.683851
30.685768
30.685289
30.613611
30.640812
30.683531
30.682573
30.688328
10.263683
30.646732
30.623531
30.671371
30.715528
30.702089
30.613934
30.646414
30.701931
30.725769
30.693771
30.492014
30.632652
30.621292
51.096500
30.701448
30.686090
30.644972
30.627052
30.697613
30.690573
30.695051
30.494415
30.634892
Control Period
30.674093
30.708328
30.695211
30.700491
30.575375
30.633135
30.686090
30.700809
30.480335
30.635372
30.624172
30.672012
30.685612
30.675531
30.688810
30.606571
30.699692
30.678730
30.688171
30.493612
30.616814
30.619373
30.660492
30.684652
30.708971
30.609453
30.701292
30.694569
30.702892
30.692011
50.889786
30.645290
30.711052
30.679213
30.681932
30.695051
30.600494
51.146099
30.655054
30.315857
30.136181
30.246098
30.245457
30.278896
9.887370
9.881929
9.883048
9.879848
9.881610
9.904810
9.881769
9.884809
9.888970
9.885768
9.888167
9.889450
9.909288
30.304655
30.316498
30.310417
30.122421
30.272335
30.263218
9.892010
9.884171
9.886890
9.883209
9.880968
9.892651
9.881610
9.903210
9.900969
9.893289
9.899688
9.890887
30.258415
30.289776
30.357296
30.309616
30.313618
30.176659
9.885450
9.882088
9.880810
9.898890
9.889288
9.888810
9.902248
9.888490
9.888006
9.883850
9.880490
9.898888
30.157618
30.256819
30.253618
30.252337
30.284178
30.320496
9.882730
9.889290
9.881128
9.877928
9.894569
9.901131
9.901288
9.877769
9.898090
9.889290
9.924487
9.938728
9.904809
30.316177
30.122581
30.248018
30.247379
30.285938
30.247379
9.899848
9.921928
30.645613
Control Period
30.628654
30.677134
30.711052
30.687855
30.679533
30.616173
30.638731
30.674252
30.683372
30.611214
30.494894
30.613134
30.695530
30.688972
30.685610
30.704651
30.613293
30.671371
30.684011
30.707212
30.689133
30.505133
30.647854
30.632650
51.090744
30.683533
30.699692
30.607693
30.639694
30.684973
30.693453
30.725452
30.485935
30.610575
30.640173
30.700333
30.694252
51.140018
30.634413
30.653612
30.680490
30.686092
30.693449
30.532494
30.625452
30.669294
30.672333
30.702091
30.690733
30.712170
50.986904
30.699532
30.682571
30.572493
30.483053
30.648331
30.636494
30.670574
30.685291
30.687374
30.697132
30.629135
30.670090
30.688972
30.683693
30.509613
30.625292
30.826250
31.292641
31.256966
31.252964
31.144966
31.186245
31.248003
51.746571
31.113926
31.264801
31.251522
31.228966
31.246563
31.119366
31.215843
31.254881
31.259686
31.173126
31.245764
31.239363
31.248806
31.242085
31.160166
31.252644
31.248325
31.255844
31.276321
31.252644
31.256643
31.296644
31.286724
30.936008
30.645451
30.692329
30.682734
30.683853
30.692493
30.496975
51.013626
30.680815
30.714092
30.686892
30.695530
30.621136
30.654415
30.693293
30.683693
30.716490
30.483536
30.608494
30.628014
51.159386
30.689135
30.692654
30.629454
Control Period
30.682411
30.704174
30.703531
30.711851
30.491533
30.623535
51.050900
30.705933
30.706253
30.631054
30.652332
30.683374
30.651375
30.692173
30.499693
30.675375
30.678255
30.700974
30.693775
30.644175
30.668653
30.691692
30.721132
30.688652
30.616974
30.629454
30.695053
30.709774
30.681614
30.614254
30.627054
30.711372
30.630413
30.548655
30.645134
30.713774
30.707531
30.716814
30.697453
30.621613
30.646416
30.696491
51.056183
30.538414
30.661774
30.656494
30.676653
30.691214
30.699373
30.619534
30.623373
30.625454
30.707851
30.692013
30.617613
30.677132
30.676014
30.685776
30.684973
30.486576
30.619213
30.692814
30.686253
30.713295
30.625774
30.622574
30.686092
30.657616
30.692331
30.608334
30.692011
30.715054
30.581615
30.691534
30.498737
30.637455
30.624014
30.668972
30.677454
30.602095
30.636974
30.702732
30.672335
30.699211
30.720331
30.619373
30.682413
30.677774
30.695374
30.600815
30.656013
30.712013
30.681454
30.702251
30.502256
30.610733
30.663853
30.706253
30.692812
30.627533
30.652334
30.676973
30.680172
30.713614
30.495056
30.668173
30.680813
30.718575
30.691212
30.648653
30.658733
30.680973
30.724651
30.686094
30.614735
30.638254
30.660013
30.712332
Control Period
30.688652
30.547695
30.608334
30.674892
30.682095
30.637934
30.639374
30.693132
30.612173
30.682734
30.604334
30.674574
30.637135
30.683214
30.620815
30.644173
30.681133
30.697454
30.609293
30.639214
30.673933
30.713133
30.672014
30.606255
30.633934
30.685614
30.719372
30.605293
30.691853
30.678095
30.687532
30.518097
30.629133
30.662254
30.710894
30.511856
30.622416
30.620975
30.666254
30.469936
30.624332
30.606094
30.683374
30.676655
30.476658
30.618416
30.676014
30.672495
30.517935
30.630733
30.614735
30.668816
30.731691
30.619694
30.638893
30.688013
30.702095
30.491856
30.620174
30.660173
30.684334
30.496336
30.621454
30.629133
30.674734
30.679535
30.493456
30.602095
30.704174
30.713135
30.509935
30.620974
30.646254
30.708334
30.513136
30.626095
30.655375
30.672012
30.686575
30.484657
30.636654
30.685614
30.680172
30.680815
30.629133
30.642574
30.675533
30.684814
30.609295
30.650576
30.679695
30.708813
30.533615
30.624332
30.635054
30.705774
30.704815
30.623852
30.648973
30.689775
30.649614
30.689613
30.634254
30.682573
30.627373
30.674734
30.610735
30.636333
30.715534
30.699373
30.624493
30.622253
30.686733
30.624973
30.688494
Control Period
30.611856
30.671854
30.668015
30.710094
30.627853
30.632494
30.671535
50.912987
30.654413
30.613934
30.674414
30.700495
30.508657
51.021622
30.679855
30.709293
30.515377
30.648655
30.612816
51.135544
30.472656
30.631535
30.612495
30.668814
30.713133
50.838905
30.596174
30.675053
30.681454
30.478577
30.618093
51.043224
30.729614
30.481777
30.644335
30.637615
30.676014
50.911068
30.639374
30.615534
30.691051
30.689453
30.478895
50.987064
30.692013
30.679054
30.486736
30.609135
30.632334
51.139381
30.475859
30.616653
30.628975
30.683372
30.715853
30.628975
30.627853
30.688972
30.689455
30.485300
30.623055
30.674414
30.688173
30.514578
30.621614
30.623215
30.666573
30.504498
30.619534
30.638893
30.680815
30.675694
30.485935
30.614414
30.673294
30.753775
30.502419
30.630894
30.662415
51.170582
30.512657
30.623055
30.646574
30.664654
30.696335
50.872986
30.635695
30.705133
30.711054
30.490740
30.626894
51.099384
30.691214
30.478096
30.632496
30.642254
30.694574
30.509296
30.632015
30.658255
30.677614
30.692493
30.512657
51.048985
30.712173
30.701134
30.520498
30.625454
30.646255
51.109146
30.517300
30.644173
30.626575
Control Period
30.679054
30.702255
30.626255
30.619534
30.690252
30.703535
30.488337
30.632814
30.685293
30.686413
30.489296
30.622894
30.703215
30.708654
30.496176
30.618414
30.622734
30.686255
30.485458
30.618895
30.660334
30.682093
30.499537
30.617455
30.609936
30.675695
30.697933
50.888985
30.614094
30.660336
30.662254
30.488018
50.991222
30.681454
30.690254
30.548178
30.647533
51.052666
30.672014
30.122581
30.277782
30.245781
30.192661
9.491217
9.503857
9.495377
9.503375
9.491375
9.498575
9.497615
9.517616
29.908346
29.760988
30.137783
30.136341
30.625135
30.219542
29.920986
29.782429
29.922264
9.498257
9.502895
9.497936
9.497295
30.356819
31.131207
30.136663
9.503536
29.876188
29.758268
9.507215
9.502895
9.494576
9.507696
30.440176
31.853279
30.843691
29.753147
29.916344
29.715069
9.504016
9.511215
9.502733
9.498896
9.871370
30.613935
30.293781
28.975239
39.880676
29.937946
29.941147
29.931545
29.752508
9.499695
9.495856
31.266724
32.272629
30.620655
29.730749
29.917305
9.488495
9.496176
9.492336
9.491375
9.490096
30.601456
31.150566
30.247541
29.928665
29.737309
29.928984
9.499376
9.504976
9.502096
31.333605
Control Period
31.621120
30.245140
29.785948
29.943865
29.745308
9.501295
9.497616
9.503056
30.213942
30.628334
30.554096
29.904345
29.884348
29.924826
29.922104
9.497295
9.507215
9.515535
30.635695
31.745438
30.979048
29.751228
29.943865
29.727867
9.502735
9.508175
9.498575
9.529776
31.055208
31.174726
30.404818
29.949625
29.737629
29.966103
9.504015
9.502256
9.497136
9.498096
30.537457
31.817118
30.824173
29.911705
29.734108
29.917145
29.734907
9.582575
9.876490
9.879688
30.636654
30.688015
30.636333
30.688814
30.604815
30.658255
30.674892
30.697935
30.717773
30.622734
30.682575
Control Period
Control Period
Control Period
