29.842226
8.380571
8.378812
28.736496
8.382493
8.381213
28.611702
8.379772
8.380093
8.388732
8.380571
8.390173
8.390812
8.373212
28.606585
8.382332
8.386971
28.595385
8.379133
8.371931
28.608662
8.376412
8.393372
28.596025
8.388412
8.392251
28.775700
8.384731
8.383451
28.771057
8.394012
8.404409
28.772337
8.385851
8.387932
28.782738
8.395451
8.405051
8.403452
8.394971
8.388254
8.407291
28.772820
8.392892
8.402811
28.776659
8.391611
8.386813
8.396091
8.385211
8.430649
28.757458
8.383932
8.398172
28.600025
8.379770
8.379932
28.609142
8.380411
8.394972
28.614262
8.371292
8.386652
28.609621
8.386011
8.389532
28.589302
8.382172
8.389692
28.769617
8.388091
8.397371
8.393692
8.414650
28.768019
8.396091
8.375452
28.765457
8.374653
8.376411
28.767857
8.393692
8.394011
28.719858
8.380571
8.382011
28.588345
8.384731
8.382491
28.592825
8.385532
8.417850
28.611383
8.375291
8.395612
28.606583
8.463930
8.375132
8.407452
28.773937
8.395931
8.393532
8.386492
8.415609
28.792978
8.390172
28.778259
8.369373
28.595541
8.410812
8.388093
28.608021
8.398172
8.386494
28.603861
8.387292
8.382172
28.783857
8.385853
8.401372
8.400092
8.385211
28.762897
8.394012
8.401691
28.778896
8.384573
8.382331
28.780338
8.392092
8.384411
28.770739
8.375293
8.381371
28.707542
8.377052
8.384731
28.596664
8.388092
8.383291
28.608025
8.391611
8.387932
28.608503
8.386171
8.382493
8.398172
8.390972
28.604183
8.382013
8.390972
28.585306
8.383773
8.394011
28.608181
8.394172
8.396570
28.828499
8.379932
8.386011
28.762421
8.382333
37.896732
28.763700
8.391293
8.392091
8.403451
8.396254
8.397692
28.603386
8.398812
8.400572
28.605305
8.389212
8.383293
28.631384
8.405051
8.387133
8.405052
8.383771
8.388732
8.382492
8.385532
28.619703
8.385373
8.402172
28.769941
8.389373
8.388731
28.772020
8.390013
8.404891
28.798901
8.388573
8.380091
28.722422
8.389533
8.396411
28.608505
8.387771
8.404732
28.655224
18.584295
28.768982
8.387774
8.397532
28.607225
8.393852
8.384415
8.377213
8.381851
8.384415
8.388093
28.763380
8.389374
8.395133
28.768661
8.394653
8.393213
8.400092
8.384413
8.382174
8.389374
8.392731
28.620667
8.381214
8.402491
28.607546
8.386813
8.400412
28.597786
8.389212
8.387131
28.663383
8.380253
8.402653
28.609945
8.406652
8.399452
28.800661
8.392414
8.404411
37.456425
8.391453
28.786741
8.400093
8.383773
28.778101
8.390654
8.387934
8.393372
8.385851
8.387133
8.399133
8.385211
28.794102
8.392574
8.388731
28.769144
8.391771
8.399612
28.758263
8.397852
8.395452
8.418013
8.394333
8.389532
28.608828
8.387453
8.394812
28.530750
8.402652
8.393692
8.397373
8.384091
40.291866
8.391455
28.598747
Control Period
8.392254
8.392893
8.435131
8.398012
28.590588
8.399932
28.764341
8.393372
8.393052
8.391933
8.396571
28.804821
8.406652
28.792183
8.409213
8.400732
8.378172
8.397371
28.800341
8.390813
28.616184
8.385534
8.406492
8.391773
8.387292
28.658747
8.396893
28.708662
8.392253
8.382812
8.393852
8.399612
38.765190
28.815704
8.389533
8.426812
28.710104
8.403772
8.390974
8.392252
8.385852
28.756664
8.389533
28.783222
8.386813
28.531548
8.383612
8.380414
8.379774
8.382013
28.532669
8.388732
28.533148
8.380255
8.394171
28.608986
8.379293
28.583866
8.390012
8.389372
8.389372
8.425211
28.618906
8.402493
28.767704
8.407293
8.379454
8.393534
8.395131
28.768661
8.384892
28.794422
8.388573
8.391293
8.398172
8.399612
28.780024
8.399775
28.616667
8.402813
8.390172
8.396093
8.402651
Control Period
50.241043
34.009388
8.386812
28.773144
8.400730
8.401854
8.400892
8.416893
8.382174
8.395292
8.397532
8.383934
8.384573
8.388574
8.397053
8.388573
8.388252
8.394493
8.381853
8.395615
8.381212
8.373693
8.411131
8.392414
8.407132
8.394332
28.621147
8.387453
136.009140
119.603729
82.953743
66.709442
30.057856
28.783703
8.395134
28.796661
8.393053
28.588188
8.415134
28.613468
8.390973
28.604187
8.394652
28.790745
8.403613
28.794102
8.393213
8.398972
8.405692
8.408731
8.407612
8.404733
8.430971
8.396412
8.393372
8.393854
8.391132
8.400251
8.423452
28.760181
8.392094
28.615229
8.398333
28.602268
8.386333
28.734903
8.389854
8.410012
28.528032
8.387293
29.705437
8.374493
8.389694
8.390654
8.394814
8.390333
8.397215
8.384733
8.387135
8.380413
28.611069
8.379293
28.776665
8.387933
28.749306
8.413534
28.759865
Control Period
8.380413
8.382174
8.407291
8.394653
28.760664
8.384574
8.390493
8.433532
28.601151
8.397853
28.791225
8.390013
8.398494
8.390973
8.378174
28.611387
18.610058
8.378494
28.605629
8.398495
8.393694
28.788183
8.376254
28.773144
8.383135
8.394493
8.382494
8.376094
28.762743
8.380094
8.426332
8.394174
8.389534
28.600029
8.387294
28.758904
28.515070
8.371134
8.374814
8.384574
8.410652
8.380573
8.378334
28.609470
8.378494
28.647070
18.588619
49.840260
35.855293
8.384094
8.382334
8.376574
8.390493
28.798424
8.406654
28.769464
8.390654
8.406654
28.780024
8.378975
28.776985
8.386333
8.379775
8.389374
8.382815
28.766106
8.386174
8.386815
8.401853
8.386974
28.600670
8.424091
28.767387
8.406815
28.789467
8.388252
28.809624
8.386972
8.387135
8.385373
8.412094
28.765465
8.400093
28.777946
8.424253
8.382014
28.610430
8.394334
28.740826
8.394335
8.392414
Control Period
8.400733
28.785465
8.397213
8.403133
60.044945
27.957550
8.419774
8.395615
28.799545
8.404575
8.393054
28.615551
8.401533
8.392415
28.621790
8.408254
18.629738
8.402333
8.394655
8.421053
8.393373
8.400894
8.386655
8.402815
8.403774
8.400573
8.407614
8.398174
8.394014
8.402814
28.772667
8.410333
28.782587
8.416735
8.395774
28.638590
8.415773
8.408092
28.789307
8.396254
8.399454
8.390335
8.410173
8.406494
18.592619
8.397533
28.614109
8.393694
8.398495
28.799387
8.392095
8.396094
28.630911
8.394335
8.394014
28.643709
8.411291
28.793947
8.404573
8.426014
28.789307
8.383295
8.393213
28.621471
8.383934
8.434333
8.396094
8.398653
8.398654
8.406813
8.394014
18.643339
28.782269
8.437532
18.635021
8.405535
28.626270
8.394014
8.386814
28.807547
8.398815
8.416094
28.794428
8.386972
8.395294
28.650110
8.391136
8.386816
127.377548
115.683365
83.562851
51.444897
Control Period
39.914391
10.572002
9.150475
29.316492
29.364971
8.916241
9.062157
29.555367
19.164925
9.130315
8.928401
29.510891
9.146315
8.914319
9.130955
29.437927
8.992079
9.139755
8.936399
29.544325
8.920081
9.040716
29.547527
29.149296
43.919144
35.089485
8.921041
9.145035
8.910160
29.340332
9.157515
8.917201
9.146154
29.211697
9.044397
9.106955
29.250416
29.370571
8.924561
9.082476
29.376013
8.908401
9.139114
8.951121
9.157675
29.429449
8.918159
9.145994
9.083757
29.363373
9.131276
8.908401
29.379051
9.024399
8.930639
9.133196
29.268496
9.135594
43.818024
34.972366
9.133677
9.039919
9.128716
29.203217
8.948878
29.292015
8.915442
19.274523
9.131116
8.915921
9.151114
29.223536
8.976880
9.159754
29.358734
29.376331
8.946161
9.141354
29.229454
29.417450
29.515848
8.921521
9.025040
9.119436
29.258736
9.135754
8.909040
9.083437
29.352333
8.909522
9.154473
29.341291
29.309774
9.111755
8.911280
29.385294
8.914482
9.085836
40.399399
31.567501
29.528009
9.053358
8.943439
Control Period
29.374733
29.312973
9.145195
9.004719
9.152393
29.353134
8.907122
9.136236
9.098797
9.055918
29.259855
9.134315
8.919601
9.130795
9.050797
30.360308
29.557129
8.918481
9.091436
9.065357
29.298733
9.156875
8.933841
9.167753
9.042317
29.442093
9.132715
9.144716
8.928082
9.075117
29.363054
8.914481
9.134475
8.901842
9.144714
29.597448
8.931921
9.140556
8.912242
29.539530
29.222576
8.925041
9.161514
9.143756
29.193298
62.058979
54.922543
27.576887
8.925362
20.926641
9.165033
9.146315
28.682112
8.963278
9.164715
8.920082
9.170635
29.287054
9.144076
8.996717
8.990318
29.356653
29.385452
9.156397
8.950640
9.142956
29.347378
29.162420
9.185194
8.920401
9.161515
29.206739
29.348175
9.163596
19.209085
29.353294
8.919123
9.144073
9.027758
29.293457
9.154153
9.165834
8.914001
9.064878
29.560970
8.918480
9.149994
8.920082
9.131116
29.366413
8.917521
9.165195
8.931440
29.554729
29.408173
8.904562
9.137995
9.133677
29.169460
39.635262
32.698181
9.165354
29.346258
9.141195
8.928082
9.141195
29.213619
8.934799
Control Period
9.131275
9.138316
8.972400
29.363377
29.368973
8.923922
9.150314
8.922161
9.157516
8.975760
29.349613
29.470734
9.148716
8.924240
9.036079
9.134795
8.920881
29.555531
29.233936
9.108236
9.058638
9.173035
8.926479
9.150795
9.086796
9.147116
8.929522
29.285618
29.510571
9.045197
9.134794
8.916243
9.137836
8.923443
29.550570
29.272499
8.946159
9.148876
9.150475
8.933521
9.116236
29.372335
29.337936
9.147916
8.939281
19.299805
29.230740
9.151596
8.918001
29.377613
29.412014
8.928883
9.139915
8.919762
9.139915
8.988079
9.140236
8.936242
29.378094
29.339695
9.134315
29.559528
8.927603
9.147275
8.922962
9.150794
8.990320
29.266096
29.527531
8.928082
9.141994
9.065517
9.125037
8.921362
29.595209
29.324493
9.116237
9.054156
9.145836
8.921202
29.541771
29.430094
29.282738
9.138636
8.940081
9.151917
9.152555
29.332975
29.225460
29.326418
9.151596
9.140876
8.924721
19.193727
9.150634
9.137836
8.962001
9.003920
29.360657
29.339697
9.133836
8.947921
8.962801
29.456974
8.920083
9.131916
8.963282
9.157676
8.929522
29.446413
29.366896
9.112078
9.060719
8.948082
9.158475
Control Period
29.538572
29.214260
29.439693
29.370417
8.919601
9.134796
8.932722
9.137035
9.120398
9.029678
8.935762
9.144876
8.923761
38.073547
34.734093
31.461836
29.301779
29.545773
8.928720
9.048719
9.108236
9.143595
8.921362
9.139596
8.923761
9.146795
29.203701
58.108047
54.716438
51.459541
48.123608
24.494455
8.926962
9.146317
9.157675
8.929361
9.148235
9.015919
9.149996
8.934322
29.318579
29.444334
37.243008
13.478180
29.504494
29.265781
29.470091
29.375378
8.941360
9.145036
8.918802
19.353245
29.396177
29.454735
9.077038
8.952883
29.522575
8.923442
9.147276
8.960561
9.148395
8.920562
9.159756
9.149196
9.001202
29.400335
29.394577
29.431536
29.320017
8.934321
9.060239
9.130316
9.144556
8.918642
9.150156
8.927443
9.144396
9.004081
9.169195
8.932882
9.139757
135.894928
132.347961
129.117142
125.684731
122.317444
98.744293
75.026184
51.455750
27.666443
9.146476
9.144076
8.917362
9.051439
9.153835
29.328817
29.468494
29.200500
9.150956
9.011598
9.150476
8.917522
9.165035
57.026642
53.637909
30.069235
8.915923
9.145357
9.086796
9.088558
8.928242
9.167756
9.156396
29.338579
29.276661
Control Period
29.537933
29.166422
29.448015
8.904242
9.135115
9.108236
9.033998
8.910643
9.137038
8.932722
9.150476
9.123755
8.976400
8.971921
9.123276
9.142637
8.912563
9.134317
8.919282
9.138156
137.445297
135.636078
133.630859
131.950760
109.869606
87.616135
65.391144
43.315113
21.027565
9.169197
19.183969
29.160664
19.329565
9.098797
9.141836
8.925842
9.150316
8.914483
9.141037
9.021200
9.151437
8.925522
9.164557
9.174156
29.166904
29.446735
29.351219
29.413458
29.370897
29.415855
29.475534
29.219864
42.035843
40.158951
54.959373
53.105682
51.418549
49.599258
47.607170
45.910275
23.826401
8.902644
9.132717
8.984241
9.137196
8.909042
9.140717
8.918324
9.142157
8.926802
9.158957
8.943121
9.130317
8.917043
9.137677
9.143117
8.935762
9.021360
9.123276
9.139436
8.926163
9.153037
29.172026
29.536976
29.210583
29.464817
29.260342
29.420496
29.311701
29.496656
59.236984
57.393692
55.721436
53.792229
52.032936
50.093170
28.028976
8.938002
9.159117
8.938802
9.155597
9.083757
9.105677
8.919762
9.149997
9.142797
8.920403
9.118637
9.051600
8.943123
9.142796
9.148076
8.930162
9.143117
9.024240
9.180077
29.267700
29.314899
29.386099
29.362259
29.377140
29.232502
Control Period
29.997442
30.135042
29.992971
30.336327
30.215534
30.542889
30.541292
50.487007
50.483650
50.532135
50.605896
50.875492
50.786057
30.626757
30.525484
30.727884
30.994762
30.866932
30.916056
31.067097
31.131901
31.076866
48.150978
48.074825
48.294502
48.165070
48.245872
48.447792
48.787788
48.854191
48.986992
49.176109
49.242992
49.105881
49.286682
49.159489
49.171814
49.537247
29.220831
9.557825
9.697022
9.511267
9.884858
40.305489
40.596043
40.693645
40.880047
40.931572
40.980213
20.832752
19.720276
9.512867
9.503428
9.890778
9.495108
9.504547
9.714621
9.505987
9.894777
9.504068
9.513507
9.877658
9.496548
9.696061
9.527428
9.501348
9.885657
9.497348
9.496387
9.589346
9.675741
9.497349
9.879098
9.497188
9.495909
9.890137
19.705557
30.129921
30.232643
30.213608
30.511206
30.564169
30.632652
30.878412
30.741461
30.987701
31.073143
31.117628
58.439785
58.504269
58.482353
58.826668
58.712597
58.836441
58.724770
58.817734
59.014374
59.051979
59.140144
59.282066
38.930611
18.946827
9.492548
9.495908
9.499588
9.893976
9.503587
9.783580
9.507269
9.527747
9.889498
9.507746
9.503108
9.738141
9.516706
9.881978
9.517188
9.526308
9.894617
9.526147
28.842434
29.979841
30.025925
30.306562
30.365606
30.436651
30.454895
30.711214
30.684818
Control Period
30.923216
31.660233
32.457569
33.506577
34.091915
34.907810
35.542271
36.409042
37.322372
38.115547
72.749100
73.585793
74.386009
75.520454
76.123718
80.766708
71.419510
51.782825
32.525650
12.898087
9.808860
9.502789
9.504547
30.109760
30.931576
31.519638
32.463528
33.297020
34.104755
34.898731
35.676388
36.448280
37.332333
38.071907
38.999161
39.610260
40.532230
41.566360
42.150742
43.171753
43.795170
44.664345
45.551598
51.239365
41.826092
22.588440
9.515427
9.659744
9.581186
9.514468
9.880379
9.502948
9.517508
30.132322
30.912697
32.009865
56.433296
57.556702
58.401558
59.149132
80.312653
81.006950
81.831482
82.787537
83.604553
84.204933
85.352982
65.732140
46.414810
26.788528
9.503748
47.008194
47.831608
48.942696
49.729790
30.129585
10.506182
9.749983
9.540707
9.907096
9.503428
9.504868
9.901176
9.518788
9.767900
9.502948
9.531746
9.896378
9.499748
9.493828
9.716543
9.508708
9.906617
9.500228
29.902729
30.689985
31.810831
32.589928
62.375294
63.147671
64.166916
65.098007
65.709587
66.715881
67.502975
68.443504
69.455719
70.059784
70.959038
71.689339
72.451958
73.118256
74.200867
74.784927
75.613144
76.669510
77.263809
78.237297
78.841354
59.226112
76.000626
76.979401
77.964890
78.746864
79.343246
80.291458
81.137276
Control Period
81.934448
82.850929
84.059082
85.223076
86.316345
87.684174
88.746567
89.860641
91.100311
89.415100
70.458183
51.113922
31.790138
12.820425
9.497829
9.762782
9.502469
9.517027
56.396271
57.748100
58.822178
60.174328
61.052410
62.201042
63.418476
64.487595
65.474953
66.681183
67.585190
69.015732
70.106766
50.761864
31.798550
12.453966
9.507428
9.896538
9.495749
9.497348
9.890617
9.506628
9.656385
9.615425
9.492549
9.876698
9.500389
9.519588
30.129602
31.001286
61.513302
62.567383
63.848495
65.073128
65.953453
57.895454
38.926224
19.576521
9.488389
9.754622
9.487749
9.879257
9.504548
9.500710
9.881339
9.491909
9.676865
9.546307
29.853931
31.269440
32.344158
33.236641
34.325756
35.434074
36.523830
37.684464
38.745262
39.623825
40.945736
67.249222
68.430336
69.338333
70.626801
71.707916
72.761993
73.813995
75.073669
76.075745
77.407097
78.424377
79.503098
80.589493
81.751404
86.505386
87.884254
88.947128
69.598068
50.402443
31.144739
32.217056
33.444572
34.420734
35.309380
36.520256
37.398338
38.461380
39.797691
50.835506
51.995502
53.069424
54.129902
55.479492
56.433254
57.492134
58.617889
59.680767
60.789566
61.884762
62.755646
64.034363
65.104126
66.180923
67.445557
68.324280
69.406036
70.429398
71.757065
72.636589
73.531311
74.704102
75.884735
Control Period
76.938652
78.372055
79.920815
81.339340
82.821220
84.180389
85.377640
87.107834
88.277405
95.946167
97.469810
98.872978
100.137268
101.768585
102.970322
104.651726
106.016815
107.437584
109.111626
110.265518
111.666611
112.942429
114.323196
115.854042
117.226814
98.153244
79.103355
60.265938
41.202606
22.524544
9.499589
9.500710
9.895098
9.491430
9.786942
9.503429
9.487589
9.880381
9.505508
29.752014
31.225739
32.409550
34.087906
35.503872
36.773281
38.119328
39.523136
40.874622
42.271709
39.269234
50.770050
52.379131
63.835793
65.481506
66.865791
68.317116
69.807159
71.154648
72.526138
74.037781
75.196793
76.542198
77.972084
79.321335
80.793457
82.035027
83.191956
84.810791
89.084763
90.672729
92.173012
93.341629
94.902237
96.212929
97.693535
78.836601
80.177208
81.495415
83.074898
84.243347
85.594040
87.209358
88.559402
89.994888
91.455490
92.829536
94.477341
95.956032
97.466240
106.612404
107.961975
109.524338
110.812149
112.345398
113.710808
114.912544
116.270279
117.816162
98.746429
80.004372
60.959599
41.896263
23.234520
9.506787
9.581828
9.661985
9.501348
9.889500
9.516228
9.489190
9.882137
9.498789
29.943211
31.454695
32.819145
34.195274
35.760357
37.198723
38.729404
40.263927
41.617973
42.990101
44.565105
45.730675
47.234482
48.411575
49.895061
51.319992
52.676765
53.928898
55.525982
56.866913
Control Period
58.270882
60.077003
61.336105
62.808960
64.430450
65.895309
47.228058
28.256330
9.534309
9.884859
9.502628
9.552069
9.520068
29.781935
44.946590
46.387764
47.874855
49.352028
50.806961
52.347496
53.791229
55.059128
56.767174
58.140511
59.749359
61.193733
62.634911
64.263603
45.491554
46.927769
48.447342
49.878437
51.278816
52.861908
54.151245
55.585060
57.048794
58.532043
59.835304
61.512955
62.765335
64.226028
65.948318
46.979153
28.410614
9.508867
9.524710
9.900219
9.499109
30.129765
28.178871
40.053505
41.604919
43.211693
44.723907
46.475956
47.916008
49.224228
51.002834
52.268814
53.907104
55.178204
36.201355
17.638897
9.503749
9.591426
9.637347
9.515590
9.507430
9.898779
9.526309
9.709503
29.964491
31.781334
33.282669
34.535851
36.301018
37.615959
39.282249
40.620548
42.062523
43.595375
45.170311
46.429573
47.984665
49.237526
50.637421
58.893936
60.513031
61.994205
63.464180
64.908554
66.281891
67.975380
69.225365
70.730377
72.067238
73.581375
75.158707
76.595566
77.895149
79.693596
81.133492
62.185608
43.613869
24.639742
9.504390
9.882780
9.506950
9.759263
9.504869
9.501509
9.883739
9.500870
9.526950
30.035851
31.332228
33.051155
34.461136
55.251404
56.796738
58.261433
59.709648
61.208103
62.642403
64.007904
65.606995
66.875374
68.395912
69.887650
71.389145
72.982635
Control Period
74.448936
76.748779
78.788620
80.858543
82.916306
84.968788
97.526436
99.585960
101.643242
103.688202
115.824738
107.664215
89.289719
70.916656
52.562477
34.196136
15.824996
9.891900
30.493277
32.425602
34.349449
36.349934
38.340019
40.324024
42.340988
44.314117
25.930658
30.461279
32.380806
34.313133
36.314098
38.298744
40.276192
42.282597
51.672806
54.011044
56.128487
58.177292
60.027702
61.955070
63.871876
65.852676
67.830124
69.901962
72.183884
74.244049
76.290131
78.175415
80.099258
82.029022
84.021027
86.006950
87.992233
90.246307
92.270470
94.232559
96.100723
98.025055
99.966019
101.943787
103.911636
108.493813
110.555573
112.617661
114.695740
114.154053
116.060944
107.912094
89.541435
71.172699
73.363098
75.459740
77.513344
79.610626
81.505356
83.482803
85.441208
67.060951
48.676853
51.088528
53.162449
55.212692
72.439499
74.531822
76.587830
78.651352
80.731033
93.027885
84.950554
66.604691
48.233070
29.856812
11.505192
9.908220
9.881981
9.883101
9.891580
30.579678
32.568005
34.428333
36.343861
38.278748
40.252834
42.272202
44.312366
46.601006
48.664207
50.717171
52.577820
54.524704
56.455589
58.484238
60.506645
62.530968
64.633690
67.042007
69.101852
70.954498
72.884743
74.800110
66.650467
48.285408
29.935389
32.163227
34.093151
36.022598
38.012207
Control Period
39.979095
41.817757
43.653214
45.558907
47.414841
28.843313
30.820206
32.537426
34.322166
36.127384
37.961082
39.812538
41.700314
43.606647
45.606743
47.327484
49.087906
50.880806
52.686981
54.536995
56.411171
58.259109
60.109283
61.837223
63.877796
65.616623
67.395279
69.185303
71.060280
52.511314
33.939468
42.292355
33.958477
15.425026
9.894620
9.891100
9.895741
9.899422
9.905500
9.916540
30.609116
32.398014
34.196194
36.047653
37.897514
39.768654
41.641068
43.331890
45.175026
47.338474
49.130253
50.926514
52.776848
54.623024
56.461044
58.318581
59.979805
61.735580
63.855675
65.654655
82.905228
84.785004
86.622383
88.483124
90.349136
92.018845
93.748863
95.832626
97.653839
112.659508
114.460243
116.266899
118.131157
120.004852
121.852470
123.816559
125.575218
127.343796
129.075256
130.887192
132.686813
134.549789
136.400757
138.251099
140.205109
142.165680
143.917938
145.645554
147.435577
149.235672
151.091614
132.534958
134.556976
136.520905
138.303406
140.104782
141.962646
143.801468
145.599640
147.385651
149.066864
151.040558
152.973770
154.762985
156.548523
158.386703
160.225204
162.090271
163.955811
165.611923
167.579697
169.467316
171.266296
184.932007
186.719315
188.507095
190.397598
192.233856
194.084366
196.212616
206.230270
208.012451
209.806961
191.266159
172.707916
154.148560
135.577988
Control Period
137.775513
139.342819
140.891403
142.429428
143.809052
145.234756
146.669907
148.170166
149.736359
151.515656
153.070160
154.604034
156.150696
157.507294
158.964355
160.426865
161.946487
163.479385
165.324280
166.806152
168.380981
169.936920
171.290787
172.714264
174.132782
175.612411
177.132034
178.762207
180.301666
181.869446
183.427307
184.770782
186.199371
187.620926
189.150787
182.717667
163.875748
165.748642
167.104904
168.570770
170.007675
171.509857
173.035080
174.585266
176.175446
178.024826
179.595337
180.962006
182.387085
183.809601
185.294662
186.785492
188.330551
189.869049
191.487717
193.266220
194.618652
196.060043
197.499039
198.995789
200.483261
181.606140
183.317276
184.757385
186.182129
187.668793
189.188904
190.725494
192.306885
193.876587
195.464539
196.859055
223.255157
224.679428
226.143860
227.629242
229.157181
230.695526
232.221390
234.020370
235.375671
236.822983
238.237488
239.712952
241.252411
242.794922
244.357590
225.475189
206.599182
208.307129
210.140182
201.481033
202.995377
204.510529
206.014313
207.497299
209.094528
211.011581
212.369293
213.787323
215.247910
216.764496
218.262848
219.800079
221.339386
222.898209
224.512711
226.021301
227.475494
228.908890
230.417313
231.897903
233.430817
234.972519
236.601746
238.457367
239.837006
241.263031
242.675781
244.179886
245.674393
247.204254
250.836624
252.322968
233.451767
214.578812
195.707138
Control Period
176.818176
157.556580
138.274506
119.017395
99.733887
80.448776
102.302269
103.444138
104.405701
105.425179
106.481140
107.606049
108.730164
89.446808
90.956032
92.090385
93.235619
94.210136
95.233131
96.311005
90.742813
71.461060
52.182507
32.910034
34.082466
35.105782
36.118858
37.195934
38.308689
39.365128
40.471321
41.632393
43.131699
44.093258
45.122974
46.135410
47.235847
48.308605
49.449680
50.600677
51.752632
52.834831
54.049347
55.077145
56.136143
57.221218
58.301819
59.398254
60.485573
61.687126
63.142113
64.101273
65.136589
66.152542
67.253777
68.331497
69.391129
70.479561
71.641434
72.794022
74.026611
75.103210
76.192291
77.284409
78.427078
79.583191
80.750984
82.150772
83.120651
84.156929
85.181526
86.279724
87.390877
88.453232
89.626945
90.783218
92.063484
93.248398
94.284515
95.365913
96.447784
97.540703
98.695374
99.859329
101.005684
102.373795
103.320312
104.385231
105.480705
106.566902
107.653900
108.801056
89.558342
90.905807
92.209114
93.362030
94.507431
95.492348
96.515663
97.590660
98.731415
99.824173
126.222191
127.367264
128.496490
129.620285
130.769196
131.920517
132.869751
133.883148
135.140854
136.320801
137.392593
138.468704
139.560501
140.571823
141.645218
142.603256
143.646255
144.724930
145.981201
147.066925
148.213272
128.952316
109.681122
90.409447
71.136658
Control Period
72.437698
73.357155
74.287331
75.207901
75.969116
76.782814
77.644989
78.507324
79.404861
80.346718
81.475929
82.423859
83.370514
84.081657
84.907196
85.768570
86.635704
87.546677
88.211739
89.084633
79.832832
60.345779
40.864166
21.377113
9.891902
9.891743
9.888542
30.668797
31.602970
32.536983
33.461399
34.204060
35.039036
35.913372
36.800827
37.713242
38.989487
39.903980
40.807755
41.731369
42.463631
43.291245
44.163177
45.071434
45.977127
47.272892
48.191547
49.118523
50.042618
50.772636
51.572254
52.413147
53.295322
33.791470
14.302017
30.659840
35.739986
26.450268
9.892862
9.881342
9.890621
9.886302
9.919580
30.622883
31.497860
32.424515
33.360291
34.290146
35.219681
35.960743
36.784042
17.269791
30.601442
31.463619
32.380676
33.331490
34.257187
35.190723
35.919144
36.741482
37.628941
38.797508
39.652004
40.552101
41.487396
42.402054
43.333351
44.042252
44.881390
45.756523
46.861732
47.730309
48.676964
29.193270
9.890623
9.889822
9.904861
9.881662
30.598402
31.466658
32.390114
33.323330
34.260227
35.221283
35.952904
36.772202
37.683018
38.608871
39.610886
40.562023
41.494118
42.440773
22.937241
9.893342
9.904702
9.892063
30.611362
31.490177
32.416515
33.359173
34.288391
35.228329
35.963310
36.849968
37.749905
38.705841
39.772335
40.696911
41.629486
Control Period
42.567184
43.522251
44.279881
45.205669
46.344891
47.222359
48.133106
49.019691
49.956841
50.696712
51.804573
52.684120
53.549908
54.458252
55.401321
56.284386
57.219131
82.957390
83.922531
84.892471
85.654739
86.696686
87.604073
88.484581
89.366684
90.230232
91.171860
81.838074
95.401779
96.335724
97.272232
98.245377
99.117722
99.977913
100.854736
101.721649
102.650314
103.790977
104.716446
105.646072
106.380821
107.243256
108.102806
109.190353
110.085098
111.014565
111.948349
112.873817
113.810806
114.879631
115.740936
116.628967
117.560989
118.487900
119.429688
120.438354
121.313904
122.184013
123.118599
124.077507
125.218971
126.155960
126.903831
127.774902
128.642609
129.550797
130.637375
131.602997
132.538864
133.492813
134.428040
135.211273
136.273865
137.145737
138.019363
138.924667
139.823578
140.757202
141.721863
142.611008
143.486710
144.354263
145.221817
146.171280
147.328430
148.271027
149.210098
149.946289
150.814316
151.808426
152.728134
153.693604
154.623718
155.567108
156.510330
157.583481
158.488953
159.363861
160.302292
161.257050
162.201401
163.232635
164.098907
164.973511
165.849060
166.791809
167.760483
168.952515
169.895905
170.643463
171.525101
172.404984
173.273666
174.404892
175.351959
176.277756
177.224030
178.180069
178.936905
200.461517
201.395950
181.906113
162.414993
142.920837
Control Period
144.106293
144.497314
144.948166
145.413895
145.875153
146.282639
146.995880
147.379379
147.757263
148.219147
148.670639
148.925659
149.352829
149.935028
150.351639
150.762177
151.213181
142.325714
122.409576
123.036423
123.510155
123.806763
124.209938
124.610390
125.043640
125.664726
126.079575
126.540024
126.808640
127.203331
127.644745
128.258469
128.692520
129.176971
129.638855
129.897232
130.351761
130.967560
131.363693
131.758392
132.205399
132.657684
132.985336
133.580017
133.971512
134.375488
134.765549
135.225998
135.769333
136.275391
136.675690
137.075989
137.470367
137.877869
138.445358
139.149475
139.410736
139.812469
140.216446
140.608261
141.147278
121.186661
101.236282
81.273903
61.310249
62.062698
62.530357
62.985535
63.240395
63.642933
53.845253
54.622185
55.005684
55.391582
55.839878
56.292015
56.548317
57.305885
57.713863
85.000183
85.408157
85.827812
86.619293
87.059586
87.525642
87.810898
88.215515
88.618370
89.349541
89.761040
90.187897
90.632828
90.892807
91.328781
92.073227
92.478966
92.931740
93.377159
93.827530
94.103516
94.840759
95.242973
95.643433
96.045967
96.494263
96.965752
97.560120
97.962494
98.351425
98.722443
99.112495
99.564468
100.329552
100.585052
100.981346
101.370598
101.748489
102.127823
102.855629
103.317039
103.571579
103.954590
104.343842
104.739975
84.781273
64.819534
44.847561
24.920065
Control Period
30.527369
30.668819
30.853949
31.030437
31.033010
31.161661
31.557985
31.735592
31.868402
32.008411
32.187302
32.349869
32.579956
32.722206
32.850212
32.973263
33.096951
33.275200
33.648960
33.671051
33.799061
33.951710
34.080517
34.207886
34.596207
34.828850
34.828064
34.966953
35.129204
35.464569
35.753056
35.946182
35.935474
36.050201
36.172131
36.505737
36.802223
36.988152
37.172478
37.167210
37.292179
37.662743
37.901466
38.034916
38.245163
38.433174
38.443748
38.827595
39.064560
39.184090
39.311779
39.499310
39.710518
39.973564
40.177254
40.309746
40.436153
40.559364
40.758415
40.881306
41.024193
41.146286
41.278774
41.478943
41.860069
41.992722
42.136734
42.241066
42.346355
42.471806
42.871651
43.202217
43.203514
43.321442
43.440010
43.575058
43.949463
44.265945
44.470116
44.462448
44.591576
44.712227
45.095432
45.353840
45.541847
45.725857
45.727150
45.851639
46.246525
66.885841
67.084892
67.076744
67.379150
67.697075
67.835960
67.970856
68.179184
68.390717
68.585129
68.870094
69.007706
69.164993
69.309799
69.495575
69.886299
70.018951
70.148399
70.307129
70.441696
70.573227
70.994507
71.267632
71.259491
71.379662
71.525909
71.666878
72.079041
72.377129
72.568024
72.585480
82.579956
82.987160
83.187492
83.396622
Control Period
83.577591
83.176743
82.891899
82.835846
82.622681
82.353195
82.119072
81.818382
81.415459
81.396362
81.226074
80.955147
80.685982
80.478256
99.862015
99.857964
99.663040
99.251953
113.571365
113.351959
113.365341
113.217293
112.815651
112.574326
112.310280
112.060959
111.884911
111.499748
111.222740
110.963013
110.912560
110.795708
110.579979
110.364090
109.956528
109.674240
109.637711
109.473343
109.208023
109.003815
108.772568
108.378128
108.377121
108.195312
107.919746
107.651222
107.433411
107.209518
107.107552
106.900146
106.629700
106.345818
106.069771
105.860123
105.955429
105.585625
105.332138
125.442123
125.326233
125.307304
124.905502
124.629135
124.366852
124.090805
123.951401
123.979988
123.761063
123.357178
123.088493
122.819008
122.736237
122.681465
122.496620
122.294975
121.897812
121.638565
121.572113
121.476227
121.207382
120.995819
120.782974
120.376373
120.318726
120.196274
119.929993
119.675705
119.461258
119.245209
118.916367
118.672165
118.395485
118.173996
117.963867
118.100609
117.703285
97.085365
76.478645
55.869846
35.236084
35.333305
34.941425
34.654659
34.389496
34.118568
33.870846
33.982471
33.786743
33.387020
33.101376
32.825008
32.617283
32.643791
32.422302
32.200176
31.816612
31.549849
31.279562
31.111675
31.097061
30.885012
30.487049
30.253622
30.341297
Control Period
30.556652
30.250580
30.314899
30.315699
30.108982
30.355375
30.462574
30.244659
30.264177
30.267380
30.302896
30.329777
30.356977
30.248981
30.252340
30.252977
30.308977
30.535051
30.117304
30.253780
9.894305
9.911104
9.890305
30.554892
30.105301
30.261940
30.245781
30.238422
30.627369
30.283218
30.109945
30.320017
30.256981
30.326895
30.467052
30.242102
30.236023
30.325459
30.138742
30.432175
30.373137
30.248661
30.261620
30.283537
30.236820
30.396015
30.235861
30.244501
30.250900
30.253620
9.876863
30.360815
30.238260
30.240499
30.238739
30.248981
30.342575
30.450417
30.112343
9.918303
9.888865
9.881664
30.558893
30.297140
30.097464
30.240499
30.238262
30.320658
30.424656
30.303061
30.292976
30.139866
30.244499
30.427858
30.337296
30.250259
30.291380
30.416336
30.075384
40.449196
39.860760
39.271362
38.689808
38.162651
37.732773
37.067379
36.491901
15.547669
9.899904
9.884225
30.491531
30.170904
30.249302
30.239700
30.243858
51.162037
50.882072
50.277954
49.725037
49.189240
48.485123
48.041801
47.650162
47.037888
46.452652
45.903412
45.302338
44.824619
44.318901
43.724705
43.139149
42.555511
42.016674
41.792709
20.836636
9.892225
9.888065
9.882946
9.878626
30.691689
30.115704
9.885986
9.890785
9.895586
Control Period
30.580173
30.307541
30.121784
30.265141
30.264500
30.243862
30.246582
30.274261
30.294741
30.118103
30.239380
30.233942
30.258261
30.242420
30.300819
30.280661
30.115705
30.240341
30.245302
30.236980
30.240982
30.309141
30.295380
30.114265
9.905664
9.893026
9.885185
9.898304
9.890623
9.882465
9.891907
9.903425
9.896545
9.888386
9.900866
9.894142
9.893187
9.896226
9.884225
9.901184
9.884546
9.883745
30.672489
30.128025
30.252342
30.246582
30.246740
30.243221
30.287540
30.309780
30.129623
30.246580
30.239861
30.268341
30.236500
30.302101
30.274900
30.122906
30.234581
30.255381
30.254101
30.317461
40.566635
29.852686
9.892224
9.882945
9.889186
9.890465
9.888546
9.896065
9.903106
9.898943
9.892225
9.897346
9.903425
9.914465
9.886466
9.892385
9.924064
9.895105
9.891266
9.894146
9.896866
9.909665
9.905664
9.899104
30.349621
30.123064
30.249462
30.256981
30.274422
30.255062
30.299381
30.255062
30.119383
30.257622
30.247059
30.273300
30.246260
30.492657
30.465616
30.119225
30.242102
30.256821
30.241463
30.244984
30.248661
30.319860
30.142906
9.904544
9.887906
9.893665
9.891266
9.894146
9.905986
9.912066
9.895103
9.896545
9.902306
9.890625
9.898787
9.897985
9.882465
9.884705
9.885185
9.910465
9.896385
9.884226
9.904547
Control Period
9.889186
9.907745
9.897026
9.891266
9.893985
9.903746
9.885506
9.896706
9.897825
9.893507
9.891906
9.893665
9.907745
9.904387
9.930785
9.910303
9.887905
9.902626
9.902784
9.903106
9.896866
9.883587
9.887424
9.911905
9.890626
9.914304
9.909025
9.901025
9.921347
9.906626
30.415699
30.807785
31.165470
31.502037
31.670927
32.001896
32.331745
32.633270
32.943596
33.301762
33.636250
33.826260
34.155468
34.482594
34.808121
35.132370
35.428936
35.819584
36.017914
36.315601
36.644966
36.965054
37.261143
37.569233
37.969799
38.140610
38.470619
38.794067
39.116394
39.446083
19.379333
30.125147
30.411314
30.691723
31.000288
31.332375
31.627985
31.984711
32.148323
32.446651
32.740662
33.019310
33.304520
33.665726
34.006611
34.169586
34.473995
34.776325
35.067616
35.364346
35.661076
36.057961
36.213253
36.500866
36.781277
37.072567
37.367855
37.714981
38.222904
38.497871
38.788200
39.084930
19.026981
9.895906
9.898146
9.906146
9.898947
9.888065
9.904706
9.884066
9.889666
9.883106
9.879587
9.881508
9.901026
9.883427
9.881026
9.898786
9.895906
30.360821
30.723307
31.090433
31.233566
31.566614
31.891983
32.211754
32.535843
32.899773
33.214104
33.418194
33.741806
34.072937
34.399105
41.518864
31.661932
11.600622
9.884867
Control Period
9.905188
9.923906
9.911587
9.908546
9.898946
9.902946
9.885666
9.897025
9.899105
9.877666
9.912706
9.902786
9.895906
9.901505
9.894786
9.879427
9.882146
30.284504
31.211151
52.845108
53.760235
54.723679
55.499447
56.441612
36.972782
17.507153
9.905985
9.894304
9.891106
9.884227
9.893347
9.894146
9.882786
9.882147
9.896385
9.898148
9.896067
9.887266
9.884706
9.900547
9.883106
9.896865
9.887906
9.891106
9.889827
9.919426
9.891106
9.900227
9.881824
9.883429
30.328344
10.868793
9.902626
9.898947
9.898626
9.887905
9.879906
30.329624
10.864314
9.900227
9.906786
9.899746
9.885824
9.899266
9.894787
9.896067
9.887108
9.913986
9.890787
9.900866
9.904707
9.891586
30.166428
10.706717
48.855068
49.748116
50.643082
51.524132
52.669975
53.596462
54.501831
55.386398
56.266006
57.181778
58.123466
59.084034
59.884602
40.438812
20.979900
30.260025
31.181553
32.112362
32.987488
33.744537
34.635826
35.565193
36.471680
37.343769
38.302094
39.060745
39.950111
40.839161
41.725807
42.639656
43.583260
44.462708
45.232559
46.137768
47.071457
47.971386
48.868114
49.823082
50.797089
51.561661
52.488792
53.380402
54.268970
55.175621
56.113628
57.087475
57.875088
58.759178
59.646790
60.539200
61.475609
62.426575
42.969421
23.516111
9.919426
9.889186
Control Period
9.894466
9.892707
9.892385
9.881186
9.913826
9.890467
9.904227
30.677776
32.471710
34.314766
35.966789
37.719448
39.497063
41.270363
43.057419
44.901436
46.775688
48.457310
50.270927
31.671627
13.076965
9.887267
9.889507
9.901026
9.902626
9.892705
9.889346
9.881987
9.901187
9.882468
9.881666
9.872229
30.162430
31.931564
33.720222
35.494801
37.266014
39.046028
40.899323
42.537743
44.337761
46.134258
47.890755
49.675892
51.470150
53.324890
54.998512
56.772289
58.537903
60.296799
62.078575
63.816673
65.681015
67.328232
69.136093
70.897072
72.662529
74.457268
76.276962
78.106735
79.745476
81.529495
62.928757
64.788132
66.616150
68.434891
70.223389
72.013489
53.439629
55.230366
57.107021
58.938721
60.584183
81.868988
157.564880
159.422333
161.284103
162.947006
164.707825
166.470566
168.242737
170.042755
171.784698
173.625183
175.273193
177.029846
178.785217
180.547470
182.348755
163.762726
145.175903
126.588928
108.008026
89.411446
70.820465
52.233482
33.640739
15.042718
9.880226
30.249306
32.067562
33.867580
35.699760
37.535297
39.162041
40.940941
42.724480
44.488655
46.276512
48.028534
49.904549
51.536251
53.295151
55.046852
56.818230
58.588329
60.409786
154.928711
136.343170
117.752350
109.331673
Control Period
121.259438
122.988037
124.737442
126.490204
128.275131
130.062775
131.671707
133.414551
135.146515
136.901672
138.665955
140.462234
142.268600
143.875443
145.589645
147.333618
149.069580
150.836899
152.637665
154.428665
156.029587
178.003754
179.771072
181.520142
183.290329
185.087555
186.896942
168.275970
149.646042
131.024918
112.401398
93.768761
75.144760
56.522842
37.904922
19.279963
9.904706
9.897186
9.895748
9.884548
9.905027
9.891108
9.904867
9.903109
9.890306
9.901346
9.904388
9.894787
9.883268
9.895588
9.908709
9.884386
30.652817
32.247341
33.975304
35.709343
37.434586
54.726788
36.169186
37.960663
39.569424
41.321865
43.052067
44.801147
46.551826
48.347466
50.189507
51.779869
53.512466
55.236267
56.970627
58.718269
60.511665
62.306984
63.960869
65.703232
67.436951
69.165878
70.925201
72.717316
74.526718
76.147957
77.874161
79.617966
81.369766
83.120766
84.920403
86.745956
88.366394
90.115311
71.498032
52.872749
34.257385
15.634826
9.889187
9.893668
9.889988
9.897508
9.909986
9.893026
9.894147
30.310587
32.096306
33.909702
35.538464
37.309624
39.081264
40.853542
42.638462
44.799530
46.601891
48.200733
49.922615
51.639538
53.351341
55.117538
56.901497
58.726097
40.082737
21.439377
9.889828
9.893827
9.891268
9.893349
9.904707
9.887589
Control Period
9.893508
9.885347
9.887908
9.929507
30.463543
32.561100
34.792091
36.811409
38.830727
41.200912
43.281345
45.650414
47.720131
49.637207
51.980198
53.996315
56.215790
58.371101
60.519215
62.910843
64.790642
66.848358
69.126869
71.236900
73.625168
75.714722
77.854996
80.038467
106.637634
108.886551
111.047470
113.307587
115.321625
117.462860
119.780090
121.853645
123.973442
125.992279
128.118149
130.410904
132.519821
134.749542
136.899094
138.935379
141.195496
143.365540
145.676697
147.760010
150.061890
152.111450
154.126450
156.355850
158.384125
160.613205
162.835083
165.085281
167.390518
159.271851
161.628281
184.236511
186.397263
188.492737
190.936203
193.025925
195.078522
197.236877
189.034378
181.271072
183.286392
185.371628
187.760376
189.828171
192.244598
194.139603
196.176529
198.516479
200.540436
202.785507
204.899063
207.007339
209.217697
211.228699
213.291214
215.516129
217.641357
220.024185
222.154694
224.332413
226.354614
228.501450
230.590363
233.025345
235.029785
236.913437
239.262985
241.270950
243.630264
245.747177
247.884583
250.276215
252.162415
254.379807
256.426971
258.534302
260.916168
262.987640
265.159271
267.222900
269.337097
271.607300
273.615265
275.832489
278.146362
280.234497
282.341339
284.383392
286.565125
288.819489
290.910980
293.168701
295.298248
297.373413
279.032135
281.480072
283.561798
Control Period
285.913757
287.252869
289.064301
290.534302
292.093262
293.856689
295.388763
297.237946
298.563629
300.069946
301.828430
303.293945
305.019928
306.537598
308.093201
309.708954
311.163910
312.691681
314.307587
315.913269
317.708374
319.229736
320.636383
322.355988
323.802155
325.547363
327.065033
346.013794
347.540436
349.338593
350.655945
352.206726
353.776550
355.288940
357.086121
358.565247
360.152039
361.716431
363.198273
364.912415
366.449127
368.221680
369.724487
371.339447
372.751678
374.301666
376.036926
377.466431
379.109070
380.872345
382.360413
383.915039
385.379608
386.922089
388.640869
390.152618
391.822937
393.386688
394.820526
376.094391
377.824219
379.493744
381.186768
382.873566
384.190918
385.860901
387.459045
388.991760
390.689117
392.203766
393.889130
395.328888
396.807678
398.549347
400.054718
401.862305
403.476624
404.908081
406.528168
408.048248
409.653290
411.202332
413.062073
414.621674
416.131989
417.827759
419.285767
421.037689
402.140198
383.245422
385.077637
386.689880
388.220825
389.669220
391.575684
393.084869
394.601898
396.151733
428.562714
430.084869
431.622711
433.387268
434.830383
436.531097
438.046539
439.582458
441.231812
442.674438
444.184753
445.780823
447.336273
449.136658
450.657227
452.032043
453.783630
455.239563
456.972595
458.483246
460.049713
461.827698
463.163147
465.020813
466.529999
468.042542
Control Period
469.896698
470.635651
471.723724
472.590698
473.508698
474.752930
475.662140
476.683014
477.594604
478.543335
479.705658
480.567322
481.607727
482.748444
483.669495
484.625427
485.493347
486.513275
487.644714
488.579193
489.653198
490.611023
491.517670
492.611664
493.497009
494.637726
495.772522
496.806671
477.323120
478.564789
479.443909
480.443512
481.456726
482.387695
483.472412
484.365784
485.263611
486.476013
487.565369
488.534393
489.463928
490.519836
491.376892
492.303375
493.409210
494.407196
495.615906
496.566223
497.373199
498.537445
499.408569
500.557922
511.451843
507.274292
508.314209
509.342773
510.189911
511.052704
532.403931
533.441772
534.434021
535.292480
536.395142
557.016663
558.194641
559.124939
560.232361
561.314148
562.226013
563.315796
564.200500
565.313660
566.429382
567.301453
568.466309
569.208435
570.232788
571.304810
572.437500
573.547974
574.584839
575.697388
576.419067
577.484375
578.531921
579.427002
580.586914
581.463745
582.422058
583.501770
584.533203
585.671631
586.671814
587.594421
588.549194
589.533875
590.422729
591.542297
592.462646
593.641418
594.699524
595.432678
596.550781
597.419800
598.567688
599.591431
600.499939
601.740601
602.531677
603.590759
604.514954
605.399658
606.646912
607.525391
608.506531
609.435852
610.319092
611.536438
592.031738
572.722229
573.693970
574.601379
575.683960
Control Period
576.705933
577.139221
577.780457
578.162842
578.629883
579.129395
579.526855
580.230652
580.775574
581.320190
581.865601
582.119019
582.767822
583.240906
583.656555
584.317810
584.767212
585.506897
585.799988
586.172607
586.888916
587.360107
588.010193
588.518005
588.990662
589.593994
589.962463
610.765442
611.339661
612.023315
612.280457
612.825378
613.443420
614.088074
614.525635
615.105469
615.755676
616.017090
616.565247
628.324463
629.062866
629.587036
629.934082
630.482056
630.875977
631.620422
632.086304
632.350647
633.061218
633.449707
634.163452
634.638794
635.077637
656.098999
656.472290
657.019287
657.473999
637.497070
637.954163
638.375610
638.858337
639.456055
640.016052
640.464050
641.133484
641.714111
642.017456
642.557434
642.950562
643.574890
644.106873
644.565918
645.234253
645.663818
646.114502
646.490662
647.136536
647.649963
648.110901
648.747986
648.987488
649.676941
650.111145
650.488098
651.260742
651.688599
652.482178
652.796387
632.836731
633.295105
633.951233
634.374756
634.818420
635.366699
635.734985
636.373840
636.820251
637.453491
638.033813
638.272217
638.843872
639.372009
639.863708
640.432495
640.852661
641.527344
641.896118
642.272888
642.860107
643.221680
643.906921
644.467224
644.900024
645.375671
645.900940
646.437073
646.798645
647.480713
648.019287
648.463623
649.025024
649.576355
650.015381
Control Period
650.586731
650.734863
650.595947
650.675598
650.597473
650.716431
650.840698
650.839539
651.032288
650.826294
650.965454
651.039001
650.989685
651.188354
651.298523
651.457031
651.388184
651.298523
651.469971
651.529114
651.545410
651.678162
651.661133
663.596924
663.602478
663.843994
663.738525
663.833008
663.869568
664.130005
664.214600
664.528137
664.395447
664.332703
664.525635
664.478394
664.814819
664.819885
664.847839
685.362488
685.281494
685.485779
685.538025
685.536682
685.834412
685.614197
685.573364
685.720520
685.726257
686.023499
686.009521
686.054749
686.166382
686.094177
686.215393
686.140625
686.200562
686.476013
686.472595
686.589355
686.511719
686.782227
686.774841
686.914001
687.188477
687.158203
687.397522
687.393616
687.296936
687.470032
687.390320
687.542419
687.685913
708.258484
708.300354
708.578064
708.566650
708.420349
708.601074
708.568054
708.759033
708.764099
708.876831
709.130066
708.925049
709.049316
708.969421
709.066162
709.298584
709.272949
709.263000
709.288574
709.464172
709.393066
709.533020
709.754395
709.750977
709.768860
709.715698
709.814697
709.949036
709.925476
710.107666
710.174011
710.164673
710.259827
710.200439
710.398621
710.504028
710.525757
710.665222
710.462646
710.630432
710.670410
710.929565
711.011414
711.185120
711.279968
711.069336
711.255493
711.259155
711.297485
711.315857
711.493225
711.463440
Control Period
711.379700
711.095459
710.671082
710.200623
709.759460
709.291382
708.622498
708.083252
707.564331
707.032776
706.857666
706.416016
705.949219
685.059753
664.172363
643.285950
622.393127
601.504639
580.636292
559.744446
538.862793
517.973328
497.085938
476.206390
455.317413
434.438171
413.546448
392.652008
371.759033
371.314819
370.877167
370.243347
369.724243
369.207550
368.687653
368.195099
367.736328
367.282349
366.612061
366.080170
365.555145
365.039246
344.176483
323.293243
323.000061
322.468811
321.952271
321.434601
320.932129
320.476532
320.000946
319.344879
318.826263
318.296753
317.769806
317.264313
316.838165
316.393951
336.099609
335.593323
335.092133
334.621979
334.175049
333.570190
333.038300
332.507355
331.971130
331.471069
331.013245
330.571411
329.913116
329.391937
328.871552
328.375977
327.862000
327.385773
306.512451
306.241821
305.720001
305.193542
304.739716
304.273743
303.802307
303.148804
302.622498
302.104523
301.581573
301.081665
300.625122
299.969391
299.446136
298.925903
298.416412
297.900513
297.422699
296.954163
296.284180
295.785065
295.257965
294.739838
294.230011
293.766266
272.895691
252.011169
231.125214
210.245178
189.376648
168.499649
147.640244
126.746765
105.872650
105.705368
105.185143
104.688431
104.229004
103.775497
103.113831
102.590408
102.069061
101.534271
101.034203
100.586136
100.124626
99.490799
98.962891
Control Period
98.440430
98.145111
97.860359
97.636566
97.404449
96.977776
96.679741
96.380112
96.093918
95.825638
95.596878
95.362198
94.927849
94.632538
94.335144
94.043503
93.760025
93.530785
93.308105
92.901749
92.912827
108.069763
107.831726
107.600250
107.197258
106.911385
106.636871
85.987350
65.330780
44.670536
24.028690
9.909191
9.903751
9.887272
9.886950
9.895430
9.885192
20.038055
30.184202
23.288216
9.901030
9.896709
9.882631
9.902311
9.883272
9.902472
9.897191
9.881350
9.945190
9.902631
9.900552
9.888072
9.900872
9.911430
9.906471
30.472834
30.254120
30.250441
30.260040
30.248680
30.312840
30.306915
30.124363
30.251720
30.257320
30.237000
30.259560
30.321798
30.303398
30.119404
30.253479
30.238602
30.247881
30.259239
30.305958
30.335396
30.148205
30.243559
30.248199
30.255558
30.277960
30.334278
30.319557
30.144041
30.250759
30.252199
30.271400
30.269159
30.303080
30.493311
30.286760
30.303078
30.255402
30.261000
30.312677
30.321157
30.118765
9.868233
9.885511
9.887751
9.880552
9.884550
9.913831
9.892391
9.872872
9.879751
9.878632
9.881032
9.897192
9.907593
9.886473
9.895752
9.886950
9.901670
9.891272
9.885832
9.887112
9.889352
9.884552
9.887911
9.893190
9.888712
9.888391
30.382757
30.248201
35.809502
25.377800
Control Period
9.901830
9.879271
9.903751
9.884392
9.882792
9.880711
9.886471
9.895432
9.883271
9.884232
9.884552
9.889671
9.895111
9.892872
9.883112
9.900071
9.896711
9.888552
9.898632
9.886152
9.882631
9.888712
9.882952
9.885352
30.319080
10.334342
30.248520
30.672071
31.105223
31.496454
31.936806
52.956478
53.365631
53.784065
54.163620
54.606052
55.053764
55.529472
55.784546
56.187294
36.190720
16.208063
9.901672
9.885193
9.889832
9.887271
9.883272
9.891750
9.896392
9.883593
9.902151
9.894152
9.895271
9.883272
9.892551
9.886632
9.882312
9.895910
9.905029
9.885672
9.877672
9.891750
9.887753
9.880552
9.883272
9.887431
9.890472
30.486595
30.865988
31.253059
31.693251
32.141121
32.612190
32.907745
12.920288
9.904712
9.889512
9.888710
9.887592
9.890952
9.886951
9.886951
9.873352
9.893192
40.604259
41.053570
41.468479
41.864670
42.301338
42.746647
42.997242
43.372952
43.801620
44.200371
44.611919
45.047630
45.506538
45.762894
46.141163
46.507595
46.879311
47.397743
48.037609
48.477318
48.736713
49.145546
29.162569
30.254440
30.691751
31.122341
31.564293
31.814888
32.193157
32.571430
32.951302
33.330692
33.790562
34.242752
34.480865
34.867138
35.258526
35.635197
36.051548
36.487740
36.936089
16.948311
9.902152
9.873672
9.871592
Control Period
9.881512
9.881353
9.878312
9.872392
9.884712
9.879751
9.897032
30.524834
31.664936
32.897675
34.159054
35.432274
36.694134
38.027351
39.375450
40.521629
41.799809
43.076225
44.353127
45.620102
46.924202
48.261902
49.409363
50.677940
48.937153
50.159332
41.267685
22.139175
9.872712
9.881032
9.889992
9.892392
9.876553
30.251081
31.550697
32.877678
34.207695
15.109586
9.906473
9.896711
9.892551
9.894472
30.574274
31.707655
32.987751
34.222572
15.090063
9.890792
9.879753
9.883752
9.895752
9.890633
9.905672
9.899113
9.882792
9.878793
9.889352
9.877031
9.884872
9.879911
9.881512
9.873512
9.892073
9.900230
9.901512
9.892871
9.893032
9.890633
9.876072
30.310759
11.181288
30.319401
31.483023
12.382833
9.888553
9.908232
9.899591
9.905512
30.482918
31.726377
32.970959
34.231220
35.511158
36.809975
38.128151
39.269211
40.519230
41.796768
22.673698
9.896711
9.894792
9.897992
9.892873
9.916231
9.897352
9.879913
9.905993
9.894313
9.875593
9.907112
9.890633
9.883111
9.893672
9.874474
9.880392
9.879593
30.320681
31.440783
32.735123
33.968987
35.212448
36.464870
37.766567
39.420097
20.304068
9.892073
9.898153
9.883273
9.903911
9.879592
30.312199
31.452944
32.734962
34.002266
35.244926
36.538147
37.853928
39.163147
40.280693
41.515835
42.758659
44.018440
Control Period
45.319340
47.544983
49.772224
51.800270
53.968475
56.110123
58.268730
60.447495
62.679058
64.880859
66.894669
69.040794
71.185959
73.334007
75.488617
77.690102
79.911423
113.466682
115.699364
117.924049
120.124420
122.142075
124.314438
126.482162
128.619492
130.775696
112.556572
94.350723
76.145996
57.925430
39.714146
21.498058
9.927113
9.891272
9.896713
9.889673
9.909512
9.889513
9.917353
9.893033
9.884232
9.899593
9.882474
9.888072
9.888873
9.883272
9.906792
9.890472
9.895272
9.897992
30.511717
32.723763
34.923809
37.144810
39.193016
20.966209
9.884394
9.894633
9.885033
9.890793
9.886475
9.889193
9.885353
9.900233
9.908072
9.891433
9.884711
9.900872
9.887594
9.898314
9.904552
9.909353
9.895912
9.891591
9.883434
9.879754
30.140528
11.919963
20.118536
30.302763
32.418331
34.420303
36.566269
38.716232
40.868279
43.034561
45.514595
47.756401
49.775810
51.925777
54.122147
76.654007
78.859177
81.099228
83.110161
85.251808
87.415215
89.579582
91.755310
93.965439
96.180527
98.216736
100.369263
102.527390
104.691277
106.882523
109.107208
111.325172
113.350502
115.501907
117.685791
119.863922
122.022850
124.251694
126.464058
128.495316
130.637451
132.804855
134.957703
137.110870
139.342590
141.804871
164.391129
166.534042
168.702087
170.941162
Control Period
173.159439
175.433060
177.841873
180.236923
182.632462
185.087677
187.890244
190.413620
193.008835
195.410446
198.103256
200.482956
203.014160
205.755768
208.232742
210.742188
213.151642
215.644623
218.298721
220.758255
223.346436
225.978287
228.468857
230.877670
233.426636
236.075928
238.523621
241.176590
243.491333
246.203018
248.609116
251.128494
253.840668
256.392365
259.112366
261.484375
264.146790
266.553680
269.141052
271.714020
274.302185
276.986847
271.257629
273.986115
270.555237
252.607758
255.430481
257.900269
260.601410
262.884796
265.632172
268.030121
270.516205
273.269348
275.747131
278.497223
280.770844
283.205566
285.914368
268.012512
250.055115
252.676727
255.095459
257.856598
260.263184
263.004944
265.458557
267.968658
270.540192
272.936676
275.507874
277.953796
280.482117
283.252197
285.694305
288.041534
290.658691
293.122894
295.789154
298.361664
301.060730
303.542847
305.945282
308.436981
310.998596
313.615753
316.077209
318.729889
321.382874
323.734589
326.147430
328.812103
331.338379
334.088318
336.563080
339.166626
341.613861
344.010376
346.810089
349.296692
351.912415
354.407806
356.670898
379.816498
382.217010
384.717346
387.442017
390.090515
392.378235
394.830109
408.175964
410.767181
413.253296
395.299927
398.133057
400.594696
403.105133
405.617157
408.052856
410.807281
413.562988
416.020782
418.552185
420.891907
Control Period
423.378021
425.430328
427.171143
429.081207
431.096252
432.907288
434.762329
436.525848
438.397858
440.372253
442.393219
444.230499
446.209045
448.050964
449.796570
451.738342
453.674011
455.519928
457.516418
459.338654
461.159790
463.043304
464.797394
466.835938
468.881683
470.819611
472.638184
454.028137
456.103821
457.923340
459.747498
461.875183
463.490234
465.426086
467.223541
469.010742
471.138245
472.938873
474.799042
476.591370
478.579834
480.347534
482.153931
484.221771
486.027374
487.998413
489.646729
491.495056
493.502747
495.252991
497.183563
499.193481
501.028198
502.854279
504.752045
506.687073
508.425812
510.401978
512.321045
514.301819
516.057190
517.829651
519.926941
521.721313
523.776184
525.551697
527.230286
529.273499
531.101501
533.120239
535.004578
537.041992
538.850647
540.561707
542.578003
544.339600
546.373047
548.173706
550.091003
552.096130
553.709717
555.598022
557.477844
559.499939
561.320557
563.295288
565.306030
566.948914
568.922974
570.667114
552.058960
533.448425
535.448242
537.198486
539.241394
540.998657
543.146484
544.958008
546.813049
548.651611
550.425842
552.499573
554.238647
556.091919
558.204712
560.009338
561.851562
563.590454
565.378906
567.441650
569.348694
571.422791
573.251587
575.173218
576.919312
578.771973
580.785095
582.550232
584.560303
586.381287
588.084961
590.070862
571.445435
573.571533
575.354431
Control Period
577.537598
578.596619
580.124573
581.318481
582.605469
584.042542
585.307129
586.901978
587.966614
589.223389
590.729431
591.919006
593.469360
594.728394
596.033813
597.436829
598.703674
600.112610
601.404541
602.950928
604.209961
605.550110
606.893127
608.092590
609.520081
610.721802
612.073303
613.497131
614.914673
616.425171
617.641479
618.909790
620.478699
621.726501
622.900879
624.233154
625.447998
626.976440
628.243286
629.538940
631.122559
632.177917
633.625732
634.864868
636.446289
637.724182
639.031982
640.535767
641.648560
643.147888
644.348511
645.659851
647.224426
648.479431
649.969482
651.035034
652.292908
653.789001
655.127991
656.639771
657.954773
659.044983
660.624939
661.833679
663.096985
664.530518
665.813049
667.405640
668.514709
669.736450
691.641968
693.078735
694.370361
685.409485
687.047668
688.304565
689.645630
690.861572
692.065063
693.614807
694.808044
696.088989
697.687500
698.879944
692.732727
673.583618
654.434143
655.838257
657.199341
658.445557
659.660095
661.265198
686.834167
688.428833
689.700012
691.169922
692.238220
693.539307
695.013184
696.226562
697.581726
699.000427
700.540710
701.602417
702.940613
704.378479
705.593506
707.050293
708.343201
709.715637
710.994324
712.192688
713.546387
714.954956
716.286133
717.750549
719.129700
720.366333
721.567749
722.970886
724.267822
725.560242
726.826904
728.074219
729.456116
730.656250
Control Period
732.115723
732.840149
733.779785
734.630493
735.393677
736.166138
737.022766
737.803223
738.533447
739.509399
740.323792
740.852722
741.705811
742.412476
743.357056
744.142456
744.854431
745.882080
746.579834
747.304138
747.955322
748.967468
749.722168
750.358459
751.309814
751.837341
752.857117
733.143188
734.231445
734.959106
735.771729
736.461609
737.465088
738.117249
738.897400
739.800903
740.611267
741.444824
742.112488
742.847351
743.811340
744.529724
745.371582
746.099548
746.750061
747.693054
748.381958
749.246094
750.125244
751.003784
751.737976
752.419556
753.315674
754.002991
754.940857
755.664856
756.521118
757.443970
758.162476
758.937805
759.831665
760.737549
761.656738
762.511292
763.042480
763.936829
764.607666
765.529541
766.363281
767.017944
768.015320
768.639771
769.407104
770.183105
770.846436
771.881775
772.698730
773.742554
774.294983
775.212097
775.926636
776.586426
777.645752
778.302856
779.106201
779.824402
780.500061
801.907532
802.619690
803.337585
804.022705
804.694031
805.696533
806.453308
807.210571
808.038086
808.610352
809.601013
810.265808
811.053467
812.084656
812.781738
813.748718
814.357971
815.284485
815.957275
816.801392
817.782471
818.524658
819.508118
820.034668
820.834473
821.732178
822.420654
823.385742
824.121582
824.997559
825.717529
826.552673
827.436462
807.743530
788.028198
788.920654
Control Period
789.573120
789.826050
790.255127
790.553040
791.201965
791.503052
791.634216
792.175659
792.395325
792.899292
793.216248
793.807739
794.093628
794.220337
794.649414
794.908936
795.413696
795.677979
795.924988
796.520020
796.593262
797.021851
797.229004
797.517334
798.070129
798.431396
798.984314
799.071350
778.930054
779.588745
779.874146
780.221008
780.445129
780.657776
781.238220
781.439941
781.731445
782.355286
782.816040
782.943359
783.201233
783.750488
783.974792
784.296509
784.816467
785.157227
785.563110
785.780701
786.058289
786.612671
786.859375
787.285767
787.632446
788.003784
788.217041
788.514160
788.998962
789.313965
789.780029
790.160461
790.441101
790.689575
791.143616
791.406982
791.883911
792.247559
792.660034
792.925476
793.315552
793.623230
793.926270
794.556641
794.863159
794.951477
815.774170
816.009216
816.644043
816.934448
817.259888
817.685120
818.055176
818.371643
818.632751
819.227600
819.458313
819.820862
820.161987
820.420715
820.948853
821.169617
821.700500
822.001465
822.304016
822.547058
822.955200
823.351807
823.842346
824.325073
824.734314
824.992676
825.242737
825.724976
826.098083
857.313599
857.591309
857.998474
858.405640
858.693298
858.999695
859.385254
858.345886
868.364014
868.843323
869.132446
869.605408
870.051331
870.328125
870.763489
871.101685
871.405029
851.258789
851.828552
852.079224
852.694885
Control Period
852.987976
853.172363
853.009583
852.645874
852.428711
852.194580
851.966553
851.817505
851.946228
851.782471
851.445129
851.215942
850.986633
850.770752
850.551636
850.413147
850.255981
849.907593
849.678711
849.452393
849.243042
849.042664
848.822144
848.661438
848.306335
848.078735
847.855164
827.273865
827.145630
826.993713
826.646118
826.644165
826.601685
826.372192
826.207642
826.036865
825.867981
825.510193
825.290588
825.070557
824.843628
824.629028
824.455078
824.290710
823.944580
823.715698
823.481384
823.261963
823.042358
822.893677
822.733765
822.380249
822.141968
821.918213
821.701538
821.492981
821.534973
821.450256
821.098694
820.893494
820.715515
820.519592
820.359375
819.999512
819.774475
819.550415
819.329102
819.129211
818.912964
818.749207
818.385498
818.152344
817.931152
817.717957
817.505249
817.353210
817.202271
816.857239
816.648682
816.695496
816.581360
816.419189
816.197021
816.040833
815.694885
815.479797
815.273987
815.042419
814.810547
834.788696
834.582886
834.393250
834.169983
833.956299
833.702637
833.526733
833.170227
832.993530
832.758606
832.520325
832.363281
832.164795
832.171753
832.174866
832.026001
831.856201
831.499023
831.255920
831.030396
830.798035
830.571411
830.360168
830.191956
829.841003
829.617737
829.398499
829.184387
828.967834
828.809509
828.659058
848.663452
848.430298
848.240967
848.016418
Control Period
847.847717
847.162292
846.872681
846.296997
845.694763
845.170471
844.648438
844.129089
843.424316
842.881165
842.294800
841.714661
841.155029
840.548157
840.032959
839.314453
838.733032
838.153870
837.575195
837.011841
836.411560
835.900879
814.973389
794.034241
773.091553
752.154785
752.023926
751.325256
750.739502
750.205750
749.638916
749.066284
748.538757
748.017822
747.300232
746.718018
746.138184
745.552734
745.002686
744.482849
743.997253
743.284180
742.703247
742.124878
741.570679
720.647827
699.709473
678.771729
657.831787
657.614380
657.053284
656.530762
656.012878
655.502319
654.784241
654.200073
653.632080
653.048279
632.100647
611.159729
610.466614
609.899902
609.313843
608.752747
608.184265
607.610046
607.105408
606.398743
605.822937
605.240723
604.682495
604.150696
603.827820
603.450378
602.735352
602.148193
601.558777
601.004578
600.440125
599.828308
599.317261
598.596619
598.045410
577.114746
556.185974
535.240601
514.313293
493.385498
472.442657
451.502533
430.570435
409.652405
388.724762
367.797302
346.852539
325.920258
304.983032
304.804016
304.296204
303.698639
303.196411
302.472595
301.879028
301.291534
300.697632
300.152863
299.575775
299.049225
298.335968
297.749908
297.170105
296.578918
296.016388
295.485199
294.961395
294.242371
293.653259
293.061768
292.477295
291.943726
271.006805
270.647644
270.058075
269.492828
268.925659
268.346008
Control Period
267.817078
293.610565
293.286316
292.947021
292.416351
292.011444
291.628296
291.224976
290.856720
290.518066
290.176697
288.639343
288.177643
278.395844
257.637695
236.876968
216.124573
195.384018
174.638977
174.502228
173.972839
173.567932
173.190231
172.819412
172.442825
172.079041
171.757492
171.258026
170.850891
170.443756
170.048935
169.670914
169.233688
168.897263
168.358276
167.964737
167.574707
167.177811
166.800903
166.376648
166.039108
165.513565
165.126266
164.915756
164.522537
164.203232
163.867126
163.550705
163.024521
162.618179
162.216309
161.811569
161.440750
161.022888
160.704376
160.185883
159.799866
159.416077
138.685760
138.361664
138.037247
137.523071
137.128891
136.744629
136.344849
135.990036
135.937302
135.669525
135.138397
134.745499
134.352600
133.962433
133.588425
133.170410
112.417534
91.665779
70.917549
50.172836
29.439323
9.903758
9.889997
9.895596
9.900717
9.888238
9.893996
9.889517
9.891916
9.891276
9.897514
9.893517
9.941357
30.601648
30.311415
30.243900
30.315735
30.111900
30.240536
30.237818
30.239258
30.262295
30.298935
30.305975
30.117979
30.262455
30.251257
30.253017
30.284695
30.206779
30.320536
30.110140
30.241978
30.241657
30.245338
30.262775
30.309814
30.537651
30.249340
30.277657
30.248535
30.244057
30.273657
30.286133
30.334454
30.248537
30.286453
30.242298
30.278137
Control Period
30.266457
30.315094
30.120859
30.236698
30.248699
30.251095
30.281977
30.218781
30.305016
30.110620
30.272377
30.246456
30.545811
30.369551
30.214619
30.316696
30.106142
30.244059
30.239258
30.244539
30.258938
30.249819
30.308376
30.110142
30.251579
9.878798
9.908078
9.901997
9.896074
9.900396
9.899597
9.897837
9.891758
9.902317
9.902317
9.888235
30.614609
30.330992
30.246778
30.270458
30.320057
30.297335
30.113659
30.248859
30.233820
30.254778
30.272217
30.247900
30.313015
30.118622
30.254778
30.253819
30.241020
30.257977
30.293335
30.305817
30.139900
30.251900
30.235580
30.241499
30.433014
30.383892
30.341335
30.116381
30.249020
30.259739
30.252378
30.253658
30.322298
30.328377
30.126780
30.236380
30.244219
30.240379
30.271259
30.319096
30.315897
30.123423
30.244059
30.237499
30.242939
30.267738
30.236858
30.328856
30.192223
30.347734
30.269018
30.236538
30.315737
30.298458
30.316694
30.255579
30.248859
30.299416
30.312698
30.315897
30.112860
30.248379
30.239100
30.250137
30.279579
30.319736
30.325497
30.117823
30.242619
30.255098
30.255739
30.512373
30.402456
30.335735
30.123583
30.239738
30.285019
30.249660
30.269178
30.327736
30.319256
30.136543
30.245020
30.268059
30.250938
30.277657
20.133266
9.898317
9.896875
9.912557
Control Period
9.894157
9.898157
9.893679
9.897038
9.906478
30.483093
30.247419
30.242939
30.273499
30.262779
30.314297
30.341816
30.123903
30.244698
30.250938
30.245501
30.266939
30.236217
30.294300
30.114782
30.253820
30.264698
30.253178
30.272377
30.226620
30.318455
30.134142
30.271420
30.294781
30.472374
30.459095
30.315577
30.332376
30.113182
30.246939
30.245499
30.241180
30.267258
30.319738
30.304859
30.117023
30.254940
30.251579
30.245020
30.260220
30.333977
30.308060
30.124542
35.356735
35.074203
34.805111
34.518417
34.052048
33.812553
33.574341
33.242207
32.955193
32.672340
32.397003
32.046791
31.693377
31.362041
31.015509
30.728813
30.262444
30.249340
30.272058
30.248539
30.257019
30.315578
30.317978
30.134462
30.249338
30.265018
30.255898
30.273500
30.564529
30.373493
30.120222
30.256058
30.271740
30.261179
30.271259
9.892076
9.887758
9.892557
41.468102
41.194370
40.914078
40.590103
40.253811
39.911758
39.576904
39.320930
39.034878
38.550591
38.211578
37.866966
37.511635
37.287182
37.255680
36.991867
36.516380
36.162006
35.823151
35.480297
35.158245
34.830753
34.543102
34.069054
33.755001
33.402706
33.065613
32.713158
32.428543
32.145851
31.665562
31.321428
30.971535
30.623079
30.304226
30.313339
30.130302
30.449976
30.401176
Control Period
30.259098
30.294939
30.307098
30.309660
30.117184
30.253338
30.242300
30.245499
30.264380
30.310938
30.322618
9.888238
9.899757
9.887117
9.883118
9.876556
9.896559
9.902958
9.875759
9.889999
9.886478
9.897198
9.883597
30.668371
30.110622
30.247740
30.271099
30.247261
30.283739
30.313339
30.317181
30.126621
30.234781
30.242142
30.268221
30.284859
30.312859
30.306780
30.114304
30.265821
30.247738
30.273661
30.265018
30.315418
30.346298
30.139263
30.252060
30.617332
30.271101
9.892717
9.886000
9.885038
9.892558
9.889198
9.886638
9.893679
9.910158
9.892717
9.894798
9.905678
9.898478
9.897358
9.897838
9.902958
9.896238
9.897837
9.911758
9.904398
9.905037
9.929518
9.909359
9.913837
30.486774
30.270941
30.254299
30.264542
30.268702
30.321339
30.321018
30.119904
30.246460
30.253021
30.267900
30.271578
30.324860
30.331579
30.137505
30.264702
30.264061
30.248701
30.274460
30.267900
30.335739
30.128223
30.286459
30.257181
30.596373
9.897518
9.913198
9.898958
9.902798
9.896077
9.889359
9.892398
9.896718
9.892559
9.895918
9.890318
9.907757
9.886318
9.893838
9.902637
9.924237
9.889039
9.893039
9.894638
9.895278
9.899439
9.907278
9.898319
30.479095
30.283739
30.250780
30.242462
30.284222
30.301500
30.312538
30.111906
Control Period
30.278297
30.545797
30.837294
31.183186
31.519159
31.855293
31.990953
32.273170
32.540993
32.828171
33.112309
33.366367
33.724903
33.871124
34.146461
34.423561
34.792336
35.374702
35.691002
36.013374
36.173195
36.447090
36.720345
36.987366
37.292622
37.546520
37.869858
38.005997
17.929029
9.883918
9.883598
9.877518
9.882960
9.891760
30.265820
30.528040
30.799379
31.121595
31.425732
31.771465
32.275757
32.558453
32.836994
33.105293
37.983879
38.321133
38.629906
38.768127
39.045700
39.319920
39.618935
39.913635
40.247849
40.592781
40.755482
41.025703
41.293041
41.570137
41.862434
42.154892
42.308632
42.613091
42.898029
43.173687
43.735733
44.077469
44.418404
44.565582
44.843643
45.130020
45.434959
45.738457
45.981636
46.336014
46.488632
46.759811
47.046349
47.336887
47.672066
47.920364
48.265938
48.411682
48.714058
49.013393
49.287933
49.594471
49.868370
50.200344
50.646561
50.995014
51.266029
31.176743
11.087456
9.873999
9.880399
9.898800
9.888559
9.883438
9.876398
9.882481
9.887759
9.893359
9.896721
9.887280
9.919118
9.905518
9.903759
9.911118
9.905038
9.907759
9.905999
9.880079
30.661812
31.002588
31.168011
31.451029
31.724928
32.031788
32.345364
32.698460
33.067875
33.227058
33.546879
33.869419
34.189877
34.522491
34.840549
35.224045
Control Period
35.411705
35.835903
36.229862
36.664299
37.121937
37.616051
38.100567
38.399647
38.832325
39.531395
39.939754
40.404110
40.827827
41.265625
41.544865
21.570518
9.894960
9.906797
9.896719
9.902158
9.943117
9.901677
9.890480
9.898958
9.883918
9.880880
9.928078
9.894958
9.895277
9.892720
9.908878
9.921358
9.906799
9.892399
30.678934
30.937855
31.345573
31.736172
32.119732
32.521210
32.891491
33.352169
33.614933
34.043133
34.467812
34.897610
35.337650
15.346025
9.876080
9.890160
9.892879
9.894318
9.888237
9.887119
9.874320
9.880400
9.895440
9.906960
30.623734
31.045052
31.495970
31.954086
32.437164
32.704247
33.120125
33.533924
33.916843
34.320084
34.764603
35.221600
35.483723
35.876404
36.270523
36.668163
37.070602
37.531921
38.007637
38.264000
38.658279
39.075279
39.482357
39.895515
40.408031
41.171741
41.454662
41.840302
42.249939
42.646618
43.045536
43.454693
43.910568
44.172371
44.568569
24.624622
9.890960
9.894960
9.885361
9.873680
9.886480
9.897360
9.880719
9.899278
9.883120
9.878799
9.891760
9.878319
30.617496
57.250015
57.651814
58.061291
58.494926
58.938484
59.200127
59.587845
59.975563
60.393200
60.821400
40.839855
20.869991
9.894960
9.893838
9.898798
9.902800
9.883920
9.899439
9.908079
9.900080
9.882000
9.913037
Control Period
9.898319
30.677977
31.668591
32.751522
33.652218
34.693069
35.722725
36.757660
37.808594
38.858566
39.955742
40.860920
41.926094
42.962948
44.003960
45.051693
46.031109
47.110043
47.994259
49.026794
50.064125
51.099861
52.129196
53.129730
54.396179
55.448555
56.478527
57.503380
58.524872
59.594208
60.593620
61.687115
62.584454
63.618748
64.645363
65.685898
46.341324
27.003954
9.903439
9.897679
9.882799
30.260384
10.946852
9.877841
9.899759
9.895599
9.894320
9.897677
9.894160
10.092073
30.485821
31.572435
32.644165
33.565022
34.602516
35.627533
36.659744
37.703636
38.767052
19.432081
9.881200
9.899279
9.897200
30.276545
31.376917
32.509289
33.422947
34.475002
35.532013
36.558628
37.598362
38.658257
39.766632
41.005402
42.095375
43.141029
44.173084
45.265778
46.355911
47.455963
48.364822
49.390797
50.424931
51.455067
52.529358
53.603973
54.683868
55.592247
56.635662
57.656357
58.683289
80.147163
81.076981
82.099434
83.147964
84.181305
85.407593
86.711960
87.837456
88.736237
89.780128
90.808342
91.843117
92.901413
93.993149
74.664734
75.578552
76.630127
77.668579
78.721909
79.782921
80.846336
81.036652
92.065109
93.091400
94.135132
95.193108
96.244202
97.344574
98.437744
99.371719
100.623291
81.291840
61.960228
42.625259
23.281488
9.891920
Control Period
9.892080
9.906321
9.889519
9.889200
9.879920
20.136471
9.897680
9.894160
9.943760
9.911758
9.895599
9.897839
9.910320
9.892080
9.897680
9.894000
9.908080
30.608377
31.624485
32.657234
33.687584
34.734573
35.593887
36.585037
37.586269
38.603336
39.641685
40.664036
41.738384
42.627457
43.642124
44.652794
45.681541
46.715729
47.781116
48.864105
49.753178
50.774887
51.790833
52.813019
53.850883
54.856430
56.250931
57.096161
58.082191
59.086620
60.066090
61.063480
62.065353
63.127060
63.982853
64.987602
65.972351
66.955338
67.988403
69.023071
70.111496
71.005844
72.009949
52.660789
33.278034
13.891277
9.896080
9.883282
9.897039
30.609016
31.654884
32.648113
33.694622
34.530899
35.535648
36.518002
17.128366
9.880560
9.891920
9.880082
9.895920
9.884081
9.880720
9.872241
9.886801
9.906640
9.882161
9.882641
9.880880
9.872719
9.887761
9.884560
9.883600
9.909519
30.478142
31.456173
32.428448
33.410961
34.420673
35.450062
36.482494
37.366447
38.395836
39.412426
40.441177
41.490730
42.559479
43.613346
44.507378
45.528450
46.520721
47.542591
48.582859
49.668247
50.752678
51.648628
52.662979
53.691410
55.036953
56.084103
57.105972
58.155041
59.011154
60.020065
61.015697
61.995972
63.022964
43.657646
24.293770
9.896240
9.898800
Control Period
9.881681
9.893520
9.890640
9.887920
9.904560
30.615740
32.036713
33.491123
35.118813
36.634823
37.895477
39.292770
41.042374
42.435989
43.845284
45.304817
47.112335
48.385311
49.795242
51.219093
52.935417
54.402786
55.874954
57.687119
58.962975
60.368111
61.819801
63.272133
65.008301
66.578873
67.848175
69.284187
70.865158
72.271576
73.743423
75.517029
77.009842
78.290657
79.849869
81.304916
82.713730
84.185738
85.992783
87.462074
88.741928
90.394417
71.429161
52.468544
33.496407
35.314167
36.580746
37.982040
39.737408
41.131020
42.588310
44.072483
45.854889
47.110107
48.764030
50.160362
51.664215
53.285820
54.901184
56.164082
57.741051
59.313377
60.701393
62.154686
63.848133
65.363503
66.650719
68.277451
69.836983
71.233795
72.691406
74.398293
75.864067
77.141045
78.778656
80.295151
81.718369
83.223663
84.841911
86.301926
87.594261
89.261307
90.740036
92.167732
93.864540
74.902802
55.980106
57.732109
59.159485
60.655174
62.466537
63.912949
65.180649
66.648026
68.294914
69.707245
71.229820
72.990631
74.450645
75.716263
77.267632
78.733086
80.150543
81.710075
83.459999
84.909294
86.186752
87.595245
89.240372
90.626945
92.079758
93.653687
95.339767
96.602501
98.129868
99.770355
101.152283
102.622208
104.256294
105.934860
107.215836
108.775040
Control Period
110.364967
111.407768
112.493286
113.789368
114.980003
115.884888
117.153442
118.351601
119.382721
120.473839
121.782234
122.876717
123.801445
125.103600
126.242561
127.259285
128.333771
129.640091
130.738571
131.645691
132.954086
134.057205
135.160965
136.344727
137.552170
138.651291
139.553772
120.222343
121.551056
122.646973
123.744492
124.760735
126.181450
127.105057
128.126099
129.459457
130.477463
131.580902
29.847715
8.375671
8.370391
8.375193
8.367350
8.370872
8.374229
8.380468
28.760859
8.375832
8.390710
28.761820
8.365592
8.374229
28.597824
8.380152
8.382870
28.600864
8.378389
8.372790
28.589664
8.376789
8.377270
28.583422
8.375989
8.380630
28.582462
8.383032
8.393910
8.388309
8.384951
28.572704
8.376792
8.384468
28.757978
8.375352
8.368629
28.759739
8.392311
8.374709
28.764860
8.383671
8.378550
28.592863
8.380952
8.400311
28.590143
8.373270
8.377429
28.610142
8.374868
8.379671
28.613983
38.434265
28.814457
8.374231
8.376949
8.394711
8.377590
8.376151
8.390551
8.383989
28.605343
8.374392
8.385750
28.709179
8.384790
8.374390
28.759741
8.368151
8.380470
28.759260
8.377592
8.384790
28.768379
8.379351
8.386230
28.770458
8.388149
8.433108
8.387991
8.384151
8.392151
8.382069
28.764217
8.398230
8.376308
28.752060
8.379350
8.386869
8.387191
8.377910
8.386230
8.380630
8.380790
8.384949
28.614784
8.382711
8.402390
28.598303
8.379030
8.372311
28.582943
8.368312
8.382549
28.609505
8.372470
8.377750
46.948971
28.573183
8.382551
37.781319
8.402711
8.372791
28.768860
8.391350
8.380949
28.605343
8.385113
8.383509
28.587425
8.380150
8.390390
28.603745
8.381109
8.376949
28.616222
18.574984
28.618622
8.391352
8.381912
8.381269
8.381910
8.386712
8.399990
8.382869
28.591263
8.379351
8.377429
28.596382
8.381111
8.370549
28.600224
8.386551
8.374869
28.602304
8.388311
8.385429
28.774780
8.374071
8.394710
28.772537
8.386711
8.387349
8.388631
28.602463
8.393749
8.377750
28.592863
8.380629
8.384472
8.389591
8.377749
28.600542
8.392792
8.390869
28.627422
8.386869
8.399990
28.597824
8.380311
8.391349
28.755421
8.384150
8.386549
28.760540
8.380952
8.372469
28.771580
8.375669
8.381109
28.706141
8.379829
8.384632
28.578783
8.384469
8.387031
8.394390
18.605385
8.399831
8.392149
28.747259
8.368790
8.383511
28.770620
8.391830
8.381109
58.034191
36.827049
8.390711
8.371352
8.373911
8.366549
8.389431
8.378712
8.379189
28.594944
8.382870
8.381589
28.620382
8.387510
8.384470
28.748220
8.382872
18.605064
28.769501
8.378712
8.405748
28.775101
8.393749
8.380311
8.398550
8.389910
8.399670
8.405109
8.418229
28.768858
8.409430
8.384949
28.765980
8.412630
18.602343
28.611742
8.394390
8.403989
8.389591
8.384309
8.399031
8.389432
8.391349
28.589664
8.388470
8.396629
28.612223
8.390232
8.400471
28.616543
8.387511
8.385909
28.634302
8.391352
8.385270
28.712862
8.385592
8.392789
41.659000
8.392791
18.538027
8.396629
28.764061
8.393272
8.382869
28.766619
8.389429
8.379990
28.764061
8.377270
8.384949
28.778141
8.385270
8.395670
28.775579
8.393112
8.383989
28.593023
8.390870
8.384628
28.584223
8.384789
Control Period
8.373432
28.584543
8.388629
28.607584
18.581865
8.386070
28.597345
8.391990
8.387349
8.377592
8.396151
28.576702
8.379509
28.584064
8.382551
8.385269
8.395510
8.387831
28.779099
8.383029
28.772221
8.374711
8.385750
8.391991
8.387030
28.773178
8.393909
28.765501
8.383671
8.388149
8.378871
8.387029
28.601662
8.374069
28.622305
8.377592
8.388630
8.387032
8.391029
28.520706
8.381592
8.389269
8.392310
8.386549
28.610462
8.389912
38.053631
28.758141
8.392312
8.375989
8.386230
8.392149
8.377592
8.398870
8.401589
28.561983
8.390551
8.392469
28.786299
8.406391
28.610785
8.389910
8.387030
8.388472
8.385109
28.616062
8.387669
28.617664
8.398870
8.414709
8.402231
8.385269
28.630302
8.392469
28.604385
8.407830
8.384469
8.390710
8.392149
8.387512
8.400950
8.432789
28.606464
8.384312
29.725033
8.378403
8.377600
8.384799
8.371841
8.373442
8.374242
8.387040
28.767136
8.385280
8.380320
28.760897
8.396481
8.384958
28.592258
8.393281
8.387201
28.635458
8.373281
8.368799
28.594660
8.375041
8.379679
28.591455
8.382239
8.381121
28.621696
8.378880
8.368322
8.373920
8.376799
8.373122
8.385120
8.368319
28.756256
8.369600
8.374559
18.585249
28.590336
8.383202
8.380482
28.599457
8.394722
8.366401
28.591295
8.385921
8.380162
28.570015
8.375841
8.375360
28.593216
8.376963
8.375522
8.389282
8.378880
159.352646
138.086502
96.465385
54.838669
33.609959
8.390881
8.375999
28.763454
8.371842
8.383841
28.754656
8.370241
8.375519
28.763615
8.367042
8.376479
28.588097
8.382719
8.377282
28.578659
8.387360
8.379361
8.389281
8.376638
8.381602
8.412961
8.373280
28.583776
8.379042
8.377439
8.368802
28.769533
8.380482
8.375840
28.757214
8.372160
8.373280
28.711296
8.367041
8.375521
28.580097
8.365763
8.378400
28.598976
8.385442
8.375521
38.318954
8.387199
28.612736
8.390400
8.374559
28.592417
18.607647
28.600418
8.375360
8.382559
28.622816
8.379843
8.389439
28.606657
8.376322
8.373919
28.587938
8.374880
8.369280
28.582817
8.368319
8.376802
28.754177
8.376639
8.369440
8.407681
8.380798
8.382561
8.377442
8.378719
28.773376
8.373281
8.373281
28.785854
8.392161
8.380480
28.749058
8.377602
8.378561
28.588736
8.377281
8.374561
8.390560
9.287828
8.380966
28.752272
8.385767
8.379686
28.759151
8.376647
8.372165
28.764111
8.367846
8.364806
28.747152
8.380966
8.365766
28.558195
8.366086
8.373606
28.593235
8.376005
8.365447
28.582674
8.376485
8.380326
8.378566
8.385605
28.595955
8.394885
8.381926
28.600275
8.390885
8.382244
28.601234
8.389925
8.388805
28.770512
8.394886
8.384165
36.195816
8.378086
28.597395
8.369287
8.395686
28.747149
8.378727
8.375366
28.757069
8.381766
8.379525
8.375366
8.377606
8.397125
8.378725
28.766350
8.393284
8.387205
28.760910
8.392806
8.379684
28.779951
8.380325
8.395844
28.754351
8.368166
8.387685
28.607155
8.400806
8.380005
28.590034
8.386086
8.399364
28.590675
8.388965
8.372005
8.382246
8.381926
8.384645
8.378726
8.382404
44.025112
8.367367
28.786032
8.380326
8.392005
28.580276
8.380486
8.376486
8.390566
8.373925
8.375046
8.386726
8.383685
28.577875
8.383526
8.365604
28.563156
8.395525
8.373765
28.582514
8.390085
8.368645
28.595316
8.381286
8.381765
28.766832
8.377766
8.397284
28.760431
8.372005
18.558058
131.816940
90.227982
48.614708
8.365447
8.375526
8.372005
28.601555
8.372807
8.368164
28.589075
8.377605
8.374725
28.595634
8.376646
8.373765
28.754513
8.372486
8.373125
28.761711
8.394246
8.365126
28.762032
8.382406
8.376326
28.754831
8.380165
8.376966
8.391206
8.377285
8.390566
8.383527
8.390406
28.768270
8.380646
8.384005
28.593716
8.374886
8.374886
28.594995
8.384326
8.378885
28.580435
8.390726
8.373446
28.579475
8.376005
8.381285
28.600115
8.377925
8.371686
28.747791
8.374725
8.377127
8.397126
8.376005
8.380325
8.378566
8.380965
28.763151
8.384806
8.380005
64.818169
43.592037
8.369926
8.365765
28.577555
8.372325
8.387686
8.375687
8.376165
8.379045
8.387206
8.370245
28.578995
8.369926
8.381445
28.583956
8.367846
8.380805
125.909843
104.662117
63.041481
21.413807
25.316334
8.374565
8.382726
28.605877
8.419365
8.375205
28.579475
8.367526
18.577097
8.382086
28.790672
8.370405
8.386885
28.765871
8.370246
8.383205
28.769550
8.386887
8.378565
28.700432
8.384645
8.373924
48.721668
28.751629
8.385926
8.383846
28.766350
8.376006
8.397126
28.770350
8.384645
8.378086
8.416485
8.376806
8.381446
8.393446
8.384325
28.767792
8.379686
8.384965
28.766830
8.385925
8.395525
28.758511
8.391047
8.398085
28.598835
8.384645
8.412324
28.623316
8.384326
8.399685
28.608915
8.382887
8.385925
28.611155
8.381124
8.367525
8.408485
8.369125
8.427365
28.751791
8.384007
8.376647
28.763311
8.392005
8.380486
28.706354
8.394245
8.389126
28.585556
8.377765
8.375366
28.607475
8.388645
8.382086
28.598675
8.372005
8.396326
28.621235
8.380645
8.377605
8.388166
Control Period
8.374406
55.156429
36.353737
8.384326
8.369607
8.403845
8.375366
28.752754
8.367686
28.611317
8.376966
8.381445
8.377286
8.368807
28.632914
8.370726
28.592756
8.384487
8.380965
8.367847
8.373925
28.581877
8.382404
28.770512
8.367846
8.370245
8.381765
37.400436
8.412004
8.376486
28.793711
8.369127
38.860088
8.358407
28.591795
8.370246
28.595795
8.371848
8.391365
8.379047
8.382245
28.586355
8.370887
28.759472
8.370087
8.380805
8.388807
8.385286
28.787474
8.379847
28.750513
8.369928
8.371206
8.377447
8.379365
28.766193
8.372166
28.589556
8.385607
8.413924
8.377607
28.798832
8.382566
28.753233
8.384966
8.372328
8.370246
8.375366
28.768913
8.377286
28.750832
8.379366
8.383685
8.379686
8.382085
28.618835
8.374887
28.627794
8.377127
8.384645
8.380807
8.384005
28.599957
Control Period
8.374567
28.596756
8.380007
28.680756
8.365606
28.771954
8.364967
28.754995
8.375526
28.599476
36.770687
28.736437
8.379047
28.599476
8.383366
28.702515
8.391047
28.806351
8.384645
28.749231
8.373608
28.679955
8.382566
31.764061
8.381927
28.593874
8.377928
8.495857
8.357621
28.736002
8.374741
8.368980
28.776482
8.365299
8.369303
28.764482
8.362099
8.358262
28.728483
8.373779
8.384181
28.584003
8.375539
8.364341
28.583202
8.367219
8.363702
8.374260
8.360179
8.373621
8.372020
8.378579
28.594881
8.363700
8.378420
28.576645
8.390580
8.366739
28.590725
8.356981
8.370099
31.776112
8.372020
8.371220
8.365940
8.376339
28.589764
8.364981
8.364019
28.754881
8.356501
8.376179
28.766562
8.382421
8.369139
28.752644
8.363541
8.371380
28.752800
8.377940
39.835976
28.786077
8.374260
8.371700
28.572325
8.385620
8.372021
28.615042
8.370420
8.378420
28.581444
8.359859
8.367219
28.593601
8.380019
8.362741
28.707842
8.382420
8.367701
8.368502
8.386099
8.364182
8.367860
8.361938
8.369781
8.375700
8.371540
28.755203
8.399858
8.381779
28.754402
8.379381
8.378260
28.752804
8.362900
8.364500
28.593443
8.376020
8.368820
28.587841
8.357301
8.365459
28.567684
8.376820
8.364658
28.559523
8.366100
8.368340
28.788639
30.909883
8.381460
28.774080
8.386580
8.357620
28.750240
8.368980
8.370260
28.756159
8.391219
8.362421
28.745440
8.358740
8.373301
28.577763
8.369141
8.371540
8.406261
8.365459
8.365141
8.369940
8.366581
28.584324
8.376181
8.369619
28.583202
8.374580
8.379860
28.578562
8.374580
8.368500
28.701284
8.373140
8.384499
28.755041
8.378581
8.364979
28.753441
8.362101
8.379060
28.766243
8.367861
8.363539
28.764959
8.368820
8.366100
28.585922
8.363218
8.373301
8.365141
8.365940
8.360821
8.369620
8.371379
8.368181
8.365782
8.371700
28.569122
8.365140
8.387220
28.567842
8.371059
8.367859
28.585442
8.375542
8.369940
51.130985
29.880428
8.376820
8.395380
28.579041
8.371861
8.375540
28.612484
8.362740
8.369143
28.584482
8.375220
8.374420
28.603682
8.373940
8.379221
8.397459
8.382099
8.381620
8.376980
8.367859
28.589922
18.602570
8.387379
28.765762
8.378580
8.381298
28.760641
8.374741
8.382259
28.765600
8.380341
8.368818
28.765282
8.371221
8.368979
28.576004
8.371381
8.376180
28.581760
8.374901
8.371380
28.576641
8.372339
8.366422
28.580643
8.368819
8.375061
8.377940
8.377300
8.364981
8.378580
8.364019
28.582561
8.368341
8.378739
28.743841
8.373941
8.362579
28.754883
8.366739
8.370099
28.757282
8.373461
8.366419
28.739523
8.372820
8.374418
28.576643
8.367861
8.371219
28.592005
8.371221
8.393459
28.581604
8.381140
8.378740
28.569763
8.371380
8.376181
28.622881
8.387379
8.394581
8.407061
8.372820
8.370101
8.381781
8.378260
8.363380
28.742882
8.379861
8.373620
28.743202
8.373621
8.382421
28.581764
8.388981
8.373302
28.613760
8.371541
8.376502
8.376181
8.370740
8.363382
8.373940
8.371539
8.377460
8.382100
8.377780
28.572006
8.381301
Control Period
8.363539
28.606083
8.375540
8.364658
8.369301
8.377780
28.574081
8.374899
28.620964
8.377141
8.374100
8.371380
8.371059
28.585281
8.386419
28.581924
8.382580
8.370419
8.370420
8.367859
28.737761
8.378740
41.190353
28.589285
8.370740
8.367863
8.371700
8.370258
28.582083
8.385302
28.761280
8.388980
8.379059
8.378101
8.368499
28.796642
8.372021
8.363699
8.372660
8.376499
28.784641
8.378260
28.762403
8.377941
8.392020
8.366739
8.369139
28.753122
8.379860
28.579523
8.385941
8.368339
8.389620
8.370739
28.588964
8.372660
28.618084
8.368980
8.367538
8.374260
8.367059
28.574726
8.369299
28.755362
8.370100
8.392659
8.375060
8.379379
28.770241
8.372660
59.960281
41.246601
8.367701
8.385620
8.371861
8.369299
28.755524
8.368820
28.775200
8.372499
8.376020
8.367380
8.368340
Control Period
28.755520
8.375700
28.589603
8.391860
28.614243
8.396500
28.602402
8.367862
28.759203
8.374901
28.748962
8.362740
28.764801
8.362419
8.365301
8.361619
8.366100
8.376499
8.392019
8.376659
8.378260
8.390580
8.392179
8.358739
8.368181
8.369939
8.366100
8.372660
8.361141
8.365779
8.378740
8.383380
8.366420
8.370260
8.359380
8.381300
8.385941
8.380180
8.378901
8.383060
8.387541
8.375860
8.384820
8.367221
8.378581
8.380180
8.379379
8.361938
8.361141
28.743999
8.364182
28.759041
8.377621
28.748480
8.384180
28.604483
8.366420
28.585443
8.367860
28.581760
8.382261
28.760643
8.373620
28.754242
8.369940
28.591362
8.376020
28.623362
8.368659
28.590084
8.364342
28.771519
8.364660
28.738083
8.372181
28.764641
8.381460
28.590563
8.364499
28.587843
8.362901
28.584164
8.364180
28.727842
8.363699
28.748640
8.362099
8.378422
8.366899
Control Period
8.371380
8.388179
8.371059
28.766558
8.379861
35.110451
8.387859
28.702080
8.366261
28.611523
8.377460
8.375219
8.392818
8.371059
28.610241
8.368821
8.389940
8.388500
8.367701
45.151085
31.263071
8.364340
8.383700
8.366901
8.368821
28.614561
8.362579
28.577286
8.369942
8.366419
8.365942
8.376822
28.581604
8.368179
8.375540
8.371861
8.372662
28.756161
8.369941
28.593761
8.369301
8.368179
28.763363
8.368660
28.748482
8.360500
8.367060
8.363062
8.374580
28.777279
8.365620
28.749603
8.364501
8.360980
28.578884
8.361300
28.778881
8.388981
8.381301
8.380980
8.373140
28.594402
8.373301
8.368660
8.375860
8.371540
28.598402
8.378101
28.567680
8.366582
8.375220
8.366899
8.380341
28.599684
8.377460
18.496973
8.370581
28.701601
8.362579
8.367060
28.591042
8.380020
28.574245
8.374420
8.371220
8.369139
8.367062
28.593601
8.369782
8.392020
8.369780
8.371540
28.567682
Control Period
8.375220
28.617441
8.368822
8.368020
28.771042
8.373461
8.367541
28.734241
8.361619
8.383539
28.603203
8.365141
8.365780
28.754562
8.372660
8.373941
28.589605
8.364819
8.365140
28.602724
8.398100
8.369140
28.759842
8.367380
8.376500
28.583363
8.379220
8.365620
28.745281
8.353943
8.369141
28.747522
8.366901
8.390261
28.584965
8.369139
8.367540
28.671844
8.369781
8.359379
28.714243
8.368502
8.366100
28.586082
8.362902
8.379381
28.750721
8.367222
8.370740
28.587044
8.377781
8.368181
28.605282
8.368019
8.362740
28.739521
8.372660
8.374260
28.593124
8.376340
8.369941
8.388981
8.369299
8.371861
8.377139
8.376181
8.369461
8.368980
8.388340
8.375860
8.379379
28.746084
8.373140
8.366580
28.595842
8.384501
8.382898
28.758722
8.387700
8.366101
8.370100
8.376820
8.376501
8.368019
8.374901
8.375060
8.375381
8.376820
8.376980
8.383700
8.374421
8.385620
8.375061
8.374102
28.592165
8.368981
8.367221
28.760162
Control Period
8.361300
8.371222
8.405300
28.583525
8.363541
8.377301
8.385300
28.588642
8.365782
8.371702
28.755363
8.364819
8.363543
8.366421
28.677441
8.367699
8.379222
8.369461
28.754883
8.363379
8.365140
8.360981
28.591681
8.375059
8.376501
8.367381
28.590403
8.365141
8.381781
8.385620
28.593603
8.368820
8.382901
28.739361
8.374899
18.568171
8.360981
8.365301
8.373140
28.585924
8.367378
8.362902
8.371222
28.587044
8.388500
8.372181
8.372021
28.595203
8.375380
8.378421
8.374741
28.591524
8.383701
8.381622
28.595842
8.373940
8.379221
8.375061
28.588165
8.378740
8.375381
8.360341
28.579525
8.363859
8.361460
8.366100
28.592163
8.362739
8.375860
8.396180
28.584326
8.370260
8.384661
8.392340
28.579365
8.371862
8.376501
28.586723
8.362740
8.363541
8.369621
28.586405
8.374578
8.366899
8.365941
28.591043
8.365941
8.369619
8.370901
28.595364
8.364019
8.370260
8.358261
28.672964
8.364662
8.374420
8.398740
28.695843
8.383060
8.366901
28.586082
8.365299
8.369940
8.367541
28.607204
Control Period
8.369619
8.368660
8.365302
8.363062
28.790562
8.372820
8.373299
8.360020
8.362422
28.577602
28.751040
8.363220
8.362581
8.368023
8.446579
28.593605
8.365299
8.363380
8.390900
8.381461
28.756964
8.366422
8.375859
8.383060
8.370741
28.732323
28.741280
8.360182
8.371698
8.381781
8.395540
28.746403
8.376659
8.368500
8.374901
8.365462
28.592163
8.363540
8.363379
8.374580
8.368182
28.767521
60.062683
32.667297
28.586884
8.375539
8.384180
8.363541
8.377941
28.594727
8.363222
8.362900
8.384820
8.379221
28.758083
28.654083
8.375862
8.371539
8.385300
8.377781
28.764324
8.379219
8.388340
8.364181
8.380180
28.590565
8.374262
8.360339
8.367380
8.368662
28.779682
28.586082
8.392179
8.371380
8.373620
8.376501
28.764803
8.382420
8.412500
8.375221
8.366100
28.602406
8.380660
8.394899
8.372499
8.380821
28.761602
28.592802
8.365459
8.367859
8.373462
8.392501
28.758402
8.375059
8.381140
8.381942
8.370260
28.594084
8.361460
8.366739
8.378422
8.378101
28.762402
28.593124
8.378099
8.371859
8.366742
8.379541
28.760002
8.381619
Control Period
8.364982
8.374901
8.366261
8.367222
28.747042
28.588163
8.359380
8.374421
8.383060
8.370741
8.366580
8.379379
28.764801
28.596325
28.785759
8.374102
8.378901
8.370900
8.378262
8.387540
8.378101
28.608807
28.739202
8.369142
8.370420
8.376820
8.376022
8.379221
8.375061
28.598404
28.614086
28.760004
8.371862
8.376019
8.367381
8.382742
8.368980
8.385941
28.636164
28.754082
8.377300
8.375860
8.372340
8.366423
8.364340
8.368022
28.590565
28.768162
28.609125
8.371222
8.369141
8.357302
8.372978
8.367380
8.407539
28.767200
28.602242
8.364980
8.369619
8.377142
8.374261
8.376181
8.374582
28.755842
28.735361
28.603844
8.378740
8.369780
8.361942
8.364022
8.373941
8.390900
28.762562
28.568485
8.365461
8.375220
8.362422
8.366259
8.371862
8.367221
28.754883
28.590881
8.364182
8.370739
8.382261
8.377141
8.371060
8.367861
8.372341
28.588966
28.751204
8.368341
8.365459
8.378902
8.367538
8.372502
8.367702
28.590725
28.753601
8.368340
8.361619
8.366899
8.370741
8.371540
8.373781
28.753763
28.597286
28.757442
8.370262
8.365140
8.368982
8.366419
8.365940
8.381142
28.592487
28.750881
8.366102
8.372660
Control Period
8.375862
8.376502
8.370101
8.367061
8.368820
8.373622
8.372979
8.417621
28.697441
32.934494
19.837271
8.371062
8.366419
8.372820
8.375381
8.393940
8.377141
8.380020
28.706562
28.603525
28.761282
28.757923
28.591045
28.785282
8.373940
8.366899
8.368982
40.750683
37.801933
34.875263
31.783634
8.457462
8.365459
8.373461
8.369619
8.372662
8.375382
8.360181
8.359862
8.368820
8.363541
8.370739
8.363859
8.361462
8.382100
28.594246
28.752802
28.617123
28.764641
28.579687
8.365302
8.364021
8.366261
8.364180
8.363379
8.362740
8.365942
8.372980
8.361781
8.371540
8.368179
8.372499
8.364980
8.402901
28.596966
28.774403
28.602404
28.750565
28.585606
8.375701
8.389299
8.386421
8.374421
8.370100
8.374418
8.375860
8.374422
8.381300
8.381941
8.392340
8.378740
8.380178
8.371062
28.582886
28.755203
28.576488
28.794882
28.754562
28.606564
8.380981
8.375060
8.398421
8.377782
8.385941
8.392500
8.383700
8.390100
8.386740
8.388981
8.382900
8.383221
8.403220
28.721283
28.600967
28.766243
28.607521
28.760483
28.608801
8.363702
8.371698
8.368181
8.382261
8.368662
8.364021
8.365460
8.380180
8.379379
8.372820
8.374582
8.380342
8.374262
8.376980
28.600006
28.769444
28.608965
Control Period
28.755842
28.600168
28.759840
28.761921
28.610245
28.758562
28.596327
28.769762
28.599525
28.770884
28.594727
28.758722
28.601768
28.768484
28.727043
28.600645
28.745764
28.629604
28.781921
28.601444
28.756161
28.599047
28.734562
28.769602
8.418900
8.395381
8.388182
8.387062
8.395700
8.383701
8.390741
8.398260
8.379539
8.382261
8.393941
8.377300
8.383060
8.374100
8.370901
8.378582
8.368502
8.374262
8.372501
8.374099
8.369301
8.370422
8.367542
8.379061
8.374262
8.375541
8.376339
8.369301
8.374902
8.372982
8.368502
8.370422
8.376183
8.382099
8.369460
8.371541
8.377941
8.379063
8.371061
8.380342
8.378260
8.373140
8.366423
8.366262
8.362902
8.367540
8.366900
8.376339
8.378580
8.383862
8.367861
8.374741
8.373302
8.369303
8.400021
8.377780
8.368022
8.370261
8.384981
8.371700
8.386420
8.388498
8.393940
8.377300
8.371222
8.379862
8.388662
8.377621
8.371859
8.383860
8.370102
8.379541
8.370902
8.374262
8.376342
8.384659
8.378420
8.380181
8.372183
8.374421
8.378422
8.372180
8.369779
8.382259
8.392342
8.377942
8.369941
8.373941
8.386902
8.378899
8.374102
8.391061
28.599686
28.752483
28.595846
28.801441
28.600807
28.779043
28.598724
28.759363
28.606407
28.761282
28.777922
28.597124
28.778883
28.601765
28.776484
28.599367
28.783361
Control Period
28.601765
29.180931
29.762497
9.996081
8.370902
8.380821
8.369300
8.369619
8.378260
8.376502
8.370261
8.376501
8.378582
8.366100
28.612486
29.201891
29.775137
9.973841
28.762884
29.182215
29.756262
9.960567
8.387702
8.395220
8.389462
8.377300
8.375701
8.375859
8.389300
8.381462
8.409781
8.376982
28.772964
29.229412
29.811619
30.223909
30.800356
31.215048
11.414232
8.368982
8.368019
8.368982
8.368181
8.382742
8.373463
8.386263
8.375540
43.953190
44.530437
45.044643
45.652611
46.231457
26.419762
8.367222
8.369781
8.369462
8.380022
8.385622
8.370579
8.372982
8.372182
8.362421
8.369143
28.780003
29.377728
29.804897
30.382463
30.793154
31.360319
31.766369
11.970193
8.370259
8.378101
8.365461
8.364341
8.376020
8.373940
8.364983
8.369139
8.363702
8.366262
28.581287
29.174213
29.576584
30.158310
30.586760
31.165127
11.358231
8.369940
8.380020
8.374901
8.374100
8.388502
8.383059
8.369143
8.376662
8.369460
8.368982
8.377941
28.605446
29.188133
29.760422
30.336227
30.910591
21.258408
8.377299
19.720633
8.375861
8.365299
8.367060
8.372822
28.754082
29.171652
29.760900
30.177351
30.762117
31.176489
11.375513
8.382421
8.374580
8.386742
8.378420
8.368502
8.372020
8.381142
8.374743
8.376500
8.384022
28.620646
29.201094
29.621706
30.201511
30.625481
31.204967
31.780613
11.979317
8.403540
8.391860
8.377302
Control Period
8.371861
8.373941
8.381140
8.392021
28.764162
30.583246
32.551285
34.346207
36.293446
38.254765
40.215443
21.796623
8.373623
8.364820
8.365940
8.388660
8.368822
8.373940
28.768642
30.563408
32.528728
34.357410
36.325932
38.131256
19.712915
8.375540
8.383862
8.378101
8.373142
8.374741
8.386100
28.590088
30.554129
32.345852
34.304932
36.105293
38.068535
19.687313
8.376982
8.373302
8.383699
8.378580
8.373942
8.380341
28.765762
30.574127
32.558327
34.362690
36.332169
38.126133
19.707630
8.371382
8.373623
8.372341
8.370101
8.371222
8.369621
28.772163
30.735245
38.113438
40.014759
21.624897
8.371061
8.374261
8.383541
8.382100
8.372980
8.391379
28.785282
30.585487
32.551926
34.335011
36.297932
38.111256
19.709715
8.376661
8.374420
8.380981
8.373301
8.375061
8.375699
28.599525
30.562767
32.358013
34.356773
36.148338
38.118137
19.700756
8.365940
8.378580
8.367382
8.371221
8.381302
8.373302
28.750082
30.727404
32.699123
34.502205
36.461124
38.259567
19.869385
8.364662
8.378420
8.369940
8.378101
8.376502
8.373461
28.706083
30.522608
32.482170
34.442688
36.234253
38.204853
19.787151
8.373623
8.367702
8.376501
8.380341
8.364981
8.370260
28.594406
30.570766
32.351131
34.310692
36.233772
38.194450
19.778351
8.378422
8.382582
8.376662
8.374262
8.370741
8.372662
28.766722
30.565168
32.525848
34.328453
36.290573
38.075417
19.655956
8.384981
8.368022
Control Period
8.377460
8.378742
8.367861
28.772322
31.607866
34.633808
37.502151
40.526169
43.368275
25.980953
8.595712
8.379061
8.368500
8.368179
28.756004
31.580029
34.567890
37.585670
40.585209
43.584110
26.231190
8.848029
8.370262
8.369141
8.369143
8.374102
28.763683
31.654747
34.648849
37.474632
40.464573
43.290836
25.909914
8.523391
8.366740
8.370102
8.368982
28.712963
31.704344
34.703243
37.701344
40.540245
43.541225
26.163021
8.770259
8.363862
8.361782
8.366262
28.593126
31.599386
34.429333
37.461514
40.280579
43.295158
46.133263
28.780182
11.412059
8.375541
8.376020
8.378580
54.887253
57.888870
60.884727
63.884747
66.724609
69.740463
52.363861
34.983101
17.592419
8.393780
8.375381
28.609447
31.609467
34.443569
37.456711
40.294014
43.330032
25.949749
8.573468
8.374262
8.375542
8.370899
8.380661
28.767683
31.791702
34.645805
37.658943
40.488087
43.494507
26.126223
8.744182
8.372182
8.380821
8.373622
28.593765
31.595703
34.436207
37.465187
40.311928
43.328907
46.371803
28.999199
11.611558
8.386581
8.384182
8.371059
28.612328
31.609947
34.470772
37.464390
40.307613
43.319153
25.936152
8.551709
8.361782
8.373622
8.366901
28.600327
31.559706
34.398289
37.386787
40.385529
43.397865
46.329086
28.970882
11.584361
8.371540
8.363380
8.371702
28.589767
31.594267
34.429813
37.472870
40.307613
43.316433
25.945751
8.557309
8.378582
8.373621
8.370901
8.368821
28.759045
31.759064
Control Period
34.596367
38.279007
41.777809
45.450371
28.772390
12.064171
8.371220
8.374900
8.370582
28.593767
32.274487
35.791691
39.469849
43.012333
46.710335
30.012833
13.311653
8.380342
8.375542
8.369781
28.707685
32.403767
36.062088
39.735767
43.418247
47.111767
30.398426
13.695646
8.368661
8.370901
8.372023
28.767202
32.282967
35.962406
39.488571
43.180328
46.698174
29.998272
13.292610
8.369461
8.380339
8.380022
28.758083
32.266808
35.938889
39.446972
43.135693
46.762016
30.073475
13.365574
8.373463
8.375060
8.372182
28.608326
32.301208
35.820332
39.502972
43.024014
46.709854
30.023071
13.343010
8.379539
8.385621
8.385621
28.620325
32.309204
35.823689
39.483608
43.009773
46.740570
30.051067
13.354364
8.386742
8.385942
8.370902
28.776642
32.475601
36.074081
39.579765
43.264645
46.784569
30.093628
13.384928
8.401621
8.369781
8.370901
28.764643
32.275928
35.960331
39.467934
43.134895
46.638660
29.977640
13.262541
8.376022
8.365141
8.387861
28.715525
32.239449
35.919369
39.565849
43.285290
46.971291
30.277948
13.586367
8.372821
8.366262
8.368982
28.620165
32.312405
35.824169
39.502010
43.011852
46.680576
29.979717
13.277416
8.374420
8.373460
8.370101
28.600807
32.285046
35.796970
39.476570
42.986576
46.664581
29.982761
13.278221
8.370742
8.375061
8.385462
28.776167
32.302174
36.001133
39.518978
43.201138
46.715462
30.030762
13.320782
8.378420
8.374743
8.375221
28.772165
32.282970
35.978413
39.488098
Control Period
43.182575
46.790901
30.200684
13.574465
8.370743
8.372820
8.378741
28.756165
32.484650
36.234093
40.036972
43.788654
47.540016
30.921955
14.293816
8.380022
8.377623
8.378582
28.616488
32.386890
35.979858
39.736343
43.329788
47.075230
30.462292
13.839434
8.378422
8.386902
8.370901
28.610245
32.376648
35.996334
39.759857
43.359703
47.124664
30.542126
13.928226
8.383060
8.370260
8.370421
28.594088
32.366730
35.957298
39.725140
43.329788
47.096672
30.480373
13.870794
8.381620
8.385461
8.385141
28.801441
32.501446
36.276009
40.055050
43.825294
47.436180
30.836842
14.222624
8.378421
8.375702
8.387861
28.783684
32.395691
36.169613
39.765297
43.569618
47.172184
30.560205
13.932228
8.370901
8.372980
8.369143
28.753925
32.391853
36.161617
39.778744
43.555866
47.164833
30.542295
13.923756
8.371862
8.372342
8.366582
28.735525
32.343529
36.103851
39.861134
43.608177
47.383698
30.797800
14.178782
8.379063
8.387383
8.380981
28.616169
32.387211
35.985458
39.763062
43.408028
47.185951
30.572693
13.956074
8.391380
8.377780
8.387220
28.607208
32.393608
35.998096
39.774578
43.396503
47.177628
30.568687
34.338451
38.123894
41.857338
45.618618
49.381340
53.165184
36.554966
19.933548
8.373782
8.378101
8.392982
28.596966
32.354565
35.952011
39.732494
43.335381
47.112503
30.481325
13.855907
8.375542
8.383222
8.394421
28.595528
32.356331
35.954418
39.728340
43.349785
47.113949
30.500851
13.877029
8.380981
8.370901
Control Period
8.369462
28.584648
32.359371
35.956177
39.710419
43.316666
47.068993
30.465176
13.843758
8.380662
8.377621
8.386742
27.100670
30.814754
24.939878
8.374582
28.772964
32.481289
36.271370
39.985611
43.750893
47.512016
30.901958
14.288219
8.387862
8.380662
8.384342
28.761763
32.530884
36.298088
40.071533
43.842579
47.589622
31.015564
14.402786
8.379541
8.378582
8.374420
28.597767
32.379532
35.979858
39.790421
43.403706
47.167549
30.564211
13.950314
8.381783
8.373620
8.380022
28.636646
32.411850
36.013935
39.780495
43.384502
47.164825
30.544367
13.923107
8.394262
8.368822
8.385142
28.603687
32.365929
35.977295
39.741783
43.336189
47.131229
30.519732
13.897354
27.622103
11.014284
8.395061
8.376982
8.384340
8.385942
28.767525
32.529926
36.142735
39.909298
43.522423
47.298428
30.680849
14.071911
8.388662
8.376343
8.396341
28.622406
32.394089
36.003216
39.767860
43.382748
47.155548
30.543251
13.920393
8.400980
8.371062
8.384661
28.601448
32.388489
35.997456
39.772499
43.382904
47.153145
30.551567
13.932068
8.388341
8.381301
8.380342
28.602568
32.371693
36.001942
39.778107
43.388512
47.157639
30.572859
13.963438
8.377302
8.382742
8.379541
28.605127
32.376968
35.981773
39.777939
43.390106
47.069633
30.477495
13.870316
8.391382
8.392821
8.400661
28.790243
32.487209
36.252495
40.030258
43.806740
47.583221
30.975082
14.351744
8.377942
8.373622
8.376981
28.696007
32.470089
36.254250
40.013451
Control Period
43.820492
47.609135
31.008356
14.394777
8.389141
8.381460
8.391701
28.767204
32.422890
36.190571
39.954094
43.736816
47.413464
30.789486
14.163267
8.379702
8.372501
8.393621
28.769924
32.549927
36.314892
40.086098
43.864021
47.663704
31.041325
14.417826
8.375381
8.379222
8.384501
28.779842
32.381927
36.148972
39.783379
43.559063
47.172508
30.554289
13.937508
8.386101
8.378902
8.378262
28.772964
32.370411
36.136494
39.728821
43.484344
47.083073
30.472691
13.856070
8.384022
8.380822
8.383701
28.772163
32.374569
36.145935
39.743061
43.511864
47.120510
30.510931
13.897192
8.379222
8.382261
8.386581
28.766882
32.367527
36.146252
39.743378
43.501781
47.099068
30.493490
13.883593
8.378421
8.372183
8.377460
28.768484
32.355530
36.124493
39.726738
43.500504
47.103230
30.486292
13.862633
8.379541
8.383223
8.396181
28.779366
32.382568
36.151852
39.752178
43.570580
47.171707
30.553488
13.942629
8.386581
8.380180
8.368182
28.761765
32.366570
36.128334
39.731220
43.505623
47.113312
30.483093
13.865835
8.375542
8.385941
8.398581
28.797604
32.406090
36.175854
39.784660
43.560024
47.159069
30.579090
13.969030
8.387220
8.386422
8.393461
28.766884
32.374569
36.143532
39.747059
43.523384
47.122429
30.510769
13.894630
8.389301
8.375702
8.376020
28.785284
32.386570
36.167694
39.806419
43.580025
47.172512
30.567734
13.954475
8.389622
8.385941
8.396502
28.760645
32.366093
36.132496
39.753304
43.509148
47.112358
30.515421
Control Period
13.904083
8.389622
8.391861
8.396980
28.768166
32.374413
36.140335
39.743702
43.520027
47.117794
30.492855
13.873995
8.389781
8.374582
8.382582
28.772646
32.370892
36.123535
39.724022
43.504505
47.099552
30.487894
13.867756
8.379381
8.376499
8.386901
28.754564
32.348652
36.113457
39.712502
43.486427
47.113472
30.501013
13.882795
8.374102
8.388981
8.377942
28.769764
32.409451
36.186573
39.790581
43.564507
47.167873
30.548855
13.937836
8.373141
8.376501
8.375701
28.768963
32.370567
36.129932
39.735222
43.507545
47.188831
30.580694
13.960714
8.382901
8.384822
8.378262
28.753288
32.549931
36.314735
40.087379
43.854744
47.620667
31.026287
14.409029
8.388662
8.383542
8.380662
28.773603
32.541767
36.282894
40.055859
43.828983
47.571228
30.992050
14.390791
8.390902
8.378262
8.397142
28.615847
32.389450
51.102650
54.895618
58.616264
62.384430
45.788132
29.166553
12.554575
8.384821
8.400981
28.701607
32.415054
36.024662
39.803547
43.422432
47.206276
30.607735
14.000237
8.381622
8.386901
8.391541
28.617126
32.391850
36.010098
39.790741
43.390587
47.191551
30.590612
13.976395
8.401622
8.396821
8.380180
28.605766
32.382092
36.002895
39.802582
43.421146
47.192993
30.589493
13.981354
8.401141
8.388500
8.399061
28.628807
32.400970
36.014099
39.790264
43.395229
47.177475
30.577497
13.970478
8.381142
8.387381
8.396181
28.606567
32.388172
35.995377
39.769783
43.413151
47.196835
30.599895
13.981518
Control Period
8.381462
8.387542
8.380341
28.609287
32.394413
35.999699
39.786903
43.404510
47.191715
30.594137
13.978159
8.388981
8.390580
8.396182
28.780005
32.567848
36.351852
40.133453
43.864182
47.648346
31.074766
14.464067
8.387062
8.394901
8.390741
28.723207
32.342575
36.120502
39.746109
43.543236
47.148521
30.532864
13.921524
8.384342
8.387222
8.383223
28.791525
32.402573
36.189617
39.805626
43.585789
47.197155
30.587896
13.963919
8.385462
8.379221
8.375063
28.777124
32.390408
36.177132
39.791218
43.579384
47.210270
30.619411
14.004232
8.394423
8.396341
8.385942
28.780006
32.550571
36.329937
40.098267
43.858593
47.641796
31.036537
14.425200
8.384821
8.397781
8.390901
28.781927
32.561455
36.301941
40.074425
43.679550
47.444035
30.860857
14.267918
8.384181
8.396660
8.394901
28.647205
32.424648
36.050896
39.855057
43.467545
47.271709
30.675091
14.061352
8.399702
8.403542
8.393461
28.622566
32.407051
36.006416
39.799065
43.412033
47.196835
30.584698
13.979599
8.386262
8.388823
8.408661
28.613127
32.400490
36.024014
39.820816
43.618896
47.405140
30.811562
14.203743
8.383862
8.389460
8.380822
28.803364
32.580330
36.361614
40.155697
43.879223
47.499229
30.901649
14.295912
8.389782
8.396821
8.403542
28.775366
32.388012
36.167858
39.782104
43.556511
47.158276
30.573177
13.971119
8.385941
8.374421
8.389782
28.787045
32.399372
36.190899
39.837784
43.613148
47.219719
30.625021
14.015123
8.386742
8.397141
Control Period
8.392822
28.776485
32.421291
36.207539
39.825783
43.609791
47.377796
30.781338
14.167280
8.388021
8.388021
8.399062
8.386420
28.615208
32.400333
36.002899
39.777946
43.409634
47.202438
30.592541
13.983280
8.389462
8.392822
8.392502
28.624008
32.411217
36.016983
39.794590
43.404518
47.175728
30.566151
13.956732
8.380501
8.396820
8.384021
28.782726
32.564651
36.326897
40.073463
43.832188
47.547874
30.931896
14.310158
8.376022
8.383062
8.391701
28.769766
32.375370
36.161457
39.765144
43.547234
47.151077
30.530300
13.917522
8.368181
8.374743
8.375221
28.778885
32.376335
36.147060
39.750431
43.526276
47.149162
30.549025
13.946484
8.390902
8.386742
8.393621
28.751526
32.516972
36.294579
40.074905
43.842754
47.655724
31.052065
14.450808
8.397142
8.393143
8.394262
28.621927
32.397453
36.025780
39.823067
43.441635
47.240997
30.646618
14.030800
8.411381
8.400982
8.395222
28.620007
32.404011
36.028336
39.820503
43.447868
47.242435
30.642776
14.037199
8.384022
8.388820
8.406741
28.759527
32.554729
36.333454
40.127697
43.925941
47.656990
31.062132
14.458313
8.401302
8.389622
8.384342
28.791845
32.393612
36.192497
39.817467
43.592033
47.203720
30.583902
13.972565
8.398262
8.394901
8.397781
28.788326
32.397774
36.169140
39.772987
43.555714
47.197960
30.616541
14.006481
8.389621
8.389142
8.395061
28.721928
32.454575
36.261620
40.065628
43.853634
47.637802
31.041983
14.456245
8.431541
8.384021
8.382902
Control Period
28.619047
32.395855
36.129784
40.069305
43.857151
47.659233
31.106295
14.510796
8.404661
8.400023
8.400821
28.618246
32.413612
36.038418
39.923542
43.944183
47.939064
31.335726
14.737827
8.395222
8.390422
8.412501
28.772968
32.726570
36.733452
40.626099
44.350586
47.974434
31.390615
14.783756
8.398900
8.621458
8.387702
28.804808
32.434258
36.349937
40.201141
44.069466
47.682114
51.545479
35.185017
18.807114
8.386422
8.389302
8.387702
28.800165
32.608810
36.376179
40.359703
44.683540
48.651543
52.386749
35.775574
19.164715
8.392820
8.386102
8.909933
28.995201
50.182758
53.952843
57.736526
41.156387
24.546009
8.398582
8.391862
8.409781
28.788006
32.571053
36.636013
40.929611
44.870735
48.502106
52.286114
35.680374
19.079437
8.591859
8.922255
8.549458
28.616327
32.391373
35.988503
39.866585
44.023705
48.277302
52.051548
35.460213
18.857834
8.397462
8.412182
8.415062
29.224159
33.544315
37.508156
41.304482
45.079529
76.180679
79.965004
63.357826
46.762650
30.167631
13.566853
8.391222
29.167519
33.337917
37.444958
41.065926
44.858250
48.475536
52.301781
36.210911
20.158762
8.488340
8.389622
8.393461
28.618568
32.827526
37.320801
41.528160
45.293446
49.070732
52.848499
36.239403
19.624384
8.615858
8.902735
8.581938
28.777607
32.548813
36.323059
40.308823
44.658096
49.091373
52.999058
36.411560
19.802462
8.388021
8.384022
8.618898
29.492313
33.882069
37.992310
41.597439
Control Period
45.411842
49.039532
53.106575
57.474571
61.916489
45.310749
28.694132
12.073994
8.389622
8.386262
28.996801
33.744469
38.240463
42.119827
45.896637
49.701923
53.498253
36.909954
21.066284
9.248648
8.389782
8.396661
28.625130
32.432652
36.356014
40.948647
45.436001
49.385445
53.000336
36.389797
19.788378
8.580338
9.140650
8.956172
28.834724
32.449131
36.378094
40.677452
45.132008
49.135689
52.915695
36.313316
19.701818
8.928812
9.512803
8.931691
28.810726
32.587212
36.355858
40.225304
44.541458
49.458084
53.852959
57.485451
40.915871
24.312212
8.394423
9.090731
9.507844
29.227198
32.876644
36.662411
40.284981
44.294586
48.635384
53.390411
57.435856
61.214424
44.619724
28.233503
12.370632
8.916492
8.386261
28.781446
32.559853
36.929287
41.822235
46.154713
49.959999
53.749767
57.535854
41.327068
25.825472
9.919883
8.397621
28.699846
32.502090
36.112980
40.479218
45.264168
49.794884
53.537128
57.314575
60.925304
44.591244
28.787891
12.844704
8.382742
8.387222
28.787527
32.932968
37.614716
42.340626
46.420147
50.187355
53.959518
57.728806
41.843697
26.342741
10.044359
8.398581
28.722406
32.504173
37.121288
42.407349
46.718868
50.482395
54.253441
57.982246
61.738411
45.881779
30.735376
14.856026
8.388502
8.399221
28.634249
32.593609
37.072964
41.970554
25.874889
29.665936
33.273941
37.103706
42.009453
47.297592
31.091209
14.475231
8.387222
8.397142
8.704018
29.830070
34.741577
38.816620
Control Period
42.605587
46.397114
50.266239
54.765114
59.628143
64.136932
67.906059
51.340160
34.741943
18.333483
9.500004
9.513123
29.113121
32.762730
36.530735
40.329620
45.108971
50.079998
54.473595
58.091682
61.874889
45.372669
29.841475
14.474916
8.619858
8.386901
28.780968
32.637291
37.121445
42.234070
46.717266
50.573433
54.345280
58.121449
41.780506
26.666424
11.554102
8.485939
8.407862
28.775368
32.543854
36.995850
42.462067
47.279495
51.163177
54.916466
58.635513
42.048496
26.213146
11.088824
9.217129
8.388342
28.794247
32.393936
37.154247
42.650864
47.115181
50.767830
54.544956
58.217125
62.539360
67.693268
72.773727
56.218388
39.616650
23.019550
8.430902
9.477764
30.237101
34.586376
38.402542
42.190392
46.065277
50.655670
56.055328
60.822197
64.660126
68.459175
72.251022
55.946079
40.722557
25.319359
8.761780
8.393782
28.681290
32.718094
37.439045
42.721428
47.258064
51.101109
54.735199
58.543205
62.501770
67.771675
73.065735
56.635994
40.040337
23.450600
8.534739
9.841597
30.403820
14.177275
8.386581
8.395222
8.401621
9.104650
30.276302
35.075012
38.963020
42.591030
46.520317
51.041111
56.603004
61.329720
65.200928
68.832291
72.622215
56.252632
41.143990
46.506371
30.237427
13.672808
8.403063
8.588977
9.510242
30.040466
34.063988
37.875038
41.502087
45.682568
50.562077
55.963493
60.178692
63.988457
67.641907
71.486229
76.131821
81.729721
86.425552
69.843971
53.241913
Control Period
36.657776
20.494909
9.900156
9.871517
8.664978
28.797127
32.412655
36.615536
41.659523
47.058540
51.241737
55.022224
58.635674
62.475998
67.567345
73.585716
78.236908
82.054672
65.461578
48.847679
32.833290
38.448147
43.558853
26.957756
10.347057
8.398262
8.760336
9.883998
9.950556
8.739376
28.806726
32.424976
36.651375
42.017593
47.685730
51.893410
55.676456
59.309586
63.208630
67.899658
73.456757
78.017708
61.407970
44.807190
28.429768
13.180326
9.879998
9.002253
28.682409
32.456493
36.903366
42.063988
46.922695
50.988297
54.759663
58.693428
63.419178
69.046356
73.994980
77.753067
61.142529
44.536469
28.585602
34.249897
39.400440
22.808300
8.402422
8.392982
8.702576
30.498859
35.839481
19.531818
8.408503
8.407381
9.024173
30.766695
36.140114
19.549576
8.406262
8.417142
8.850894
30.368942
35.916119
19.706533
8.410742
8.406742
9.119051
30.913092
36.195633
19.648134
8.404503
8.394582
9.259367
30.615978
35.669724
19.063505
8.384663
8.468180
9.878239
30.756615
14.714386
8.400661
8.401142
9.050252
31.170048
36.413231
19.798214
8.399062
8.403542
9.307687
31.164286
36.283310
19.714531
8.403702
8.412342
8.704018
9.960316
30.995491
35.579643
19.014545
8.397303
8.398582
9.107850
30.614058
35.745560
19.179180
8.397142
8.400661
9.455524
30.611816
35.701405
19.196785
8.405783
8.405142
Control Period
9.613283
31.086529
35.811802
19.209743
8.402903
8.673938
30.674055
36.476749
20.244766
8.400342
8.398902
8.792974
30.694376
36.572266
40.776428
24.188129
18.544174
29.004642
23.704958
9.685281
9.031691
28.829767
32.601612
36.819851
42.463989
48.322525
52.641083
56.425571
60.215340
64.273582
70.020599
76.344086
80.778641
84.519447
88.346176
71.732277
56.324440
62.518806
67.613831
51.010330
34.403313
17.808935
9.409606
30.668615
64.253738
47.677280
31.065943
14.460844
9.115370
30.634375
36.151634
19.758213
8.401463
8.396662
9.576803
31.156607
36.325230
19.716291
8.426102
8.411383
9.379526
31.164127
36.250992
19.664135
8.413782
8.452981
30.566380
37.154343
41.687775
25.097076
8.502539
8.397782
9.666561
31.159487
36.251949
19.661572
8.407063
8.470100
30.492300
36.653385
41.423618
24.867479
8.407221
8.458742
30.381424
36.489552
40.933548
24.332451
8.407542
9.013452
31.305248
37.256416
41.504257
24.905079
8.412181
9.559043
31.633240
36.853065
40.604591
24.013094
8.412022
9.024813
31.217407
37.142178
41.321857
24.725079
8.402422
8.987532
31.152607
37.020260
41.137222
24.544924
8.400661
9.315847
31.250687
36.955463
40.833229
24.239811
8.393461
9.698881
31.268927
36.632427
20.082687
8.411861
8.392181
9.145290
31.285566
37.238178
41.332100
24.743801
8.403062
9.067851
Control Period
31.609083
37.691132
41.770493
25.183315
8.590537
9.066252
31.307009
37.355934
41.524574
24.942356
8.404821
8.659058
30.621096
37.281212
42.203918
45.943764
29.350025
12.817726
30.699175
37.196575
41.832088
25.260431
8.668934
8.847694
31.288927
37.692890
42.070648
45.811295
29.235796
13.293726
30.880135
36.542191
40.598354
24.013897
8.412022
9.386406
31.770517
37.719288
41.626976
25.050999
8.463341
8.744817
31.025410
37.061378
41.535614
24.948437
8.411701
9.022093
31.296606
37.501854
41.872734
25.299314
8.707976
8.880175
31.252607
37.651611
42.158646
45.886974
29.291477
13.000134
31.136610
37.738972
42.559921
46.294006
29.690989
13.229887
30.891172
37.513374
42.536400
46.316887
29.729389
13.131651
30.710857
37.995766
43.001194
46.734962
30.121384
13.527164
30.516939
37.758327
42.712555
46.438484
29.847626
13.365564
30.344942
36.561230
41.510658
24.911160
8.391542
8.752337
31.115971
37.660091
42.353683
46.083931
29.491632
13.232128
31.137569
37.592892
42.193527
45.920097
29.318840
13.574688
31.328127
37.154823
41.149387
24.562050
8.428982
30.869894
37.586491
42.701035
46.479279
29.867622
13.283484
30.785416
37.910809
42.832237
46.557365
29.977066
13.704922
30.815975
37.095303
41.736256
25.131958
8.528299
9.489604
31.893717
37.949684
41.932568
25.333229
8.720452
9.109771
Control Period
31.262367
37.282818
41.715775
25.115955
8.507338
9.912958
32.408749
37.926968
41.734814
25.138035
8.524938
30.707014
38.059765
43.171432
46.900879
30.316422
13.753563
30.974854
38.283123
43.301994
47.098640
50.833050
34.501389
40.159607
46.824688
51.969475
55.774601
39.181824
22.912880
31.237888
37.770012
42.517845
46.291931
29.702194
13.710047
31.846355
38.622314
43.095592
46.874321
30.286983
14.144438
31.180449
37.221859
41.615936
25.032278
8.449261
9.677762
32.066673
38.015926
41.942329
25.377071
8.781414
9.795200
31.777559
37.544254
41.468258
24.866840
8.650419
30.891813
37.545532
42.590317
46.371765
29.770187
13.762838
31.305567
37.823608
42.432243
46.243931
29.640114
14.356915
31.809719
37.513374
41.329224
24.773884
8.404022
30.938854
38.180725
43.190475
45.764259
49.557228
33.087807
38.081551
44.921669
50.901962
55.112045
58.915092
62.727577
67.405487
74.436646
80.947807
85.230362
89.018372
92.832298
97.344299
104.334015
90.503273
94.905991
98.699760
102.522644
106.902161
113.712196
120.302719
124.807358
128.593597
132.392166
116.231224
122.852951
129.455154
133.998993
137.781555
121.181580
105.721420
112.961052
118.917183
122.955750
126.726639
110.130341
115.750000
123.333946
129.000961
132.819687
136.620651
120.030273
125.784172
133.270844
138.726822
142.531311
146.316757
129.754211
135.648102
143.009003
148.298904
Control Period
152.096039
155.581360
138.719025
144.170242
150.634720
155.868500
159.416397
142.491028
125.586609
131.195572
138.140991
143.027893
146.455612
129.542068
112.974922
118.970123
125.234604
129.740875
133.213882
116.275864
100.145027
107.450287
113.797165
117.715607
121.164291
104.243225
88.180229
95.277023
101.395744
105.316582
108.743828
91.815567
76.210648
83.285034
88.929527
92.675972
96.150734
79.251274
84.431137
91.622803
97.043297
100.635658
104.106262
87.224716
92.954971
99.747757
104.622017
108.054863
111.523865
94.755119
100.780083
107.673035
112.420898
115.739990
119.211235
102.935440
109.612228
116.192383
120.382812
123.882057
127.300186
111.192070
117.999741
123.887421
127.862816
131.324615
114.413956
119.642136
126.857956
132.303894
135.894653
139.366699
122.463394
128.036041
135.214584
140.523407
144.078171
147.536453
130.649307
136.495560
143.521637
148.430298
151.902985
155.374390
138.643570
144.413818
151.197968
156.113831
159.534210
163.005615
146.557678
153.074799
159.837677
164.204269
167.666245
171.161011
155.253387
161.780746
167.774841
171.692001
175.127258
158.214203
163.375992
170.790054
176.677902
180.359070
183.825516
166.921417
151.512665
158.755219
164.404358
167.984253
171.457108
154.545166
160.505493
169.412018
173.829498
177.216278
180.528336
184.282623
191.526779
199.695068
203.784073
207.244125
210.728012
214.852539
221.213989
227.823593
232.052917
235.520493
239.031418
Control Period
243.358658
249.532043
255.507980
259.149567
262.098511
265.112915
268.992584
275.071564
280.917114
284.574066
287.516785
290.554871
294.576630
301.724243
307.188049
310.542938
313.491577
316.579254
320.782440
329.108917
334.305206
337.553528
320.116913
323.307465
328.181854
335.734100
340.443848
343.550903
346.390747
349.926758
355.600311
362.317688
366.065857
369.008423
371.913544
375.632416
381.709167
387.793610
391.563995
394.526093
397.459717
401.164825
408.346375
415.185211
418.455292
421.324890
424.268250
428.474304
436.234711
442.151642
424.705414
427.657898
430.806061
435.398193
441.986298
447.284668
450.325623
453.270447
456.468384
461.143402
467.704468
472.716614
475.798370
478.748779
482.300629
488.117554
495.034790
498.635925
501.622162
504.474487
508.205841
516.375977
543.988403
547.143311
529.705444
512.267212
495.764496
502.253235
508.285828
511.810150
514.749390
517.704773
521.741089
528.466797
534.512024
538.185120
541.139832
544.149902
547.871338
555.532043
561.924011
565.291077
568.248535
571.304199
575.471863
582.396301
587.836121
591.169739
594.114868
597.304321
602.283508
609.115112
614.037170
617.260071
620.207947
623.392090
628.332397
635.200195
640.288330
643.509155
646.397339
649.601807
655.883667
663.845215
667.662659
670.591003
673.520630
677.043823
682.880127
689.263611
693.173706
707.683777
710.569702
713.706970
717.899292
724.410461
729.792175
733.106567
736.061646
739.250305
Control Period
744.185181
750.052124
754.058777
756.230286
758.217163
760.711670
766.048706
772.784607
775.358154
777.334106
779.323669
782.274963
789.791138
814.896973
796.518250
778.103516
759.742554
763.834473
769.542542
773.566162
775.705811
777.683716
759.328979
763.713379
770.874207
774.373047
776.340088
778.317627
780.420288
785.016846
790.546814
794.112488
796.246399
798.238525
800.712891
806.771667
813.291870
815.790039
817.769531
819.769836
822.723877
829.814819
835.123230
837.298706
839.286987
841.392578
844.883423
852.735596
877.339539
858.937927
840.543518
822.639648
828.157654
833.945068
836.768372
838.762085
840.900146
844.643616
850.535706
854.803772
856.995605
858.977173
861.443054
867.189331
874.229675
876.970276
878.956787
880.955139
883.792236
888.875671
894.078613
896.758911
898.731384
900.826538
904.033691
890.948975
895.566528
897.724243
899.695251
902.060303
906.661682
934.503296
937.455383
919.045898
900.642029
883.497192
889.098694
894.125183
896.852661
898.821777
900.824463
904.759277
913.330688
917.042297
919.065796
921.023499
919.628662
923.945557
938.059753
940.629639
942.569580
944.694031
948.057495
955.906616
960.314087
962.446350
964.370667
966.887268
971.644958
977.703125
980.744995
982.725281
984.647827
987.486328
1016.071472
1022.349304
1024.670654
1026.636841
1008.219238
991.148315
998.168823
1002.703003
1005.033020
1007.019409
1009.218262
1014.695923
1021.772766
Control Period
1024.383301
1025.623291
1026.947632
1029.197021
1035.422241
1040.079590
1041.581177
1042.753662
1043.985840
1046.878662
1054.472534
1057.755371
1038.617676
1019.468262
1000.575317
1005.068848
1011.169434
1013.246399
1014.489441
1015.850281
1018.232666
1023.412598
1027.554321
1029.401245
1030.661255
1032.203003
1035.808472
1041.962158
1044.585815
1045.927612
1047.004395
1049.023560
1055.181885
1081.452881
1062.522217
1043.370361
1024.220581
1027.241821
1033.863037
1036.984985
1038.327759
1039.556152
1041.129150
1046.046509
1052.200806
1054.232666
1055.469360
1056.800903
1059.201904
1065.897705
1070.584595
1071.952759
1073.185547
1074.687622
1077.666016
1082.528320
1086.259644
1087.823975
1089.055176
1090.626587
1094.471191
1122.061157
1124.484619
1125.716309
1106.575562
1088.718262
1094.161255
1098.135742
1099.772217
1101.024536
1102.293823
1106.353516
1113.431885
1115.897949
1117.133057
1118.365845
1120.032471
1125.272583
1131.028564
1132.849854
1134.084229
1115.161255
1118.103516
1124.958130
1128.139038
1129.424927
1130.652832
1132.734375
1138.469727
1163.774170
1165.493896
1146.346436
1127.238892
1131.103638
1138.183594
1140.733154
1141.957520
1143.194824
1144.953735
1150.859253
1156.797729
1158.426025
1159.669189
1161.016846
1163.833252
1171.199219
1194.990723
1175.839844
1156.686157
1138.021973
1143.002563
1149.206787
1151.117065
1152.366699
1153.506714
1155.704468
1162.243408
1167.557861
1169.056274
1170.292480
1171.742920
1174.991089
1203.089233
1206.018555
1186.894897
1167.745972
Control Period
1149.186035
1153.972900
1158.838013
1160.149170
1160.648438
1161.521362
1164.078735
1171.219238
1173.440918
1174.205200
1174.872559
1176.234253
1181.766968
1206.906616
1187.703735
1167.990845
1148.281494
1150.842407
1155.172363
1157.879517
1158.739014
1159.404663
1140.070435
1144.351440
1150.305054
1151.936523
1152.611694
1153.390991
1155.336182
1161.556396
1165.379272
1166.253784
1166.909424
1167.895508
1171.044678
1198.473633
1200.411987
1180.704712
1160.979858
1142.096924
1148.302002
1152.152954
1153.252441
1153.925171
1154.955200
1158.246948
1163.568726
1165.696167
1166.497681
1167.157471
1168.635010
1174.192993
1178.593628
1179.453247
1180.148682
1180.715210
1182.960205
1210.416504
1213.640259
1214.316895
1194.600708
1175.190796
1179.521729
1185.365234
1186.885010
1187.575073
1188.349609
1190.143921
1196.014160
1200.269775
1201.258545
1201.757690
1202.957275
1206.971680
1234.848022
1236.440308
1237.112793
1217.392578
1198.569702
1203.695190
1207.376343
1208.766724
1209.456909
1210.345215
1213.786987
1219.924316
1221.834106
1222.524902
1223.282593
1225.160400
1231.552124
1235.163574
1235.885864
1236.551147
1237.521118
1240.996216
1268.876831
1270.669678
1271.326294
1251.603271
1232.906372
1238.215820
1241.906860
1243.154663
1243.807617
1244.661011
1248.293579
1255.483643
1257.501343
1258.250610
1258.922119
1260.267334
1265.830078
1291.450439
1292.530884
1272.810791
1253.115356
1256.419678
1262.847656
1264.707275
1265.415283
1266.165894
1267.915283
1273.637695
Control Period
1278.461426
1279.468384
1279.603760
1279.869629
1281.524292
1287.740479
1310.490845
1290.233398
1269.971436
1250.151123
1254.193726
1259.076782
1259.957520
1260.078613
1260.422607
1262.432983
1268.803101
1270.924438
1271.230713
1271.269043
1251.783203
1255.004395
1259.748901
1240.171265
1240.307373
1240.428955
1241.736084
1268.176147
1271.148682
1271.384644
1251.116821
1230.919678
1233.905396
1239.956177
1241.532959
1241.709717
1241.915405
1243.031494
1248.145996
1252.033936
1252.451172
1252.567749
1253.050781
1255.589600
1283.386353
1284.710205
1264.443970
1244.182861
1245.977661
1252.542480
1254.572876
1254.784180
1254.917969
1255.790283
1260.522827
1265.093994
1265.526978
1265.483154
1265.788208
1267.456909
1294.424927
1296.918579
1276.651978
1256.376587
1236.432739
1240.001343
1245.520630
1246.579102
1246.684570
1246.967285
1248.357300
1253.868652
1257.499878
1257.840820
1257.937622
1258.638550
1263.493652
1289.448364
1290.212646
1290.333618
1270.073608
1271.867920
1278.459351
1280.885254
1281.315308
1281.456909
1281.985474
1285.171265
1290.504883
1291.727905
1291.899536
1292.143188
1294.053101
1321.015015
1323.177368
1302.909058
1282.640869
1262.762939
1266.872559
1271.911133
1272.734985
1272.782837
1273.068237
1275.048828
1282.256592
1284.495728
1284.637573
1284.755127
1285.497070
1291.097290
1296.224243
1296.972900
1297.117798
1276.885010
1279.268188
1286.369507
1288.041016
1288.311035
1288.253296
1289.040039
1294.059570
1319.928467
1299.947144
1279.666138
1259.390259
Control Period
1261.418335
1267.339111
1268.905029
1268.749756
1268.473145
1269.176025
1273.760864
1277.445557
1277.456055
1277.144043
1276.936768
1278.186279
1283.968872
1286.203369
1265.564941
1244.871948
1224.292603
1227.022827
1232.750488
1233.802246
1233.555786
1233.336182
1234.313599
1239.378174
1242.679688
1242.456787
1241.996948
1242.025757
1244.150024
1271.222778
1272.617554
1272.322388
1272.046631
1251.918579
1255.548096
1259.913940
1260.291992
1260.000000
1259.815063
1262.872314
1289.926392
1270.162842
1249.485840
1228.819946
1230.171631
1235.694580
1237.416260
1237.419556
1236.952148
1237.356934
1241.930054
1246.297119
1246.596802
1246.304443
1246.191162
1247.811279
1274.320312
1276.047241
1275.756958
1255.083862
1234.993652
1238.865845
1243.362671
1243.700195
1243.389282
1243.298340
1244.864868
1251.858765
1253.812622
1253.551147
1253.279175
1253.424316
1256.041870
1282.612549
1283.436157
1283.131470
1282.867310
1283.693726
1291.182373
1294.462280
1294.457764
1294.178345
1294.079590
1295.712769
1322.290894
1324.109497
1303.426270
1282.760132
1262.649536
1266.784424
1271.258667
1271.582520
1271.283325
1271.379761
1274.656738
1279.843506
1280.558960
1280.321045
1280.019043
1280.990845
1307.162598
1309.824951
1309.890259
1289.219971
1268.650391
1271.413330
1276.891968
1277.952759
1277.693481
1277.450195
1278.327759
1283.578979
1286.618164
1286.517334
1298.795776
1298.893066
1300.779785
1303.900513
1305.192261
1305.114624
1304.947388
1306.056152
1311.119751
Control Period
1314.171997
1313.499146
1312.562500
1312.577637
1337.413818
1342.111328
1342.158447
1341.423340
1340.826050
1341.556396
1345.503052
1346.986694
1357.772583
1357.008545
1356.421265
1357.454834
1383.214966
1384.577148
1383.839355
1362.672241
1362.748779
1366.675659
1370.397461
1370.197266
1369.359253
1368.678589
1370.083130
1396.986206
1397.898804
1376.741211
1355.582764
1335.420044
1341.596558
1344.133911
1343.590820
1342.788208
1342.863647
1345.885010
1369.782959
1349.333374
1328.204102
1307.086670
1308.959351
1313.840332
1314.451172
1313.770142
1313.067505
1313.424683
1318.181152
1321.013184
1320.393433
1319.625732
1318.954346
1320.933350
1346.978638
1347.610840
1346.883789
1346.091553
1346.099121
1349.905273
1353.710571
1353.407227
1352.643066
1352.078857
1353.241821
1379.375488
1380.671265
1379.905518
1378.971680
1358.165283
1362.405029
1366.763672
1366.602783
1365.836304
1365.154297
1366.128662
1392.142700
1393.742432
1393.010254
1371.844971
1350.826050
1353.211060
1358.411621
1359.048218
1358.319092
1357.551270
1358.026245
1362.929688
1385.813965
1364.664307
1343.514038
1322.741089
1326.279907
1330.280151
1330.165527
1329.236206
1328.804810
1330.809326
1357.795898
1358.407837
1337.251953
1316.115479
1296.136353
1301.262329
1304.476318
1304.116089
1303.346436
1303.042114
1306.302124
1332.267090
1332.415649
1331.512451
1310.354492
1311.921875
1317.882080
1318.930542
1318.339966
1317.563965
1317.628418
1322.112183
Control Period
1346.055786
1345.339966
1323.767456
1302.384399
1305.273315
1309.277100
1308.948730
1307.733276
1306.593262
1307.151978
1332.606567
1333.515137
1332.302368
1331.067993
1330.439087
1333.479858
1336.603638
1335.930786
1334.719604
1333.796875
1334.714355
1360.512817
1361.431641
1360.235840
1359.045776
1358.387817
1361.654907
1364.630249
1363.900391
1362.704590
1361.966553
1363.660767
1388.986572
1388.946411
1387.577148
1386.518555
1387.148315
1393.071899
1393.994141
1392.835938
1391.643677
1391.657471
1416.961182
1398.029175
1397.216919
1396.006104
1395.409302
1399.281128
1422.430176
1401.302246
1379.711548
1358.200684
1360.205566
1364.828857
1364.898926
1363.671265
1362.533325
1362.872681
1367.628296
1368.886353
1347.375977
1325.789795
1304.639893
1307.959717
1311.653687
1311.159424
1309.956299
1308.867676
1309.792603
1335.520386
1336.312744
1335.069702
1333.886719
1333.501587
1337.055908
1339.910522
1339.079834
1337.878906
1336.976196
1338.572021
1363.979126
1364.000610
1362.825439
1361.566895
1362.105591
1368.424316
1390.428101
1368.825684
1347.270996
1326.273926
1329.172729
1332.978149
1332.633057
1331.413208
1330.654175
1331.997803
1356.592163
1356.708008
1335.116699
1313.526489
1314.717651
1321.072754
1321.461670
1320.402954
1319.211182
1318.938721
1344.017822
1347.776489
1347.116943
1345.893799
1345.108521
1347.298706
1351.457031
1330.833862
1329.590698
1328.390747
1328.945801
1355.979248
1357.822632
Control Period
1356.816895
1355.043213
1354.409912
1379.490967
1382.270386
1381.140381
1379.445801
1378.317261
1381.202881
1405.603516
1404.681519
1402.970703
1401.552979
1404.656250
1430.051392
1429.429688
1427.590576
1426.050537
1426.232178
1452.934570
1453.571777
1431.515381
1409.479370
1408.399902
1410.845215
1413.813843
1412.759521
1411.078613
1409.689575
1410.413208
1434.924927
1434.752563
1433.127563
1431.670166
1432.008667
1457.872925
1458.496826
1436.452148
1434.753906
1434.012573
1436.862549
1439.312500
1438.133667
1436.473877
1435.392212
1458.043091
1460.382935
1459.501709
1457.687744
1456.436523
1459.587280
1484.767456
1483.906860
1482.226440
1480.784790
1482.384399
1486.632935
1486.243896
1484.614990
1482.946167
1503.796509
1508.460083
1508.739380
1507.277710
1505.435791
1505.330322
1530.392334
1531.494751
1529.983154
1528.293945
1527.170654
1530.171143
1532.981934
1531.886475
1530.216919
1528.731079
1550.073242
1554.326538
1553.847778
1552.172729
1550.600708
1551.362061
1577.046021
1577.326294
1575.658691
1573.967651
1573.692749
1577.718628
1579.171631
1577.689697
1576.028076
1575.186035
1599.213867
1601.312012
1600.057007
1598.425049
1597.735107
1622.734741
1625.748535
1624.432495
1622.699829
1621.515381
1624.573486
1649.270142
1648.525879
1646.837646
1645.463379
1648.141479
1651.340820
1650.252930
1648.454468
1647.361938
1670.679443
1674.448364
1673.647217
Control Period
1671.968384
1669.624146
1669.248291
1690.850220
1691.320801
1689.453491
1687.060425
1685.880127
1689.167114
1710.085571
1687.601685
1685.217896
1683.587036
1686.923218
1688.345947
1686.051758
1663.262207
1640.569336
1641.780396
1646.439697
1645.420898
1643.049927
1640.638184
1640.291992
1644.141235
1643.679810
1641.491699
1639.129395
1638.677856
1662.949463
1662.147217
1659.743774
1657.481812
1658.551758
1682.979736
1681.682861
1679.108521
1676.912720
1676.997437
1701.764160
1701.070557
1698.662598
1686.314209
1664.752930
1686.000488
1686.479858
1685.123291
1682.724365
1680.794189
1683.888916
1684.794434
1683.053589
1680.637207
1678.679688
1681.274902
1704.748047
1703.017578
1700.628418
1698.853394
1700.248169
1701.739746
1700.029907
1677.239746
1654.813721
1656.417603
1659.578491
1658.249390
1655.840820
1653.425903
1653.008545
1657.722778
1657.450073
1655.265137
1652.856567
1651.784424
1675.933228
1676.006348
1673.892822
1671.471802
1670.086548
1695.051025
1696.688843
1694.687988
1692.118286
1690.547485
1712.935791
1715.513550
1713.764160
1711.350586
1709.523560
1733.736450
1735.851807
1733.954224
1731.554810
1729.586060
1751.320801
1754.309937
1752.800049
1750.387451
1748.300781
1748.579834
1772.517822
1771.566528
1769.176147
1767.110107
1767.379639
1791.082764
1789.968628
1787.402954
1785.473267
1788.211548
1812.615845
Control Period
1811.418457
1808.400879
1805.597046
1804.448242
1825.577393
1824.910278
1822.427002
1819.630493
1818.359863
1819.051880
1838.866089
1815.785767
1812.945068
1812.679199
1836.836792
1834.973877
1831.997314
1829.509644
1831.203491
1852.844482
1850.877441
1847.900635
1845.381348
1847.234985
1868.406372
1866.117310
1862.984009
1860.814819
1861.380127
1882.382690
1859.555664
1856.645874
1855.469849
1858.253052
1857.262939
1833.900146
1810.557373
1788.169189
1790.583496
1791.445312
1788.947998
1785.989990
1784.046265
1784.943604
1785.207031
1783.276855
1780.137329
1778.378662
1800.714111
1800.739746
1798.285400
1795.316284
1793.346924
1814.025269
1814.184204
1812.347168
1809.426514
1807.178589
1807.682007
1828.554810
1826.416870
1823.298950
1821.358276
1821.587769
1821.773438
1819.969360
1796.616821
1773.746826
1774.459473
1776.890869
1775.086304
1772.130859
1769.401245
1769.935059
1772.042969
1769.964844
1766.985229
1764.394287
1765.726074
1767.172241
1764.938721
1761.969360
1759.553467
1761.043945
1762.957764
1760.653076
1757.674438
1755.450073
1756.545288
1758.107788
1755.819214
1752.831787
1750.896729
1754.174561
1753.658936
1750.996338
1747.867188
1746.434692
1750.425781
1749.721069
1746.974731
1744.002808
1742.416626
1747.208252
1747.674927
1744.991943
1742.014038
1719.057251
1720.795410
1723.256836
1721.225586
Control Period
1718.259277
1694.663818
1694.092163
1696.936157
1695.225342
1692.020508
1688.885742
1689.018066
1691.639526
1689.656738
1686.393677
1683.313599
1683.633667
1685.999390
1683.781738
1680.511230
1677.502197
1677.613525
1679.841064
1677.671875
1674.246704
1671.691406
1673.812866
1675.360596
1672.655762
1669.405396
1646.121338
1646.239746
1627.942993
1626.074463
1622.863647
1619.644043
1619.615479
1621.776123
1619.666870
1616.390991
1613.844238
1615.123291
1616.399902
1613.649902
1610.390259
1608.423340
1612.491455
1611.750244
1608.726318
1605.290405
1603.899414
1608.488281
1608.400635
1605.370605
1581.730591
1558.655762
1558.932739
1561.098755
1558.892700
1555.632202
1552.759277
1554.287598
1555.828613
1553.191406
1549.932617
1526.634888
1526.793213
1529.145264
1527.109863
1523.858643
1520.831665
1520.960938
1523.036987
1520.865967
1517.559814
1514.684814
1515.246460
1517.198242
1514.889526
1511.593262
1508.761841
1510.747314
1512.174072
1509.514160
1506.204224
1483.146362
1484.019531
1485.498291
1482.862793
1479.594727
1476.928101
1479.181152
1480.594116
1477.865601
1474.432251
1451.216309
1452.091553
1453.848877
1451.341064
1448.029419
1445.374268
1446.725098
1447.951782
1445.322144
1441.909546
1419.583496
1424.136230
1424.230713
1421.264526
1397.605713
1374.752808
1376.902588
1378.070923
Control Period
1375.318237
1372.024414
1348.859375
1349.800537
1351.532593
1376.412598
1373.135620
1370.205200
1391.093018
1393.020386
1390.478027
1387.198608
1384.510742
1385.844360
1387.076538
1384.379150
1380.939087
1379.137207
1383.657349
1383.764404
1380.772461
1357.104370
1334.281128
1335.210449
1336.902588
1334.360596
1331.079102
1307.882690
1308.471069
1310.843994
1308.800049
1305.529785
1281.919678
1280.835327
1284.687500
1283.193604
1280.014404
1256.363770
1255.217896
1259.150391
1257.887695
1254.762207
1231.098022
1208.735229
1213.285645
1213.459473
1210.440674
1186.757324
1163.472900
1163.452026
1165.862427
1163.812744
1160.536011
1157.844971
1158.726562
1160.323242
1157.888916
1154.612427
1151.654175
1151.630127
1154.084717
1152.062866
1148.800537
1145.949951
1146.664429
1148.387817
1145.988525
1142.641724
1139.541626
1140.124023
1142.682007
1140.872314
1137.629395
1113.970947
1113.288086
1116.116455
1114.857056
1111.707764
1108.475586
1107.961426
1110.642334
1108.871826
1105.635620
1102.474609
1102.490723
1104.681885
1102.549438
1099.102295
1096.702515
1100.306396
1101.687256
1098.821289
1075.146484
1051.930542
1052.920654
1056.079834
1053.869385
1050.588745
1026.941528
1026.488647
1030.267578
1028.634277
1025.397949
1001.728760
1000.076660
1004.606262
1005.025513
1001.982727
978.312256
Control Period
955.273621
956.331177
958.348877
955.936401
952.658813
929.282043
930.197632
932.734985
930.677490
927.337158
903.667908
903.281921
907.874878
907.047974
903.810059
880.154053
857.711182
861.850281
861.851685
858.867493
855.593750
833.067688
836.804504
837.396118
834.479919
831.215576
807.992188
808.861389
810.739380
808.478577
805.226746
781.672363
781.808167
784.485046
782.637634
779.405640
755.733948
754.620972
759.174622
758.531372
755.349792
731.676208
730.088196
733.053833
731.948669
728.886414
725.620667
724.503845
727.699280
726.268066
723.116882
719.914490
720.097961
722.374695
720.190369
716.895020
713.892761
713.866760
716.424072
714.546448
711.273193
687.895752
688.062561
690.419922
688.311279
685.038818
681.776917
680.960693
685.550659
684.212402
680.977173
657.314941
655.946411
658.552368
657.303223
654.260803
650.998413
628.796814
630.118469
629.789429
627.101746
623.832764
621.928101
622.438293
622.013123
619.501892
616.244751
614.300903
635.258118
634.436768
631.648926
608.170837
607.302307
630.500305
628.587463
625.149414
622.786377
645.915527
646.805054
644.032104
640.742371
617.617554
617.744202
619.847656
617.762329
614.519897
611.528076
611.624023
614.036560
611.976196
Control Period
608.914246
605.842102
583.170898
584.232117
585.690613
583.137512
580.052856
577.183228
576.973450
579.323608
577.248901
574.160767
571.107178
569.859619
570.429504
569.536682
566.828979
563.745483
560.991394
561.242371
563.201782
560.985779
557.929626
554.865479
553.192200
557.724426
556.636414
553.658813
530.196716
506.967407
506.933899
509.363220
507.389252
504.315613
501.224854
478.810089
480.845337
481.503174
478.796570
475.718292
452.339874
451.890839
454.492798
452.635468
449.553833
446.474609
423.744354
424.989227
426.476318
423.947327
420.873383
397.447296
397.043854
399.766785
398.057465
394.990875
391.903320
369.319122
370.403656
371.857147
369.361115
366.258057
363.193054
362.300842
363.852417
362.901642
360.061920
356.993896
354.322021
355.339203
357.291412
354.945282
351.864929
328.380920
327.024719
331.547607
331.025146
328.075043
304.602234
281.266357
281.259735
283.532928
281.463928
278.369995
275.295898
252.657318
253.790833
255.352829
252.893616
249.744965
246.583038
245.869705
249.584305
248.258026
245.266968
221.788086
198.791916
199.909592
201.557343
199.094604
196.029312
172.557312
171.510544
175.500977
174.176300
171.128448
147.659958
124.320747
123.835892
126.476898
124.883255
Control Period
121.880356
118.895294
96.195984
97.056297
98.580116
96.234406
93.265022
90.329880
89.787979
91.867798
90.291832
87.613960
84.970169
61.928947
60.411858
64.847313
63.905891
61.292820
58.639751
35.779488
12.985943
32.129726
34.327301
32.535019
30.345461
29.951361
9.500488
9.503848
9.510565
9.503527
9.508008
30.816626
31.893568
31.194057
29.994396
30.304634
30.121275
30.244312
9.881282
9.889280
9.898561
9.871841
9.874401
9.887360
9.877439
9.886723
9.882563
9.886721
9.879682
30.486071
30.614546
30.653908
30.675825
30.683346
30.722225
30.476469
30.632788
30.607668
30.702066
30.693424
30.672304
31.197739
31.213737
31.252457
31.259336
31.232937
32.455795
31.703815
31.249416
31.255177
31.061741
31.231016
31.236137
31.281418
31.187817
51.676289
50.716793
49.915695
49.188995
48.445015
47.699753
67.399605
66.442673
65.665092
64.935028
64.195366
63.408825
83.120361
82.162308
81.375931
80.645554
79.904617
79.160477
78.438255
77.468361
76.681183
75.950165
75.138031
74.362045
73.612785
93.116798
92.384819
91.626282
90.882622
90.139923
89.375305
108.874359
108.097740
107.338882
106.548180
105.788040
105.045975
104.298798
103.502655
102.752754
101.938377
Control Period
80.746407
80.071075
79.410141
98.955917
98.259460
97.579163
96.867188
96.109299
95.368042
94.549026
93.873375
93.195641
92.457748
91.761932
91.073158
90.177193
109.896408
109.247314
108.570381
107.804649
107.046753
106.180069
105.494339
104.829086
104.144791
103.462738
102.772202
101.866318
101.171143
100.061897
98.829453
97.601006
96.396240
94.975960
93.454086
91.773651
90.158012
68.127342
46.077633
24.053043
9.894239
9.890721
9.899363
9.888161
9.896643
9.896800
9.894720
9.886559
9.891361
30.306231
30.310070
30.328312
30.324633
30.128637
30.255835
9.893442
9.892000
9.890081
9.896641
9.889120
9.893919
9.896800
9.895041
9.889280
9.884962
9.895841
30.116957
30.257751
30.250715
30.283512
30.313435
30.320152
9.890242
9.881602
9.885921
9.883839
9.880802
9.894241
9.879842
9.881601
9.881442
9.886560
9.881441
9.886560
30.322552
30.328632
30.115837
30.257113
30.270555
9.888639
9.889602
9.883842
9.887041
9.887842
9.887521
9.896799
9.889602
9.889442
9.901602
9.878242
9.885921
30.251034
30.289112
30.362232
30.311993
30.315992
30.136478
9.895201
9.884161
9.882881
9.906719
9.902241
9.890242
9.882081
9.891842
9.887682
9.884481
9.888639
9.886241
30.148796
30.243515
Control Period
30.256313
30.296154
30.321112
30.310553
30.319035
30.131037
9.886241
9.885920
9.903520
9.905122
9.922401
9.907522
9.906563
9.931360
9.910879
9.889441
9.887522
9.885921
9.893922
9.891202
9.890561
9.892480
9.888002
9.898242
9.889282
9.895201
9.900802
9.898241
9.917599
9.908481
9.910561
30.329752
30.128157
30.252632
30.247675
30.295673
30.340311
30.317753
30.329432
30.118557
25.008078
9.899841
9.900639
9.887201
9.894402
9.895041
9.889762
9.892642
30.310072
30.327353
30.315191
30.152475
30.258234
30.265753
30.302555
30.301912
30.323034
30.332792
30.129757
30.251995
30.279993
9.894720
9.883200
9.882562
9.884962
9.884001
9.882242
9.895842
9.898241
9.892160
9.888962
9.897602
9.896320
9.897762
9.882561
9.894562
9.883680
9.900962
9.892002
9.892799
9.890082
9.892642
9.884482
9.885600
9.893602
9.881601
9.892000
30.260155
30.311993
30.347031
30.358551
30.356472
30.147837
9.904322
30.274555
30.291191
30.316631
30.327032
30.629749
30.514549
30.614069
30.676147
30.718706
30.677746
30.679188
30.479031
30.616631
30.617750
30.667349
30.714869
30.702707
30.698067
30.506229
30.629589
30.681425
30.725426
30.624790
30.707825
30.502069
30.638868
30.667191
30.698387
30.694067
30.694386
30.691345
30.511349
30.626549
Control Period
30.631510
31.154465
31.656460
32.176373
32.506210
32.945969
33.416763
33.927719
34.452114
34.998428
35.549065
35.877304
36.341862
36.824337
37.363773
58.376801
58.901192
59.243668
59.718941
60.202534
60.718449
61.269882
61.845795
62.367790
62.695705
63.146984
63.615063
64.116104
64.645302
65.169861
65.712013
66.024567
66.488808
66.941849
67.459045
68.011444
68.563995
68.884392
69.379669
69.835106
70.346382
70.890938
71.422531
71.939407
72.256287
72.715408
73.223167
73.741165
74.265564
74.779877
75.308273
75.638428
76.091461
76.587059
77.092255
77.605453
78.123611
78.670090
99.370804
99.832001
100.339592
100.866547
101.416382
101.938698
102.263092
102.718369
103.176842
103.931625
105.024490
106.127434
107.227341
108.094444
109.137070
130.698242
131.806152
132.907974
134.016037
134.900269
135.957779
137.036560
138.147339
139.177322
160.738983
161.624664
162.677368
163.770874
164.873657
165.935333
167.025803
168.110031
168.999390
170.050659
191.584961
192.664719
193.771194
194.885345
195.772934
196.812210
197.897888
198.936676
199.971954
221.530426
222.440582
223.477142
224.544891
225.652481
226.583908
227.091034
227.636719
227.966553
228.419113
228.879028
229.412064
229.935669
230.467590
231.029907
251.738953
252.266388
252.786621
253.316147
253.842148
254.384628
254.696716
Control Period
255.151367
254.963943
254.844681
254.735657
254.606155
254.460815
254.147949
253.966446
253.772949
253.638168
253.519867
253.392929
273.442322
273.268494
273.080750
272.969971
272.867340
272.746643
272.606110
272.278534
272.081665
271.906097
271.760284
271.647583
271.525909
271.388397
271.063538
270.866028
270.696686
291.040283
290.919891
290.802856
290.481171
290.301910
290.110809
289.994751
289.893250
289.780212
289.691650
289.360229
289.158386
288.998627
288.857910
288.756561
288.639374
288.507782
288.199402
288.007660
287.891602
303.967590
303.832794
303.623444
303.291687
303.125549
302.938751
302.809723
302.675903
302.556000
302.427612
302.100647
301.929199
301.732971
301.615936
301.508820
321.831299
321.553772
321.372742
321.188202
321.052765
320.916046
320.797729
320.697327
320.383972
320.183105
319.992157
319.854309
319.718719
319.610168
319.491699
319.170044
318.985016
339.227814
339.138947
339.020966
338.889038
338.578247
338.387146
338.203064
338.079803
337.955261
337.842865
337.707123
337.380005
337.189056
336.997955
336.855804
336.716370
336.583984
336.451111
336.251526
336.068237
335.930420
335.792908
335.680847
335.560120
335.234772
335.090851
334.898285
334.755493
334.618286
334.495667
334.372559
334.048950
333.853210
333.725616
333.609375
333.475372
333.350983
333.029938
332.835785
332.657959
332.551971
332.425964
332.303497
Control Period
332.173187
331.371185
330.691895
330.008301
329.384857
328.791168
328.181793
327.356110
326.672516
325.982178
325.347839
324.760559
324.145752
323.535919
322.726410
322.064728
321.370728
320.756409
320.129608
319.516083
318.715515
318.065033
317.425903
316.804230
316.179840
315.566467
314.973114
334.546631
333.877258
333.246124
332.643951
332.048035
331.466339
330.670258
329.994965
329.326874
328.701019
328.088135
327.491577
326.680145
326.005341
325.340607
324.720215
324.131653
323.521820
322.915833
322.115265
321.433105
320.838470
320.237427
319.627747
319.018372
318.209320
317.555145
316.913452
316.301208
315.715027
315.128693
334.760284
334.091248
333.417877
332.800690
332.203156
331.583710
330.975800
330.169495
329.495178
328.841492
328.228455
327.622284
327.025879
326.213959
325.536133
324.858612
324.230530
323.605957
323.059631
322.447235
321.774048
321.100037
320.484283
319.865631
319.260590
318.665466
317.859314
317.196503
316.536896
315.923859
315.323303
314.743866
313.956116
313.297150
312.636749
312.018097
311.433044
310.818085
310.215454
309.424164
308.761536
308.144012
307.515930
306.960175
306.267120
305.454895
304.788574
304.109131
303.485840
302.882721
302.274323
301.488800
300.824707
300.147980
299.532379
298.942871
298.324402
297.720947
296.908539
296.236145
295.608398
Control Period
295.002869
294.017914
293.053925
291.903687
290.852478
289.794403
288.811676
287.737427
286.742706
285.557587
284.504639
283.462250
282.476501
281.490906
280.446106
279.267883
278.218781
277.178467
276.174164
275.219116
274.158813
273.222809
272.048584
271.020599
270.033234
269.063965
268.046387
267.123047
265.948486
264.916504
263.879242
262.900055
261.927887
260.956207
259.775726
258.531586
257.114624
255.694153
254.376892
232.603622
210.824127
189.041748
167.258728
145.490585
123.714600
101.945175
80.183273
58.405693
36.641388
14.865564
9.906722
9.891521
9.912481
30.330235
30.135521
30.267517
30.283676
30.284317
30.309755
30.315037
9.886402
9.899363
9.896322
9.887362
9.895841
9.890402
9.893922
9.893923
9.882083
9.880161
9.883841
9.899362
9.885602
30.328955
30.121281
30.256958
30.269596
30.295837
30.320477
30.335995
9.888641
9.881441
9.894722
9.893602
9.899523
9.888962
9.881442
9.896002
9.909442
9.885282
9.906082
9.883041
9.885921
9.889282
30.130079
30.255676
30.259357
30.293596
30.329758
30.334557
30.306717
9.896961
9.900002
9.918402
9.905122
9.898881
9.917121
9.896961
9.888163
9.900162
9.896961
9.907843
9.902401
9.900002
30.143677
30.274078
30.264797
30.296316
30.323036
30.327517
30.351517
9.892482
9.900162
Control Period
9.885283
9.885122
9.893600
9.903360
9.881441
9.897762
9.884323
9.895842
9.889603
9.888323
9.890882
9.894082
9.882402
9.888643
9.893922
9.893763
9.888641
9.888002
9.890722
9.896802
9.892801
9.900482
9.896322
9.894402
9.892962
9.892483
9.890403
30.249277
30.265757
30.331997
30.331356
30.333117
30.141279
30.277756
30.323837
9.904642
30.337116
30.314877
30.319515
30.122719
30.260956
30.256477
30.326717
30.339836
9.902241
9.891682
9.898242
9.892002
9.917442
9.890402
9.884962
9.879681
9.895203
9.892962
9.882883
9.897442
9.905762
9.895203
9.901442
9.896642
9.889921
9.888802
9.895521
9.897442
9.888002
9.908482
9.890562
9.889282
9.890722
9.888802
9.894082
9.892323
9.899361
9.898082
9.896002
9.895523
9.900642
30.331036
30.342398
30.325598
30.135998
30.289434
30.257755
30.294556
30.355837
30.351837
30.329117
30.135838
30.254879
30.278397
30.284637
30.312798
30.319036
30.330717
9.904002
9.902401
9.897602
9.893602
9.893602
9.893122
9.892483
9.890402
9.888961
9.886723
9.894562
9.888641
9.889442
9.895842
9.892963
9.882241
9.891202
9.896482
9.893122
9.895842
9.890083
9.903362
9.885762
9.911522
9.887363
9.884481
9.898083
9.908960
9.889282
9.892642
9.882562
9.898082
9.892162
9.909761
30.142239
Control Period
30.297756
31.261169
32.239624
33.228001
34.261814
35.301067
36.150246
37.139259
38.173393
39.164646
40.203899
41.276112
42.330887
43.321499
44.659626
46.007195
47.405003
48.826012
50.218540
51.627068
52.837196
54.176926
55.513935
77.367737
78.772263
80.196945
81.402916
82.739761
84.090691
85.484818
86.897186
88.263153
69.243050
70.449501
71.782829
73.133919
74.524849
75.923454
77.273102
78.684669
79.914642
81.240288
82.616814
84.026299
85.437866
86.839996
88.038132
89.380898
90.767822
92.150269
93.542633
94.964600
96.369446
97.568542
98.911469
100.254082
101.656693
103.086823
104.483192
105.907883
107.106499
108.430069
109.820038
111.219131
112.555984
113.964035
115.179771
116.513901
117.879395
119.278328
100.259506
101.652039
103.078171
104.277748
105.630280
106.957687
108.342697
109.742432
111.137039
132.785248
134.132172
135.460068
136.850357
138.269135
139.645660
141.055313
142.254242
143.589172
144.972427
146.359512
147.753799
149.076096
150.486389
151.696045
153.031616
154.386383
155.779877
157.193848
179.067169
180.269775
181.610779
182.959137
184.353897
185.746902
187.206467
188.610825
189.813431
191.158905
192.475906
193.866669
195.271347
196.603867
198.405670
200.157547
202.074387
204.042099
205.951096
207.927933
209.891647
211.657761
213.592361
215.579117
217.571625
219.556137
241.983841
Control Period
243.747711
245.080887
246.419495
247.776672
249.067596
250.454529
251.722900
252.853043
274.607819
275.969635
277.341675
278.639954
279.890564
281.044067
282.351624
283.685425
284.533020
285.318848
286.079071
286.860413
287.583527
288.315430
289.080780
289.889465
290.686157
291.512787
292.092529
292.820740
293.542725
294.313843
295.097412
295.906586
296.704102
297.297760
298.015594
298.745270
299.523895
300.306824
301.095520
301.898132
322.868744
323.635040
324.425354
325.224945
326.012360
326.798492
327.395996
328.106293
328.830200
329.624817
330.453674
331.214050
332.005157
332.589050
333.312469
334.039429
334.807648
335.590118
336.373383
337.167511
337.757019
338.465393
339.242737
340.056396
340.839966
341.665771
342.240875
342.953430
343.676361
344.450348
345.242737
325.601532
326.391357
327.012207
327.757080
328.482727
329.252075
330.033417
330.731567
331.517395
332.098755
353.206177
353.987518
354.766632
355.555023
356.350433
356.962494
357.703369
358.422485
359.203674
359.990448
360.770660
361.552307
362.132385
362.851959
363.580505
364.361359
365.153900
365.943573
366.730194
367.337311
368.053680
368.817413
369.606445
370.406494
371.212952
371.801971
372.539001
373.251068
374.007446
374.781097
375.564667
376.343292
376.942078
377.686951
378.429565
379.212189
380.017365
380.750397
381.535248
382.140747
382.863861
383.583282
384.371979
Control Period
385.073334
385.317108
385.354797
385.526093
385.692596
385.952209
386.192780
386.459595
386.702576
386.748749
386.933167
387.132782
387.361816
387.627350
387.875122
388.120331
388.168091
388.346893
388.524750
409.182922
409.427185
409.698792
409.738556
409.915771
410.089935
410.310181
410.581482
410.822052
411.091248
411.169586
411.327271
411.516174
411.754517
411.994598
412.250061
412.489014
412.521759
412.710327
412.901459
413.116913
413.349152
413.576752
413.627869
413.797394
413.978455
414.183990
414.418152
414.662079
414.904419
414.939545
415.093231
415.268036
415.480133
415.755096
416.011993
416.252716
416.287201
416.448425
416.623077
416.844452
417.089508
437.779846
437.822327
438.006744
438.171631
438.400360
438.643799
438.896057
439.139496
439.199097
439.377899
439.549500
439.776001
440.005524
440.231384
440.454346
440.483246
440.658203
440.849823
441.075043
441.340424
441.590271
462.090363
462.253479
462.414062
462.677521
462.924011
463.165863
463.409302
463.455780
463.629944
463.836609
464.057983
464.325592
464.566467
464.801117
464.852875
465.032013
465.201874
465.424683
465.698364
465.965637
466.209076
466.363892
466.560150
466.797668
467.035675
467.315277
467.544312
467.579590
467.756165
467.956909
468.192505
468.451141
468.697632
468.950684
469.001343
469.177765
469.346802
469.572327
469.801544
470.034271
470.266693
470.303589
470.478577
470.699799
Control Period
470.953003
470.718750
470.486084
470.046387
469.760284
469.469543
469.205688
468.949371
468.728241
468.459900
468.011414
467.699097
467.405792
467.158905
466.911865
466.677124
466.242554
465.947662
465.642853
465.389893
465.145721
464.958679
464.634674
464.200104
463.895599
463.591125
463.343445
463.109192
462.885651
462.438934
462.126129
461.815247
461.569641
461.327057
461.072479
460.841736
460.428772
460.121246
459.864441
459.597229
459.381683
459.141205
458.825348
458.395569
458.088837
457.841614
457.615845
457.381592
457.141724
456.714508
456.404114
456.098999
455.831299
455.600250
455.355591
455.092865
454.661163
454.359406
454.079407
453.839539
453.617615
453.373596
452.948639
452.641602
452.351837
452.098053
451.870361
451.629395
451.335449
450.890625
450.578949
450.259094
449.997009
449.769165
449.417328
448.970123
448.680664
448.381134
448.117279
447.905090
447.664124
447.403473
446.975159
446.661560
446.346985
446.095947
445.852264
445.607452
445.331451
445.020233
444.717834
444.435730
444.219543
444.000793
443.776306
443.327484
443.020447
442.708923
442.455139
442.205200
441.966614
441.708038
441.275696
440.992798
461.126709
460.886841
460.639954
460.319153
459.886505
459.593842
459.289520
459.027740
458.787903
458.552704
458.305176
457.860046
457.570435
457.275055
457.004974
477.241913
477.013275
476.573578
476.276611
Control Period
476.003479
475.352692
474.722870
474.082489
473.423859
472.586670
471.876526
471.177582
470.538788
469.894867
469.264557
468.429291
467.723297
467.000671
466.341888
465.692535
465.058868
464.318970
463.609619
462.922363
462.264038
461.629395
460.983704
460.257233
459.457794
458.757721
458.045319
457.385895
456.744385
456.007019
455.167755
454.461273
453.776550
453.122711
452.486328
451.852173
451.189545
450.367706
449.653564
449.007568
448.372620
447.725037
447.084961
446.248077
445.550232
444.846954
444.207520
443.576233
442.933594
442.100708
441.429596
440.724548
440.094543
439.486481
438.851532
438.194824
437.358124
436.644287
435.991425
435.352783
434.711578
434.055511
433.222473
432.501434
431.794800
431.160980
430.528900
429.885620
429.046997
428.335388
427.638031
426.986908
426.389862
425.787720
425.154846
424.320526
423.603485
422.897186
422.250061
421.610626
420.949585
420.109833
419.425934
418.754974
418.106262
417.463470
416.817322
416.142853
415.438293
405.877075
395.020691
394.323486
393.669006
393.031647
392.382782
391.641113
390.456085
389.406433
388.321411
387.288696
386.271667
385.283112
363.851196
342.403290
320.956818
299.525238
278.080383
256.641571
235.194138
213.759018
192.320694
170.889420
149.448547
128.001266
106.557663
85.117264
63.672386
42.224945
20.779907
9.887844
Control Period
9.882242
9.887043
9.889444
9.884164
9.904643
30.112801
30.251678
30.243683
30.280640
30.327038
30.335518
30.321598
30.130402
30.245440
9.901920
9.899042
9.888165
9.887523
9.891363
9.891363
9.896002
9.892323
9.889924
9.887684
30.323200
30.303520
30.227682
30.338560
30.129442
9.893924
9.882403
9.897923
9.892162
9.897923
9.912004
9.895523
9.905764
9.887522
9.909602
9.898722
9.884964
9.895204
9.891521
9.889604
9.878084
9.888802
9.877281
9.895205
30.132160
30.236641
30.252802
30.267677
30.257761
30.234241
30.316158
30.136322
30.287842
9.891843
9.893124
9.904644
9.889442
9.883522
9.887043
9.890084
9.882243
9.885445
9.904001
9.889922
9.874243
9.891522
9.878244
9.891042
9.888002
9.896643
9.881283
9.888161
30.268963
30.236803
30.249762
30.291040
30.278877
30.319679
30.142242
30.254883
30.257122
30.268642
9.889922
9.892963
9.887842
9.891043
9.877122
9.881603
9.894403
9.893763
9.896003
9.903842
9.872164
9.892163
9.884483
9.888484
9.889123
9.900484
9.890882
9.912802
9.892801
30.276958
30.326880
30.322079
30.332479
30.129921
30.255522
30.252323
30.283682
30.312000
30.345280
9.887684
9.882403
9.897603
9.893444
9.900480
9.898883
9.910884
9.884964
9.889924
9.884644
9.893444
30.687353
Control Period
30.683516
31.507259
32.094204
32.821625
33.553528
34.328312
35.127415
35.991795
37.350731
38.532543
39.863159
41.209610
62.969025
64.317719
65.685608
66.827423
68.127480
69.475052
70.818306
72.094040
73.451859
74.814468
76.120445
77.464172
78.823746
80.184120
81.575050
82.935745
84.087006
85.395538
86.742790
108.550354
109.920166
111.280861
112.450195
113.774094
115.114471
116.468605
117.817940
119.168869
140.766693
142.105621
143.448074
144.797577
146.155869
147.546799
148.900940
150.042267
151.355438
152.723816
154.018280
155.381851
156.747833
157.894608
159.225861
160.572159
161.919266
163.240768
164.598114
186.201218
187.503357
188.842300
190.163483
191.525787
192.892242
194.247025
195.390442
196.696426
218.426575
219.709030
221.055496
222.397644
223.569229
224.887848
226.232712
227.590530
228.927231
251.135605
252.970703
254.923874
256.595612
257.943665
259.305969
260.449860
261.297119
261.831116
262.227356
262.618958
262.593750
262.634460
262.452454
262.478607
262.306702
262.315277
262.150085
262.177856
262.022736
262.041229
262.067871
262.177399
262.826416
263.809998
264.055054
264.070190
264.097778
264.029236
263.864044
263.888458
263.723267
264.424927
266.196991
267.426483
267.521271
267.535919
267.552155
267.383606
267.403839
267.232574
267.270081
267.832397
270.257385
271.580322
Control Period
271.580719
270.839569
270.224823
269.401917
268.769897
267.958191
267.424744
267.616241
268.917786
268.973907
268.301086
267.664734
266.833191
266.197174
265.386597
264.758728
263.937439
263.702209
264.786499
265.931091
265.652344
265.023682
264.197418
263.563477
262.744415
262.101349
261.405975
262.024353
263.324463
263.672272
263.116577
262.300079
261.675751
260.846924
260.212830
259.383362
280.055634
281.986450
282.624817
281.994232
281.371826
280.562683
279.948273
279.174164
278.542938
277.725952
277.328644
277.738373
278.807617
278.700562
278.096863
277.467102
276.647095
255.587723
234.528503
213.465775
214.279968
216.146149
216.324677
215.678741
214.890091
214.273590
213.447327
212.798355
212.198334
212.868851
214.355515
214.572128
213.971954
192.933380
171.872086
150.819748
129.766449
108.706276
109.160805
111.294983
112.422615
111.824036
111.186905
110.564011
110.255669
109.951965
109.657860
109.414795
109.173645
108.935226
108.799683
108.863976
108.960907
109.059113
109.196838
109.332169
109.271347
109.367798
109.445686
109.564377
109.680344
109.792793
109.934044
109.867935
109.929665
110.069473
110.198402
110.350212
110.451622
110.591110
110.530441
110.607697
110.686226
110.828117
110.964409
131.515091
131.471069
131.547684
131.645096
131.757538
131.889023
132.031403
132.162094
132.091507
132.150040
132.213364
132.335419
132.479065
132.624634
Control Period
132.776276
132.523407
132.395981
132.281677
132.208969
132.158813
152.542908
152.290848
152.200058
152.069107
152.000397
151.952972
151.899628
151.828522
151.583649
151.451263
151.347992
151.269684
151.206100
151.148438
151.113327
150.860458
150.756393
150.664642
150.619614
171.568329
172.083466
172.391403
172.857727
173.351410
173.794220
174.226959
174.730087
175.230179
175.517944
196.426361
196.892853
197.333588
197.844559
198.354095
198.656586
199.117477
199.604294
200.110947
221.121429
221.639755
221.939529
222.407944
222.931396
203.017410
203.482941
203.990875
204.516724
204.830734
225.744583
226.248840
226.743500
227.250153
227.767365
228.067627
228.543884
229.049103
229.578476
230.102402
230.619125
230.936188
231.435150
231.930115
232.465408
232.942627
233.443512
233.962646
234.256653
234.718979
235.196823
235.636597
236.142609
236.665573
236.998474
237.481918
237.966171
238.472015
238.921234
259.928345
260.236115
260.706116
261.227478
261.740845
262.247498
262.780396
263.285126
263.587952
264.042908
285.014526
285.502441
286.012939
286.521362
286.811371
287.268402
287.752472
288.257996
288.707336
289.251587
310.004456
310.489655
310.999481
311.502289
312.008759
312.511078
313.019318
313.326752
313.817719
334.832520
335.302185
335.824036
336.330994
336.634125
337.128448
337.626129
338.122681
338.620026
Control Period
339.117706
359.231018
359.064148
358.933441
358.569641
357.874329
357.175476
356.481415
355.587219
354.836212
353.756409
332.263184
310.774750
289.283417
267.787140
246.289413
224.791855
203.309021
181.807785
160.306549
138.810593
117.312866
95.827301
74.328773
52.829128
31.340363
9.881924
9.883683
30.153927
30.246080
30.251842
30.297441
30.340322
30.327358
30.342562
30.158562
9.900324
9.900642
9.883844
9.896484
9.894884
9.882404
9.885923
9.896804
9.927203
9.891844
9.888964
9.889284
9.904324
9.901283
9.913924
9.888643
9.899203
30.364964
30.311363
30.120966
30.251362
30.274883
30.283682
30.334562
30.308163
30.674555
30.607357
30.612637
30.691994
30.691513
30.683035
30.705593
30.498398
30.620798
30.624636
30.691513
30.688314
30.692795
30.486559
30.618559
30.614555
30.680634
30.688156
30.672636
30.696316
30.501280
51.042717
50.343864
49.689171
48.989677
48.291306
47.387657
46.625122
45.867870
45.152855
44.478962
43.802505
42.909256
42.157444
41.402431
40.701977
40.008083
39.302029
38.611977
37.746887
37.001633
36.286942
35.594967
34.899632
34.204617
33.508965
33.327061
33.165638
33.032536
32.825993
53.203289
52.877712
52.694210
52.580467
52.471046
52.320023
52.190441
52.066139
51.739922
72.037537
Control Period
71.918518
72.035614
72.203590
72.393646
72.342110
72.469452
72.620789
72.742531
72.856590
92.941696
92.362648
91.942642
91.507912
91.104858
90.698608
69.861961
69.462753
68.855865
68.018738
67.177612
66.368011
45.161446
23.957924
9.890083
9.907845
9.884485
9.881924
9.891364
9.882884
9.889605
9.880644
9.888966
9.879684
9.888004
9.882565
9.883043
9.880323
9.895524
9.889124
9.892324
9.890564
9.880164
9.905443
9.880965
30.115526
30.250723
30.256962
30.259201
30.267361
30.282722
30.325922
30.156487
30.254082
30.254082
30.277761
30.343521
9.894724
9.884644
9.885284
9.879204
9.887684
9.880323
9.889284
9.899525
9.900484
9.882565
9.900482
9.884804
9.896004
9.892164
9.885124
9.888484
9.887685
9.902723
9.886404
9.891364
9.898884
9.884165
9.899684
30.242884
30.244484
30.292162
30.292320
30.312323
30.311840
30.125605
30.261282
30.256004
30.272482
30.262562
30.661116
30.480000
30.629278
30.652956
30.673916
30.687035
30.733755
30.686876
30.494558
30.626717
30.639677
30.672955
51.154236
50.757263
50.170536
49.722206
49.301556
48.927467
48.547615
48.158966
47.790794
47.198784
46.747894
46.291561
45.900188
45.492657
45.107845
44.509117
44.072308
43.597416
43.197403
42.854511
42.461384
42.067932
41.480564
41.045353
Control Period
40.587902
40.770321
40.947617
41.146194
41.176132
41.312950
41.430569
41.617626
41.800045
41.984222
42.173199
42.161060
42.325558
42.449097
42.619675
42.803692
42.988510
43.171886
43.159748
43.273365
43.406662
43.593880
64.256775
64.447830
64.422569
64.575867
64.680206
64.891098
65.074631
65.251129
65.434509
65.415489
65.533264
65.680000
65.862419
66.053635
66.266769
66.467422
66.461838
66.578979
66.754356
66.933090
67.123032
87.746246
87.725945
87.863243
87.996223
88.194641
88.378815
88.542030
88.738045
88.722702
88.849602
88.971222
89.149796
89.328537
89.513351
89.710007
89.709869
89.834686
89.965584
90.156799
90.348816
91.056343
91.594589
92.310913
93.071564
93.853973
94.527588
95.287918
96.065369
96.610497
97.306824
98.055954
98.733566
99.482697
100.232620
100.780792
101.480164
102.221451
102.983055
103.711861
104.441147
125.464355
126.179565
126.914452
127.684380
128.430466
129.197357
129.947769
130.483612
131.199936
131.933228
153.127472
153.881714
154.626358
155.165085
155.866379
156.599823
157.342072
158.058243
158.827850
159.582413
180.574738
181.330582
182.065796
182.820358
183.602295
184.349182
184.887589
185.588074
186.318970
187.012100
208.142029
208.912918
209.495163
210.225403
210.969406
211.733414
212.480469
213.232788
214.002075
Control Period
214.561615
214.708191
214.863571
214.953522
215.080109
215.259644
215.260788
215.403046
215.562744
215.709656
236.199127
235.807480
235.211029
234.748505
234.166138
233.388885
232.606049
231.847687
231.092361
230.133682
229.311310
228.501587
207.302261
186.114777
164.918488
143.742371
122.555855
101.363899
80.183945
58.992947
37.801788
16.607910
9.889765
9.887526
9.889924
9.896645
9.891843
9.891364
9.886246
9.920643
9.888965
9.897605
9.891204
9.902243
9.900166
30.329601
30.118404
30.267365
30.256483
30.300322
30.362722
30.334881
30.332481
30.113445
30.274084
30.283684
9.914885
9.888005
9.917923
9.893764
9.889925
9.889124
9.888485
9.889766
9.891045
9.884803
9.883364
9.886885
9.908964
9.905605
9.902884
9.898885
9.914722
9.892164
9.904324
9.893604
9.890884
9.909122
9.898085
9.897924
30.156807
30.256964
30.256643
30.270245
30.322243
30.320482
30.321604
30.126408
30.303841
30.252165
30.286245
9.890404
9.888645
9.889444
9.900805
9.898724
9.890725
9.887206
9.887844
9.919364
9.894086
9.885284
9.888163
9.892485
9.887845
9.934723
9.899366
9.909763
9.887203
9.891523
9.907845
9.925924
9.883685
9.903046
9.887845
30.268486
30.268003
30.287043
30.319361
30.322403
30.339520
30.137764
30.248325
30.261927
30.278244
30.309765
Control Period
30.340483
30.466011
30.741940
30.998505
31.247711
31.569397
31.900040
32.222847
32.385174
32.628139
32.917027
33.193436
33.513523
33.834888
34.254333
34.762257
35.379459
36.022259
36.703300
37.420982
38.120903
38.806259
39.301704
39.928345
40.548744
41.247704
41.949383
42.632664
43.319942
43.828663
44.451782
65.506897
66.197220
66.897934
67.594009
68.082733
68.738335
69.374573
70.051453
70.752975
71.352097
72.084496
72.594498
73.217781
73.835304
74.509781
75.199783
75.802582
76.504898
76.985298
77.598175
78.234421
78.901382
79.586899
80.279778
80.776016
81.429382
82.079544
82.760269
83.495071
84.097229
105.904343
106.610352
107.320038
107.802200
108.444206
109.079010
109.770134
110.450378
111.094940
111.808144
112.318314
112.948639
113.620728
114.323212
115.011612
116.174088
117.224724
118.426239
119.686630
120.937584
122.118942
123.356461
124.602776
125.648293
147.298615
148.515961
149.742599
150.982361
152.262268
153.304260
154.498413
155.776733
157.055054
158.250015
179.859680
180.916229
182.158218
183.396210
184.628754
185.538910
186.128265
186.841141
187.336578
187.964661
188.643463
189.334900
190.026810
190.629288
191.322800
191.818237
192.444229
193.132462
193.831894
194.443481
195.133636
195.635468
196.247070
196.877075
197.581635
198.266998
198.934280
199.631790
200.115555
Control Period
200.736588
200.784851
200.913589
201.025360
201.140656
201.278198
201.205017
201.265594
201.348572
201.474426
201.595642
201.719269
201.651688
201.722672
201.775726
201.873428
202.017365
202.129456
202.238037
202.159256
202.219040
202.298187
202.401962
202.546707
202.678970
202.794113
202.719818
202.778961
202.877945
202.989243
203.125504
223.701599
223.631622
223.665482
223.725906
223.836243
223.978104
224.132767
224.273834
224.206573
224.271317
224.341492
224.447662
224.572876
224.694580
224.818039
224.736221
224.790237
224.860092
224.988983
225.134369
235.389511
235.454575
226.215942
226.329315
226.234863
226.288406
226.337631
226.457565
226.594467
226.693604
226.811142
226.733170
226.792953
226.870010
226.964828
227.069244
227.186462
227.340164
227.246979
227.302444
227.345108
227.470963
227.586258
227.731964
227.858307
227.914398
227.977692
228.083069
228.209091
228.318146
228.440323
228.351624
228.408051
228.492310
228.593536
228.713791
228.730682
228.860382
228.785767
228.834183
228.949478
229.062378
229.190475
229.309296
229.424759
229.340378
229.404312
249.932251
250.090591
250.231659
250.353683
250.282745
250.358688
250.432220
250.554245
250.683777
250.768997
250.899017
250.813995
250.842896
250.933563
251.034149
251.172165
251.288101
251.423233
251.360458
251.423279
251.502747
251.606369
251.762634
251.881134
251.787323
251.839264
251.895691
252.014832
Control Period
252.150452
251.841217
251.527039
251.015732
250.625702
250.244156
249.915894
249.602829
249.288803
248.972534
248.457397
248.097778
247.764236
247.447006
247.170410
246.841339
246.328598
245.958420
245.594147
245.272278
244.964325
244.659897
244.367630
243.860321
243.482620
243.111633
242.789764
242.477020
242.189713
241.689133
241.302307
240.948273
240.637131
240.325348
239.999481
239.704178
239.188385
238.803802
238.452820
238.121521
237.802704
257.914764
257.398346
257.025909
256.644379
256.310181
256.056946
255.765640
255.438339
254.899673
254.519562
254.142334
253.820312
253.525009
253.233383
252.919830
252.550766
252.171295
251.839188
251.527084
251.212265
250.897278
250.424530
250.051147
249.680161
249.349823
249.034683
248.723373
248.400711
247.909576
247.518433
247.171768
246.869583
246.561798
246.252731
245.750717
245.357971
244.971786
244.655838
244.354126
244.047943
243.755035
243.234619
242.841400
242.456177
262.582794
262.251160
261.946564
261.445831
261.081726
260.727234
260.394501
260.090546
259.779388
259.515930
258.999512
258.623566
258.281372
257.989899
257.696198
277.857361
277.347992
277.000061
276.619141
276.303192
275.996674
275.685211
275.364624
274.871094
274.488739
274.119202
273.788391
273.464447
273.159210
272.637665
272.249084
271.876984
271.541687
271.242371
270.928650
270.618469
270.097412
269.722900
Control Period
269.372711
268.634766
267.942261
267.266876
266.349091
265.562195
264.778320
264.031097
263.320984
262.595215
261.841919
260.934052
260.180908
279.847778
279.132080
278.427246
277.702576
276.797424
276.033081
275.259613
274.547760
273.842621
273.140045
272.251556
271.466248
270.682373
269.952759
269.271942
268.559448
267.842957
266.938629
266.184692
285.859222
285.164307
284.465088
283.793396
282.872406
282.087738
281.328033
280.600494
279.891998
279.202209
278.299622
277.531281
276.747589
276.050751
275.359680
274.642365
273.918335
273.010956
272.229980
291.877167
291.161438
290.461395
289.645844
288.739716
287.949768
287.179657
286.461395
285.751129
285.043579
284.133484
283.355865
282.572968
281.860138
281.151642
280.505859
279.700867
278.796844
278.033936
277.294403
276.580780
275.890350
275.145844
274.273499
273.511230
272.777435
272.053894
271.352600
270.636749
269.929688
269.155914
268.425964
267.694275
266.992340
266.297913
265.590515
264.675446
263.893982
263.167389
262.440796
261.727478
260.992096
260.088409
259.320862
258.578278
257.870728
257.205414
256.507324
255.793549
254.880249
254.118622
253.391403
252.682892
251.984787
251.298203
250.417694
249.651581
248.906601
248.188980
247.468796
246.755966
245.862503
245.101837
244.371582
243.653320
242.940979
242.228317
241.536926
Control Period
240.651947
239.548492
238.479126
237.437439
236.370468
235.256622
213.766296
212.646851
211.536514
210.498337
209.443359
208.399109
207.140625
206.023895
204.901566
203.826599
202.769073
201.740662
200.486328
199.374878
198.272064
197.200928
196.157150
195.099777
193.954407
192.715271
191.586548
190.541489
189.480591
188.426575
187.256561
185.984634
184.849976
183.712448
182.637802
181.638992
180.561783
179.322327
178.183838
177.064713
175.991669
174.939896
173.871323
172.666275
171.538177
170.407364
169.359909
168.295502
167.236526
166.088272
164.958099
163.862640
162.830383
161.783417
160.750519
159.595703
158.356888
157.258240
156.188232
155.142548
154.086609
152.947159
151.690430
150.569214
149.452637
148.388702
147.329895
146.277802
145.008438
143.875381
142.761047
141.706879
140.645660
139.611816
138.373322
137.265869
136.149460
135.087448
113.603355
112.580063
111.479492
110.244362
109.157227
108.111855
107.050163
106.005272
104.866302
103.608612
102.485802
101.365234
100.295540
99.283928
98.152634
96.926620
95.809250
94.705002
93.613396
92.552025
91.426819
90.185295
89.055923
87.929596
86.850784
85.792770
84.721161
83.562675
82.434265
81.308418
80.251053
79.208885
78.152634
77.021347
75.761581
74.628052
73.545883
72.537956
71.496902
Control Period
70.380493
68.926537
67.585381
66.265503
85.410904
84.137421
82.900581
81.438789
80.112671
78.759674
77.467155
76.226799
75.001160
73.535690
72.223175
70.886978
69.618622
68.342422
67.078224
65.612915
64.278481
62.989162
61.706085
60.429405
59.167927
57.702934
56.384178
55.072781
53.792900
52.514462
51.252342
49.979343
68.893875
67.571754
66.281952
65.022072
63.750515
62.478798
61.005325
59.683369
58.403332
57.168892
55.903412
54.528015
53.067501
51.746346
50.466949
49.199711
47.925274
46.652435
45.194160
43.865002
42.573761
41.309723
40.057365
38.794926
37.346889
36.014053
34.690975
33.393658
32.120018
30.862061
30.506083
30.640001
30.640320
30.665600
30.686880
30.714880
30.498724
30.624643
30.627043
30.664478
30.697121
30.695360
30.477283
30.627361
30.665762
30.682079
30.690559
30.695040
30.695042
30.642401
30.649921
30.683519
30.692322
30.687521
30.699200
30.498884
30.651682
30.672321
30.703840
30.725119
30.673922
30.480644
30.611362
30.678240
30.688959
30.687201
30.670559
30.485283
30.642721
30.660000
30.682720
30.703360
30.602882
30.495361
30.669441
30.618080
30.667200
30.677761
30.699841
30.487045
30.641123
30.625122
30.668640
Control Period
30.687361
30.692799
30.506723
30.630722
30.665762
30.677599
30.707201
30.677122
30.483364
30.639362
30.642721
30.672960
30.681438
30.689119
30.476965
30.620483
30.630241
30.684801
30.695040
30.682400
30.491043
30.608801
30.639040
30.698238
30.681919
30.676960
30.528004
30.641121
30.630882
30.671204
30.676319
30.682402
30.500965
30.614565
30.646242
30.680000
30.704479
30.684000
30.531204
30.620003
30.645761
30.667839
30.683361
30.668163
30.492643
30.618084
30.664001
30.671682
30.691521
30.695040
30.509766
30.622406
30.636482
30.682400
30.724640
30.695200
30.493124
30.631363
30.642403
30.676640
30.687521
30.685282
30.523844
30.621605
30.626562
30.674082
30.680641
30.685923
30.492163
30.629444
30.666401
30.679522
30.697281
30.718559
30.489605
30.629444
30.696001
30.675041
30.689440
30.712641
30.510565
30.635365
30.631521
30.705441
30.740318
30.698242
30.487206
30.623363
30.619843
30.675522
30.686722
30.695042
30.489605
30.654724
30.652481
30.672163
30.697599
30.682562
30.458565
30.258087
30.282406
30.274567
30.319366
9.877926
9.881765
9.894886
9.886724
9.887206
9.884166
9.891207
9.892166
9.899206
9.885447
30.256647
Control Period
30.287207
30.326246
30.284487
30.312168
9.883526
9.879206
9.881606
9.884645
9.875206
9.890086
9.886406
9.881447
9.879526
9.882566
30.301765
30.318565
30.315845
30.122091
30.246408
30.256647
9.882727
9.877928
9.884806
9.892806
30.649120
30.649603
30.671041
30.683361
30.704803
30.685120
30.615683
30.646881
30.674242
30.715839
30.711679
30.692961
30.643681
30.646400
30.686560
30.699522
30.677601
30.688641
30.609764
30.638721
30.669764
30.706558
30.695522
30.686880
30.648161
30.624641
30.724800
30.689442
30.692162
30.704643
30.647682
30.675522
30.677601
30.684162
30.723680
30.717123
30.629604
30.612963
30.693762
30.694563
30.681122
30.683359
30.607044
30.633446
30.670563
30.714720
30.699362
30.708641
30.623047
30.632324
30.715363
30.686239
30.690561
30.705761
30.616484
30.639523
30.675362
30.697283
30.701122
30.723360
30.616802
30.648481
31.261911
31.260790
31.264153
31.273111
51.492638
50.535530
49.589783
48.569477
47.628048
46.699577
45.751266
44.829998
43.888092
42.957062
41.809875
40.827011
39.842224
38.833439
37.891373
36.946907
35.950920
35.017334
34.081509
33.160721
32.002338
31.214394
31.259512
31.265270
Control Period
31.251032
31.256630
31.179995
31.246231
31.257275
31.260471
31.031515
31.218714
31.286072
30.803040
30.700962
30.680002
30.488163
30.615204
30.625925
30.727201
30.692162
30.685600
30.674242
30.637764
30.632484
30.675365
30.714563
30.725922
30.696163
30.474564
30.637444
30.677765
30.696802
30.706081
30.691040
30.529125
51.011688
49.588638
48.178711
46.770378
45.332130
43.681087
42.168762
40.717873
39.265385
37.821217
36.406967
34.780560
33.269833
52.177830
50.773182
49.355572
47.937801
46.290592
44.787388
43.352341
41.912331
40.482082
39.056953
37.450706
35.940300
34.445892
32.999325
31.555958
30.686562
30.513763
30.654564
30.650082
30.666403
51.156483
49.703037
48.045910
46.533901
45.036457
62.775509
61.336140
59.888611
58.435165
57.000278
55.483952
54.039944
52.624577
51.185051
49.739120
48.128716
67.014473
65.577187
64.162933
62.750126
61.299080
80.299240
78.773155
77.270432
75.818108
74.382904
72.936981
71.302895
69.823212
88.780006
87.359520
85.915833
84.471184
82.844780
81.343979
79.855652
78.418365
76.981873
75.553543
73.919777
72.406647
70.929047
69.486481
68.046951
66.622467
65.006302
63.498295
61.996849
80.964523
Control Period
79.529953
77.710693
75.702637
73.851379
72.051956
70.258301
68.360962
66.570343
64.571411
62.705597
81.317543
79.523560
77.655342
55.431923
53.425789
51.555336
49.736877
47.922905
46.022850
44.220234
42.254097
40.404282
38.605186
36.786247
34.906509
33.090454
31.125759
30.655046
30.673603
30.703842
30.606884
30.692324
30.484165
30.618244
30.658884
30.680485
30.630884
30.682724
30.519524
30.632164
30.674244
30.695520
30.604485
30.741280
30.515366
30.632484
30.691685
30.684164
30.595205
30.686243
30.487043
30.615685
30.673122
30.690563
30.675045
30.687521
30.490088
30.639044
30.655685
30.689442
30.685444
30.683681
30.487846
30.617924
30.660164
30.669764
30.672804
30.687202
30.515366
30.618244
30.664484
30.696003
30.590405
30.688324
30.501446
30.643364
30.653284
30.703522
30.688484
30.691523
30.483364
30.627525
30.677284
30.697926
30.640324
30.693443
30.521284
30.622402
30.662725
30.691683
30.695364
30.722080
30.489765
30.650244
30.682884
30.695684
30.640163
30.684006
30.504326
30.645924
30.664486
30.668644
30.606085
30.684164
30.527367
30.629925
30.674564
30.728321
30.604483
30.697605
30.516325
30.647205
Control Period
30.668324
30.705761
30.622404
30.709600
30.495846
30.662565
30.668165
30.728161
30.593124
30.697285
30.616163
30.653444
30.685444
30.684004
30.579845
30.482403
30.645445
30.639524
30.667847
30.691523
30.682564
30.483044
30.651684
30.646564
30.683365
30.689442
30.695522
30.513926
30.623365
30.627047
30.683044
30.629604
30.694883
30.486406
30.621925
30.681126
30.703363
30.687365
30.699684
30.487364
30.636324
30.670246
30.680645
30.644484
30.687044
30.608965
30.636324
30.670244
30.697285
30.655205
30.481287
30.670565
30.643524
30.656485
30.691845
30.684803
30.507046
30.627525
30.648806
30.704802
30.670563
30.686565
30.505445
30.643845
30.619526
30.673923
30.685925
30.682404
30.490887
30.632645
30.661764
30.684004
30.721605
30.722881
30.486729
30.620966
30.663845
30.691204
30.593925
30.708481
30.633125
30.629765
30.682243
30.681444
30.577444
30.485447
30.634243
30.650724
30.674885
30.688484
30.677284
30.508646
30.615364
30.645285
30.673605
30.621765
30.689924
30.527203
30.609606
30.624645
30.682085
30.583204
30.689445
30.500008
30.615685
30.668325
30.738565
20.368324
20.493443
30.691364
Control Period
30.692005
30.691525
50.862572
48.683235
46.555740
44.474968
42.389229
40.079334
37.924637
35.799221
33.679245
31.592548
30.692005
30.529446
30.636646
30.701443
30.686405
30.675043
30.694084
30.523205
30.679525
30.658245
30.685123
30.672165
30.693924
30.471046
30.612326
30.677284
30.752005
30.693285
30.692326
30.486725
30.623205
30.677605
30.675205
30.691525
30.709126
30.613926
30.618404
30.673767
30.681284
30.692165
30.488808
30.625925
30.647203
30.673285
30.677284
30.698406
30.508488
30.639683
30.617765
30.663044
30.678885
30.683525
30.507687
30.616802
30.631205
30.685444
30.622246
30.682884
30.525444
30.619205
30.673285
30.687366
30.683525
30.697123
30.476007
30.609285
30.708805
30.687044
30.691845
30.697926
30.639204
30.646404
30.681923
30.693443
30.695206
30.485607
30.621605
30.622564
30.697445
30.689606
30.687046
30.501125
30.635685
30.636166
30.705925
30.688005
30.703045
30.494568
30.628006
30.647043
30.676163
30.689283
30.707363
30.498087
30.626564
30.656324
30.693924
30.676006
30.714565
30.473288
30.623684
30.674725
30.678244
30.696486
30.681444
30.618084
30.654083
30.676485
Control Period
30.681927
30.683683
30.464649
30.629925
30.626404
30.702244
30.679525
30.695524
30.475687
30.607044
30.647846
30.693445
30.669285
30.682724
30.501928
30.608644
30.636965
30.674084
30.684006
30.704964
30.491848
30.617445
30.663843
30.666725
30.672005
30.694405
30.502569
30.651045
30.664165
30.721283
30.694565
30.668165
30.631683
30.619364
30.697765
30.696323
30.702244
30.483528
30.623365
30.616962
30.669285
30.693764
30.683846
30.526890
30.626404
30.661606
30.666885
30.675524
30.684324
30.475847
30.632326
30.656164
30.672485
30.712164
30.684486
30.501289
30.637926
30.663525
30.689285
30.686085
30.715364
30.468649
30.617924
30.709925
30.681126
30.673603
30.706245
30.612005
30.630726
30.720804
30.678406
30.681765
30.488968
30.628643
30.636484
30.667044
30.683044
30.681284
30.489769
30.637123
30.639843
30.670244
30.669123
30.688805
30.492008
30.626566
30.663046
30.688164
30.700325
30.693605
30.475689
30.633924
30.663685
30.714565
30.572006
30.689764
30.496969
30.621124
30.682564
30.684166
30.682726
30.728485
30.615046
30.632006
30.670887
30.695684
30.679684
30.478889
30.661924
Control Period
30.642405
30.675205
30.714085
30.678726
30.513609
30.637924
30.605764
30.652004
30.687845
30.684647
30.506088
30.627525
30.651684
30.674404
30.668165
30.690725
30.512966
30.646404
30.689606
30.688644
30.692326
30.695845
30.491207
30.640326
30.684324
30.694242
30.688005
30.688486
30.616165
30.646406
30.672644
30.699366
30.690243
30.482088
30.641766
30.629286
30.670883
30.692326
30.689445
30.490889
30.650404
30.665127
30.671844
30.697924
30.728004
30.495209
30.644806
30.674244
30.683685
30.693764
30.682884
30.487530
30.630726
30.686405
30.704485
30.719044
30.683525
30.611687
30.620483
30.669926
30.660326
30.658726
30.480648
30.656965
30.637285
30.674086
30.673443
30.675045
30.491207
30.617126
30.624964
30.671524
30.671043
30.703045
30.489929
30.625605
30.641603
30.680325
30.719204
30.711205
30.495529
30.649765
30.674404
30.717443
30.688484
30.736324
30.478251
30.608006
30.648804
30.716805
30.683203
30.699846
30.636805
30.641123
30.714085
30.719526
30.708164
30.489609
30.630245
30.618404
30.684805
30.692806
30.685444
30.507366
30.614407
30.613928
30.658566
30.681604
30.688484
30.500969
Control Period
30.612164
30.644964
30.680805
30.675205
30.677765
30.490570
30.619846
30.702085
30.698723
30.709444
30.688644
30.486568
30.625767
30.671844
30.712006
30.687365
30.735365
30.601768
30.646404
30.658405
30.690886
30.723684
30.484648
30.647846
30.660324
30.681927
30.702726
30.687685
30.491209
30.623848
30.627045
30.696163
30.679207
30.682886
30.470409
30.604168
30.603848
30.681126
30.678726
30.695526
30.516808
30.637766
30.674404
30.696804
30.703846
30.695686
30.495209
30.616167
30.702564
30.674406
30.700966
30.698404
30.635685
30.651686
30.696804
30.694244
30.733604
30.506729
30.610727
30.633926
30.667364
30.676966
30.686886
30.497768
30.636486
30.660645
30.671043
30.699844
30.699524
30.498089
30.631367
30.656485
30.677925
30.696484
30.681286
30.493288
30.611206
30.660166
30.695683
30.684965
30.703365
30.508329
30.610725
30.656645
30.702084
30.685123
30.697445
30.614567
30.638884
30.664644
30.681286
30.689606
30.468008
30.615688
30.632166
30.684484
30.684805
30.684965
30.494247
30.653767
30.631685
30.658886
30.671206
30.747044
30.471209
30.633766
30.635046
30.684164
30.685604
Control Period
30.692966
30.479210
30.669125
30.661606
30.688324
30.713604
30.684006
30.488968
30.604486
30.677284
30.709764
30.721603
30.710886
30.628006
30.630247
30.695684
30.682884
30.679043
30.476330
30.638407
30.618885
30.664165
30.687527
30.709764
30.486088
30.641129
30.638569
30.676325
30.686403
30.694405
30.496489
30.608807
30.661766
30.695044
30.723366
30.687206
30.488329
30.643686
30.670727
30.697124
30.698404
30.687683
30.517448
30.632809
30.673607
30.696484
30.684166
30.670885
30.617126
30.630085
30.673765
30.682085
30.678566
30.476170
30.618889
30.602407
30.673285
30.685284
30.677124
30.490568
30.624008
30.632647
30.678885
30.671045
30.692326
30.489929
30.627045
30.625607
30.680967
30.678085
30.688965
30.493769
30.619205
30.657925
30.726246
30.683046
30.688644
30.490728
30.641447
30.667847
30.689445
30.676167
30.704004
30.617926
30.633768
30.677288
30.674404
30.677444
30.477928
30.633446
30.659206
30.669765
30.694086
30.702883
30.496490
30.634567
30.635046
30.697765
30.698404
30.700165
30.490570
30.622089
30.656326
30.686886
30.694086
30.692327
30.493929
30.636168
30.667366
30.706562
Control Period
30.690245
30.691845
30.499529
30.627525
30.681446
30.714565
30.682566
30.455050
9.877768
9.903687
9.886889
9.888326
9.882407
9.888168
30.119696
30.254412
30.250252
9.888646
9.879207
9.884329
9.885448
9.895367
9.891366
9.881767
30.315371
30.306892
30.309292
9.875048
9.883047
9.880007
9.892165
9.881767
9.901768
30.130737
30.284012
30.254570
30.265293
9.885127
9.892008
9.887847
9.896327
9.892965
9.888968
30.316492
30.330893
30.314411
9.892807
9.882568
9.916167
9.894567
9.888168
9.915047
9.896165
30.253294
30.254570
30.281452
9.898246
9.890247
9.882566
9.897287
9.894888
9.898088
30.304651
30.325932
30.327852
30.139536
9.884007
9.909447
9.915046
9.882727
9.892807
9.884968
30.254890
30.253136
30.277130
9.891047
9.885767
9.899048
9.887207
9.893447
9.906086
9.923686
30.332331
30.343693
30.133135
9.901928
9.903207
9.901447
9.891207
9.890088
9.894088
30.281775
30.245613
30.273932
30.319853
9.897287
9.889608
9.910887
9.901129
9.882887
9.901287
30.313612
30.563368
30.480330
30.630888
30.683046
30.707684
30.732325
30.724804
30.635849
30.643688
30.670727
30.692165
30.713764
30.481449
30.625126
30.627527
Control Period
30.679047
51.138088
49.719093
48.110825
46.631191
45.190598
43.747444
62.759811
61.329937
59.719425
58.214832
56.741440
55.312206
74.259941
72.842865
71.234909
69.770638
68.269722
66.828163
65.409325
63.993210
62.398376
60.907387
59.422794
57.985077
56.562881
55.149971
53.527458
52.035347
50.576672
49.142799
47.708923
46.270248
44.660053
43.170341
41.705589
40.249474
38.849838
37.412285
35.788330
34.293659
49.596806
48.178291
46.701538
45.066864
43.571873
42.138153
40.704597
39.300640
38.210598
37.134155
56.649078
55.775032
54.891548
54.037666
52.981068
52.081745
51.219540
50.366615
49.397217
48.330856
47.441452
46.588207
45.644245
44.783321
43.733120
42.838116
41.973515
41.077713
40.202549
39.127068
38.219105
37.316261
36.434219
35.516499
34.487736
33.603611
32.789406
31.944002
31.257439
31.128000
31.225918
31.228319
31.248158
31.240479
31.256638
31.043682
31.277439
31.270718
31.174400
31.167683
31.048481
31.222559
31.246077
31.197758
31.238718
31.040642
31.206879
31.243361
31.252157
31.168640
31.050560
31.217117
31.263357
31.173122
31.253277
31.145922
31.221277
31.273121
31.279837
31.262400
31.042240
Control Period
31.217918
31.272320
31.244160
31.215519
51.663200
50.424290
49.184898
47.941826
46.702435
45.454723
44.157734
42.333714
40.569691
38.660870
36.654770
34.787548
32.969925
31.178385
30.698248
30.716805
30.519527
30.644169
30.674728
30.698248
30.702087
30.700806
30.497929
30.618088
30.707687
30.686728
30.679207
30.698725
30.510889
30.659367
30.671848
30.684330
30.712008
30.687687
30.495689
30.624649
30.657768
30.694407
30.688488
30.698084
30.515369
30.612329
30.675049
30.687366
30.694407
30.698248
30.476013
30.634729
30.736649
30.687527
30.685127
30.691687
30.512329
30.616650
30.701927
30.697605
30.712807
30.699846
30.507690
30.620970
30.689610
30.721445
30.687691
30.739367
30.500328
30.629129
30.673449
30.711208
30.698727
30.681927
30.495529
30.650888
30.688648
30.710089
30.697926
30.696968
30.491529
30.618568
30.679689
30.737926
30.698088
30.696327
30.497768
30.639849
30.704010
30.696968
30.712486
30.697126
30.480490
30.635849
30.685768
30.697609
30.729288
30.708807
30.499689
30.625769
30.716328
30.686247
30.684967
30.684166
30.511049
30.620810
30.687687
30.696646
30.684330
30.684010
30.491690
30.616329
30.693129
Control Period
30.702566
30.684967
30.700487
50.925453
48.886726
46.882881
44.889114
42.885590
40.670868
38.598061
36.532295
34.491009
32.492443
30.596169
30.545130
30.619370
30.670088
30.670406
30.694088
30.691528
30.512650
30.646090
30.632648
30.680008
30.686569
30.689930
30.515049
30.619051
30.680328
30.692968
30.695686
30.694088
30.513290
30.615688
30.665770
30.700809
30.679850
30.577610
30.609447
30.632809
30.668650
30.706728
30.703209
30.497290
30.630890
30.620169
30.669128
30.696487
30.591368
30.483532
30.621128
30.635368
30.701607
30.699049
30.559370
30.512650
30.635048
30.632648
30.683689
30.715050
30.701288
30.484011
30.624489
30.662088
30.695049
30.698410
30.676968
30.497770
30.646568
30.681450
30.695848
30.676970
30.673126
30.612169
30.630249
30.669128
30.685928
30.689928
30.471210
30.628649
30.645128
30.681448
30.739206
30.682570
30.484489
30.624489
30.637289
30.674728
30.686089
30.697289
30.517609
30.623529
30.626888
30.697449
30.689449
30.684490
30.497610
30.660650
30.676970
30.692169
30.684649
30.627048
30.491051
30.610889
30.659849
30.712009
30.687529
30.597931
30.650249
Control Period
30.627209
30.685610
30.690889
30.692966
30.490891
30.663210
30.631371
30.678410
30.687529
30.645288
30.488811
30.615849
30.648329
30.655048
30.707209
30.562729
30.525772
30.622568
30.628330
30.684010
30.726410
30.675049
30.476971
30.615690
30.678890
30.671530
30.710890
30.702888
30.515371
30.617290
29.487707
20.470566
30.680012
30.686249
30.501930
30.674891
30.622410
30.686569
30.684010
30.613449
30.494732
30.616489
30.667849
30.734728
30.691689
30.678570
30.519852
30.630569
30.681288
30.700809
30.702091
30.702408
30.622410
30.632328
30.704008
30.686571
30.685131
30.480972
30.630089
30.682890
30.687691
30.710087
30.680969
30.495852
30.616970
30.645929
30.680330
30.714729
30.682409
30.488651
30.630409
30.653770
30.679369
30.718248
30.725929
30.506729
30.633450
30.685452
30.701769
30.702089
30.634890
30.498249
30.641130
30.693607
30.694889
30.672009
30.571529
30.612169
30.622570
30.679527
30.670731
30.692810
30.487534
30.644329
30.634729
30.669930
30.690248
30.680168
30.501133
30.652809
30.629770
30.693130
30.684649
30.597290
30.515373
30.631689
30.664810
30.689770
30.688168
30.704491
Control Period
30.487053
30.640650
30.669291
30.706249
30.727369
30.680489
30.486732
30.617289
30.673771
30.728649
30.678249
30.672329
30.609129
30.626410
30.676329
30.687370
30.690090
30.475689
30.610729
30.617769
30.691849
30.716169
30.599689
30.504814
30.627689
30.632969
30.708330
30.711048
30.689449
30.493292
30.632488
30.645929
30.690248
30.672808
30.350098
30.126097
30.288176
9.885927
9.888808
9.906087
9.909928
9.909768
9.882888
9.905287
30.327854
30.320656
30.316015
30.245935
9.894567
9.888168
9.897767
9.889448
9.895848
9.889448
9.893608
30.250896
30.234097
30.269777
30.280817
9.887848
9.906567
9.898727
9.888648
9.896808
9.895687
9.899208
30.260336
30.120178
30.285454
30.248817
9.880487
9.898247
9.880648
9.886408
9.895208
9.894088
9.887209
30.260015
30.328976
30.303856
30.120817
9.897768
9.890728
9.902407
9.896008
9.893288
9.896488
9.900169
30.273617
30.286736
30.319054
9.903528
9.900969
9.891048
9.889288
9.889448
9.897928
9.896809
9.893768
30.142097
30.270737
30.253456
9.884970
9.905607
9.900488
9.892326
9.890247
9.887688
9.891848
9.891689
30.307695
9.883047
30.123539
9.889448
9.892328
9.881929
9.894089
Control Period
9.884329
9.889767
9.888648
9.893929
30.710089
30.679209
30.728329
30.702888
30.491533
30.618889
30.630730
30.686569
30.693609
30.687851
30.490574
30.621450
30.603048
30.691051
30.685289
30.696808
30.506250
30.621449
30.661770
30.665131
30.688169
30.684008
30.483694
30.657928
30.628811
30.665611
30.696169
30.697611
30.489933
30.640327
30.628328
30.674250
30.703369
30.676811
30.742729
30.617767
30.618092
30.702089
30.698568
30.685930
30.791689
31.040167
31.230402
31.206242
31.160322
31.270401
31.168961
31.168482
51.720329
51.048195
50.424858
49.579128
48.860435
48.174221
47.439049
46.789314
46.031422
45.323608
44.670834
43.998383
43.337288
42.677155
42.006302
41.325527
40.678833
40.030380
39.166889
38.480038
58.191109
57.455296
56.792923
56.005272
55.267857
54.591084
53.918468
53.245056
52.467644
51.823189
51.227852
50.562920
49.882145
69.461861
68.818047
68.148468
67.431374
66.767563
65.985191
65.247940
64.588608
63.926872
63.292339
62.537323
61.857029
61.178177
80.997086
80.140472
79.455215
78.848679
78.126305
77.441528
76.794998
76.122223
75.455368
74.712677
74.037659
73.384247
72.604752
92.386703
91.714890
91.055397
90.174301
Control Period
89.479607
88.455521
87.455597
86.453751
85.385513
84.417267
83.115593
81.471519
79.850807
78.083221
76.468750
74.838760
72.967178
71.030312
69.112808
46.743294
24.366741
9.889606
9.882408
9.892488
9.891048
9.884489
9.884329
9.880008
9.886887
30.263697
30.266895
30.292177
30.323215
30.134897
9.897929
9.888648
9.894887
9.908168
9.878090
9.879368
9.883210
9.880648
9.880969
9.880808
30.219215
30.325935
30.143536
30.264816
9.891689
9.887848
9.890088
9.889767
9.883207
9.892808
9.890247
9.896169
9.888168
9.884970
30.316336
30.117300
30.280014
30.255695
30.285778
9.888168
9.908008
9.876648
9.883687
9.886248
9.893448
9.884808
9.883369
9.884808
9.888168
30.241455
30.244017
30.260977
30.251698
30.228176
9.880969
9.892168
9.892330
9.882727
30.577770
30.590092
30.702250
30.486414
31.044964
31.276962
31.247044
31.257921
31.067526
31.215681
31.250721
31.277761
31.279842
31.164162
31.269279
31.248800
31.261602
31.138565
31.208641
31.236641
31.255520
31.169441
31.271681
31.211040
31.253283
31.263683
31.279682
31.266722
31.182240
31.242722
31.250721
31.241444
31.069603
31.214081
31.232481
31.188002
31.267681
31.176641
31.278400
31.247681
Control Period
31.290882
31.268641
31.176161
31.252323
31.272320
31.267200
31.253603
31.134403
31.272322
31.282560
31.241442
31.040325
31.223682
31.267681
31.259041
31.218563
31.270561
31.189280
31.252159
31.252642
31.175364
31.299040
31.188002
31.232162
31.176802
31.251682
31.172642
31.253120
31.301762
31.254242
31.139044
31.064644
31.225441
31.268641
31.248802
31.257282
31.210562
31.272001
31.270401
31.261600
31.261921
31.263201
31.264002
31.259041
31.277281
31.278881
31.036964
31.248001
31.250561
31.244003
31.030405
31.211842
31.260000
31.216003
31.175201
31.248003
31.160801
30.657928
30.686728
30.695690
30.629612
30.363855
30.276817
30.249138
30.250576
30.262575
9.876808
9.876490
9.888329
9.881130
9.886887
9.886570
9.873770
9.886250
9.880810
9.879530
9.902887
9.885767
9.892649
9.880489
9.887050
30.108501
30.245777
30.257935
30.280975
30.317297
30.280497
30.340178
9.879529
9.880808
9.877927
9.885288
9.880489
9.883210
9.882568
9.880970
9.884809
9.888006
9.892008
9.911369
9.886569
9.883209
9.876648
30.266256
30.274895
30.317297
30.337296
30.358578
30.117140
30.263376
9.900169
9.885769
9.889767
9.895369
9.902729
9.891209
9.895209
9.881289
9.888170
9.902567
9.889288
9.886569
Control Period
9.892329
9.899209
9.916168
30.680330
30.712009
30.690409
30.506733
30.620331
30.629292
30.689930
30.687849
30.692968
30.696491
30.495853
30.632811
30.651527
30.682249
30.686569
30.706570
30.501616
30.626732
30.651531
30.692490
30.718569
30.679689
30.698408
40.684017
40.305206
39.971191
39.648857
39.347160
39.054745
38.771931
38.259037
37.887901
37.501087
37.178268
36.895611
36.585434
36.063103
35.700447
35.326912
34.975296
34.654400
34.307426
33.985889
33.470596
33.096100
32.706085
52.804714
52.513741
52.723236
52.888092
53.117111
53.355087
53.616905
53.872963
54.058300
54.312759
75.023705
75.175919
75.214378
75.420990
75.661682
75.863174
76.048347
76.304085
76.520302
76.783714
97.473373
97.723991
97.919090
98.195152
98.440811
98.691109
98.950531
99.031876
99.237373
99.501434
120.231262
120.496124
120.675705
120.914169
121.160309
121.413651
121.663315
121.830894
122.092232
122.343811
122.513794
142.994827
143.224335
143.470627
143.665405
143.876190
144.144257
144.318558
144.581177
144.823471
145.082245
165.727112
165.982056
166.253311
166.529373
166.786865
167.055405
167.224899
167.471832
167.720215
167.985870
188.628815
188.862473
189.171814
189.359390
189.619766
189.679504
189.339890
188.999161
188.681625
188.378815
188.095200
Control Period
187.770462
186.802155
185.977524
201.392639
200.655045
199.901443
199.120651
198.163544
197.341461
196.530426
195.742111
194.989792
214.689972
213.777023
212.961502
212.184540
211.446457
210.679901
209.704544
208.893509
208.101669
207.328873
206.556244
205.799606
204.922180
204.112747
203.396271
202.629715
201.856598
200.893250
200.084778
219.688950
218.962387
218.195038
217.429291
216.610413
215.792496
215.046097
214.278748
213.513474
212.588516
211.751556
210.971725
210.191895
209.452225
208.712387
207.840240
207.046326
206.284576
205.515137
204.754654
203.941223
203.140106
202.377228
201.660431
200.899796
200.132919
199.309402
198.503006
197.733734
217.409744
216.468796
215.650558
214.835052
214.070572
213.304977
212.529144
211.765793
210.909485
210.125336
209.384537
208.634933
207.672867
206.842636
206.023132
205.230011
204.446182
203.705383
202.953552
202.116913
201.351318
200.603806
199.831497
198.867340
198.041580
197.229904
196.454071
195.680145
194.905746
194.059677
193.240799
192.464645
191.687531
190.916168
169.720169
168.907211
168.071060
167.282745
166.538589
165.780991
164.935242
164.121964
163.364212
162.630295
161.864380
160.896713
160.069672
159.231277
178.868088
178.109848
177.336258
176.521545
175.688904
174.926834
174.157715
173.393082
172.427811
171.603012
Control Period
170.817413
169.683456
168.536377
167.394577
166.127670
164.918518
163.762329
162.620850
161.258896
160.051987
158.833878
157.663605
156.506943
155.340195
154.186722
152.951019
151.808441
150.644897
149.490784
148.142120
146.916656
145.693756
144.511963
143.354340
142.221039
140.988220
139.847229
138.699524
137.560135
136.409866
155.457367
154.260376
153.129150
151.966080
150.805740
149.658508
148.416718
167.720535
166.533310
165.006882
163.300781
161.704590
160.107758
158.544373
136.589462
114.629112
92.669884
70.707451
48.746780
26.809311
9.881769
9.884809
9.888970
9.885768
9.888167
9.889450
9.909288
30.304655
30.316498
30.310417
30.122421
30.272335
30.263218
9.892010
9.884171
9.886890
9.883209
9.880968
9.892651
9.881610
9.903210
9.900969
9.893289
9.899688
9.890887
30.258415
30.289776
30.357296
30.309616
30.313618
30.176659
9.885450
9.882088
9.880810
9.898890
9.889288
9.888810
9.902248
9.888490
9.888006
9.883850
9.880490
9.898888
30.157618
30.256819
30.253618
30.252337
30.284178
30.320496
9.882730
9.889290
9.881128
9.877928
9.894569
9.901131
9.901288
9.877769
9.898090
9.889290
9.924487
9.938728
9.904809
30.316177
30.122581
30.248018
30.247379
30.285938
30.247379
9.899848
9.921928
30.645613
Control Period
30.628654
30.677134
30.711052
30.687855
30.679533
30.616173
30.638731
30.674252
30.683372
30.611214
30.494894
30.613134
30.695530
30.688972
30.685610
30.704651
30.613293
30.671371
30.684011
30.707212
30.689133
30.505133
30.647854
30.632650
51.090744
50.734222
50.393860
49.961494
49.561134
49.206051
48.859447
48.544846
47.990723
47.561241
47.161358
46.821632
46.475830
66.575790
66.170151
65.783707
65.424141
65.070175
64.723572
64.216011
63.801407
63.430649
63.062927
62.724964
62.375641
62.047752
81.994598
81.654076
81.296593
80.829033
80.272034
79.880310
79.476746
79.107269
78.752502
78.399826
78.056900
77.645981
77.276016
76.924934
76.568573
76.038132
75.623367
75.409561
75.662148
75.879059
76.091965
76.196877
76.343063
76.551010
97.257523
97.331390
97.556137
97.767609
97.956520
98.163025
98.242340
98.418129
98.632957
98.852585
98.985657
99.191368
99.390678
99.599426
99.801453
99.921562
100.134155
100.342422
100.558212
100.794479
101.007065
101.223656
101.480247
101.726913
101.622864
101.228256
100.880531
100.523209
100.167007
99.819443
99.276367
119.249939
118.890701
118.564743
118.211578
117.867050
117.448135
117.062500
116.715736
116.359375
116.035812
115.479294
115.047729
114.635689
134.755020
134.404099
134.056702
133.646103
Control Period
133.288452
132.445847
131.602600
130.767670
129.712418
128.789169
148.293289
147.452438
146.611908
145.696182
144.801727
143.938324
143.042908
142.188293
141.141205
140.269791
139.401260
138.555450
137.702438
136.799835
135.921707
135.066620
134.240967
133.382843
132.453033
131.535706
130.683975
129.846970
128.981796
128.049271
127.129539
126.294128
125.377762
124.379631
123.477982
122.644974
121.805725
120.975754
120.126419
119.201248
118.300880
117.450592
136.959991
135.951630
135.066620
134.176331
133.306198
132.450623
131.603210
130.675964
129.752548
128.831223
127.992294
127.137527
126.208359
125.338707
124.467941
123.606934
122.745125
121.684921
120.757355
119.903381
119.042847
118.209358
117.288345
116.364136
115.503448
114.614281
113.759827
112.821381
111.966606
111.134872
110.169708
109.314461
108.266418
107.357086
106.434319
105.556503
104.687172
103.742485
102.832672
101.988617
101.114166
100.266594
99.440140
98.512726
97.648354
96.779343
95.927933
94.981964
94.091187
93.256409
92.391075
91.546539
90.502007
89.565948
88.683014
87.842484
86.988510
86.069260
85.174805
84.304993
83.438377
82.605202
81.553467
80.674850
79.808876
78.980667
78.125092
77.226959
76.338905
75.473091
74.650955
73.790260
72.858208
71.949677
71.062904
70.228447
Control Period
69.370316
68.035065
66.760452
65.552399
64.351547
63.106537
61.862968
60.673157
59.402390
58.202179
56.923569
55.715202
54.469395
53.269669
52.007542
50.768772
49.566963
48.381477
47.107826
45.864098
44.655090
43.485283
42.274353
40.997665
39.748657
38.551331
37.387760
36.110111
34.919022
33.714176
32.518768
31.153923
30.629133
30.662254
30.710894
30.511856
30.622416
30.620975
30.666254
30.469936
30.624332
30.606094
30.683374
30.676655
30.476658
30.618416
30.676014
30.672495
30.517935
30.630733
30.614735
30.668816
30.731691
30.619694
30.638893
30.688013
30.702095
30.491856
30.620174
30.660173
30.684334
30.496336
30.621454
30.629133
30.674734
30.679535
30.493456
30.602095
30.704174
30.713135
30.509935
30.620974
30.646254
30.708334
30.513136
30.626095
30.655375
30.672012
30.686575
30.484657
30.636654
30.685614
30.680172
30.680815
30.629133
30.642574
30.675533
30.684814
30.609295
30.650576
30.679695
30.708813
30.533615
30.624332
30.635054
30.705774
30.704815
30.623852
30.648973
30.689775
30.649614
30.689613
30.634254
30.682573
30.627373
30.674734
30.610735
30.636333
30.715534
30.699373
30.624493
30.622253
30.686733
30.624973
30.688494
Control Period
30.611856
30.671854
30.668015
30.710094
30.627853
30.632494
30.671535
50.912987
49.437679
47.921890
46.466583
45.037357
43.416294
62.308197
60.858330
59.437904
57.823563
56.342499
54.825592
73.831413
72.174347
70.676163
69.158936
67.698029
66.281441
84.990631
83.457085
82.002419
80.554153
78.903015
77.391388
96.304893
94.904785
93.256844
91.771461
90.279358
88.825653
107.607002
106.116653
104.602463
103.163788
101.723518
100.072693
118.930038
117.492325
116.041656
114.398666
112.878082
111.380692
130.390350
128.736481
127.223412
125.722664
124.276314
122.862442
121.361694
119.859825
118.419075
116.978806
115.334381
113.827713
112.372406
110.930855
109.315712
107.807602
106.301094
104.837944
103.212723
101.702530
100.211700
98.762794
97.308762
95.664978
94.149673
92.693253
91.317307
89.690002
88.191177
86.723877
105.764740
104.147675
102.641006
101.157860
99.692795
98.259407
117.002670
115.508644
114.084053
112.665382
111.026398
109.523567
128.493225
127.054718
125.403091
123.905869
122.418396
120.983246
119.362823
117.865112
116.393646
114.941536
113.504303
111.887238
130.806503
129.388947
127.960358
126.351135
124.846863
123.363396
142.342819
140.730392
139.244843
137.741699
Control Period
136.291031
134.393890
132.420761
130.440903
128.531769
126.635918
124.524864
122.558289
120.644196
118.731216
116.621124
114.644630
112.748459
110.857727
108.754517
106.773544
104.796890
102.883759
100.769829
98.789337
96.850281
94.932983
92.833130
90.851196
88.861740
86.938049
85.036591
103.326187
101.340897
99.401840
97.464706
95.353333
113.745163
111.827225
109.918091
107.866882
105.915024
124.368301
122.440926
119.964119
117.642517
115.288910
112.882187
89.774017
66.678482
43.574471
20.478455
9.491375
9.498575
9.497615
9.517616
29.908346
29.760988
30.137783
30.136341
30.625135
30.219542
29.920986
29.782429
29.922264
9.498257
9.502895
9.497936
9.497295
30.356819
31.131207
30.136663
9.503536
29.876188
29.758268
9.507215
9.502895
9.494576
9.507696
30.440176
31.853279
30.843691
29.753147
29.916344
29.715069
9.504016
9.511215
9.502733
9.498896
9.871370
30.613935
30.293781
28.975239
39.880676
37.219234
34.560993
31.893148
29.752508
9.499695
9.495856
31.266724
32.272629
30.620655
29.730749
29.917305
9.488495
9.496176
9.492336
9.491375
9.490096
30.601456
31.150566
30.247541
29.928665
29.737309
29.928984
9.499376
9.504976
9.502096
31.333605
Control Period
31.621120
30.245140
29.785948
29.943865
29.745308
9.501295
9.497616
9.503056
30.213942
30.628334
30.554096
29.904345
29.884348
29.924826
29.922104
9.497295
9.507215
9.515535
30.635695
31.745438
30.979048
29.751228
29.943865
29.727867
9.502735
9.508175
9.498575
9.529776
31.055208
31.174726
30.404818
29.949625
29.737629
29.966103
9.504015
9.502256
9.497136
9.498096
30.537457
31.817118
30.824173
29.911705
29.734108
29.917145
29.734907
9.582575
9.876490
9.879688
30.636654
30.688015
30.636333
30.688814
30.604815
30.658255
30.674892
30.697935
30.717773
30.622734
30.682575
Control Period
Control Period
Control Period
