38.745026
38.202160
58.528648
38.205040
38.198002
58.526886
38.201679
38.191921
58.560326
38.198158
38.233841
38.148567
38.223282
38.181358
38.243282
38.184402
58.577606
38.183762
38.205841
58.500488
38.197678
38.202797
58.508011
38.206642
53.639500
38.193199
58.569450
38.190960
38.190323
58.523209
38.193199
58.424492
78.731140
58.541130
38.200718
38.186321
58.549126
38.187599
38.215439
38.149368
38.225361
38.192402
38.227123
38.189838
58.568806
38.180241
38.178638
58.537289
38.174320
38.196880
58.469769
38.198639
38.221199
38.167763
38.188560
38.194801
38.197041
38.195919
58.570091
38.191441
38.223602
77.260620
58.515053
38.199921
38.191921
58.516968
38.199440
61.382492
38.217041
38.195122
38.231598
58.526249
38.222801
38.187439
58.580330
38.181042
38.196404
58.576332
38.192558
38.189362
38.188084
38.195923
38.200241
38.204082
38.218159
58.503208
38.206799
38.202961
58.568649
38.196880
38.230480
58.540329
38.195923
38.232719
58.455051
38.231281
38.190964
38.232082
38.184563
58.589451
38.188560
38.193043
89.939964
68.512459
38.189522
38.207603
58.545288
38.191765
38.203281
38.195442
38.230801
58.508972
38.194962
38.187603
58.520172
38.247921
38.192245
58.566734
38.190964
38.191765
58.538570
38.206001
38.199444
38.154488
38.192085
38.191605
38.198166
71.129105
58.509773
38.207924
38.182007
38.194965
38.198803
97.690468
55.894714
38.224087
58.550095
38.197845
38.199280
58.541294
38.182804
38.198967
58.517136
38.189205
38.235603
58.485939
38.213684
38.185364
38.162807
38.190487
38.207283
38.171608
75.190445
58.556656
38.197205
38.185364
58.524658
38.190163
38.198967
38.180565
38.195927
38.207443
38.190166
38.204247
58.604652
38.208405
38.214485
58.558895
38.198967
38.197205
58.384979
38.201523
77.929893
58.538734
Control Period
38.197685
38.209846
58.518257
38.202324
58.546898
38.218964
38.208885
38.198486
38.199284
58.484818
38.180885
38.188885
38.235126
38.187607
58.529457
58.402901
38.164730
58.380344
38.119930
38.177368
38.206326
80.111595
60.211185
38.201843
38.201843
38.179768
38.193687
38.160728
38.105209
58.367542
38.158493
38.152405
58.467857
38.226807
58.587536
38.200405
38.200405
38.181847
38.211769
58.551216
38.216248
38.197365
38.188728
38.191128
58.527378
38.187447
38.207123
38.256569
38.187126
58.513939
38.236725
Control Period
38.204247
58.582256
38.199127
58.544178
38.204407
58.552818
38.183449
38.195129
38.213848
38.207924
38.197369
38.208405
58.516659
38.183449
58.561775
38.210331
69.589966
44.473839
38.216568
58.464661
38.205528
38.194649
38.219128
38.241524
38.212891
38.199287
58.547218
38.202652
58.537457
38.200249
58.554741
38.195450
38.190327
38.199448
38.194168
58.567860
38.236885
38.199448
38.197372
38.153370
38.129051
38.136414
39.093506
38.192253
58.548019
38.214653
58.508026
38.286804
38.201691
38.209370
38.186970
Control Period
58.564339
38.200089
58.536022
38.199287
58.518902
38.125690
58.556503
38.210968
58.549461
38.187611
58.583221
71.660309
38.232891
38.191132
38.178329
38.198811
38.190971
38.204891
38.216412
38.203289
38.184093
38.205372
50.972389
38.123611
58.608017
58.540024
38.223133
58.584824
80.313194
63.618828
38.203449
58.563385
38.193050
58.579861
38.195770
58.562263
38.183929
58.536980
38.190651
58.545784
38.196251
58.599545
61.591782
58.557625
38.196251
82.028030
65.177353
38.217690
58.533783
38.206490
58.549145
38.213692
38.158493
Control Period
58.432350
38.200413
38.218491
85.551460
69.897835
38.206970
38.213531
38.210968
38.245373
72.418053
58.575706
38.208252
58.550903
38.230492
58.531227
38.214653
38.213051
58.508987
38.075134
58.557465
58.570103
38.242332
58.544346
38.208092
58.448990
38.202652
64.670425
38.228252
38.205849
38.199455
38.197052
38.206970
38.233212
84.950836
69.353691
38.211296
58.491070
38.197533
38.200253
38.208092
38.210655
38.267933
75.117821
59.510921
38.202175
58.628181
38.211452
38.191139
38.248894
38.208893
38.153214
38.118015
38.190495
Control Period
38.567284
39.132553
59.480003
39.195107
92.491280
79.111481
45.372231
39.142471
59.512001
39.113831
59.562561
39.131111
39.324066
96.356613
82.991539
49.417244
39.025673
39.216866
39.139431
59.462246
39.188068
39.158150
39.101189
72.230865
59.460327
39.145512
39.135590
39.198311
39.115753
59.580643
39.073513
59.538403
59.465286
39.163589
39.095268
39.089035
39.089348
59.562080
39.152069
39.301025
39.155750
39.177513
86.246643
72.844933
39.170952
39.226151
39.087433
39.130150
59.583366
39.131111
39.065514
39.122952
59.634563
59.468647
Control Period
39.155754
59.505768
39.286465
39.016396
59.567043
39.162788
39.246468
59.483208
72.095985
59.763077
39.319267
39.072395
39.166309
39.138153
59.500969
39.111591
39.136391
59.424484
39.288551
39.091751
39.182629
39.140392
59.625122
67.034531
59.470726
59.399689
59.521286
39.205349
59.520325
39.181671
59.388008
39.080395
39.187271
59.551205
39.143913
39.064232
59.504005
39.128231
58.097649
39.170471
59.469128
39.033035
39.187111
59.621769
39.077995
39.107433
39.138153
39.204231
59.494888
39.060234
39.213993
69.752380
79.883621
67.643028
39.174152
39.145191
Control Period
39.139435
39.168232
39.175434
39.293030
39.173195
39.161510
39.146629
39.131916
39.253830
39.126316
39.130474
72.596779
61.354626
39.228390
39.081356
59.461128
39.172234
39.137516
59.580009
39.162476
39.129997
78.411026
66.710320
39.237671
59.440170
39.186474
72.339027
61.143108
39.159756
59.581768
59.480968
39.265190
39.167114
59.465611
39.135597
39.136555
59.579849
39.131435
39.141357
59.636330
39.123753
39.114956
59.580009
39.138317
39.228554
73.061737
61.871262
39.140236
39.172874
63.225189
39.028076
39.072716
59.620010
39.217033
39.137035
59.496010
Control Period
39.218151
39.158314
39.071918
59.466408
39.029518
39.104076
68.920082
59.590889
39.198154
39.144234
59.588970
39.170311
39.174797
62.870323
39.265675
39.033997
39.124874
59.373131
39.286469
39.157837
76.823067
66.790321
39.173515
39.143436
82.082932
72.072105
71.468872
61.362530
39.137352
39.146637
59.453773
39.168877
39.200718
39.165195
59.615845
38.992397
39.265194
72.515991
62.500366
39.068562
53.508652
39.176556
39.178474
59.464653
39.122154
39.166954
59.549294
39.117516
39.258316
39.087601
66.846695
59.460815
39.222633
39.114799
59.557297
39.115276
Control Period
39.325832
59.454895
39.139118
39.133034
39.144394
59.502892
39.050640
39.168396
39.169518
76.039902
66.758667
39.068398
39.144875
59.497295
39.139439
53.520813
39.040878
59.517296
39.185677
39.152878
59.481613
39.212555
39.166157
39.167435
59.556816
79.917709
90.401222
81.318382
51.786491
39.178795
39.133835
59.465454
39.086639
39.293835
59.497299
59.552013
39.145042
39.288876
59.482254
39.163437
39.175278
39.230957
95.019066
85.974792
56.497936
39.158154
59.508656
39.137680
39.133041
59.566093
39.099598
39.123920
39.174957
59.532978
39.067284
39.242477
39.134155
Control Period
60.374870
40.005013
40.058617
59.678574
39.882778
39.824860
39.997978
60.416477
40.078773
39.776863
56.824089
39.935738
39.964699
60.477112
60.361595
39.766621
19.650358
60.253918
60.412796
40.020855
60.516472
60.379036
39.800064
60.074402
60.301918
40.023575
40.017498
39.852543
60.245918
39.748062
39.993660
40.019096
60.178238
39.890781
72.860779
65.442764
60.256317
40.060375
39.964859
39.766304
60.237602
39.902939
19.665237
40.060215
60.414238
40.006779
39.732224
39.928535
60.419991
39.938778
40.017979
39.735268
60.285599
39.811264
19.658676
60.457115
39.959099
39.768063
Control Period
60.347519
60.300797
39.923420
40.055897
39.770626
60.337437
60.463200
56.579620
60.331520
40.014458
39.770943
39.945019
60.505592
40.004700
40.039421
39.773666
39.984379
60.361279
40.063095
40.052856
57.316238
39.853985
40.022457
40.021179
60.301445
60.348160
60.492477
60.164646
40.062298
40.050777
39.941822
60.208004
80.730820
94.171227
87.530724
60.614761
40.013821
39.903263
60.157768
60.172325
39.959579
19.655640
40.033180
60.238083
60.214245
39.843903
60.272163
70.118462
63.795391
40.025822
39.765987
40.069180
60.320484
39.979904
75.677032
69.422600
62.997131
40.066616
Control Period
39.868225
40.061016
60.561596
60.467678
73.384460
67.546951
61.731518
39.871426
39.885983
60.581436
40.081337
40.162777
39.890465
60.523682
60.368164
40.130779
39.909504
39.941505
40.050617
60.495041
40.002457
97.990211
92.259895
102.617798
96.910683
70.850029
44.565857
39.919746
60.556641
60.587997
40.159737
39.868546
40.068062
40.050140
40.061501
40.143578
40.060699
39.865505
60.543999
60.425438
69.222328
63.368340
40.111580
39.869186
40.063263
39.959747
98.784103
93.096344
87.387947
61.305206
39.870308
40.062943
40.039101
60.545761
39.948067
39.964706
40.068859
40.154617
Control Period
60.543842
60.516003
39.960224
39.944546
90.802406
65.102226
60.446884
60.447681
40.063419
40.145180
39.837509
40.029022
60.518082
60.396965
40.111740
39.810150
40.067101
40.074142
60.566238
60.469280
39.869827
74.621071
106.883034
101.641838
96.397438
70.913414
45.491627
39.875748
40.002785
69.768242
64.791031
40.048862
40.101982
39.882305
40.032383
60.585602
60.511364
66.865280
97.519455
92.451370
67.034546
41.333084
40.065025
40.133659
60.288651
60.444641
39.843746
40.023582
40.028702
39.871906
92.897072
87.664993
82.445076
56.887455
40.067902
40.148220
40.073826
60.262890
Control Period
60.599846
40.055264
40.107903
39.840233
40.011265
59.142761
53.914734
60.548004
39.859268
40.054302
40.062946
40.160221
60.284492
60.437126
39.871109
40.072224
40.142460
39.867271
40.054462
60.455688
60.522243
40.005505
87.789688
93.950867
89.172974
84.478279
59.262043
40.076702
40.019745
40.120224
39.838951
60.406410
90.324661
85.811241
60.723961
40.139904
39.858475
40.033508
40.071583
69.546806
64.928909
39.872391
40.042786
40.066948
40.149986
40.041344
60.251213
60.501122
40.017502
40.107262
39.839111
40.053024
40.094463
60.483849
82.924850
78.345352
53.101921
40.063267
40.092224
40.156063
Control Period
60.690723
60.877438
93.314339
89.878540
116.313629
112.498322
108.820770
105.377289
101.537178
97.781708
94.075348
90.504509
86.694801
82.979164
79.296486
84.943329
81.327377
77.488228
73.778030
70.441269
66.853477
63.042328
60.744644
60.872482
60.808479
60.666885
60.664646
73.499992
90.218704
102.827606
99.102371
95.625137
92.039421
88.170990
84.398079
80.940681
118.098053
114.501137
134.447113
130.770508
126.852005
123.027740
119.518501
115.765274
111.927887
108.186340
104.776619
101.156502
97.325516
93.586365
90.054726
86.442772
114.533821
110.793709
106.947838
Control Period
103.229805
99.253105
95.354645
91.152351
87.038055
83.062469
79.287369
75.090195
70.983742
67.011040
63.161858
60.664806
60.756329
60.701286
80.231499
76.087929
72.042915
68.006058
64.118637
60.761444
60.861763
60.879204
60.907204
60.752647
60.883682
60.875519
60.987679
78.767860
74.758362
70.797981
66.907516
76.033836
71.978104
68.036606
64.324379
60.663689
60.743847
60.864807
61.111359
60.668648
60.753288
60.807526
60.970562
60.758408
60.867203
60.771046
60.968479
60.763206
60.892647
60.910084
60.829765
72.616653
68.565880
64.564064
98.937408
94.831116
90.544182
Control Period
86.425888
82.308289
78.131813
73.722862
69.449593
65.382240
61.189606
60.657448
60.763847
60.896645
60.891842
60.653290
60.753769
60.909126
60.886566
60.614094
73.621750
69.455513
65.047363
60.756649
60.964645
60.933449
60.662415
60.764328
60.912643
60.925766
60.659851
60.714409
61.012962
60.668007
60.758568
60.869286
61.064163
85.343369
81.017296
76.807060
72.886421
68.474594
64.115402
60.775047
61.004005
74.079338
69.780304
65.508949
61.558228
60.684170
60.742889
60.872646
61.142403
60.666092
60.768806
60.881447
61.138401
60.661774
60.760330
62.975311
77.866608
73.631577
Control Period
69.156235
64.584213
61.052963
60.892807
60.649616
60.722572
61.059845
60.868965
60.715534
73.339836
69.173561
64.577217
60.761131
60.821129
61.123844
60.665459
60.801609
60.889931
60.966248
60.692974
60.820648
60.808807
61.154560
60.691055
60.754410
60.792492
60.930408
60.763695
60.757294
60.992008
61.226082
60.675056
60.799850
60.947849
61.120003
60.817448
60.872009
60.983849
61.223522
60.813133
60.860809
94.172737
90.045982
85.767876
81.285934
76.893913
97.392601
93.051773
88.666786
84.069649
79.745308
75.279846
70.768791
66.252289
62.102337
60.912811
60.702415
Control Period
60.817135
61.099846
60.997929
60.795532
60.887371
61.141762
60.977287
60.816334
60.858574
77.389343
72.824654
68.093407
63.498798
61.101608
60.992645
60.803055
60.975533
60.978889
60.982086
60.812336
60.862091
61.111847
60.970409
60.749458
60.852173
61.105927
77.645020
73.124969
68.589554
64.060219
60.999367
60.985771
60.797615
61.110725
60.984970
60.996967
60.859535
60.975052
60.987373
61.000488
60.837456
61.104485
60.949448
60.992168
60.850254
61.182087
61.020966
61.037769
60.818096
61.101929
60.979851
60.942894
60.800175
61.148811
61.036808
61.024170
60.976650
61.357124
Control Period
61.084488
61.082088
61.211365
61.003052
61.005295
61.159210
61.022572
61.190407
65.076218
60.982731
61.196487
60.971375
61.135689
99.528610
95.191307
90.578171
85.975754
81.780846
77.313782
72.744484
68.428459
63.984756
81.663635
77.079140
72.588402
88.626083
84.001747
79.663963
75.217865
70.645203
66.339737
61.883877
61.122089
61.210247
61.002415
61.205929
60.980820
60.973778
61.332165
61.084328
60.935215
61.241608
61.048973
81.703476
77.145859
72.684563
88.719368
84.139191
79.838051
75.401070
70.817375
66.491913
62.021652
81.352768
76.981064
72.431923
88.382576
Control Period
83.793602
79.028152
94.715942
89.823303
85.059135
80.394806
75.546326
103.929626
99.175217
94.303696
89.679520
84.899513
80.255981
75.496613
70.743011
66.104767
61.256123
61.211849
60.974739
60.972015
61.288811
60.989937
60.979538
61.237770
60.968658
61.040176
61.014896
60.889778
61.129612
61.100975
92.415680
87.529922
82.761436
78.026230
100.003448
95.471756
90.755432
85.884384
81.285339
76.526459
71.896210
67.153320
62.393635
61.208332
61.018578
61.256332
60.972977
60.970417
61.341125
60.965458
60.994576
61.222092
60.968182
61.137451
61.017456
Control Period
60.934898
61.228653
61.084496
86.347839
81.335503
76.506523
71.412903
66.319450
61.589504
60.956818
60.960178
61.208809
60.952980
61.175697
61.105934
60.965458
61.146095
61.108017
61.104340
60.998741
61.089935
61.116177
60.978260
61.119698
61.049141
60.976501
61.146416
60.964661
60.964825
61.240334
60.965782
60.984337
61.252171
60.985779
61.008980
61.125137
60.953941
61.175697
61.095535
60.969780
61.127697
61.105614
61.172333
60.994904
61.091537
61.191216
60.991219
61.234573
60.974426
60.973465
61.331852
60.967384
60.988823
61.198097
77.754150
73.027733
Control Period
68.055557
63.038189
61.006104
61.010742
61.125458
60.983704
82.997208
78.008163
93.308510
88.280739
83.040977
77.950333
72.780968
67.564247
62.508163
61.088341
61.068501
61.023705
61.088497
61.130417
60.986107
61.082260
61.088020
60.965305
61.250900
60.927063
60.987545
61.252495
60.973465
60.980667
61.155380
60.991383
61.200500
61.091862
60.973465
61.144501
61.088181
61.149940
60.981781
61.072502
61.171219
61.025146
61.214737
60.900826
60.902901
61.215057
60.961624
60.984505
61.122261
60.966904
61.125141
61.077942
60.962425
61.120819
61.019543
61.146263
Control Period
60.984985
61.125946
61.104023
60.974743
61.098259
60.972023
60.964184
61.210579
60.888664
60.898750
61.114101
60.977303
61.106903
61.076664
61.209137
61.031544
61.058266
61.145622
60.988342
61.104023
60.966583
60.925629
61.247700
60.964027
60.967865
61.186264
60.885471
61.166740
61.083385
60.960026
61.200500
61.088982
61.170742
60.990108
61.225460
71.684387
66.324203
61.189301
60.884995
60.876831
61.324818
60.955547
81.824448
76.544106
71.295280
66.074615
60.971870
61.007870
61.085629
60.991867
61.166901
60.876030
60.879074
61.273140
60.891872
60.924515
Control Period
61.137787
60.971550
60.974426
61.078583
60.965469
60.964352
61.066750
60.975552
60.970272
61.061150
60.886112
60.896194
61.004349
60.896671
60.883392
60.980835
60.911873
60.876190
61.274101
60.974113
60.976192
61.075066
60.997952
60.971073
61.058910
60.971550
61.040348
92.416023
86.972641
81.432785
75.879166
70.434509
64.881363
60.883232
60.943069
60.885952
60.891872
61.028992
61.013634
60.987873
61.032509
60.998432
60.989632
61.284824
60.978432
60.976353
61.090912
60.910431
60.920349
61.032509
60.882751
60.892990
60.967072
60.889793
60.895714
60.959393
Control Period
60.907875
60.908829
61.014751
60.900352
60.895874
60.991875
60.906914
60.892517
60.985474
60.916035
60.906754
61.303223
60.940514
61.292343
61.066429
60.964512
60.971870
61.032188
60.985153
60.968353
61.021309
60.955551
60.936836
60.998589
60.960030
60.948994
60.949635
60.955555
61.004032
61.030914
60.972515
60.971233
61.046593
60.977154
61.036514
61.058910
60.950432
60.954754
61.180992
60.932831
60.887402
61.014271
60.905800
60.903076
60.963234
60.903557
60.892677
60.934273
61.114750
61.095074
60.963394
60.958435
61.014114
60.949158
80.770889
75.405014
Control Period
69.974022
64.389320
60.895081
60.972038
60.901321
60.893478
61.125954
61.009315
61.129631
61.110752
60.891716
60.992363
61.053314
60.890602
61.010437
61.060036
60.899399
60.900040
60.999237
60.885155
60.916199
61.024513
60.945160
60.897636
60.925159
60.889160
60.934441
61.075874
60.886757
60.885479
61.065636
83.961212
78.455872
73.131645
67.701820
62.206074
61.147552
60.905800
61.012840
61.036194
60.970436
60.972038
61.076675
60.967079
60.973000
61.055237
60.996040
61.089954
61.164513
60.981956
61.075722
61.140194
61.081795
61.104836
61.020359
61.000519
Control Period
61.021957
61.052841
60.998756
61.338909
61.128998
60.997322
60.981319
61.164513
60.953960
61.012360
61.138752
60.966438
61.033478
61.228355
61.047081
61.085159
61.174915
61.058441
61.132034
61.130592
61.081158
61.118759
61.161636
61.084999
61.130917
61.201637
61.026440
61.112358
61.375389
61.008202
61.127876
61.161636
83.404587
98.319778
93.056931
87.647369
82.271729
76.911606
71.518204
66.104156
61.108200
86.023720
80.617844
75.284912
69.912308
64.540672
61.256996
61.074760
61.087723
61.152199
61.081802
61.108360
77.042511
91.966354
86.609909
Control Period
95.152313
89.595146
84.138298
78.597450
73.044769
67.610161
62.043713
61.113159
61.187717
81.442719
75.933075
70.454788
64.806908
61.039398
61.118759
60.983559
61.010445
61.128357
60.988686
61.008682
61.124519
61.001644
61.032681
61.455711
61.074120
81.405922
75.950356
70.362953
64.799232
61.209000
61.087082
61.083237
61.235558
61.075401
61.117641
61.204041
61.087883
61.107079
61.241318
60.976845
61.014763
61.141800
60.995560
61.026764
61.114120
61.169640
61.173798
61.077965
61.118759
61.223236
61.065323
61.098602
61.154121
61.004204
61.011726
61.133961
Control Period
60.996048
61.346275
61.361313
61.240837
61.182762
61.276680
61.218605
61.457794
61.457474
61.270599
61.410435
61.351875
64.297401
81.776642
76.251579
70.846031
65.206406
61.370598
61.315239
61.392838
61.305000
61.267719
61.330757
61.430115
88.977898
83.544670
78.134163
72.849251
67.448021
82.063080
76.714172
71.409424
65.899879
61.428356
61.345158
61.297638
61.228519
61.415077
61.329960
61.163883
61.301640
61.079086
61.419395
61.353958
61.355240
61.410118
61.420837
61.332039
61.293800
61.401474
61.085167
61.377159
61.308041
61.233643
61.368519
Control Period
61.460197
61.327560
61.424034
61.416836
61.209961
61.419399
61.359718
61.314438
61.258125
61.339878
61.146126
61.454918
78.588562
73.002029
67.448776
61.964153
61.343719
61.329163
61.386761
61.420197
61.361160
61.374916
61.339874
61.096687
61.351402
61.272045
61.275085
61.353962
61.438278
61.225803
61.414120
61.330597
61.327721
61.213802
61.232044
61.150127
61.449478
61.392357
61.038929
61.341644
61.269482
61.330120
61.451241
61.400681
70.933556
85.717224
80.148605
74.599503
69.031525
63.321629
61.349640
61.109009
61.412041
61.327084
61.278122
61.457642
Control Period
61.296684
61.344681
61.376362
61.398121
61.350124
61.294762
61.292206
61.114769
61.398281
61.274925
61.331718
61.435402
61.289803
61.245483
61.436684
61.309326
61.224365
61.417000
61.345802
61.298603
61.200371
61.301003
61.161968
101.663658
95.947479
89.922829
84.229050
78.416069
92.332031
86.703209
80.947510
75.251328
69.537552
63.833374
61.317005
61.367405
61.376526
61.230286
61.442123
61.300522
61.254284
61.205009
61.212528
61.186768
61.445801
61.421165
61.342285
61.425323
61.351082
61.358925
61.209328
61.321007
61.046776
61.444366
61.303246
61.113014
Control Period
61.400204
61.189972
61.344845
61.362450
61.480843
61.344849
61.457802
61.403244
61.229492
61.283890
61.280846
61.182449
61.457485
61.477165
61.272530
61.452682
61.480042
79.053680
93.505867
87.618248
81.832390
75.886536
70.090279
64.234978
61.323727
61.117336
61.410606
61.076859
61.436043
61.398285
61.349968
61.401329
61.417328
61.323250
61.329170
61.438766
61.359085
61.367729
61.395084
61.057816
61.264690
61.278130
61.305489
61.443886
61.434288
61.231735
61.409325
61.347725
61.322449
61.207413
61.368050
61.329330
61.193493
61.377647
61.098457
61.412369
Control Period
61.283253
61.320366
61.351570
61.439728
61.351089
61.342293
61.426605
61.131577
61.267410
100.108513
94.079391
87.928352
81.798279
75.964516
69.943237
63.811081
61.341171
61.192856
61.461647
61.410606
61.295410
61.404690
61.388695
61.349327
61.207897
61.356209
61.090294
90.656265
84.577553
78.500916
72.432602
66.564438
84.229233
78.277237
72.040604
66.115166
61.391090
61.326290
61.468208
61.362770
61.342773
61.296371
61.361172
61.091255
61.425652
61.274132
61.347889
61.363411
61.436531
61.302933
61.361176
61.455410
61.223576
61.354290
61.419731
Control Period
61.268051
61.177338
61.200378
61.093178
61.128056
61.239731
60.988224
61.017982
98.453041
91.954651
85.572739
79.057388
72.609879
66.340767
61.095898
61.108696
61.196377
61.102459
61.011902
61.352371
61.074623
61.104221
61.194618
61.082939
61.155418
61.190933
61.081337
61.124222
61.200539
61.086620
61.109020
61.218777
61.098778
61.094624
61.116058
61.312218
61.176857
61.184380
61.077660
61.120056
61.188698
61.081818
61.110462
61.212536
61.078781
61.097664
61.131100
61.014786
61.033504
61.122620
61.231579
61.138142
61.188221
61.066624
61.102783
61.205017
Control Period
61.086784
61.140381
61.185978
61.084221
61.106621
61.205498
61.085022
61.091423
61.244057
81.609146
75.306679
68.839256
62.304794
61.117184
60.990944
61.014786
61.128544
61.071903
61.049820
60.991104
61.013023
61.127903
61.002464
61.041023
61.278301
61.085663
61.098625
61.212379
61.059746
61.098305
61.196701
61.073502
61.086304
61.265503
61.074303
61.117985
61.220383
61.069183
61.107903
61.367416
61.107262
61.122463
61.221344
61.002625
61.018944
61.120224
60.991108
61.012703
61.116867
60.991745
61.034302
61.109024
61.008545
61.032867
61.338139
79.704559
Control Period
73.280655
66.882797
60.994789
61.027267
61.117981
60.995590
61.025028
61.092064
61.006149
61.019268
61.154465
61.137665
61.103104
61.386139
61.031265
61.066467
61.149826
60.999588
61.028549
61.121025
61.013985
61.039268
61.122948
61.016388
61.025986
61.132065
60.990791
61.038788
61.134624
61.333336
61.186943
61.188225
60.998314
61.005993
61.127747
60.989029
98.009056
91.611038
85.280060
78.844925
72.436989
66.139290
61.091267
61.125504
61.273186
61.041832
61.129028
61.194466
61.070786
61.107910
61.233662
61.071106
61.091110
61.180386
61.018631
61.021992
Control Period
61.119431
61.005032
61.043751
61.265182
61.111267
61.072388
61.209984
61.078152
61.043274
61.202148
61.087914
77.821411
71.453033
64.940338
61.055271
61.114311
60.991432
61.017033
61.441498
61.036232
61.034790
61.122307
61.017990
61.022949
61.134468
61.005993
61.025673
61.124550
61.007431
61.036232
61.167103
61.007591
61.040230
61.311745
61.082794
61.129993
61.185349
61.033669
61.041672
61.139748
60.997513
61.032074
61.113190
61.008553
61.030632
61.128395
61.091591
61.105671
61.345184
60.988869
61.062630
61.148071
61.106152
61.119591
61.197189
61.065834
Control Period
61.119431
61.239426
61.090630
61.144714
61.205513
61.069031
61.098633
61.210312
61.241032
61.194633
61.072552
61.047592
61.154312
60.989510
61.022793
61.120232
61.006794
61.025352
61.124550
61.003593
61.013351
61.123592
61.042953
61.428387
61.172394
61.005035
61.035271
61.125351
61.001675
61.028233
61.129349
61.002953
61.003117
61.126793
74.048386
67.723122
61.333534
61.087433
61.283749
61.123432
61.112072
61.206467
61.130310
61.083591
61.184231
61.078156
61.114632
61.226311
61.102150
61.099915
61.214630
61.074631
61.122314
61.332550
61.074314
61.098473
Control Period
61.197670
61.082954
61.144394
61.375748
61.336388
61.223911
61.415749
61.092716
61.417191
61.433189
61.092392
61.361187
61.212872
61.343426
61.397667
61.402626
61.313030
61.449669
81.836517
95.955681
89.845589
83.842529
77.688278
71.577385
65.507767
61.184872
61.291271
61.359589
61.241035
61.398468
61.355587
61.318466
61.197514
61.373192
61.081997
61.432709
61.424870
61.109520
61.411270
61.308388
61.324711
61.326309
61.244873
61.339912
61.384712
61.415909
61.305031
61.396389
61.377029
73.035141
87.210785
81.135574
75.086441
68.888031
62.758263
61.369835
Control Period
61.328873
61.341354
61.325356
61.156876
61.473827
61.425507
61.229034
61.148239
61.249992
61.254318
61.465347
61.253998
61.106640
61.447113
61.344711
61.311111
61.431587
61.403431
61.328873
61.326797
61.423752
61.333355
61.359749
61.361671
61.314152
61.417351
61.281677
61.196877
61.231758
61.240715
61.431911
61.252075
61.206795
61.215275
61.428230
61.388073
61.335114
61.425354
61.393032
61.273994
61.329834
61.252071
61.321838
61.438469
61.394955
61.330956
61.274475
61.386475
61.092720
61.510315
61.425030
61.096237
61.257999
61.262318
61.228558
61.388077
Control Period
61.458633
61.287918
61.419754
61.436234
61.208397
61.401192
61.333038
61.281036
61.444233
61.358635
61.345196
61.222637
61.251114
61.355591
61.212723
61.359436
61.091599
61.441193
61.292877
61.355118
61.435116
61.269196
61.335434
61.371117
61.444878
61.309357
61.304878
61.465355
61.276398
61.415752
61.442154
61.237518
61.411434
94.171906
87.908730
81.525558
75.170868
102.588142
96.195526
89.819710
83.529175
100.506386
94.232330
87.823074
81.535904
75.287132
68.837242
62.527348
61.364075
61.224243
61.180717
61.376076
61.275120
61.157677
61.253681
Control Period
61.170959
61.439758
61.470154
61.098965
61.406796
61.330315
61.356239
61.427917
61.400875
61.323761
61.367916
61.353199
61.234482
61.296562
61.412560
61.334320
61.372559
61.321678
61.165520
61.256081
61.196720
61.356720
61.473358
61.183762
61.275764
61.457676
61.307442
61.273357
61.406639
61.360718
61.314640
61.421677
61.250641
61.332397
61.238960
61.353676
61.321198
61.261681
61.321999
61.096886
61.375122
61.418316
61.092567
61.413517
61.197044
61.310638
61.361362
61.388878
61.373360
61.359283
61.354004
61.242805
61.449356
61.381042
61.196564
61.316082
61.311119
Control Period
61.327122
61.180885
61.356560
61.126007
61.456718
61.410477
61.103127
61.410324
61.259285
61.331760
61.357040
61.265205
61.229683
61.356880
61.452717
61.324562
61.318165
61.430321
61.314484
61.385040
61.396240
61.190964
61.187927
61.384239
61.246964
61.238487
61.157688
61.221687
61.442802
61.403763
61.159927
61.447601
61.390480
61.320560
61.434162
61.336884
61.315605
61.443123
61.242966
61.323124
61.213047
61.423603
61.116409
61.581039
61.401524
61.127129
94.525505
87.741837
81.178001
74.597527
77.851692
71.225784
84.998573
78.177467
71.353485
64.911087
Control Period
61.232086
61.244568
61.088249
61.141685
61.276730
61.081528
61.112728
61.204887
61.091446
61.133850
61.114170
61.043453
61.070015
61.205048
61.356083
61.179928
61.195450
61.076248
61.123131
61.225208
61.073532
61.111931
61.203770
61.077370
61.137367
61.312721
61.021530
61.127132
61.150490
61.076252
61.082169
61.152092
61.083294
61.137215
61.207451
61.122650
61.389206
61.157532
61.096092
61.073536
61.074493
61.086815
61.093052
61.138008
61.070652
91.088951
84.495377
77.687729
70.742325
63.809715
61.143768
61.099449
61.124092
61.210648
61.086655
61.103935
Control Period
61.107132
61.307449
61.163933
61.208569
61.084095
61.094498
61.086334
61.086815
61.117378
61.078499
60.994335
61.072094
61.209530
61.106651
61.096256
61.194973
61.072258
61.099297
61.225689
61.111778
61.052574
61.132416
61.302010
61.213531
61.183617
61.060898
61.001854
61.182335
61.079292
61.108257
61.141853
61.096096
61.073376
61.406647
61.068737
61.083138
61.120735
61.026337
61.034016
61.124733
61.013855
61.041534
61.119453
61.048897
61.414970
61.109856
61.075294
61.120094
61.131454
61.069374
61.112896
61.207939
61.080734
61.145538
61.367290
61.063614
Control Period
61.094818
86.892426
80.056396
73.107727
66.180176
61.256416
61.056580
81.335594
74.310127
67.550896
61.080414
61.095779
61.223934
61.094498
61.099937
61.132095
61.072578
61.116737
61.105057
61.331612
61.180893
61.213531
61.073696
61.092896
61.130337
61.036259
61.079136
61.217697
61.090816
61.156258
61.348892
61.076416
61.129375
61.050980
61.001541
61.018982
61.140896
61.005379
61.030502
61.124577
61.043617
61.415131
61.110657
61.079620
61.116737
61.205055
61.095459
61.147934
61.119297
61.076416
61.107780
61.388252
61.098980
61.120098
61.178978
61.077377
Control Period
61.101379
61.133377
61.081535
61.099777
61.128098
61.074821
61.281857
61.113537
61.071621
61.122017
61.145218
61.002663
61.015625
61.134178
61.007626
61.024261
61.206978
61.079620
61.098343
61.213856
61.092255
61.126663
61.140099
61.080101
61.099144
61.225700
61.094025
61.369057
61.250977
61.078022
61.130501
61.198978
61.077065
61.105862
61.223778
61.070663
61.078819
61.118340
61.354813
61.170021
61.168098
61.070023
61.100422
61.204575
61.070183
61.093224
61.202179
61.061378
61.113701
61.291138
61.109863
61.121223
61.221058
61.104263
61.080265
76.583885
69.636841
Control Period
62.568996
61.023144
61.313057
61.091782
61.095463
61.211300
61.084106
61.117386
61.120422
61.085220
61.119465
61.111946
61.086025
61.341537
61.211464
61.084263
61.112267
61.203617
61.074821
61.124107
61.218819
73.931625
67.070518
61.330498
61.176743
61.149864
61.079144
61.103783
61.138985
61.074505
61.135944
61.214985
61.096905
61.108902
61.437054
61.085545
61.058022
61.122826
80.101562
73.180611
66.185898
61.089226
61.212421
61.062664
61.103462
61.210022
61.081062
61.122025
61.112743
61.065384
61.122185
61.206345
61.092743
61.094826
61.171944
61.234665
Control Period
61.151623
61.201706
61.065063
61.114502
61.156586
61.011147
61.053703
61.121063
61.001709
61.046989
61.404739
61.106346
61.127785
61.214024
61.101543
61.106506
61.200424
61.072586
61.094185
61.205864
61.098022
61.321220
61.138985
61.003147
61.029388
61.144104
61.007790
61.035789
61.150345
61.013229
61.060745
61.353859
61.092422
61.094028
61.197063
61.078987
61.116108
61.224266
61.075150
61.132263
61.146503
61.073067
61.220589
61.123947
60.999474
61.027470
61.136269
61.015633
61.023949
61.115303
61.003952
61.021233
61.368744
61.066673
61.139629
61.213863
Control Period
61.085548
61.190186
61.208424
61.082027
61.092110
61.147789
61.073391
61.367302
61.193542
61.085873
61.129868
61.094666
60.985390
61.045555
61.113869
61.086189
61.156425
61.152908
61.298664
74.627136
67.780037
61.081711
61.107155
61.211628
61.070671
61.115471
61.074348
61.064911
61.307465
61.121391
61.081390
61.095470
61.119312
61.085072
61.127151
61.127472
61.111790
61.133232
61.218346
61.074348
61.022835
61.134514
60.998833
61.063469
61.132271
61.023312
61.050034
61.122990
61.006992
61.272110
61.210350
61.111153
61.076912
61.159790
61.064430
61.082512
Control Period
61.186188
61.043152
61.112114
61.207474
61.271790
61.200912
61.186672
61.011154
61.034832
61.156910
61.016273
61.032913
61.138512
61.005554
61.032753
61.256748
61.083954
61.128433
61.125069
61.063633
61.060753
61.049232
60.989876
61.022995
61.098671
61.231949
61.177071
61.205872
61.096592
61.117233
61.196114
61.088593
61.114830
61.220268
61.080910
61.128593
61.378986
61.073872
61.110031
61.169712
60.995796
61.046997
61.123474
60.992596
61.036438
61.131790
61.069073
86.939491
80.003075
73.190498
66.246086
61.079475
61.096912
60.999962
61.033554
61.117073
Control Period
61.001236
61.411625
61.119637
61.087635
61.112274
61.168755
61.079155
61.094673
61.108913
61.075954
61.096275
61.349709
61.074196
61.084114
61.123154
61.063477
61.034035
61.056915
61.008751
61.050358
61.037079
61.020119
61.387310
61.178513
61.067478
61.093876
61.052597
60.990036
61.090515
61.248428
61.051640
61.078674
61.153557
61.330353
61.182510
61.203312
61.069874
61.094517
61.172272
61.077721
61.052437
61.136597
61.078518
61.149078
61.274990
61.081234
61.124599
61.125076
61.077400
61.115635
61.094677
61.099159
61.094040
61.244751
61.120911
61.074837
61.141876
Control Period
60.991959
61.015800
94.231476
87.347618
80.352081
73.373665
66.519562
61.247314
61.156437
61.194675
61.062843
61.085400
61.133240
61.069080
61.103161
61.198036
61.070679
61.103481
61.259796
61.071640
61.116920
61.141399
60.993561
61.084122
61.161392
60.973717
61.043159
61.152760
61.071480
61.413712
61.161240
61.002518
61.013081
61.132915
60.998520
61.031799
61.133881
61.002041
61.016602
61.362511
61.083000
61.110199
61.183956
61.090523
61.104919
61.173882
61.039803
61.104919
61.205559
61.077240
61.426670
61.170677
61.105560
61.039001
61.117081
61.007957
Control Period
61.029560
61.028763
61.313873
61.258198
61.257393
61.214035
61.110840
61.434196
61.267475
61.190521
61.449074
61.295639
61.196762
61.425713
61.360115
61.190681
61.356918
61.315956
61.188759
61.348274
61.236916
61.114040
61.325714
61.328117
61.155319
61.260277
61.366676
61.197563
61.289398
61.338837
61.190681
61.278679
61.322838
61.203957
61.266197
61.294998
61.223961
61.263000
61.233238
61.177879
61.160278
61.230675
61.191643
61.261398
61.312439
61.225403
61.266357
61.357719
61.200920
61.206841
61.331635
61.178520
61.322037
61.366035
61.192917
61.261879
Control Period
61.319637
61.189880
61.243958
61.314354
61.210358
61.281879
61.324440
61.202522
61.259804
61.298355
61.209400
61.277237
61.138519
89.192726
82.362167
75.603760
68.920395
62.054470
38.494743
38.214745
38.200989
38.207066
58.448738
38.214745
38.215546
58.559456
38.210426
38.218746
58.557854
38.222908
38.253624
58.548096
38.244186
38.196667
38.227386
38.203224
58.552094
38.252827
38.201466
88.950523
67.526138
38.214905
38.221947
58.506657
38.220024
38.213627
38.156349
38.206268
38.240986
38.207230
38.239227
97.059967
75.605980
38.201630
38.185310
58.520256
38.222748
38.200188
58.515778
38.182426
38.215706
38.154747
38.200508
58.558495
38.213306
38.210106
58.556412
50.212746
58.541214
38.191864
38.215866
38.148991
38.190907
38.262745
58.497055
38.205467
38.201309
58.589695
38.201950
38.245945
58.529694
38.226906
38.201309
38.243870
38.205307
56.410061
38.209946
75.816391
38.232029
58.520256
38.211708
38.222748
38.233307
38.190746
58.586815
38.200027
38.228508
71.233444
38.225468
58.564896
38.196510
38.216827
38.216667
38.190269
38.233788
38.203548
38.229309
58.544735
38.223705
38.169464
58.583134
38.179707
38.207867
77.869949
58.589855
38.188988
38.255386
58.503616
38.195705
38.223385
38.215229
38.245945
58.455936
38.233307
38.175068
58.588577
38.187706
38.204025
58.545216
38.194107
38.204826
58.521538
38.205788
38.204826
38.119236
50.638817
38.177948
38.187389
58.543938
38.190590
38.219868
90.789688
69.298584
38.210266
38.198589
38.204830
38.240185
38.198750
38.228508
38.191383
58.564735
71.087524
38.204826
58.521538
38.216347
38.227386
38.196667
38.218105
38.244186
38.205788
38.217945
58.527458
71.005447
38.229149
58.482658
38.205307
38.214905
38.113312
38.208504
58.575455
38.192989
38.242107
58.533058
38.246265
38.189949
58.527458
38.261787
78.951523
87.886871
66.493690
38.211067
38.230106
38.203709
38.204029
38.318268
38.312988
38.260185
58.674175
38.283867
38.317467
58.635616
38.315063
Control Period
38.336025
58.640575
59.043926
38.331387
58.644417
38.311386
38.337463
38.346909
38.304024
58.660736
38.306747
58.669376
38.310905
38.309944
58.640575
38.305946
58.695137
38.291386
38.294266
38.310429
38.344505
38.220825
38.227551
38.258743
58.482498
38.239868
38.340668
58.666336
38.314583
38.294746
58.583618
38.240189
38.235069
38.260509
38.310432
38.297630
38.300190
38.306747
58.640099
38.344666
38.338104
38.313950
38.321785
58.668575
38.310905
38.316986
38.302910
38.362427
38.315388
38.316025
38.308189
38.352551
38.188877
38.183594
38.191727
58.487694
38.195274
38.201195
58.498573
38.204235
38.202156
58.572975
38.205196
38.224716
58.526573
38.220234
38.186478
38.165836
38.195274
38.186153
38.173676
38.182312
58.561291
38.179596
38.290314
38.203434
58.565613
38.193035
38.222633
38.199917
38.215435
38.185192
38.220554
38.191273
58.541290
38.227272
38.125835
66.074905
38.184078
58.533611
38.185677
38.207436
58.497932
38.193356
38.203594
38.143757
38.192554
38.194313
38.204876
38.198311
58.528328
38.190636
38.203274
58.560169
38.188232
56.165497
38.208874
58.477295
38.195915
38.191120
58.496330
38.202477
38.199913
38.170959
38.189037
70.875458
38.196556
38.192394
58.568810
71.348083
38.208557
58.570728
38.191917
38.225513
38.154640
38.231754
38.184074
38.235756
38.183117
58.565453
38.193356
38.186638
58.516171
38.191597
38.198475
58.523689
38.195755
67.425766
58.558731
38.201675
38.189674
38.141998
38.438652
58.563087
38.187458
38.205540
58.513649
38.206341
38.195618
58.534767
38.207935
38.212578
58.576042
38.210499
38.222656
38.196739
38.210018
58.539566
38.193218
38.217857
58.524040
38.227615
38.182499
58.563560
38.173538
71.055328
38.182339
38.185539
38.194981
38.178020
38.194180
58.526604
38.201218
77.501297
58.557167
38.181221
38.207298
58.543564
38.199615
38.203136
38.192898
38.201538
38.194500
38.206657
38.192417
58.579723
38.203140
38.194176
58.492046
38.194660
38.232895
38.209541
58.562767
38.203777
38.197376
58.545803
38.197701
38.202820
58.552521
38.196098
38.225220
38.204735
38.219936
38.192101
38.226818
38.192417
58.576042
38.182816
38.185860
88.437088
77.314545
40.300858
38.201218
38.198975
58.577797
38.209057
38.225697
58.527081
38.228416
38.190659
58.570442
38.196899
38.189377
58.523403
38.190659
38.205696
38.193062
38.201378
58.529808
38.203621
38.204098
58.546288
38.205376
38.198978
58.582924
38.194977
38.222656
58.509487
38.222496
38.181061
38.237537
38.175140
58.595245
38.203777
38.178017
58.533165
38.181698
38.202976
58.532364
71.840439
58.509651
38.199615
38.182659
58.518124
38.194656
38.196739
38.206657
38.206017
58.568844
38.193855
38.234016
58.392529
38.196419
58.530125
58.408203
38.194336
38.209057
38.156898
38.197540
38.275135
38.187462
38.196579
38.196899
38.194496
38.205219
38.194340
58.465969
38.204739
58.589485
38.177540
58.495407
38.178337
38.189220
58.499565
38.187138
38.197060
38.139938
38.194340
38.202335
38.202820
38.198021
58.536201
38.191460
38.207779
58.576523
38.199459
38.233055
58.504044
38.220894
38.183617
38.203938
38.180420
58.379570
38.204578
58.529488
38.196098
38.195938
58.496529
38.204578
38.212738
58.561165
38.200100
38.229538
58.523407
38.252098
38.178181
Control Period
38.079464
38.231937
38.193378
38.187943
38.198978
58.561485
38.253059
38.189056
38.205379
38.237537
58.559086
38.192261
58.535889
38.199780
38.193539
58.480686
38.209061
95.960640
76.070114
38.165859
48.300392
38.219460
58.580048
38.186020
38.214020
38.183144
38.226498
58.540848
38.189697
38.195778
38.185703
38.201538
58.525490
38.177700
38.201378
38.221062
38.182659
38.207779
58.510128
38.186817
38.201538
38.169380
38.206337
58.596046
38.169701
38.188419
38.249062
38.216579
58.523087
38.193058
58.574928
Control Period
38.186340
38.203300
38.139782
38.199783
58.567726
38.241222
89.129570
70.816307
38.199463
58.487572
38.202660
58.547249
58.460052
38.172260
38.197380
38.201702
38.468002
58.590225
38.187363
38.200966
58.531662
38.196007
38.216644
58.452625
38.198883
38.208481
38.215046
38.208004
58.544945
38.206242
38.197762
58.578064
38.209442
38.227203
58.516464
38.223682
38.194080
71.330971
38.180645
58.514542
38.213123
38.171364
58.547821
38.184639
38.199043
58.532463
38.188484
38.198082
58.435188
70.402023
58.577904
38.196644
38.193924
58.545265
38.206085
38.217762
58.517746
38.230721
38.184963
58.520145
38.180962
38.173923
38.180962
38.186081
58.539986
38.185760
38.199844
58.519024
38.197922
38.197922
58.496464
38.198723
38.201283
58.570702
38.202080
38.228642
58.475822
38.213280
38.172642
65.932823
38.176323
38.200481
58.479504
38.194565
38.204643
38.195206
38.205444
58.553902
38.199841
38.190083
58.540306
38.209282
38.198402
58.556786
38.189281
38.220642
58.519184
38.221764
38.188320
58.531662
38.180321
38.197441
38.193604
38.186562
58.536621
38.186562
38.190083
58.531502
38.197441
38.191841
58.543983
38.193924
38.199684
58.499023
38.191040
38.226883
38.205925
38.221123
38.184162
38.216965
38.182724
80.993202
59.515747
38.200802
38.196964
58.574226
38.199203
38.233280
58.533104
38.248161
38.201603
38.149445
38.198563
38.194401
38.230244
38.202084
58.577904
38.194725
38.209763
58.530544
38.200161
38.196960
58.523026
38.201443
38.193760
58.530064
38.210243
38.216965
38.215202
38.229282
58.476143
38.200962
38.180000
58.528465
38.233284
38.183044
58.569420
38.199520
38.200161
58.482544
38.198402
38.203362
58.498222
38.209763
38.203522
38.198242
38.208481
58.571022
38.204323
38.233601
58.472466
38.228802
38.186081
58.489906
38.186401
38.188961
58.597260
38.194401
38.203201
58.540947
38.204002
38.199043
58.599342
38.202084
38.199684
58.488304
38.198402
38.187683
58.455185
38.224960
Control Period
38.190083
38.222885
38.186401
58.508781
38.232643
38.223522
38.203682
38.195683
58.571983
38.196804
38.196804
38.209126
38.195202
58.519024
53.404228
38.200325
38.189442
38.206081
38.205601
58.526222
38.202080
38.200481
38.201923
38.208961
58.544945
38.193123
38.211201
38.189285
38.183681
58.578384
38.232162
38.183201
38.205925
38.234241
58.608303
38.213760
58.484943
38.207043
38.198082
58.493103
38.204323
58.496464
38.194721
69.142685
58.538383
38.214882
38.208000
38.201603
38.199684
58.514545
38.188641
Control Period
38.197281
38.229126
38.226562
58.499985
38.199364
58.509583
38.184803
58.556305
38.203842
58.526543
38.199364
38.181122
38.178406
38.166721
38.153923
38.197285
58.518387
38.210724
58.523186
38.193764
58.537262
38.197765
38.182404
38.205925
38.185921
38.181602
38.171844
58.489105
38.184002
58.540466
38.180962
58.603020
38.216640
38.223843
38.207684
38.196960
38.206562
38.183361
38.182083
38.231201
58.568466
38.180004
58.524303
38.184006
58.548782
38.222881
38.231522
38.187843
38.195999
38.181126
38.186882
58.484146
Control Period
38.190243
58.507187
38.193283
77.823181
61.054092
38.222080
58.469101
38.189922
38.192963
38.187046
38.140163
78.921249
41.812660
38.194725
38.178883
38.226242
38.103367
38.195683
38.213123
38.200806
38.158886
38.201763
38.226723
38.197601
38.205925
38.193443
38.201443
38.193760
38.200485
38.200642
38.201283
38.194084
38.184486
38.180321
38.201122
38.204964
38.190884
38.229763
38.206406
38.200001
38.188164
38.230721
38.197441
45.101646
38.151524
38.230400
38.154884
38.196163
38.180641
38.227364
38.201283
38.198242
38.227684
Control Period
38.245441
38.199043
38.198402
38.190563
58.526863
38.247520
58.531025
38.193443
38.160324
38.200642
38.221443
38.183361
38.197762
58.563824
38.198563
58.596146
38.195206
38.206245
38.210243
38.196964
58.506702
38.206562
58.526062
38.218719
38.152164
38.177284
38.205124
38.191841
38.214405
58.477905
38.202721
58.537262
38.194405
38.185284
38.203041
38.189445
58.507027
38.187523
85.617142
50.130577
38.231522
38.188004
38.207043
38.209446
58.541424
38.186405
58.481106
38.191044
38.200005
38.206562
38.182564
58.568306
38.204483
58.538704
Control Period
38.200962
38.219524
38.203522
38.231045
58.554543
38.187843
38.196323
58.499825
38.202240
58.554382
38.195683
38.223526
58.552303
38.225281
38.153122
38.237442
38.197601
58.572945
52.325687
38.202240
38.233444
58.548462
38.229126
58.522705
38.227043
38.215843
58.524303
38.204002
38.237602
38.198242
38.224800
58.547024
38.222084
38.209442
38.230244
38.199844
58.513741
38.203045
38.190723
38.191521
38.234085
58.567184
38.222721
38.200485
58.579185
38.209763
58.519505
38.190243
38.194885
58.504784
38.192001
38.154404
38.229446
38.208324
58.531822
Control Period
38.207684
38.193283
38.200481
38.186886
38.154728
38.203045
38.207844
58.487511
38.204163
38.199684
58.567825
38.201443
38.204803
58.543182
38.205284
38.208961
58.548943
38.199844
38.235363
58.518227
38.212959
38.246883
58.644623
38.205280
38.205284
38.234562
38.202885
38.194885
58.464470
38.205921
38.206085
58.548302
38.203522
38.227844
58.523186
38.208324
38.236160
58.537266
38.205124
38.206245
58.550385
38.227364
38.198082
58.547981
38.224003
38.198246
58.544945
38.204964
38.202885
38.230080
38.201286
38.205124
38.225925
38.219044
58.481747
38.201283
Control Period
38.209602
58.556625
38.210403
38.217445
38.208164
58.545425
38.238083
38.203045
58.548149
38.201607
38.226883
58.536308
38.198727
38.205605
38.231201
38.209442
38.198563
38.200005
58.597103
38.196167
38.207687
58.528946
38.234882
38.240162
38.157448
38.204323
38.209446
38.240482
58.540943
38.209122
38.199684
58.581585
38.201126
38.206886
38.206406
38.233284
38.199043
38.204163
58.547829
38.240803
38.196327
58.550068
38.219524
38.227043
58.499187
38.206245
38.204803
38.228802
58.512627
38.201923
38.202888
58.586544
38.217926
38.202885
58.544945
38.225761
38.202084
38.112007
Control Period
58.569744
38.205921
38.191685
58.568626
38.216484
58.553589
38.202248
38.205444
38.190243
58.639343
38.206402
38.192806
71.520576
61.815956
38.205444
38.204323
38.221924
58.561104
38.191364
38.212486
58.568146
38.233925
38.234886
38.188805
58.537582
38.208321
38.205444
38.211365
58.554230
38.228645
38.232002
38.225281
58.527027
38.195362
38.195526
38.198406
58.565590
38.204807
38.231846
38.237122
58.634224
38.199844
38.204006
38.149128
58.550228
38.199047
38.200325
58.567505
38.225922
38.254883
38.219208
58.533108
38.203045
38.188004
38.207367
58.565422
38.240162
38.225445
Control Period
38.232647
58.623344
38.238724
38.234886
38.230244
38.225124
58.579826
38.245285
38.229126
38.233925
58.544304
38.201763
38.198086
38.224327
38.137131
58.537266
38.201923
38.195686
38.196007
58.542706
38.202564
38.194084
38.202885
38.216484
58.549587
38.200806
38.212486
38.200966
58.546383
58.546867
38.190884
38.215527
38.206726
58.550228
38.202724
38.199684
38.201927
58.523827
58.588146
38.214561
38.197605
38.210884
58.560627
38.210884
38.203526
38.207684
58.458710
58.587502
38.202885
38.210247
38.203365
58.535831
38.238564
38.235683
38.245602
38.236965
58.614067
38.233444
38.241127
Control Period
38.235207
58.592628
38.202248
38.188965
38.197926
38.198086
38.230087
58.572628
38.228325
38.198246
38.203526
38.203686
58.553108
38.198566
38.255203
38.236645
38.232483
38.207363
58.544949
38.209282
38.208965
58.664146
58.577271
58.538708
38.201607
38.208164
38.205444
38.191048
58.629429
38.233604
38.229126
38.189125
38.199524
58.548786
58.550545
38.239044
38.231205
38.228645
38.202408
58.561268
38.211845
38.209286
38.207367
38.233284
58.611984
77.155357
90.088730
82.643883
75.265594
47.513241
38.228004
38.190887
38.168007
58.535351
38.204166
38.222725
38.226246
38.227524
58.563026
58.543671
Control Period
38.196487
38.197929
38.218884
38.236008
58.600784
58.538551
38.196808
38.202568
38.245766
38.247524
38.238884
58.558708
58.554226
38.237923
38.228004
38.232647
38.196648
58.469910
58.555347
38.237286
38.248806
38.235046
38.205444
38.218246
58.579826
92.236549
65.433044
58.934967
38.202408
38.229607
38.232643
38.235207
38.209610
58.555984
58.584309
38.226562
38.236645
38.193928
38.220810
38.201767
58.622387
58.619987
38.227844
38.193768
38.208969
38.203526
38.178726
58.606865
38.213768
38.203690
38.199207
38.238247
38.243206
58.561749
58.559349
38.194565
38.199688
38.238888
38.229607
38.239044
58.518707
Control Period
58.486553
38.230087
38.251526
38.223045
38.214725
38.204006
38.228645
58.610710
58.575989
38.198250
38.190247
38.248005
38.225449
38.222569
38.193291
58.509270
58.583511
58.620628
38.202087
38.212326
38.225765
38.232967
38.226406
38.229767
58.547188
58.577267
58.632946
58.601273
38.207207
38.207047
38.254086
38.233925
38.230247
38.205448
38.158409
58.579506
58.637108
38.237289
38.209927
38.208809
38.233765
38.232967
38.232166
58.609428
58.570068
38.261127
38.243690
38.237926
38.206406
38.198727
38.234249
38.184006
58.639507
58.522709
38.190887
38.234245
38.230728
38.234566
38.200169
38.205288
58.579353
58.641590
Control Period
38.230568
38.209610
38.201767
38.226406
38.230408
38.223846
38.195530
38.204967
58.549271
58.604469
58.607670
58.554550
38.211685
38.235046
38.229927
38.228168
38.205605
38.204170
38.230888
38.237610
58.539986
58.548470
58.588150
38.237125
38.230728
38.210888
38.211689
38.237286
38.236969
38.235687
38.205288
58.520630
58.597107
58.562706
38.232487
38.209129
38.214890
38.242889
38.231525
38.233929
38.208168
38.218727
38.191208
58.595032
58.593590
58.547203
38.249607
38.235046
38.217606
38.200008
38.196968
38.239368
38.236168
38.241768
58.540634
58.510231
58.651348
38.234886
38.240326
38.209129
38.206406
38.234085
38.240009
Control Period
38.237450
38.212967
38.203686
58.580311
58.613911
58.600952
58.496948
58.538551
38.232487
38.240170
38.203049
38.196167
38.234089
38.248009
38.233765
38.211048
38.203529
38.237770
38.237286
38.249126
38.206409
58.566071
58.654549
58.557755
58.614868
38.200645
38.212967
38.235367
38.235687
38.233765
38.212170
38.205769
38.253769
38.238884
38.237289
38.209129
38.197769
38.185448
58.606392
58.584312
58.562073
58.540154
38.226410
38.243210
38.215050
38.210888
38.236969
38.232170
38.232170
69.734207
66.165558
62.517868
58.878338
58.556633
58.584633
38.237446
38.235050
38.202087
38.199848
38.245445
38.233452
38.242729
38.218407
38.205448
Control Period
38.249611
38.235847
38.225128
38.220806
38.152489
58.596313
78.940613
76.073318
73.223145
70.376335
67.494644
64.657112
61.842941
59.025570
58.571190
58.559032
38.237926
38.236008
38.234089
38.216488
38.209126
38.234730
38.225449
38.232330
38.202087
38.210091
38.231209
38.227211
38.225925
38.201450
64.710449
61.858192
59.015862
58.622871
38.236008
38.218086
38.197609
38.260010
38.250408
38.242569
38.205608
38.212170
38.236969
38.245445
38.236008
38.211369
38.209930
38.243210
38.258888
38.249928
38.211208
38.214409
38.246567
38.318089
38.274410
38.203209
58.484474
58.616951
58.607193
58.725266
58.630234
58.600311
58.675991
58.735184
Control Period
58.722874
58.661591
58.662231
58.724464
58.652473
58.719513
58.562233
58.668152
58.723671
58.743668
58.723671
58.666229
58.670231
58.589592
38.333767
38.335365
38.306568
38.314407
38.335846
38.336643
38.330887
38.296329
38.308006
38.334404
38.331047
38.330887
38.303528
38.312965
38.334888
38.335365
38.334885
38.302406
38.303047
38.328808
38.339687
38.326405
38.306087
38.289928
38.335205
38.330406
38.344170
38.291527
38.298569
38.322727
38.333931
38.333607
38.310089
38.306404
38.330727
38.335850
38.336807
38.308167
38.305771
38.336327
38.334568
38.334244
38.306248
38.311848
38.351528
38.348808
38.330246
38.302406
38.313286
38.335205
38.343689
38.349609
Control Period
38.306248
38.309288
38.342567
38.327049
38.332169
38.298889
38.297127
38.338089
38.334564
38.335205
38.311207
38.295368
38.321926
38.340645
38.355049
38.304649
38.295849
38.356327
38.325287
38.337128
38.303207
38.305767
38.339367
38.335049
38.341286
38.320648
58.663513
58.744633
58.742874
58.729111
58.671989
58.715511
58.811672
58.818710
58.843666
58.683670
38.375046
38.384647
79.048462
77.919113
76.735367
75.589226
74.412201
52.905914
38.434086
38.401608
38.406086
38.442245
38.423847
38.440483
38.386883
38.403687
38.429928
38.432323
38.430084
38.390408
38.398727
38.449604
38.425606
38.437286
38.398407
38.394249
38.429127
38.422249
38.426567
38.397766
Control Period
38.397285
38.427845
38.425285
38.432327
38.411045
38.407368
38.429768
58.831989
58.844627
58.788151
58.851990
58.836632
38.427208
38.468323
38.440166
38.438408
38.500645
38.529926
38.477600
38.495205
38.499207
38.410728
38.511841
38.524487
38.530724
38.419044
38.497284
38.530087
58.897591
58.889748
58.847832
58.858551
58.899506
58.850552
38.530243
38.504967
38.486881
38.514885
38.516804
38.509605
38.481121
38.501766
38.517445
38.521927
38.530083
38.488647
38.493126
38.517284
38.518242
38.504166
58.894707
58.850388
58.874870
58.938065
58.912949
38.471687
38.493126
38.472485
38.527683
38.526245
38.518562
38.496483
38.504005
38.523846
38.528484
38.523682
38.501606
38.493446
Control Period
38.538883
38.520645
38.510723
58.852470
79.524132
64.319580
44.421993
38.528645
38.499207
38.488647
38.520485
38.510086
38.531685
38.499527
58.796631
59.238232
59.729591
60.230389
60.625267
40.698402
38.488808
38.512966
38.525604
38.516804
38.480808
38.500488
38.517445
38.518242
38.521286
38.505928
58.941746
59.420303
59.969261
60.583172
60.912132
41.037106
38.618721
38.603683
38.633446
38.601124
38.586563
38.624001
38.617443
38.626404
38.614243
58.966869
59.521263
60.100460
60.742210
61.281246
41.489098
38.587685
38.617603
38.622082
38.623680
38.578564
38.615524
38.625923
38.611202
38.596165
38.604164
58.967346
59.518543
60.074379
60.682533
61.251011
41.354866
38.638405
Control Period
38.637920
38.809597
38.591522
38.602402
38.624641
38.617924
38.785122
59.049103
60.139397
61.206970
62.400780
63.873627
44.595615
38.604324
38.777279
38.614563
38.761921
38.629124
38.821598
38.584003
38.633762
59.051987
60.488350
61.862480
62.909893
64.031067
65.666473
66.919159
68.059052
69.106628
70.171158
71.339523
73.064362
53.950668
38.588005
38.793121
38.902718
38.633121
39.085915
38.869438
38.578247
38.594402
59.406540
60.903065
62.043598
89.546417
90.576874
71.299667
52.474129
38.977596
38.632324
38.928314
39.008476
38.626404
39.195034
39.090874
59.013428
60.079243
61.776566
63.071976
64.201950
65.909195
47.071655
38.585125
38.595684
39.478546
39.033916
Control Period
38.645443
39.383190
38.998714
58.986870
60.455490
62.880737
64.658470
66.203407
67.966423
70.493584
51.552940
38.750084
39.788944
38.652325
38.590248
39.419029
38.889599
38.974079
59.797253
61.231159
62.916901
65.347107
66.949005
68.484985
71.226227
52.671978
38.604164
39.286232
39.385750
38.628643
39.084000
39.432472
38.580166
59.674538
61.452919
63.037060
65.707420
67.442917
69.000496
71.708778
73.358200
54.455158
39.711346
39.329594
38.605286
39.704304
38.893120
38.619522
60.329086
62.162663
63.697842
66.368202
68.079544
69.611526
72.736763
74.686501
76.145523
78.334770
60.444832
41.567390
39.005760
39.843662
38.611526
39.856144
39.451988
58.951191
60.693890
63.537529
Control Period
65.201027
67.078369
70.085297
72.002808
73.689590
76.539719
58.385555
39.665962
40.249897
39.079994
38.825764
40.058060
38.616325
59.260468
62.732822
64.550323
66.383194
69.996826
71.925049
73.650238
77.005157
79.393051
80.995682
63.104870
45.641411
38.607521
40.290539
39.373592
38.617924
40.450214
39.260311
58.976952
61.456203
64.377052
66.068642
68.715897
72.036423
73.731537
76.060394
79.204285
80.790909
62.601864
66.241577
47.543579
39.011677
60.873081
42.117325
38.959198
60.898518
42.179401
38.666245
60.797722
42.548996
39.010239
61.154995
42.443401
38.961918
61.025715
42.285480
38.963036
40.346218
38.669922
39.446709
60.723320
42.015884
39.639027
40.310375
Control Period
38.595684
39.138397
60.922680
42.398575
39.445751
60.726524
42.245461
39.985901
60.894676
42.343212
39.268955
60.840599
42.292656
39.053917
60.978836
42.470894
39.520470
61.096596
42.554413
39.510071
40.333897
38.590405
40.034863
19.358559
38.789444
60.952278
63.196312
65.603867
69.571068
71.599586
73.742020
77.824745
79.894867
81.798752
85.701958
88.089355
89.870834
94.223160
96.608475
78.083412
81.786461
64.230820
45.681755
61.520748
43.613113
38.600006
61.139793
43.117439
38.922882
61.316750
22.462420
39.369434
61.309391
42.748009
39.529591
61.126678
42.581936
39.045441
61.560265
43.155998
38.685764
61.156918
43.211842
38.698086
61.309875
43.339043
38.820641
Control Period
61.383472
43.494209
39.089279
61.713867
43.404289
39.159679
61.784744
43.519810
54.660061
60.125252
62.343502
66.745712
70.075775
72.308105
77.307266
80.300537
82.402626
86.586441
90.091225
92.209641
95.931061
126.706284
128.747894
111.336540
115.741631
97.498779
80.405823
84.718269
66.457169
49.275257
61.138355
42.883339
61.017395
64.907608
46.656910
39.962704
61.127796
42.878540
60.997875
64.930977
46.679001
60.825401
64.418182
46.167648
61.808746
65.166649
26.659645
62.148418
64.894493
46.643475
41.294842
60.091812
41.825756
61.546665
64.714172
46.460598
61.782028
64.772736
46.640759
61.961067
64.691460
46.451004
61.991943
65.164574
46.797398
Control Period
61.937386
65.244316
46.884727
61.925861
65.148956
46.802322
61.225555
65.420471
47.064560
61.056438
64.968803
46.649216
61.797546
65.464157
47.101524
61.531628
64.517769
46.248421
62.254021
65.377914
47.018967
61.333874
64.993759
46.682968
41.555157
60.354370
41.994781
61.804588
65.548637
47.230164
61.552750
65.739990
47.362000
61.266193
65.731987
47.373833
61.082520
65.697113
47.366798
60.750683
65.347191
46.984077
60.816284
64.955048
46.633698
61.567627
65.627029
47.252403
61.524433
65.428802
47.064735
62.073704
65.108963
47.102165
62.808731
65.434082
47.403603
62.759773
65.247360
47.459442
62.190498
64.448334
47.370163
62.694813
64.696808
47.300880
Control Period
62.253536
43.976353
40.142860
62.302658
43.872513
61.110676
65.815674
47.378807
61.323318
66.057915
67.972878
51.813736
61.344276
63.259560
67.892563
71.765411
53.314949
62.274658
66.004631
67.907112
72.470993
75.843208
57.436745
63.446846
66.355392
68.434830
74.035973
76.836357
79.396591
84.829094
87.292847
90.128433
95.593102
97.773499
101.495155
106.220634
108.105362
112.546043
140.310822
142.280182
147.119736
151.239471
153.249481
158.528076
162.491974
164.548218
169.896240
173.642532
175.712540
180.987122
184.576935
186.635895
191.884872
195.237091
197.410599
203.439087
206.108582
208.704971
215.069611
217.556717
220.240295
226.416946
228.806290
231.783783
237.830032
Control Period
240.099854
242.626770
247.661011
249.433380
251.920456
257.091003
258.747192
261.786743
266.362732
267.966461
271.912079
276.809814
278.274658
282.585693
286.410675
287.812958
292.564301
295.782715
297.349976
302.503235
305.555908
307.262024
312.959778
294.895203
296.718933
322.947052
304.735718
286.626343
292.368073
294.078186
296.731323
301.905884
303.398743
307.288513
311.821960
313.283295
317.474976
321.799438
323.322510
327.950806
331.713837
333.298981
337.809052
341.226807
342.872925
348.576080
351.274353
353.214386
358.487640
360.519501
362.807190
369.559631
371.233887
373.705109
379.396759
380.914856
384.113403
410.051758
391.066223
395.739471
400.838318
402.390350
406.797058
410.674011
412.240112
Control Period
417.448090
420.332275
421.444794
426.253723
428.513916
429.766907
435.954071
437.496185
438.960541
445.839844
426.582153
428.347931
455.137787
456.039581
458.867432
464.071228
464.993500
468.712219
472.427887
473.378479
477.996552
481.981018
482.992889
488.138306
490.691437
491.919800
497.052734
499.159332
500.514099
505.837769
507.531555
509.493652
536.695679
537.460022
540.388855
546.682068
547.518738
550.223694
554.955017
555.889282
558.836670
563.456482
564.428223
568.180725
573.183105
574.044128
578.146057
581.922668
582.861572
587.475342
590.351990
591.297791
617.248169
619.866089
600.552063
607.678711
609.356018
610.903870
616.193909
655.709167
637.101379
642.450317
643.624451
Control Period
646.091003
650.253784
650.607056
653.705566
658.060486
658.322388
663.430603
665.353394
665.682617
669.658997
671.760193
672.159851
698.447876
699.778564
679.972778
684.717651
685.828796
686.844910
693.103333
693.680908
695.321472
700.483276
700.878113
703.117554
707.452637
707.726501
710.453308
714.205383
714.411621
718.306702
720.493042
720.834290
747.954285
749.067200
750.019470
754.723999
755.553894
757.097046
761.805115
762.369080
765.988342
769.958313
770.124512
773.480591
776.442444
776.725464
803.186768
804.786255
805.719788
818.827698
819.270691
822.408875
826.788147
826.985718
852.940430
854.877625
834.823181
841.806396
842.953735
843.538330
850.100281
850.838318
852.557129
858.477783
Control Period
838.295532
840.584167
864.034729
843.170166
848.411560
850.615906
850.281860
853.853210
855.074524
855.101440
859.251831
859.873962
860.538635
886.489441
865.665344
868.112427
872.624695
872.135498
875.450684
878.397400
878.194580
883.370056
884.159241
884.278992
911.289978
911.393250
912.100647
916.189270
916.315063
918.279236
922.742249
922.358643
926.644714
928.751770
928.476013
954.879150
955.414734
955.488525
961.390564
961.418945
962.856384
966.455872
966.158325
970.469055
972.502014
972.292175
998.593872
999.137085
999.439392
1006.377563
1006.294067
1007.788818
1012.702087
1012.221191
1014.562317
1038.170898
1017.346191
1002.337830
1005.214294
1005.132935
1011.030029
1011.512634
Control Period
1011.641479
1036.656128
1015.771667
1016.369446
1021.059448
1020.042542
1023.271484
1025.350830
1024.410889
1027.264648
1027.878784
1027.331787
1053.186157
1052.912842
1053.632080
1058.708862
1057.857422
1061.136230
1063.285034
1062.232544
1087.354980
1087.971313
1087.569458
1092.900635
1092.408447
1093.138916
1118.136597
1096.743408
1100.303223
1103.267944
1102.383301
1106.953857
1107.330322
1106.882324
1132.434937
1111.600586
1112.287109
1117.312622
1116.330078
1117.585571
1120.839600
1120.027344
1145.286987
1145.558350
1124.898560
1130.681152
1130.037476
1132.301025
1136.505493
1135.475830
1160.497314
1161.264648
1160.583984
1166.205078
1165.803955
1165.820923
1171.307861
1149.881714
1171.794189
1175.620239
1174.808716
1180.424805
Control Period
1181.383423
1180.259399
1205.744873
1204.512207
1204.287231
1207.314697
1206.044556
1208.693115
1210.411743
1208.821167
1233.888062
1233.280029
1232.644531
1237.377075
1236.003296
1236.615601
1261.054565
1259.518066
1263.184082
1263.378906
1262.312134
1288.250244
1266.526733
1267.640747
1270.540161
1269.122070
1274.186646
1253.437134
1232.199097
1238.113403
1236.828125
1237.220093
1241.032593
1239.424438
1264.174072
1265.052612
1263.863647
1268.979004
1267.583008
1267.581177
1292.531128
1291.025024
1293.508301
1295.248901
1294.061157
1319.882446
1318.778809
1318.541382
1322.178101
1320.800293
1323.713867
1346.128174
1324.167480
1329.199341
1328.696777
1328.118164
1333.067627
1311.078247
1313.239624
1316.341919
1314.701904
Control Period
1318.282104
1318.571411
1316.905762
1341.827271
1340.231445
1339.792114
1344.049683
1341.885010
1343.007202
1345.564453
1343.594360
1348.093628
1347.063354
1325.382080
1331.637939
1329.784790
1330.332642
1331.685059
1329.602295
1333.947754
1332.851074
1331.439209
1335.520752
1313.079712
1315.033569
1317.347656
1315.402588
1318.968750
1318.057373
1316.616577
1320.522461
1318.669678
1320.364014
1322.837036
1320.675659
1325.117920
1324.802246
1322.998413
1349.670166
1348.056274
1347.655029
1352.636719
1350.545166
1374.619507
1374.951050
1373.223022
1377.443848
1375.589844
1375.752441
1399.606567
1397.475098
1400.572632
1400.748657
1399.021484
1424.352783
1438.079102
1438.574463
1439.374268
1437.490112
Control Period
1440.500000
1439.028809
1417.196045
1422.731079
1420.185425
1420.448242
1459.873413
1457.637695
1482.039795
1479.929199
1480.621338
1482.372925
1479.589844
1483.729248
1483.033569
1480.804932
1505.452515
1502.843750
1504.085693
1504.879517
1502.300415
1526.095215
1524.303223
1523.108887
1527.252319
1524.612305
1528.186279
1528.676636
1526.144165
1550.670288
1548.884766
1547.638794
1551.845581
1549.240723
1552.729126
1553.460083
1551.043945
1575.763672
1573.873291
1572.086426
1575.957642
1573.433472
1595.303955
1596.566406
1594.015381
1618.276489
1595.912109
1595.432861
1599.265015
1596.569946
1620.552246
1619.981812
1617.609375
1621.677856
1619.309326
1618.658081
1621.531372
1618.911987
1621.582153
Control Period
1621.120850
1618.225830
1622.218506
1619.464600
1618.421509
1640.980591
1637.677002
1639.220825
1637.538696
1634.828491
1639.587280
1636.729980
1635.739746
1657.883301
1654.708740
1657.334473
1655.180420
1653.089722
1656.720337
1653.598389
1676.057495
1674.853638
1671.832275
1674.955933
1671.807983
1671.767578
1673.088867
1669.946167
1693.318848
1670.642578
1668.631836
1672.483765
1669.242310
1651.553589
1651.656738
1648.630493
1651.879028
1649.228271
1648.908447
1672.202393
1648.496216
1653.184570
1651.500366
1648.940430
1652.470947
1649.636841
1650.445312
1670.504517
1646.873413
1650.453125
1647.708008
1646.004150
1649.098022
1645.840576
1647.921753
1666.899536
1643.473877
1647.583374
Control Period
1644.912354
1642.668091
1645.136963
1641.503784
1642.994019
1641.842407
1617.712402
1621.952759
1618.801392
1595.908081
1600.498779
1596.941406
1596.004150
1597.235596
1593.644775
1594.247437
1592.028809
1589.406494
1593.947754
1590.393311
1589.745117
1589.279907
1565.139404
1567.820557
1564.752197
1563.291748
1565.391724
1561.673584
1584.140625
1582.354614
1579.179321
1582.023193
1578.402832
1579.110840
1579.679077
1576.066406
1599.276489
1596.599976
1594.084229
1596.267822
1572.128418
1574.989014
1574.342896
1571.054810
1594.553711
1591.170166
1592.003662
1591.403564
1567.570312
1570.913330
1568.099854
1565.491943
1588.424561
1584.865356
1587.156738
1585.083130
1561.899292
1566.574219
Control Period
1563.158936
1561.713257
1561.533691
1557.531250
1557.972534
1555.690918
1552.274048
1556.414185
1552.594116
1573.155884
1574.169189
1570.102051
1592.474121
1589.894287
1586.944092
1609.168335
1584.655762
1587.955200
1584.906250
1561.329956
1565.610962
1582.121948
1589.284424
1588.416748
1584.542603
1586.732910
1583.717896
1581.010254
1603.553101
1599.519775
1600.413208
1597.986206
1574.108887
1577.610962
1574.023804
1571.721436
1573.423218
1569.366211
1591.424316
1589.100098
1585.324341
1608.662109
1584.359741
1583.291138
1583.983276
1579.967651
1582.860718
1580.384766
1576.891846
1600.838501
1596.998901
1596.531372
1596.782837
1592.824463
1594.363647
1591.146484
1589.130859
Control Period
1593.004395
1588.594727
1607.012573
1606.071655
1601.797363
1601.495850
1598.208984
1574.814575
1576.373169
1571.954346
1593.793945
1591.152832
1587.235596
1609.377441
1584.454224
1584.794189
1582.305054
1558.518921
1559.684692
1555.421387
1576.463257
1574.527100
1570.174805
1570.371094
1566.810547
1564.410522
1565.525757
1561.056274
1560.260498
1558.037598
1533.430176
1534.496948
1530.531616
1528.686646
1527.713745
1523.365479
1546.057251
1542.593384
1539.735718
1560.311279
1535.347900
1535.884399
1532.852051
1529.221924
1532.070801
1527.828125
1547.630981
1545.897705
1541.612915
1563.976685
1539.138306
1539.059326
1537.751099
1533.292480
1536.552002
1533.716431
1529.682495
1533.670898
Control Period
1529.466309
1547.551270
1547.895020
1543.064087
1565.630859
1561.812500
1558.757080
1580.095459
1575.218140
1576.199219
1572.585083
1548.249878
1551.599609
1546.895874
1565.791626
1565.329712
1560.530518
1581.899292
1577.940063
1576.352661
1595.519897
1570.302368
1572.132446
1567.853638
1565.014404
1567.354858
1562.549194
1581.560913
1581.290527
1576.579956
1600.345093
1595.897705
1593.578857
1593.811646
1588.986450
1610.634644
1606.730469
1603.557617
1624.828369
1599.519653
1623.549072
1619.312988
1616.562378
1636.279663
1611.032104
1635.274902
1610.797241
1607.810425
1628.953369
1603.595703
1606.197754
1581.681519
1557.893433
1560.334106
1555.601440
1577.307007
Control Period
1575.178955
1570.182251
1572.224854
1595.115479
1592.091675
1611.524658
1585.853516
1587.565552
1583.098755
1559.072754
1561.068237
1555.950073
1576.302979
1574.353638
1569.352051
1591.873901
1587.178711
1583.948486
1584.498413
1579.163086
1600.517578
1596.859985
1592.221680
1615.433105
1610.247559
1628.669312
1628.132690
1623.054199
1644.454590
1639.907715
1636.602295
1657.058838
1651.872803
1673.434448
1668.896240
1665.425903
1686.683960
1681.402222
1702.748047
1699.308350
1695.193115
1716.131836
1710.781616
1710.978882
1707.046753
1682.554688
1685.769287
1680.770752
1681.594727
1680.242065
1675.105591
1676.765991
1672.365723
1668.751709
1671.701660
1666.544067
Control Period
1667.106201
1664.842529
1659.418701
1661.879028
1656.560303
1654.010986
1654.854980
1649.073364
1649.982788
1645.824219
1641.115723
1643.247925
1637.672485
1636.974121
1634.652588
1629.075073
1630.369507
1625.267822
1621.681641
1622.707031
1616.933594
1637.895752
1633.416870
1629.265625
1629.117310
1623.394775
1644.935425
1640.012451
1636.702881
1636.312256
1630.599243
1652.009766
1647.154663
1643.057617
1643.328369
1637.561401
1658.384033
1653.957275
1649.302368
1649.522583
1643.980103
1662.717529
1659.124756
1654.371582
1673.187988
1647.205444
1647.092041
1642.543823
1617.877686
1619.568115
1614.043701
1632.531128
1630.373291
1624.929077
1626.064941
Control Period
1621.162842
1616.235962
1616.547485
1611.020630
1628.253296
1627.226685
1621.496826
1640.262573
1635.866455
1630.401001
1629.744141
1624.515015
1620.027344
1620.075439
1614.277710
1631.558228
1630.635742
1624.869751
1645.167969
1641.083008
1635.470947
1635.995117
1630.819946
1625.926514
1626.784546
1621.295898
1638.458008
1637.562988
1631.783569
1651.071045
1647.535400
1641.897217
1642.366577
1637.514160
1632.373779
1634.253662
1628.746704
1624.967407
1625.513428
1619.717651
1637.706909
1636.086548
1630.321167
1630.281616
1626.534058
1620.717651
1621.515137
1616.659058
1611.554443
1613.274414
1607.742676
1604.078979
1603.656860
1597.771362
1615.056519
1614.054688
Control Period
1608.289673
1626.256226
1622.502930
1616.540894
1615.204712
1610.128174
1604.408081
1604.567627
1599.713745
1594.225830
1591.482544
1588.927002
1584.042236
1558.715210
1533.378174
1529.415283
1526.507446
1522.125244
1517.651367
1513.317383
1508.966553
1504.484863
1500.066528
1495.916504
1492.079102
1488.343262
1484.499268
1480.678833
1476.920288
1473.333862
1470.305298
1496.606567
1493.594604
1490.607910
1487.589355
1484.575317
1481.534058
1478.503052
1475.515259
1472.515015
1469.491455
1466.458252
1463.467896
1460.464355
1457.514160
1454.440552
1451.418945
1448.366943
1445.364380
1442.344849
1439.401245
1436.410034
1433.388794
1430.370361
1427.349365
1424.336426
Control Period
1421.250854
1418.129395
1414.941162
1411.791870
1408.568848
1405.431519
1402.264282
1399.112915
1395.929077
1392.822876
1389.566895
1386.359009
1383.245728
1380.064697
1376.808838
1372.887207
1368.977661
1364.661133
1360.188965
1355.664185
1351.032349
1346.524780
1342.009888
1337.435181
1333.003784
1328.571777
1323.921021
1319.382935
1314.888550
1310.249512
1305.724365
1301.238159
1296.676147
1292.217285
1287.729004
1283.081543
1278.554321
1274.052734
1269.405396
1264.857910
1260.425903
1255.814575
1251.303711
1246.806274
1242.168945
1237.635620
1233.120850
1228.558594
1224.102905
1219.670166
1215.053345
1210.536377
1206.016357
1201.376343
1196.863525
1192.391968
Control Period
1187.825317
1183.307617
1178.809204
1174.107666
1169.552246
1164.971191
1160.276855
1155.665405
1151.080444
1146.393311
1141.835327
1137.270264
1132.570312
1128.034790
1123.535400
1118.936768
1114.466431
1109.954102
1124.234863
1119.644409
1114.949219
1110.480347
1105.999512
1101.395142
1096.839355
1092.339722
1087.671509
1083.087769
1078.516479
1073.805298
1069.208374
1064.629883
1059.927856
1055.331543
1050.746094
1046.055786
1041.466187
1036.876587
1032.279297
1027.773071
1023.342407
1018.721008
1014.225037
1009.946838
1005.888611
1001.888184
997.909485
993.844543
989.866821
985.895142
981.784790
977.821472
973.831299
969.798828
965.823364
961.876038
Control Period
957.770142
953.808228
949.693909
945.583923
941.522705
937.492676
933.383789
929.345459
925.310669
921.182251
917.173035
913.117249
908.983093
904.931946
900.868530
896.712158
892.670959
888.567383
884.418518
880.351562
876.278992
872.128174
868.054016
863.994263
859.858826
855.789429
851.790649
847.651855
843.567139
839.484680
835.333374
831.689575
828.380066
825.027649
821.813660
818.547668
815.219116
811.919983
808.647400
805.333069
802.012207
798.758362
795.444519
792.167969
788.911072
785.599609
782.271362
778.941650
775.627136
772.175049
768.134155
764.000793
759.953003
755.903625
751.751404
747.672729
743.624634
Control Period
739.500244
735.183167
730.853943
726.489807
722.197510
717.875488
713.515686
709.231873
704.897644
700.502502
696.196777
691.895996
687.533142
683.229309
678.920410
674.549438
670.305664
665.989685
661.624939
657.364197
653.065186
648.689087
664.782104
660.426453
656.048096
651.737427
647.415222
643.013672
638.739136
634.466675
630.089111
625.767883
621.474487
617.079651
612.797424
608.504639
604.117493
599.815918
595.530823
591.145081
586.851807
582.561462
578.182617
573.870789
569.519958
565.123047
560.812866
556.475952
552.101562
547.783997
543.491882
539.130493
534.796265
530.507507
526.114258
521.817017
Control Period
517.508423
512.917908
508.429016
503.863312
499.268341
494.785675
490.248474
485.621643
481.090179
476.565613
472.006958
467.493256
463.008667
458.430481
453.902222
449.371246
444.779480
440.231384
435.724579
431.132019
426.654633
422.188934
417.564850
413.043945
408.527527
403.933838
399.467651
394.942444
390.359131
385.869263
381.325958
376.722961
372.211182
367.687073
363.100891
358.616302
354.074463
349.487976
344.978912
340.478821
335.886871
331.336700
326.819946
322.232483
317.747437
313.244934
308.664032
304.194641
299.647491
295.058289
290.495483
285.984833
281.390015
276.870239
272.385345
267.759979
Control Period
263.247253
258.574829
253.823380
249.073212
244.317764
239.545044
234.885117
230.100235
225.345917
220.669510
215.915344
211.157654
206.496765
201.785324
196.985870
192.303070
187.580582
182.368988
177.115143
171.846268
166.453873
161.147232
155.896759
150.499573
145.207489
140.013809
134.689896
129.472214
124.193100
118.794785
113.534866
108.259270
102.866875
97.596558
92.391998
87.062637
81.869278
76.616081
71.232323
65.958649
61.132942
61.008621
61.069107
61.155823
61.092144
61.227501
61.165901
61.025902
61.119026
61.113747
60.996304
61.131344
61.171345
61.077583
61.215984
61.180302
Control Period
61.023026
61.123985
61.132462
61.016785
61.122704
61.138542
61.012783
61.162865
61.111664
61.013744
61.119186
61.133102
61.085423
61.200302
61.230064
61.055984
61.230064
61.214066
61.096306
61.148464
61.132301
61.009583
61.132782
61.150383
60.998547
61.060463
61.121582
60.993744
61.112625
61.112785
61.002708
61.131824
61.131664
61.006866
61.245422
61.214859
61.088623
61.250702
61.204945
61.088463
61.224304
61.183502
61.023827
61.117264
61.131344
61.018543
61.111183
61.128304
61.016304
61.115025
61.140625
61.010544
61.130707
61.137585
61.007183
61.144142
61.155663
Control Period
61.068146
61.141907
61.222382
61.107666
61.229424
61.231186
61.666214
61.728455
61.682697
61.682053
61.730377
61.648613
61.627815
61.736458
61.619816
61.657097
61.730377
61.694855
61.587498
61.732616
61.710056
61.631817
61.712296
61.723495
61.666054
61.741257
61.698376
61.660614
61.733414
61.640778
61.654057
61.679176
61.682213
61.649734
61.731819
61.653896
61.631973
61.716133
61.677094
61.645737
61.720779
61.673897
61.644615
61.759178
61.726376
61.641899
61.742535
61.678215
61.646538
61.738373
62.258045
62.431805
62.487003
62.514839
62.505241
62.524445
Control Period
62.506844
62.465569
62.477406
62.439167
62.461403
62.552124
62.400127
62.452286
61.910534
61.580299
61.655495
61.725258
61.733734
61.653900
61.748459
61.741417
61.649414
61.735657
61.759499
61.632614
61.709736
61.708614
61.646378
61.779976
61.709736
61.637093
61.723015
61.737259
61.645416
61.756454
61.741096
61.651497
61.695816
61.712936
61.629738
61.726536
61.640617
61.634056
61.722855
61.740936
61.641579
61.721737
61.702538
61.667656
61.711174
61.741577
61.604454
61.732933
61.726536
61.645576
61.727173
61.730057
61.649261
61.757896
61.692936
61.584137
61.724937
Control Period
61.646217
61.637100
61.753258
61.717575
61.637581
61.731018
61.722374
61.654213
61.745575
61.722374
61.648460
61.747498
61.764938
61.636780
61.702858
61.723495
61.674858
61.682220
61.706375
61.630539
61.717098
61.737255
61.644939
61.746376
61.751656
61.647820
61.741577
61.724937
61.637581
61.721901
61.735176
61.646858
61.725258
61.698860
61.635818
61.755978
61.722542
61.645264
61.716938
61.746536
61.646858
61.757896
61.713097
61.655819
61.763496
61.671501
61.679180
61.731018
61.714859
61.652779
61.727016
61.740456
61.651497
61.719498
61.708778
61.623344
Control Period
61.751656
61.728138
61.653099
61.707657
61.693417
61.638378
61.681740
61.732941
61.643021
61.764297
61.659981
61.636459
61.737259
61.624298
61.653580
61.719978
61.785416
61.681099
61.742699
61.681900
61.654381
61.713257
61.736938
61.636139
61.719501
61.710381
61.625263
61.724937
61.725899
61.646862
61.727501
61.684299
61.642380
61.722702
61.663025
61.646702
61.756783
61.709740
61.660301
61.700779
61.684937
61.665096
61.748138
61.748459
61.647499
61.711021
61.741261
61.647339
61.724457
61.671661
61.654221
61.713421
61.761101
61.653740
61.705582
61.753578
Control Period
61.665104
61.716621
61.718060
61.600945
61.730217
61.716461
61.641266
61.727978
61.617580
61.692619
61.725739
61.638542
61.649582
61.684624
61.667503
61.677902
61.738060
61.728142
61.655663
61.736305
61.687500
61.662220
61.678062
61.731503
61.667503
61.745102
61.705582
61.607506
61.718060
61.720940
61.638382
61.728943
61.605904
61.639183
61.797581
61.703346
61.585262
61.721260
61.699181
61.625580
61.728943
61.653107
61.575981
92.983971
87.739258
82.112946
76.237839
70.446411
64.570503
68.821304
83.304436
77.347412
71.435181
65.474953
61.122391
61.116791
Control Period
60.998070
61.035194
61.169273
61.081749
61.216469
61.212788
61.011353
61.143669
61.128311
61.010071
61.035671
85.416885
79.446182
73.330681
67.281578
61.215996
61.009911
61.062233
61.130554
61.004791
61.062714
61.171509
61.080788
61.126072
61.153751
60.986393
61.065590
61.144951
60.996471
61.048309
61.115990
61.016632
61.067352
61.140472
61.082069
61.192955
61.176952
61.080952
61.096313
61.138069
61.016632
61.167351
61.114075
61.015511
61.085434
61.098709
61.038231
61.185272
61.211349
61.093750
61.199989
61.174232
61.008793
61.093750
61.095833
61.006233
Control Period
61.485107
61.725742
61.640625
61.718063
62.391335
62.481888
62.471809
62.469730
62.473892
62.448132
62.449570
62.453407
62.541885
62.469090
62.464928
62.570217
62.570847
62.458054
62.517887
62.494209
62.460293
62.498848
62.481888
62.379974
62.502052
62.500130
62.456451
62.500130
62.444611
62.461250
62.470531
62.431011
62.418213
62.439972
62.507488
62.442371
62.508289
83.458511
79.502975
74.925529
69.880898
64.033875
60.564640
40.175682
40.177925
40.184483
60.620483
82.067177
76.105751
69.643539
42.781483
61.908463
61.699661
60.611198
40.186085
40.223526
63.315159
Control Period
60.923996
60.564163
40.198242
61.211510
62.480453
60.571999
40.189285
40.190723
61.352787
62.503494
60.611198
40.181923
40.186882
62.806847
61.080956
40.183205
40.175522
61.766865
62.909409
60.655041
40.244644
40.212963
61.178391
62.292130
60.632320
40.164162
40.378403
63.338840
60.887035
40.176483
40.191364
62.524452
61.691185
60.539360
40.166401
61.780945
63.232601
60.628319
61.086712
61.238392
61.319031
61.655346
61.669586
61.657906
61.664783
61.711502
61.666702
61.653427
61.719505
61.633106
61.638702
61.723183
61.704464
61.676464
61.719505
61.657585
61.645584
61.751503
Control Period
61.688946
61.637585
61.719185
61.699024
61.627342
61.718544
61.734062
61.635025
61.713585
61.755505
61.687187
61.911980
62.519012
62.435974
62.416931
62.471172
62.461731
62.420292
62.516769
62.480930
62.519493
62.458855
62.420296
62.494053
62.510376
62.445259
62.516453
62.482529
62.488453
62.494213
62.481735
62.481094
62.502052
62.447975
62.405579
62.449894
62.480453
62.478699
62.490372
62.426697
62.461098
62.468773
62.444775
62.480453
62.522694
62.441895
62.472458
62.489254
62.502052
62.522213
62.500774
62.446213
62.484135
62.496773
62.424294
62.459175
Control Period
62.529251
62.458855
62.462696
61.959023
61.712303
61.351509
61.155678
61.141754
61.004639
61.146393
61.133598
61.003521
61.054874
61.181755
61.104637
61.203033
61.225914
61.007362
61.128632
61.175034
61.001118
61.153435
61.108475
61.025116
61.179512
61.196152
61.106560
61.221272
61.454071
61.635029
61.713745
61.719505
61.634064
61.648628
61.699669
61.647667
61.707344
61.681747
61.633266
61.717102
61.680305
61.635666
61.683189
61.638550
61.638229
61.697906
61.710545
61.614227
61.702065
61.682709
62.439011
62.475334
62.498695
62.481895
62.472935
62.477097
62.453735
Control Period
62.459335
62.514694
62.442055
62.343494
61.681908
61.641266
61.660469
61.599991
61.067039
61.115997
61.169117
60.997597
61.157433
61.111359
61.000961
61.104797
61.128635
61.008003
61.106239
61.175995
61.080322
61.122559
61.165115
61.083996
61.161118
61.133438
61.004318
61.094078
61.130722
60.991199
61.106556
61.125595
60.999359
61.102402
61.111839
61.084320
61.137756
61.192795
61.073120
61.092957
61.697586
61.685425
61.763504
61.686546
61.634392
61.735504
61.722069
61.643028
61.722706
61.749428
61.649586
61.683350
61.731030
61.660789
61.764786
61.726387
Control Period
61.641594
61.687668
61.732468
61.661106
61.730225
61.716309
61.639832
61.715027
61.718544
61.655830
61.735348
61.727509
61.675827
61.732948
61.714390
61.641113
61.721428
61.734550
61.649269
61.727509
61.739666
61.678867
61.722549
61.658073
61.644154
61.729748
61.691353
61.660789
61.796467
62.424774
62.470535
62.463493
62.506378
62.436134
62.473572
62.496452
62.486855
62.542854
62.492134
62.474854
62.507339
62.463654
62.456936
62.501415
62.471497
62.440613
62.488457
62.518375
62.489738
62.514053
62.487015
62.442375
62.426697
62.503975
62.474213
62.494377
62.540939
Control Period
62.467018
62.477737
62.463177
62.452454
62.420937
61.687515
61.628952
61.215195
61.222878
61.043678
61.060959
61.144321
61.000000
61.170078
61.134079
61.008320
61.127041
61.127357
61.013283
61.112000
61.222561
61.109280
61.256477
61.200642
61.033279
61.115997
61.122879
61.019203
61.137917
61.171520
61.005280
61.042400
61.144318
61.020317
61.146240
61.158241
61.109436
61.235680
61.227043
61.086399
61.155041
61.132317
61.022560
61.093277
61.111679
60.998558
61.114563
61.131359
61.015358
61.151199
61.150879
61.079361
61.196320
61.218880
61.088959
61.139839
Control Period
61.219521
61.092960
61.194401
61.222237
61.082878
61.205441
61.528633
61.637432
61.761749
61.660789
61.670071
61.721115
61.771832
61.667671
61.716633
61.718712
61.638229
61.710552
61.673912
61.651192
61.719193
61.613594
61.647194
61.657913
61.735672
61.656151
61.719193
82.675980
77.147667
71.545273
66.003838
61.700790
61.667992
61.709114
62.317261
62.456455
62.475815
62.426857
62.426697
62.424297
62.451817
62.504295
62.471977
62.387505
62.439980
62.289261
61.642391
61.679192
61.715191
61.619991
61.632950
61.711189
61.620472
61.640793
61.720314
61.677429
Control Period
61.661911
61.715672
61.715672
61.602715
61.716469
61.722549
61.640953
61.726711
61.706871
61.638550
61.726555
61.723030
61.679993
61.744633
61.703674
61.630714
61.727192
61.716152
61.659832
61.709591
61.688793
61.652153
61.759514
100.047226
94.338814
88.552963
82.906471
77.068459
71.323242
65.604912
61.718071
61.660954
61.743992
61.666870
61.671829
61.707993
61.706070
61.629593
61.709911
61.637272
61.712952
61.729591
61.701111
61.606232
61.719032
61.740952
61.656952
61.754395
61.648632
61.647835
61.702232
61.708794
61.648155
61.692791
61.730873
61.643513
Control Period
61.720154
61.718552
61.631512
61.710552
61.711033
61.635353
61.727993
61.748314
61.655037
61.686394
61.725594
61.589272
61.708633
61.755512
61.655830
61.751831
61.708794
61.649750
61.714714
61.703354
61.641914
61.750870
61.711349
61.643353
61.733433
61.672951
61.641594
61.727352
61.698074
61.627029
61.709591
61.751511
61.588474
61.730713
61.699512
61.651672
61.726871
61.700630
61.630394
61.668633
61.728313
61.653114
61.719513
61.728630
61.686874
61.742874
61.719833
61.672470
61.738552
61.718231
61.649914
61.726234
61.668152
61.630875
61.683990
61.725433
Control Period
61.662552
61.750229
61.651031
61.638237
61.711349
61.687035
61.651672
61.711990
61.726711
61.637432
61.724472
61.642876
61.637596
61.727512
61.711029
61.642395
61.767189
61.742874
61.624313
61.723030
61.629597
61.675674
61.725273
61.691833
61.642075
61.712952
61.650074
61.632149
61.727669
61.600159
61.629753
61.725433
61.679672
61.610077
61.712151
61.703194
61.618393
61.721111
61.660957
61.667515
61.767033
61.713112
61.661758
61.665115
61.694870
61.642555
61.715672
61.709595
61.647354
61.715515
61.711514
61.628956
61.667835
61.699352
61.677433
61.709915
61.765591
Control Period
61.615356
61.716953
61.618874
61.643837
61.660156
61.721275
61.649277
61.743355
61.687515
61.637596
61.703354
61.671196
61.638878
61.721432
61.642715
61.586395
61.746235
61.729435
61.630238
61.679996
61.729752
61.653915
61.706074
61.586235
61.650391
61.749916
61.631836
61.611359
61.717117
61.626717
61.632797
61.685596
61.722393
61.670551
61.741272
61.637276
61.638878
61.716633
61.728317
61.675995
61.723030
61.638718
61.629276
61.739517
61.679680
61.643196
61.671677
61.649437
61.627518
61.737755
61.607994
61.658714
61.658398
61.637115
61.574562
61.715675
Control Period
61.661278
61.653755
61.703358
61.727993
61.638237
61.688477
61.711838
61.645439
61.669598
61.699837
61.642395
61.706875
61.695511
61.633919
61.704956
61.657120
61.645599
61.725113
61.701595
61.637760
61.740639
61.621437
61.605438
61.716476
61.715836
61.595200
61.702076
61.726234
61.652802
61.697433
61.684635
61.653275
61.679680
61.759834
61.629280
61.716957
61.661758
61.651680
61.697918
61.664795
61.637276
61.746078
61.718079
61.660004
61.719193
61.683037
61.592957
61.708157
61.719673
61.615196
61.708481
61.635838
61.628960
61.662239
61.675362
61.631199
Control Period
61.660156
61.702232
61.648796
61.686077
61.700958
61.634079
61.660316
61.706718
61.628639
61.671040
61.710876
61.649918
61.650078
61.700317
61.630241
61.659042
61.689919
61.638081
61.698238
61.714077
61.648155
61.672798
61.692162
61.628159
61.664322
61.703201
61.632160
61.665916
61.696159
61.636322
61.680641
61.680000
61.631359
61.664639
61.705757
61.683041
61.666878
61.730236
61.660477
61.668480
61.686401
61.652321
61.698395
61.695198
61.652962
61.654396
61.677757
61.635521
61.671040
61.679520
61.077286
61.191845
61.143047
60.993446
61.143047
61.119209
61.052811
Control Period
61.193771
61.099209
61.010567
61.071049
61.130409
61.000168
61.230408
61.190567
61.040005
61.146729
61.131687
61.637920
61.713280
61.658722
61.638081
61.692482
61.645439
61.643837
61.714081
61.659679
61.635521
61.708000
61.677921
61.669441
61.709759
61.643356
61.670555
61.702881
61.667519
61.640160
61.729279
61.649117
61.638718
61.747841
61.691036
61.662079
61.721283
61.668320
61.644798
61.707039
61.692642
61.683521
62.542385
62.448944
62.418709
62.469109
82.842865
77.482178
72.139404
66.697922
62.470707
82.887512
77.466827
72.088699
66.705132
62.384308
Control Period
82.842705
77.412605
71.839783
66.298004
61.744160
61.667999
61.657120
61.710720
61.660480
61.626881
61.723999
61.706078
61.639359
61.728798
61.722397
61.646721
61.767200
61.690559
61.599678
61.705921
61.705280
61.639679
61.719681
61.733917
61.618721
61.712639
61.693279
61.655518
61.671040
61.709602
61.656319
61.723358
61.709602
61.630562
85.126198
78.958031
93.065063
86.930016
80.660568
74.453201
68.257515
62.054142
61.589279
61.763840
61.690559
61.667038
61.705917
61.681599
61.581600
61.691040
61.686401
61.603680
61.714882
61.707840
61.639038
Control Period
61.688480
61.666237
61.623039
61.714561
61.590080
61.651199
61.732159
61.561279
61.594563
61.704163
61.585762
61.621925
61.757118
61.612000
61.608639
61.738720
61.605759
61.600163
61.713760
61.607841
61.590240
61.747200
61.629120
61.622559
61.724480
61.601601
61.602402
61.695358
61.645760
61.618401
61.703201
61.618080
61.606400
61.703682
61.660801
61.582401
61.707199
61.637440
61.619202
61.712959
61.717758
61.597919
61.705761
61.632320
61.593922
61.702240
61.756477
61.610081
61.726082
61.585922
61.595200
61.746239
61.611843
61.598721
61.713440
61.619041
61.605282
Control Period
61.765442
61.582558
61.668480
61.729118
61.556004
61.652321
61.699837
61.566879
61.645279
61.661118
61.724159
61.643677
61.664001
61.742081
61.578087
61.739521
61.612640
61.590401
61.710400
61.716957
61.641602
61.763680
61.552322
61.623840
61.696320
61.655998
61.640480
61.687840
61.690239
61.643200
61.666080
61.735359
61.587845
61.697121
61.725121
61.612801
61.742722
61.761757
61.635040
61.724800
61.563683
61.640800
61.697601
61.565605
61.662079
61.691841
61.723518
61.656158
61.691040
61.626404
61.579681
61.706558
61.580322
61.596966
77.920547
90.875259
Control Period
84.534904
78.045753
71.609245
65.134659
61.648323
61.662239
61.722080
61.638725
61.669922
61.720642
61.597282
61.701439
61.683521
61.580647
61.779678
61.695038
61.623207
61.704483
61.672802
61.633442
61.696640
61.684803
61.609924
61.670403
61.712158
61.634720
61.661438
61.745598
61.591843
61.704803
61.597603
61.585926
61.708000
61.711521
61.653603
61.714722
61.666565
61.640320
61.706245
61.644966
61.670723
61.657921
61.700325
61.674240
61.679047
61.709919
61.592323
61.711365
61.742401
61.602406
61.711845
61.708160
61.635685
61.710400
61.679043
61.647202
Control Period
61.724483
61.676003
61.632324
61.669281
61.680161
61.664162
61.692482
61.720001
61.598881
61.678566
61.692802
61.591045
61.699844
61.689285
61.652164
61.717598
61.660961
61.671360
61.726082
61.675205
61.614883
61.685600
61.751202
61.642246
61.665123
61.686562
61.601120
61.697441
61.710403
61.581608
61.698086
61.746719
61.636005
61.703365
61.649925
61.635681
61.704163
61.682724
61.630886
61.690247
61.699364
61.637764
61.653763
61.709122
61.622242
61.705284
61.704964
61.591526
61.703201
61.583206
61.633286
61.720802
61.694725
61.628002
61.709923
61.684967
Control Period
61.639847
61.657448
61.708324
61.632969
61.675041
61.712482
61.598244
61.695843
61.704163
61.583366
61.710884
61.679367
61.673126
61.715523
61.674080
61.629765
61.724644
61.660168
61.627048
61.677284
61.728325
61.644485
61.671684
61.726082
61.615524
61.698883
61.720161
61.633289
61.724167
61.667686
61.618729
61.740166
61.584167
61.661282
61.672966
61.710724
61.646088
61.668808
61.713608
61.602890
61.735207
61.739044
61.590725
61.710407
61.709766
61.631371
61.724167
61.652168
61.653290
61.701286
61.660164
61.637287
61.665447
61.697449
61.646408
61.667206
61.733925
Control Period
61.604965
61.722565
61.713921
61.629444
61.724487
61.744804
61.633926
61.696648
61.720329
61.646408
61.737125
61.664005
61.644646
61.693768
61.690407
61.647690
61.666569
61.695049
61.595848
61.710087
61.704643
61.597130
61.743847
61.748005
61.634727
61.721607
61.669125
61.684647
61.733444
61.704483
61.640488
61.677608
61.749447
61.624649
61.680008
61.716805
61.606728
61.719208
61.704483
61.580009
61.734406
61.751209
61.643368
61.714409
61.674728
61.651527
61.710728
61.669769
61.641125
61.672329
61.700169
61.638088
61.695206
61.736328
61.601929
61.702248
Control Period
61.716484
61.604969
61.753288
61.712326
61.632969
61.699848
61.672169
61.654091
61.706089
61.684807
61.639847
61.660809
61.745445
61.642567
61.677288
61.717129
61.623047
61.752968
61.708488
61.584808
61.709129
61.727047
61.650566
61.711845
61.662247
61.663368
61.712967
61.672646
61.634407
61.657608
61.700169
61.642731
61.674889
61.726891
61.586727
61.705288
61.718887
61.596169
61.706245
61.722889
61.662727
61.700489
61.667046
61.637131
61.727047
61.668167
61.637287
61.709450
61.712486
61.669930
61.688488
61.712326
61.626408
61.697769
61.726086
61.586250
Control Period
61.703369
61.756168
61.625610
61.724968
61.443531
61.004814
61.101135
61.147377
61.033455
61.109138
61.120975
60.982574
61.171535
61.160339
61.004974
61.029617
61.092976
61.078094
61.148338
61.125298
61.005775
61.186577
61.150574
60.998253
61.049774
61.112816
61.066574
61.091377
61.127533
61.002098
61.178413
61.199375
61.016815
61.045616
61.070255
61.074097
61.116653
61.126575
61.006897
61.068176
61.206734
61.001457
61.094093
61.120018
61.069939
61.137619
61.129456
61.010578
61.077293
61.645126
61.643047
61.748169
61.681450
61.633450
61.727047
61.693287
61.638885
Control Period
61.714729
61.752808
61.635368
61.683689
61.752007
61.663368
61.734089
61.577770
61.670570
61.697449
61.755848
61.656166
61.665607
61.710567
61.633286
61.668007
61.714729
61.667847
61.695847
61.719528
82.054573
75.633224
69.134117
62.703800
62.328316
62.448799
62.443039
62.435997
62.521278
62.427200
62.419037
62.444481
62.462875
62.423038
62.491356
62.456802
62.424316
82.852806
77.227600
71.460640
65.778000
62.502079
62.495358
62.512001
62.326401
62.409760
62.464638
82.744324
77.065521
71.330086
65.667610
62.361599
82.844002
77.261841
71.468643
Control Period
65.807762
62.498077
82.916801
77.130165
91.638741
85.363632
78.698929
72.032951
65.433365
61.754730
61.647530
61.722088
61.739525
61.669449
61.712967
61.734886
61.672966
61.699368
61.705288
61.630730
61.719528
61.725769
61.641769
61.711689
61.718887
61.634567
61.714569
61.717606
61.666889
61.706726
61.741127
61.643047
61.754410
61.744331
61.647850
61.748650
61.739365
61.659370
61.719688
61.718727
61.633129
61.731049
61.716007
61.649132
61.712326
61.723846
61.645290
61.712646
61.751049
61.636330
61.724327
61.752487
61.662727
61.725769
61.703690
61.641769
Control Period
61.727047
61.741127
61.634087
61.712486
61.686729
61.651371
61.676971
61.645290
61.646248
61.662727
61.717129
61.600491
61.736168
61.716965
61.605293
61.718727
61.731850
61.661133
61.732010
61.617455
61.644009
61.716328
61.665131
61.632332
61.668648
61.669449
61.670570
61.687531
61.653770
61.592972
61.756966
61.714409
61.602253
61.726410
61.707050
61.637451
61.700325
61.672653
61.643051
61.737770
61.657932
61.651535
61.682571
61.704330
61.638092
61.695526
61.727367
61.598732
61.706890
61.719688
61.600975
61.705772
61.675209
61.645134
61.705765
61.596809
Control Period
61.648331
61.707214
61.655052
61.643051
61.665291
61.691368
61.629616
61.663849
61.642570
61.597450
61.718094
61.711533
61.596497
61.732330
61.732010
61.657131
79.872856
73.186348
66.394722
61.707851
61.674572
61.609776
61.736012
61.701931
61.632973
61.725128
61.658569
61.655685
61.721931
61.675049
61.652973
61.697453
61.692333
61.648335
61.718571
61.709770
61.628971
61.738571
61.739532
61.602413
61.739208
61.666252
61.666733
61.701931
61.609772
61.656490
61.692173
61.659534
61.636974
61.671852
61.672173
61.650574
61.663857
61.658089
61.596493
61.715050
Control Period
61.700333
61.593136
61.751373
61.708652
61.648495
61.724491
61.655853
61.647850
61.713455
61.664017
61.638412
61.705772
61.629612
61.634094
61.664337
61.760330
61.617294
61.713295
61.230900
60.994263
61.096344
61.126583
61.033463
61.205139
61.127060
61.009781
61.123703
61.067383
61.082104
61.095383
61.054581
61.011864
61.064983
61.134102
61.024662
61.023544
61.118584
61.004982
61.142906
61.203381
61.001945
61.100662
61.058578
61.092499
61.127384
61.082108
61.004665
61.134422
61.158745
61.038902
61.075386
61.110420
60.994743
61.129784
61.144665
61.006104
61.094902
Control Period
61.091385
61.082264
61.724014
61.715694
61.589615
61.712494
61.717136
61.652176
61.664818
61.713295
61.662735
61.672653
61.732971
61.635693
61.770569
61.679214
61.642418
61.707214
61.672333
61.665619
61.714733
62.054726
62.442398
62.475201
82.874725
77.058327
71.283691
65.411613
62.404163
82.873451
77.052414
91.547707
85.710030
79.868515
74.017395
68.128357
82.823685
76.959450
91.459221
85.718987
79.880188
74.011467
68.166908
82.760971
76.925537
91.458267
85.659470
79.841476
73.984283
68.145485
82.781769
76.940254
91.432343
85.617867
79.778427
Control Period
73.892746
67.712830
82.943527
76.333542
69.314285
62.334385
61.237785
61.113304
61.002426
61.116821
61.035706
61.024506
61.152664
61.194740
61.010105
61.106903
61.121784
60.996025
61.137146
61.090744
60.994743
61.045944
61.135704
60.999863
61.044346
61.200344
61.080666
61.054585
61.125145
61.013786
61.098904
61.135063
61.080826
61.126423
61.025463
61.020821
61.474579
61.602097
62.055527
62.485764
62.488960
62.486721
82.882729
76.787132
70.529785
64.364754
62.484001
82.839691
76.794014
91.041145
84.889717
78.789169
72.646858
66.443268
82.896805
Control Period
76.813049
90.977356
84.839737
99.028519
92.898102
86.724960
80.555344
74.438202
88.632271
82.479935
96.631767
90.424713
104.573662
98.397484
92.141464
85.915207
79.716469
93.944458
87.782997
101.966026
95.811768
109.949036
103.806297
97.580521
91.373138
85.141281
98.917274
92.032471
85.054222
77.484627
69.933426
62.399506
60.997147
61.106583
61.122421
60.994106
61.076824
61.154583
61.092987
61.161304
61.155544
60.988350
61.105461
61.154427
61.008823
61.023224
61.103386
61.066742
61.214424
61.209625
60.992188
61.113144
61.044662
61.007065
61.116501
Control Period
61.122906
61.015701
61.720978
61.753937
61.635376
61.710735
61.684017
61.643375
61.671856
61.676018
61.678894
61.747856
61.700974
61.658577
61.750420
61.722897
61.592976
61.739853
61.707695
61.651215
61.743217
61.616016
61.641457
61.735855
82.837135
76.532532
90.611618
84.351807
78.035049
71.721809
65.363930
82.924011
76.638931
90.802338
84.526855
78.297134
72.066132
86.213539
79.932465
94.037628
87.797501
81.387466
75.080307
68.768669
82.909203
76.684753
90.848961
84.618759
98.732239
92.470840
106.574890
100.326447
94.050964
86.933571
79.911697
Control Period
72.873665
65.521759
81.923386
74.663643
67.351257
61.766575
82.060028
74.768929
67.490303
61.666737
61.665939
82.058266
74.791641
67.510941
61.649296
61.699055
82.100342
74.821556
67.557655
61.622261
61.709778
82.091545
74.821404
67.541496
61.666576
61.705456
82.139862
74.849556
67.592690
61.678577
61.718735
82.058266
74.832764
67.543098
61.668495
61.727058
82.068184
74.777718
67.544212
61.661301
61.701775
82.035706
74.799805
67.504707
61.657135
61.710415
82.120987
74.893242
67.626617
61.649780
61.729298
82.072830
74.827965
67.568542
Control Period
61.589134
61.734097
82.074265
74.524979
66.958572
61.633781
61.722576
82.053627
74.514893
67.047363
61.623375
61.671379
82.120987
74.643539
67.166245
61.653938
61.707855
82.129623
74.649773
66.617126
61.083866
61.102589
61.066429
60.991714
61.084827
61.123386
61.012833
61.179062
61.199066
61.036507
61.049629
61.040508
61.009953
61.051868
61.137466
61.112827
61.216663
61.226105
61.005146
61.044510
61.109146
61.009949
61.114746
61.066269
61.090111
61.162903
61.114265
61.000984
61.090912
61.103546
60.995552
61.039711
61.192986
61.116188
61.088829
61.366585
Control Period
61.637779
61.747215
82.107864
74.629936
67.124008
61.637619
61.720818
82.120819
74.681450
67.262398
61.639374
61.699539
82.072189
74.582100
67.147697
61.632664
61.722420
82.094589
74.608345
67.165138
61.663536
61.728821
82.101944
74.641296
67.077133
61.632660
61.686737
82.088989
74.558266
67.099373
61.708496
62.482407
82.801140
76.170082
89.775841
83.140625
96.746056
90.051956
103.794029
97.118652
110.817047
104.124710
117.798302
111.158287
124.054779
116.589493
109.086128
101.545166
94.113319
107.047241
99.564514
92.154427
84.640495
77.164490
Control Period
90.090736
82.671211
74.892860
67.058189
61.744019
82.051872
74.251122
86.674057
78.914261
91.491280
83.752609
75.895058
68.066299
61.744499
82.043228
74.218475
86.741249
78.983376
91.596230
83.801079
75.929764
68.103088
61.696659
82.013794
74.252563
86.858063
79.047554
71.228882
63.407970
61.747219
82.032036
74.271286
86.835503
79.093788
71.177681
63.323490
61.702103
82.072990
74.304558
86.918694
79.112984
91.671761
83.907326
76.086571
68.202621
61.739220
82.072670
74.337196
66.509407
61.710098
82.107391
74.314796
66.438049
61.632980
61.744019
Control Period
81.944351
73.817322
86.043747
77.923920
90.091301
81.991631
94.238533
86.141426
98.381607
90.317780
102.517479
94.474609
106.735268
98.654953
90.515442
82.495453
74.333389
66.212769
61.657303
61.706905
61.588982
61.732662
61.632343
61.727379
61.646423
61.729301
61.597462
61.721306
61.628983
61.715866
61.662743
61.731380
61.658581
61.685623
61.644344
61.733780
81.921799
73.851570
86.089035
77.968727
90.127472
82.075645
73.881897
65.848793
82.063553
73.948845
86.148865
78.055122
90.337387
82.237083
94.462868
86.352959
Control Period
98.528183
90.216789
102.194687
93.854980
85.435425
77.129639
68.727531
61.709785
61.671387
61.714905
61.638100
61.704662
61.642426
61.715546
61.638264
61.728024
61.652821
61.701302
61.648823
61.703545
61.670906
61.713783
61.651863
61.707542
61.622105
61.700821
61.631866
61.727222
61.606102
61.714584
61.644981
61.658104
61.659866
61.725143
61.626740
61.790260
61.683384
61.746902
61.657944
61.756824
61.629784
61.731224
61.700027
61.716984
61.626587
61.695541
61.698261
61.734581
61.655544
61.733463
61.635063
61.710266
61.644341
Control Period
61.698105
61.629784
61.709625
61.642105
61.715546
61.614426
61.749626
61.576183
61.691864
61.648026
61.662102
61.628822
61.760185
61.628983
61.687866
61.624184
61.742264
61.645302
61.665623
61.098591
60.686440
60.519081
40.127708
40.153950
60.601639
40.455387
61.310913
60.697479
40.124512
40.128029
60.801636
61.264671
60.560680
40.129471
40.142910
61.342751
61.500347
40.185951
40.147549
60.552521
61.390427
60.830437
40.203869
60.617638
40.161148
61.826744
61.235229
40.145470
40.146912
60.606277
61.925301
60.666439
40.156670
40.139549
61.981621
Control Period
60.810753
40.182911
40.138107
60.844036
61.482586
60.557961
60.568359
40.147549
61.422264
61.698265
40.164192
40.140831
60.614281
62.374733
60.843239
40.148670
40.156830
40.142429
62.673286
40.187550
40.163868
60.961632
61.349468
61.698586
81.999077
74.091751
86.631477
97.052200
Control Period
Control Period
Control Period
