16.706528
12.976128
14.181376
12.276736
12.493824
9.576448
9.582592
14.136320
14.039041
14.145536
7.112704
8.512512
10.144768
12.272640
11.810816
7.113728
7.813120
12.059649
16.491520
7.113728
14.264319
10.617856
10.737663
14.276608
10.279936
9.583616
10.626048
14.274560
14.268415
14.267392
7.810048
8.505344
10.279936
12.504065
11.807744
7.804928
12.036096
14.043137
12.967936
7.113728
8.505344
9.578496
12.262400
11.799552
7.112704
12.046335
12.507135
16.266239
9.587712
14.273537
10.280960
14.133247
12.273664
10.158080
9.584641
8.510464
14.141439
12.054527
14.158848
7.114752
8.507392
10.151936
12.273664
11.810816
7.113728
7.798784
12.047359
16.486401
7.113728
12.041216
10.622976
10.733568
14.270464
10.284033
10.280960
10.608640
14.262272
9.467904
14.270464
7.809024
8.512512
14.044160
12.507135
9.584640
7.796736
12.035072
14.048256
16.496639
7.112704
12.049408
11.923456
12.718081
10.744831
7.815168
9.591808
10.761215
12.273664
10.284032
7.799808
9.577472
14.130176
14.270464
10.593280
7.112704
8.486912
10.141696
12.053504
10.023936
7.111680
12.034048
12.046336
12.942336
7.111680
7.812096
9.586688
12.507135
12.516352
7.110656
12.036097
14.152704
14.276608
14.290944
10.619904
10.286079
8.506369
10.301440
9.464832
10.038272
7.800832
12.036097
14.041088
12.952576
7.113728
7.801856
7.801856
12.261376
9.920511
7.116800
12.041216
11.930624
12.718081
9.592833
7.809024
9.580544
10.728448
12.276735
9.591808
7.812096
9.576448
14.137343
14.275584
10.619904
7.112704
8.510464
10.159104
Control Period
12.058624
16.493568
7.109632
7.798784
12.045312
10.285056
12.057600
10.606592
9.581568
12.043264
10.626047
14.266368
14.282753
10.155008
14.274559
10.632192
10.734592
14.267391
14.272512
10.149888
14.262272
10.621952
10.740736
14.267391
14.273536
10.146816
14.267391
8.510464
10.735616
12.276735
14.266369
10.149888
14.276608
10.607616
10.733568
12.277760
14.275584
11.937792
14.268416
10.606592
10.744832
12.288000
9.466881
9.574400
14.273536
14.159872
10.618880
Control Period
12.280832
14.281729
10.158080
10.632193
14.266367
12.841984
16.387074
14.273536
12.269568
14.273536
10.149888
10.620928
14.263296
12.846080
10.744832
14.269440
12.278784
12.945408
14.148607
12.490752
14.269440
8.510464
14.140415
10.276864
14.274561
14.702591
10.625024
10.614784
14.260223
12.840960
10.735616
12.281857
14.277632
10.157057
10.606592
10.735617
14.262272
10.619904
14.276608
16.261120
14.279680
10.157056
10.603520
14.276608
12.846080
10.618880
14.267391
12.272640
14.275584
10.161152
Control Period
10.621952
10.734592
12.838912
12.840960
16.364544
16.494591
12.275712
16.499712
10.605568
10.615808
10.620928
10.738688
12.833792
12.819456
10.283009
12.707840
12.267520
12.954624
14.151680
14.154752
14.264319
16.362495
16.491520
16.484352
12.703744
12.272640
12.947456
10.600448
14.143488
14.263296
10.734592
12.851200
12.840960
12.711936
12.729343
12.949504
10.604544
14.145536
14.270464
10.627071
16.368641
16.491520
14.274559
12.711936
12.733440
12.943360
10.628096
10.739712
14.266367
16.376831
16.373760
16.488449
12.271616
12.711936
Control Period
16.498688
14.143488
10.622976
12.720128
12.839935
16.483328
16.490496
12.722176
16.496639
14.149632
10.613760
12.721151
12.836864
16.497663
16.490496
12.712959
16.486401
14.115839
10.606592
12.698624
12.819456
16.485376
16.480255
12.704768
12.691456
16.558079
14.135296
10.603520
12.709888
12.825600
16.485376
16.475136
12.693504
16.503807
14.106625
10.610687
12.722176
12.826624
16.483328
16.481279
12.709888
16.241665
16.476158
14.149632
10.605568
12.700672
12.829697
16.480255
16.490498
12.702721
16.479233
14.130176
14.141439
10.611712
12.691456
12.818432
Control Period
16.481279
16.481281
12.707840
12.694529
16.485376
12.699648
12.700672
16.480255
12.701696
12.712959
16.492544
12.722176
12.707840
16.483328
12.705791
12.707840
16.486401
12.705791
12.700672
16.483328
12.701696
12.700672
16.483328
12.710913
12.698624
16.482304
12.691456
12.705792
16.481281
12.701696
12.700672
16.489471
12.690432
12.705791
16.485374
12.696576
12.706816
16.485376
12.717056
12.708864
16.482304
12.721151
12.706816
16.490498
12.703745
12.698624
16.481279
12.709888
12.702721
16.476160
12.716032
12.723200
16.479233
12.717056
12.707840
16.483328
12.707840
12.707840
16.482304
12.710912
Control Period
16.480255
16.473087
12.700672
12.700672
16.483328
12.712960
16.476160
12.707840
12.715008
16.476160
12.705791
16.482304
12.705791
12.709888
16.480255
12.705791
16.482304
12.716032
12.705791
16.487423
12.703744
16.482304
12.709888
12.704768
12.703744
12.716032
16.478207
12.721151
16.484352
12.735488
12.704768
16.486401
12.719104
16.476160
12.696576
12.696576
16.482304
12.704768
16.483328
12.700672
12.704767
16.484352
12.699648
16.470016
12.695552
12.703744
16.481281
12.713984
16.485376
12.700672
12.700672
12.699648
12.702721
16.484352
12.697600
16.483328
12.712959
12.702721
16.480255
12.708864
16.475136
12.708864
12.687360
Control Period
16.489471
12.701696
12.702720
16.487423
16.475136
16.478207
12.704768
12.702721
12.705791
12.709888
16.479233
16.477184
12.703745
12.698624
12.704767
12.703744
16.484352
16.484352
12.696576
12.701696
12.708864
12.708864
16.483328
16.475136
12.713984
12.695553
12.696576
12.705791
16.483328
16.481281
16.475136
12.722176
12.713984
12.697600
16.481279
16.472065
16.486401
12.704768
12.701696
12.708864
16.481279
16.485374
16.480255
12.699648
12.717056
12.716032
12.725248
16.475136
16.486401
12.704768
12.700672
12.717056
12.712959
16.482304
16.484352
12.716032
12.711936
12.689407
12.710912
16.481281
16.475136
12.697600
12.708864
12.700672
12.711936
16.489471
16.479233
Control Period
12.701696
12.710913
12.698624
12.705791
16.485374
16.486401
16.482304
16.481279
16.485374
16.474112
12.711936
12.718081
12.700672
12.715008
12.709888
12.697600
12.705791
12.697600
12.707840
16.478209
16.490498
16.477184
16.477184
16.484352
16.476160
12.694529
12.703745
12.696576
12.705791
12.706816
12.713984
12.699648
12.717056
12.687361
12.701696
16.478207
16.474112
16.483328
16.483328
16.484352
12.703745
12.700672
12.718081
12.715008
12.702721
12.703744
12.704768
12.713984
12.692480
12.718081
16.482304
16.478209
16.483328
16.482304
16.485376
12.708864
12.709888
12.701696
12.704768
12.703744
12.703744
12.702721
12.719104
12.699648
12.703744
16.478207
16.488449
16.483328
16.477184
16.483328
12.711936
Control Period
12.713984
12.704768
16.486401
16.487423
12.719104
12.705791
16.478207
12.717056
12.706816
12.719105
16.478207
12.706816
12.696576
16.481279
12.697600
12.697599
12.706816
16.486401
12.716032
12.708864
16.470016
16.485376
12.698624
12.709888
16.482304
12.701696
12.693504
16.475136
16.490496
12.700672
12.703744
16.484352
12.707840
12.705791
12.701696
16.480255
12.698624
12.709888
16.485374
16.471041
12.691456
12.700672
16.479233
12.706816
12.722176
16.483328
16.485376
12.697600
12.700672
16.482304
12.722176
12.710913
16.475136
16.483328
12.705792
12.721151
16.485374
12.704768
12.696576
12.704768
16.484352
12.717056
12.691456
16.475136
12.689407
12.706816
12.703744
16.485374
12.706816
12.701696
16.480255
16.483328
12.699648
12.708864
Control Period
16.479233
12.727296
12.716032
12.709888
12.705792
12.704768
12.694529
16.477184
12.693504
16.476160
12.699648
16.481281
12.698624
16.471039
12.707840
16.477184
12.694529
16.480255
12.709888
16.484352
12.710913
16.479233
12.708864
12.707840
12.694529
12.720127
12.711936
12.696576
12.700672
12.708864
16.479233
12.703744
16.483328
12.710912
16.484352
12.696576
16.479233
12.707840
16.476160
12.699648
16.482304
12.708864
16.479233
12.703744
16.484352
12.696576
12.689408
12.689408
12.696576
12.710912
12.704767
12.696576
12.711936
16.486401
12.704768
16.481281
12.707840
16.487423
12.701696
16.478207
12.705791
16.481281
12.700672
16.480255
12.717056
16.486401
12.707840
16.482304
12.719104
12.711936
12.724224
12.694529
12.709888
12.702721
16.481279
12.701696
16.488449
12.705791
16.478207
Control Period
12.710913
16.475136
12.710912
12.709888
16.480255
12.708864
12.712960
16.483328
12.702721
12.705791
16.486401
12.699648
12.709888
16.480255
12.712960
12.696576
16.483328
12.715008
12.701696
16.476160
12.699648
12.710912
16.483328
12.711936
12.694529
16.472065
12.697600
16.474112
16.487423
12.698624
16.491520
16.477184
12.712959
16.477184
16.483328
12.703745
16.489471
16.478207
12.708864
16.485374
12.713984
12.709888
16.482304
12.705792
12.711936
16.484352
12.710913
12.709888
16.484352
12.709888
12.701696
16.479233
12.700672
12.687361
16.480255
12.701696
12.712960
16.489471
12.705792
12.716032
16.477184
12.710913
12.701696
16.481279
12.708864
12.709888
16.486401
12.705792
12.701696
16.483328
12.705791
12.700672
16.479233
12.719104
12.707840
16.476160
12.699648
12.705792
12.705792
12.693504
16.481279
12.717056
12.701696
Control Period
16.474112
16.485374
12.708864
12.708864
12.718081
16.481281
16.482304
12.715008
12.701696
12.716032
12.713984
16.490496
16.484352
12.711936
12.720127
12.699648
12.704768
16.483328
16.492544
12.708864
12.711936
12.717056
16.485374
16.470016
12.699648
12.727296
12.708864
12.715008
16.488449
16.480255
12.723200
12.713984
12.713984
12.717056
16.479233
16.481281
12.710913
12.716032
12.719104
16.481279
16.488447
12.725248
12.696576
12.703744
12.706816
16.483328
16.476160
12.718081
12.707840
12.713984
12.697600
16.478207
16.476160
12.696576
12.702721
12.717056
16.482304
16.480255
16.477184
12.712959
12.708864
12.715008
16.482304
16.490498
12.704768
12.700672
12.710913
12.727296
16.481281
16.483328
12.704768
12.694529
12.702721
16.477184
16.481281
16.492544
12.705791
12.704768
12.712959
16.476160
16.483328
12.699648
12.696576
12.697599
12.713984
16.477184
16.481281
Control Period
12.694529
12.707840
12.689408
12.723200
12.711936
16.480255
16.487423
16.482304
12.702721
12.699648
12.716032
12.701696
12.702721
16.486401
16.481281
16.495617
12.709888
12.718080
12.711936
12.697600
12.711936
16.478207
16.482304
16.485376
12.697599
12.710913
12.708864
12.704768
12.724224
16.479233
16.482304
16.472065
12.713984
12.710913
12.704768
12.713984
12.705791
16.478209
16.484352
16.480255
12.699648
12.700672
12.708864
12.702721
12.712960
16.476158
16.487423
16.473087
12.707840
12.707840
12.710913
12.721152
12.708864
16.482304
16.483328
16.479233
12.709888
12.702720
12.717056
12.732416
12.704768
16.486401
16.475136
16.480255
12.718081
12.705792
12.701696
12.707840
12.701696
16.470016
16.478209
16.483328
12.702721
12.711936
12.687360
12.707840
12.708864
16.479233
16.475136
16.483328
12.710913
12.711936
12.701696
12.697600
12.706816
16.476160
16.483328
16.492544
Control Period
16.486401
12.703744
12.708864
12.704768
12.715008
12.701696
16.480255
16.476158
16.479233
12.708864
12.698624
12.710913
12.702721
12.709888
16.487423
16.488449
16.486401
12.693504
12.709888
12.717056
12.693504
12.707840
16.485374
16.486401
16.479233
12.708864
12.710912
12.705791
12.704768
12.709888
16.475136
16.486401
16.474112
12.713984
12.698624
12.730368
12.707840
12.694529
16.488447
16.491520
16.480255
12.699648
12.699648
12.712959
12.712959
12.698624
16.472065
16.481281
16.482304
12.701696
12.693504
12.694529
12.697599
12.705791
16.485374
16.478207
16.483328
12.699648
12.708864
12.712960
12.709888
12.711936
16.487423
16.471039
16.486401
12.701696
12.705791
12.701696
12.708864
12.718081
16.468992
16.482304
16.482304
12.707840
12.697599
12.702721
12.710913
12.690432
16.486401
16.487423
16.485374
12.697600
12.708864
12.699648
12.705791
12.701696
16.471039
16.480255
Control Period
16.480255
12.708864
12.702721
12.710912
12.709888
12.691456
16.485376
16.482304
16.481279
12.703745
12.702721
12.706816
12.699648
12.704768
16.483328
16.474112
16.486401
12.706816
12.711936
12.711936
12.705792
12.702721
16.467968
16.486401
16.473087
16.490496
12.715008
12.698624
12.705791
12.719104
12.702721
16.476160
16.483328
12.699648
12.695552
12.697600
12.709888
12.692480
12.712959
16.494591
16.468992
16.483328
12.716032
12.706816
12.718081
12.705791
12.712960
16.481281
16.482304
16.482304
12.715008
12.708864
12.704768
12.719104
12.697599
16.478207
16.484352
16.488449
12.701696
12.708864
12.717056
12.696576
12.717056
16.485374
16.474112
16.484352
12.694529
12.706816
12.702721
12.718081
12.702721
16.475136
16.480255
16.480255
12.700672
12.700672
12.705791
12.707840
12.709888
16.485374
16.474112
16.486401
12.704767
12.713984
12.708864
12.699648
12.706816
16.489471
16.478207
Control Period
16.484352
12.702721
12.710913
12.710913
12.730368
12.703744
16.475136
16.488447
16.481279
12.719104
12.716032
12.707840
12.698624
12.710912
16.481279
16.481279
16.485376
12.708864
12.705791
12.710912
12.706816
12.703745
16.486401
16.481281
16.472065
12.700672
12.713984
12.700672
12.708864
12.711936
16.488449
16.487423
16.483328
12.715008
12.707840
12.719105
12.706816
12.706816
16.484352
16.484352
16.484352
12.705791
12.712959
12.700672
12.711936
12.711936
12.702721
16.478209
16.479233
16.473087
12.692480
12.698624
12.701696
12.706816
12.695552
16.481281
16.484352
16.486401
12.703744
12.705791
12.699648
12.718081
16.480255
16.478207
16.483328
12.700672
12.713984
12.703744
12.716032
12.708864
12.708864
16.480255
16.492544
16.474112
12.712959
12.702721
12.716032
12.702721
12.713984
16.488449
16.480255
16.481279
12.718081
12.717056
12.711936
12.700672
12.710912
16.482304
Control Period
16.481281
16.482304
12.683264
12.710913
12.699648
12.717056
12.701696
16.484352
16.483328
16.475136
12.707840
12.705791
12.715008
12.723200
12.706816
16.487423
16.483328
16.484352
12.711936
12.717056
12.703744
12.713984
12.708864
16.481281
16.480255
16.481279
12.705791
12.699648
12.706816
12.713984
12.695553
12.698624
16.477184
16.475136
16.479233
12.702721
12.710913
12.700672
12.701696
12.701696
16.475136
16.483328
16.472065
12.708864
12.703745
12.700672
12.705791
12.702720
16.475136
16.480255
12.699648
12.699648
12.709888
12.717056
12.715008
12.706816
16.488447
16.477184
16.484352
12.712959
12.700672
12.703744
12.710912
12.699648
16.480255
16.523264
16.474113
12.715008
12.705791
12.705792
12.705791
12.704768
16.485374
16.485374
16.480255
12.710913
12.696576
12.712960
12.710913
12.686337
16.484352
16.477184
16.475136
12.708864
12.703744
12.702720
12.712960
12.713984
16.476160
Control Period
16.482304
16.487423
12.703744
12.695553
12.692480
12.702721
12.700672
16.487423
16.485374
16.477184
12.692480
12.708864
12.708864
12.705791
12.705791
16.486401
16.483328
16.478207
12.715008
12.703745
12.711936
12.699648
12.726272
16.477184
16.488449
16.487423
12.718081
12.699648
12.713984
12.706816
12.707840
16.476160
16.475136
16.476160
12.705792
12.706816
12.696576
12.689408
12.701696
16.484352
16.481279
16.481281
12.702721
12.697599
12.691456
12.712959
12.701696
12.715008
16.479233
16.484352
16.476160
12.706816
12.709888
12.701696
12.721151
12.717056
16.476160
16.477184
16.479233
12.698624
12.672000
12.705792
12.693504
12.720127
16.483328
16.475136
16.478207
12.707840
12.693504
12.793856
12.697599
12.715008
16.476160
16.489471
16.481279
12.716032
12.701696
12.709888
12.696576
12.707840
16.488449
16.475136
16.477184
12.703745
12.708864
12.695552
12.695552
12.696576
Control Period
16.487423
16.485374
16.478209
12.702721
12.710913
12.723200
12.706816
12.709888
16.481279
16.477184
16.478207
12.708864
12.694529
12.699648
12.719104
12.704768
16.484352
16.483328
16.483328
12.696576
12.715008
12.709888
12.694529
12.702721
16.488447
16.481279
16.475136
12.708864
12.716032
12.703744
12.702721
12.696576
16.483328
16.472065
16.479233
16.479233
12.699648
12.707840
12.711936
12.700672
16.484352
16.480255
16.482304
12.703744
12.710912
12.703744
12.704768
12.717056
16.476160
16.485376
16.480255
12.711936
12.708864
12.705791
12.716032
12.706816
12.701696
16.474112
16.482304
16.475136
12.706816
12.711936
12.711936
12.694529
12.715008
16.476160
16.480255
16.478207
12.705792
12.707840
12.728319
12.696576
12.693504
16.480255
16.477184
16.482304
12.704767
12.704768
12.710912
12.689408
16.486401
16.486401
16.485376
12.699648
12.710913
12.698624
12.717056
12.701696
16.488449
Control Period
16.479233
16.475136
12.705791
12.697599
12.704767
12.712959
12.700672
12.711936
16.481281
16.478207
16.486401
12.704768
12.703745
12.715008
12.701696
16.480255
16.483328
16.473087
12.710913
12.702720
12.710912
12.694529
12.707840
16.473087
16.477184
16.480255
12.703744
12.706816
12.701696
12.694529
12.719104
12.691456
16.480255
16.476160
16.485376
12.703744
12.704767
12.697600
12.697600
12.727296
16.483328
16.487423
16.485376
12.701696
12.708864
12.705792
12.708864
12.702721
16.486401
16.476158
16.474112
12.715008
12.710912
12.683264
12.718081
12.700672
16.474112
16.481279
16.484352
12.713984
12.699648
12.701696
12.722176
12.722176
16.476160
16.483328
16.488447
12.699648
12.693504
12.707840
12.709888
12.706816
16.478207
16.474113
16.479233
12.719104
12.702721
12.709888
12.702721
12.708864
16.475136
16.481279
16.484352
12.707840
12.710912
12.704768
12.718080
12.712959
Control Period
16.480255
16.474112
16.477184
12.705792
12.699648
12.700672
12.698624
12.711936
16.474112
16.478207
16.480255
12.709888
12.713984
12.705792
12.713984
12.696576
12.701696
16.492544
16.481281
16.481279
12.698624
12.697600
12.708864
12.693504
12.704768
16.476160
16.487423
16.479233
12.704768
12.701696
12.712960
12.713984
12.693504
16.483328
16.478207
12.708864
12.711936
12.694529
12.716032
12.696576
12.706816
16.485376
16.480255
16.486401
12.703744
12.705791
12.707840
12.701696
16.479233
16.485376
16.472065
16.476160
12.698624
12.698624
12.689407
12.700672
16.484352
16.480255
16.477184
16.478207
12.703745
12.702720
12.726273
12.704768
12.689408
16.489471
16.479233
16.483328
12.706816
12.699648
12.709888
12.709888
12.706816
16.473087
16.482304
16.484352
12.697599
12.720127
12.704768
12.717056
16.489471
16.479233
16.491520
12.698624
12.717056
12.710912
12.716032
12.724224
16.485376
Control Period
16.476160
16.494591
16.477184
12.718081
12.692480
12.704768
12.705791
12.711936
16.482304
16.482304
16.468992
12.710913
12.692480
12.710913
12.705791
12.696576
16.487423
16.479233
16.481279
12.710913
12.706816
12.697600
12.708864
16.478209
16.480255
16.485376
16.478207
12.713984
12.702721
12.706816
12.705791
12.710912
16.564224
16.468990
16.479233
12.716032
12.694529
12.700672
12.705791
12.716032
16.476160
16.485376
16.480255
12.698624
12.707840
12.699648
12.721152
12.690432
16.475136
16.479233
16.477184
12.701696
12.705791
12.696575
12.701696
12.710912
16.485374
16.481281
16.480255
12.723200
12.708864
12.720127
12.711936
12.695553
16.480255
16.480255
16.482304
12.703744
12.707840
12.704768
12.712960
12.706816
16.482304
16.482304
16.483328
12.717056
12.694529
12.710913
12.706816
12.703744
16.481281
16.480255
16.474112
12.698624
12.704768
12.702720
12.704768
12.699648
Control Period
16.479233
16.483328
16.482304
12.708864
12.712959
12.713984
12.713984
12.709888
16.478209
16.483328
16.477184
12.691456
12.716032
12.706816
12.721151
12.708864
16.486401
16.471039
16.482304
12.703744
12.707840
12.695552
12.710912
12.711936
16.480255
16.476160
16.479233
12.705791
12.711936
12.715008
12.717056
12.710913
16.477184
16.481281
16.480255
12.705792
12.696576
12.693504
12.701696
12.699648
12.722176
16.482304
16.478209
12.707840
12.710912
12.702720
12.706816
12.701696
12.711936
16.474112
16.481281
16.474112
12.693504
12.703744
12.701696
12.707840
12.698624
16.478209
16.481281
16.484352
12.704768
12.705792
12.715008
12.704767
12.713984
16.481279
16.479233
16.483328
12.709888
12.705791
12.708864
12.708864
12.718081
16.480255
16.478207
16.474112
12.718081
12.702720
12.702720
12.697599
12.716032
16.483328
16.474112
16.490496
12.711936
12.705791
12.710912
12.700672
12.694529
Control Period
16.468992
16.483328
16.477184
12.723200
12.706816
12.699648
12.720128
12.702721
16.480255
16.489471
16.478207
12.709888
12.700672
12.711936
12.696576
12.698624
16.483328
16.475136
16.482304
12.699648
12.697599
12.702721
12.718081
12.717056
16.491520
16.475136
16.482304
12.707840
12.706816
12.713984
12.706816
12.698624
16.480255
16.482304
16.475136
16.486401
16.483328
16.476160
16.483328
12.718081
12.712960
12.702721
12.708864
12.675072
16.478207
16.485374
16.473087
12.699648
12.709888
12.703744
12.693504
12.709888
12.699648
16.491520
16.475136
16.486401
12.705792
12.702721
12.719104
12.708864
16.478207
16.474112
16.490496
12.697599
12.700672
12.715008
12.691456
12.692480
16.478209
16.481279
16.483328
12.699648
12.703745
12.709888
12.715008
12.709888
12.715008
16.474112
16.486401
12.685312
12.707840
12.697599
12.712960
12.708864
12.706816
16.482304
16.479233
16.480255
Control Period
12.709888
12.704768
12.705792
12.718081
12.704768
16.478207
16.493568
12.699648
12.716032
12.685312
12.710913
12.713984
12.705791
16.486401
16.478209
16.487423
12.693504
12.716032
12.725248
12.721152
12.707840
16.494591
16.489471
16.487423
12.704768
12.707840
12.716032
12.707840
12.705791
16.482304
16.483328
16.479233
12.700672
12.705791
12.692480
12.708864
12.705791
16.474113
16.479233
16.485376
12.711936
12.710913
12.703744
12.706816
12.709888
16.487423
16.477184
16.484352
12.710912
12.710913
12.701696
12.693504
12.704768
16.488449
16.478207
16.484352
12.702721
12.713984
12.697600
12.712959
12.711936
16.482304
16.474113
16.489471
12.696576
12.699648
12.712959
12.704768
12.701696
12.715008
16.473087
16.485374
16.481281
12.710913
12.700672
12.708864
12.706816
12.698624
16.475136
16.484352
16.484352
12.695553
12.704768
12.703744
12.790784
12.701696
16.480255
16.481281
Control Period
16.479233
12.708864
12.722176
12.702721
12.698624
12.687361
16.473087
16.479233
16.478207
12.695552
12.699648
12.696576
12.707840
16.477184
16.479233
16.486401
16.487423
12.704768
12.715008
12.696576
12.705791
12.694529
16.479233
16.482304
16.483328
12.707840
12.694529
12.703745
12.707840
12.694529
16.482304
16.488449
16.484352
12.693504
12.696576
12.708864
12.702721
12.706816
16.479233
16.484352
12.720127
12.704767
12.702721
12.711936
12.693504
12.717056
16.481281
16.478207
16.489471
12.708864
12.716032
12.697600
12.706816
12.708864
16.481281
16.483328
16.484352
12.702721
12.711936
12.715008
12.706816
12.696576
16.477184
16.486401
16.477184
12.705791
12.711936
12.698624
12.700672
16.475136
16.470016
16.485374
16.484352
12.703744
12.702721
12.708864
12.699648
12.702721
16.483328
16.477184
12.709888
12.712960
12.702721
12.697600
12.708864
12.700672
16.477184
16.486401
Control Period
16.471039
12.710913
12.696576
12.715008
12.717056
12.719104
16.474112
16.482304
16.482304
12.712959
12.710913
12.705791
12.709888
12.718081
16.479233
16.482304
16.490496
12.716032
12.697599
12.712960
12.713984
12.716032
16.476160
16.484352
16.482304
12.709888
12.706816
12.709888
12.700672
12.709888
16.474112
16.481281
16.493568
12.699648
12.694529
12.701696
12.715008
12.707840
16.480255
16.483328
16.482304
12.705791
12.703744
12.702721
12.704768
12.703744
16.471039
16.488449
16.476158
12.719104
12.699648
12.703744
12.702721
12.702720
16.484352
16.482304
16.476160
12.708864
12.708864
12.698624
12.704767
12.706816
16.486401
16.479233
16.476160
12.719105
12.699648
12.717056
12.706816
12.706816
16.486401
16.481279
16.479233
16.482304
12.697600
12.702721
12.709888
12.706816
12.708864
16.484352
16.478209
16.489471
12.706816
12.717056
12.699648
12.706816
12.715008
16.476160
16.473087
Control Period
12.707840
12.710912
12.709888
12.704768
12.706816
16.482304
16.480255
16.481281
16.477184
12.702721
12.718081
12.700672
12.697599
12.694529
16.470016
16.487423
16.477184
12.712960
12.705792
12.720127
12.707840
12.691456
16.473087
16.486401
16.473087
12.712959
12.698624
12.704767
12.700672
12.706816
16.479233
16.478209
16.475136
12.693504
12.702721
12.700672
12.710912
12.704767
16.478209
16.479233
16.483328
12.698624
12.702721
12.711936
12.697599
12.693504
16.480255
16.488449
16.480255
12.702721
12.706816
12.699648
12.702721
12.708864
16.491520
16.480255
16.483328
12.712960
12.692480
12.710912
12.702721
12.713984
16.485374
16.477184
16.478207
12.704768
12.712960
12.702720
12.701696
12.699648
16.480255
16.483328
16.483328
12.711936
12.702721
12.711936
12.703744
12.694529
16.479233
16.481281
16.480255
12.689408
12.697599
12.705791
12.698624
12.711936
16.478207
16.479233
Control Period
16.483328
16.480255
12.717056
12.711936
12.718081
12.707840
16.478207
16.484352
16.483328
12.700672
12.706816
12.720127
12.718081
12.705791
16.486401
16.473087
16.489471
12.696576
12.718081
12.702721
12.709888
12.707840
16.471039
16.485374
16.481279
12.709888
12.692480
12.701696
12.705791
12.684288
16.478207
16.481281
16.474113
12.711936
12.700672
12.711936
12.708864
12.700672
12.690432
16.483328
16.487423
16.484352
12.717056
12.698624
12.711936
12.705791
16.479233
16.482304
16.567295
16.489471
12.711936
12.704768
12.706816
12.700672
12.696576
16.479233
16.484352
12.700672
12.722176
12.711936
12.713984
12.711936
12.712960
16.476160
16.481281
16.477184
12.703745
12.699648
12.710913
12.718080
16.471039
16.476160
16.478207
16.481279
12.725248
12.709888
12.700672
12.702721
12.704768
16.473087
16.486401
16.480255
12.711936
12.697599
12.718081
12.710913
16.474112
16.481281
16.487423
Control Period
16.476160
12.700672
12.708864
12.704768
12.706816
12.697600
16.483328
16.488449
16.472065
12.712959
12.706816
12.717056
12.713984
12.732416
16.477184
16.475136
16.482304
12.678144
12.703744
12.701696
12.702721
12.698624
16.485374
16.481281
12.708864
12.706816
12.706816
12.696576
12.715008
12.703745
16.481281
16.475136
12.693504
12.702721
12.704768
12.700672
12.693504
12.705791
16.480255
16.480255
16.480255
12.700672
12.710913
12.709888
12.711936
12.704768
16.481281
16.476160
16.488447
12.712959
12.697599
12.698624
12.719104
12.720127
16.479233
16.478207
16.478209
12.704768
12.711936
12.708864
12.716032
12.708864
16.476160
16.480255
16.473087
12.711936
12.684288
12.703744
12.698624
12.725248
16.476160
16.472065
16.486401
12.703745
12.703744
12.706816
12.713984
12.703745
16.475136
16.481279
16.475136
12.703744
12.703745
12.712960
12.701696
12.715008
16.480255
16.473087
Control Period
16.484352
12.711936
12.717056
12.697599
12.693504
12.712960
16.480255
16.477184
16.479233
12.707840
12.704768
12.710913
12.666880
12.710912
16.478209
16.477184
16.476160
12.719104
12.708864
12.706816
12.698624
12.713984
16.475136
16.480255
16.485376
12.705791
12.699648
12.709888
12.710912
12.695553
16.478207
16.483328
16.485374
12.708864
12.697600
12.704768
12.696576
12.713984
16.473087
16.479233
16.477184
12.704768
12.706816
12.705791
12.698624
12.701696
16.477184
16.480255
16.481281
12.703744
12.705791
12.706816
12.693504
12.709888
16.476160
16.484352
16.480255
12.700672
12.702721
12.693504
12.702721
12.708864
16.479233
16.484352
12.706816
12.704768
12.712960
12.715008
12.705791
12.713984
12.696576
16.475136
16.483328
16.474112
12.701696
12.703745
12.713984
12.695552
12.704768
16.483328
16.479233
16.479233
12.706816
12.717056
12.692480
12.693504
12.691456
16.480255
Control Period
16.478207
16.483328
12.698624
12.706816
12.717056
12.700672
12.711936
16.474112
16.478207
16.482304
12.710912
12.715008
12.718081
12.693504
12.702721
16.490496
16.471039
16.488449
12.705791
12.706816
12.697600
12.716032
12.700672
16.480255
16.483328
16.485376
12.700672
12.705792
12.704768
12.719104
12.710913
16.482304
16.478207
16.472065
12.711936
12.709888
12.722176
12.726273
12.709888
16.485376
16.476160
16.471039
12.711936
12.702721
12.704768
12.697599
12.710913
16.487423
16.472065
16.487423
12.696576
12.711936
12.711936
12.687360
12.698624
16.486401
16.487423
16.483328
12.699648
12.713984
12.692480
12.702721
12.697600
16.474113
16.481279
16.488449
12.704768
12.708864
12.698624
12.710912
12.703744
12.699648
16.482304
16.487423
12.705792
12.700672
12.703744
12.715008
12.693504
12.700672
16.482304
16.487423
16.473087
12.709888
12.702721
12.712960
12.707840
12.716032
Control Period
16.487423
16.476158
16.483328
12.707840
12.696576
12.707840
12.708864
12.729343
16.473087
16.480255
16.486401
12.785664
12.704767
12.696576
12.713984
12.695552
16.483328
16.485374
16.479233
12.708864
12.711936
12.706816
12.709888
12.706816
16.482304
16.480255
16.475136
12.701696
12.699648
12.709888
12.712959
12.726272
16.484352
16.483328
16.480255
12.717056
12.700672
12.716032
12.720128
12.710913
12.699648
16.478207
16.485376
12.713984
12.705792
12.710913
12.701696
12.707840
16.488449
16.485376
16.475136
16.489471
12.704768
12.701696
12.710913
12.703744
12.704768
16.484352
16.479233
16.483328
12.711936
12.706816
12.706816
12.693504
12.699648
16.473087
16.474112
12.709888
12.722176
12.698624
12.704767
12.700672
12.700672
16.474112
16.484352
16.481281
12.706816
12.721151
12.706816
12.704767
12.698624
16.484352
16.481279
16.476158
12.709888
12.712959
12.717056
12.709888
12.708864
Control Period
16.486401
16.492544
16.486401
12.705791
12.708864
12.713984
12.711936
12.706816
16.482304
16.481279
16.481281
12.696576
12.702721
12.700672
12.705792
12.707840
16.476158
16.480255
16.474112
12.695553
12.717056
12.688384
12.709888
12.710912
16.482304
16.475136
16.478207
16.485376
12.703745
12.699648
12.696576
12.710913
12.698624
16.483328
16.479233
16.477184
12.704768
12.703745
12.704768
12.697600
16.477184
16.478207
16.482304
12.711936
12.700672
12.706816
12.703744
12.704768
16.487423
16.473087
16.485376
12.710913
12.699648
12.697600
12.703744
12.715008
16.485374
16.474113
16.478209
12.702721
12.710913
12.700672
12.693504
12.708864
12.708864
16.479233
16.484352
12.691456
12.713984
12.709888
12.713984
12.693504
16.481279
16.477184
16.476160
16.491520
12.709888
12.694529
12.698624
12.699648
12.702721
16.480255
16.482304
16.483328
12.704768
12.691456
12.711936
12.694529
Control Period
12.706816
16.487423
16.473087
12.712959
12.712960
12.722176
12.716032
12.701696
12.711936
16.491520
16.478207
16.493568
12.691456
12.694529
12.702721
12.710913
12.720128
16.485374
16.484352
16.482304
12.709888
12.710912
12.703744
12.691456
12.721152
16.487423
16.478207
16.486401
12.721152
12.710912
12.698624
12.701696
12.717056
16.477184
16.482304
16.475136
12.703745
12.705791
12.711936
12.708864
12.702721
16.484352
16.476160
16.485374
12.716032
12.717056
12.708864
12.696576
12.699648
16.481281
16.486401
16.487423
12.724224
12.710913
12.709888
12.729343
12.715008
16.477184
16.480255
16.484352
12.705791
12.695553
12.710912
12.716032
12.703744
16.484352
16.483328
16.483328
12.710912
12.711936
12.717056
12.710912
12.708864
16.482304
16.478207
16.483328
12.730368
12.709888
12.680192
12.700672
12.710913
12.708864
16.487423
16.477184
16.482304
12.705792
12.711936
12.695553
12.708864
Control Period
12.704768
16.486401
16.478207
12.694529
12.711936
12.702721
12.710913
12.703744
12.709888
16.474113
16.483328
16.474113
12.706816
12.709888
12.703744
12.697599
12.710913
16.480255
16.480255
16.481279
12.702721
12.701696
12.700672
12.715008
16.486401
16.486401
16.490496
16.486401
12.700672
12.712959
12.691456
12.708864
12.708864
16.482304
16.484352
12.703745
12.705791
12.720128
12.720128
12.697599
12.709888
16.470016
16.487423
16.478207
12.718081
12.702721
12.717056
12.701696
12.711936
16.493568
16.476158
16.487423
12.709888
12.708864
12.699648
12.713984
12.710912
16.490498
16.491520
16.478207
12.715008
12.691456
12.717056
12.694529
12.706816
16.484352
16.476160
16.482304
12.707840
12.696576
12.706816
12.696576
12.710912
16.474113
16.474113
16.473087
12.694529
12.696576
12.711936
12.701696
12.724224
16.477184
16.484352
16.480255
12.716032
12.693504
12.700672
12.702721
Control Period
12.707840
16.480255
16.471041
16.485376
12.704768
12.707840
12.702721
12.709888
12.703744
12.710913
16.478207
16.494591
16.479233
12.704768
12.708864
12.710912
12.708864
12.701696
16.487423
16.482304
12.703744
12.700672
12.702721
12.701696
12.708864
12.719104
16.480255
16.470016
16.476158
12.715008
12.698624
12.701696
12.709888
12.697599
16.482304
16.480255
12.724224
12.694529
12.701696
12.687360
12.711936
12.718081
16.484352
16.477184
16.487423
12.696576
12.700672
12.717056
12.697599
12.715008
16.486401
16.479233
16.484352
12.707840
12.698624
12.699648
12.701696
12.713984
16.484352
16.474112
16.485376
12.703745
12.694529
12.703744
12.704768
12.700672
16.486401
16.472065
16.481281
12.701696
12.699648
12.709888
12.705792
12.703744
16.480255
16.490496
16.479233
12.689408
12.701696
12.696576
12.707840
12.715008
16.474112
16.487423
16.480255
12.697600
12.700672
12.705792
12.699648
Control Period
12.707840
16.481281
16.478207
16.485376
12.712960
12.715008
12.704768
12.707840
16.487423
16.483328
16.489471
12.704768
12.702721
12.712960
12.709888
12.697599
16.476160
16.475136
16.487423
12.705792
12.702720
12.712959
12.694529
12.700672
16.476160
16.484352
16.475136
12.693504
12.702721
12.691456
12.702721
12.686337
16.478209
16.479233
16.486401
12.722176
12.699648
12.722176
12.701696
12.620800
16.484352
16.483328
16.504833
16.489471
12.709888
12.706816
12.702721
12.701696
12.706816
16.476160
16.486401
16.482304
12.709888
12.708864
12.704767
12.703744
12.704768
16.474113
16.482304
16.475136
12.720128
12.710912
12.710912
12.707840
16.478207
16.477184
16.485374
12.703744
12.709888
12.694529
12.710913
12.698624
12.699648
16.477184
16.474113
12.708864
12.721151
12.707840
12.707840
12.697600
16.477184
16.480255
16.482304
16.481281
12.716032
12.706816
12.717056
12.699648
Control Period
12.696576
16.493568
16.476160
16.485376
12.707840
12.708864
12.698624
12.707840
12.710912
16.477184
16.485374
16.484352
12.667904
12.694529
12.709888
12.697600
12.718081
16.484352
16.482304
12.710912
12.701696
12.701696
12.692480
12.703744
16.487423
16.482304
16.476158
16.484352
12.701696
12.706816
12.718081
12.718081
12.706816
16.475136
16.485374
16.475136
12.711936
12.703744
12.709888
12.696576
16.483328
16.474112
16.496639
12.706816
12.708864
12.697599
12.713984
12.704768
12.694529
16.484352
16.489471
16.474112
12.698624
12.716032
12.704768
12.699648
12.710913
16.481281
16.485374
16.478207
12.706816
12.723200
12.726272
12.702721
12.698624
16.484352
16.484352
16.478207
12.720128
12.716032
12.708864
12.703745
12.710913
16.470016
16.485374
16.485374
12.708864
12.709888
12.695553
12.712959
12.709888
16.481281
16.480255
16.480255
12.692480
12.709888
12.705791
12.711936
12.716032
Control Period
12.702721
16.486401
16.470016
16.478207
12.710913
12.705792
12.705791
12.708864
12.706816
16.489471
16.477184
16.487423
12.707840
12.705791
12.708864
12.711936
12.693504
16.478207
16.479233
16.484352
12.704768
12.696576
12.710912
12.709888
12.713984
16.476160
16.484352
16.476160
12.713984
12.708864
12.713984
12.717056
12.713984
12.718081
12.706816
12.721151
12.702720
12.718081
12.701696
12.726272
12.705791
16.481281
16.491520
16.486401
12.721151
12.700672
12.713984
12.697600
12.707840
16.480255
16.475136
16.480255
12.718081
12.708864
12.706816
12.702721
12.715008
12.708864
16.477184
16.478207
16.484352
12.706816
12.664832
12.711936
12.712960
12.713984
16.491520
16.472065
12.702721
12.703744
12.715008
12.700672
12.710913
16.486401
16.470016
16.489471
16.482304
12.706816
12.702720
12.707840
12.705791
12.713984
16.487423
16.480255
12.694529
12.697599
12.704768
Control Period
12.720128
12.711936
16.482304
16.483328
16.479233
16.482304
12.698624
12.719105
12.692480
12.702721
12.708864
16.483328
16.480255
16.479233
12.699648
12.709888
12.717056
12.693504
12.713984
16.484352
16.489471
16.483328
12.711936
12.712960
12.698624
12.704768
12.696576
16.480255
16.478207
16.485376
12.707840
12.715008
12.706816
12.709888
12.711936
16.479233
16.472065
16.484352
12.719104
12.702721
12.705791
12.701696
12.717056
16.476160
16.481279
16.484352
12.688384
12.710913
12.708864
12.702721
12.702721
16.479233
16.478209
16.487423
12.715008
12.708864
12.703745
12.705791
12.703745
16.475136
16.486401
16.470016
12.695552
12.711936
12.694529
12.715008
12.710913
16.481279
16.483328
16.482304
12.717056
12.705792
12.699648
12.712959
12.701696
16.488447
16.479233
16.493568
12.715008
12.715008
12.706816
12.707840
12.717056
16.487423
16.486401
16.485376
16.483328
12.701696
Control Period
12.691456
12.704768
12.694529
12.713984
16.483328
16.475136
16.476160
16.484352
12.698624
12.705792
12.699648
12.699648
16.479233
16.486401
16.478207
12.711936
12.702721
12.711936
12.698624
12.704767
16.486401
16.489471
16.479233
12.704768
12.724224
12.708864
12.705791
12.712959
16.477184
16.479233
16.478207
12.703744
12.701696
12.710913
12.710913
12.707840
12.703744
16.486401
16.486401
12.706816
12.706816
12.697599
12.699648
12.697600
16.477184
16.489471
16.482304
12.702721
12.702721
12.697600
12.707840
12.717056
16.475136
16.484352
16.487423
12.702721
12.708864
12.691456
12.701696
12.713984
16.479233
16.486401
16.486401
16.482304
12.710912
12.724224
12.710912
12.709888
12.700672
16.475136
16.478207
16.486401
12.713984
12.718080
12.711936
12.702721
12.717056
16.478207
16.480255
16.485374
12.690432
12.713984
12.708864
12.691456
12.715008
16.480255
16.484352
16.481281
Control Period
12.709888
12.711936
12.702721
12.711936
12.696576
16.488449
16.480255
16.479233
12.716032
12.709888
12.691456
12.710913
12.696576
16.481281
16.478207
16.480255
12.703744
12.702720
12.717056
12.706816
12.708864
16.473087
16.484352
16.476160
12.694529
12.703744
12.710912
12.707840
12.691456
16.482304
16.488449
16.482304
12.702721
12.706816
12.710913
12.712959
12.709888
16.483328
16.481281
16.487423
12.715008
12.708864
12.705792
12.702721
12.709888
16.474112
16.476158
16.477184
12.710912
12.704767
12.699648
12.692480
12.719104
16.477184
16.484352
16.480255
12.686337
12.712960
12.705792
12.713984
12.695553
16.488449
16.480255
16.486401
12.710913
12.709888
12.707840
12.711936
12.696576
12.704768
16.477184
16.486401
12.707840
12.702721
12.710912
12.705791
12.705792
16.574463
16.479233
16.486401
16.481281
12.706816
12.709888
12.710913
12.712960
12.719104
16.484352
16.482304
16.480255
Control Period
12.694529
12.705791
12.703744
12.701696
12.711936
16.475136
16.486401
16.483328
12.710912
12.706816
12.707840
12.715008
12.698624
16.474112
16.481281
16.480255
12.735488
12.699648
12.699648
12.704768
12.710913
16.484352
16.479233
16.485374
12.709888
12.710913
12.700672
12.719104
12.717056
16.478207
16.487423
16.476160
12.697599
12.707840
12.719104
12.711936
12.706816
16.486401
16.482304
12.715008
12.698624
12.699648
12.708864
12.701696
12.701696
16.485374
16.483328
16.481281
12.709888
12.701696
12.716032
12.706816
12.695552
16.484352
16.477184
12.700672
12.713984
12.701696
12.699648
12.711936
12.711936
16.473087
16.483328
16.477184
12.706816
12.700672
12.697600
12.690432
12.713984
16.477184
16.480255
16.480255
12.709888
12.707840
12.698624
12.712960
16.488449
16.479233
16.483328
12.706816
12.703745
12.701696
12.712959
12.693504
16.482304
16.483328
16.475136
12.699648
Control Period
12.702721
12.707840
12.713984
12.711936
12.729343
16.482304
16.486401
16.479233
12.702721
12.700672
12.718081
12.708864
12.717056
16.472065
16.477184
16.487423
12.697600
12.712960
12.711936
12.717056
16.476160
16.484352
16.480255
16.483328
12.705792
12.697599
12.705791
12.698624
12.711936
16.488449
16.477184
16.480255
12.705791
12.701696
12.702721
12.706816
12.710913
16.486401
16.484352
16.485374
12.707840
12.696576
12.716032
12.704768
12.700672
16.472065
16.488449
16.483328
12.717056
12.690432
12.701696
12.709888
12.707840
16.482304
16.479233
16.490496
12.709888
12.698624
12.707840
12.669952
12.715008
16.477184
16.482304
16.483328
12.703744
12.707840
12.706816
12.703744
12.711936
16.486401
16.474112
16.471039
12.723200
12.719104
12.706816
12.716032
12.700672
16.482304
16.483328
12.704768
12.692480
12.706816
12.709888
12.703745
16.480255
16.476160
16.480255
16.482304
12.723200
Control Period
12.712959
12.705791
12.715008
12.700672
16.475136
16.487423
16.471039
12.696576
12.696576
12.717056
12.707840
12.698624
16.478209
16.488449
16.473087
12.715008
12.703745
12.701696
12.702721
12.710912
16.479233
16.491520
16.478207
12.697599
12.706816
12.719104
12.721151
12.698624
16.485374
16.478207
16.482304
12.701696
12.703744
12.706816
12.699648
12.703744
16.483328
16.485374
16.481279
12.717056
12.699648
12.713984
12.668928
12.718081
16.491520
16.475136
16.483328
12.680192
12.705792
12.729343
12.715008
12.719104
16.479233
16.482304
16.481281
12.701696
12.718081
12.699648
12.710913
12.696576
16.486401
16.485376
16.478207
12.700672
12.711936
12.703745
12.703745
12.708864
16.472065
16.487423
16.483328
12.697599
12.704768
12.719105
12.707840
16.474112
16.485374
16.482304
16.484352
12.724224
12.701696
12.716032
12.716032
16.483328
16.478207
16.465919
16.479233
12.708864
Control Period
12.722176
12.694529
12.709888
16.493568
16.486401
16.487423
12.707840
12.699648
12.704768
12.695552
12.721152
12.713984
16.480255
16.472063
12.715008
12.712960
12.718081
12.707840
12.703744
12.700672
16.480255
16.476160
16.475136
12.702720
12.708864
12.705792
12.702721
12.707840
16.478207
16.479233
16.485376
12.716032
12.705791
12.703744
12.708864
12.700672
16.477184
16.482304
16.473087
12.715008
12.710913
12.706816
12.696576
12.702721
16.486401
16.492544
16.484352
12.724224
12.715008
12.727296
12.708864
12.702721
16.486401
16.477184
16.488447
12.692480
12.720128
12.712959
12.716032
12.705791
16.486401
16.474112
16.487423
12.701696
12.706816
12.711936
12.718081
12.712960
16.490496
16.484352
16.478207
12.705791
12.702721
12.698624
12.687360
12.713984
16.478209
16.474112
16.485374
12.700672
12.711936
12.704767
12.701696
12.697599
16.482304
16.475136
16.485374
16.485376
Control Period
12.719104
12.719104
12.701696
12.698624
12.704768
16.481279
16.481281
16.480255
12.705791
12.709888
12.709888
12.701696
12.720127
16.488449
16.472065
16.487423
12.710912
12.702721
12.705791
12.702721
12.705792
16.489471
16.480255
16.485376
12.716032
12.695553
12.720128
12.723200
12.717056
16.487423
16.479233
16.480255
12.702721
12.700672
12.722176
12.704768
12.696576
16.468992
16.488449
16.483328
12.727296
12.706816
12.697599
12.713984
12.694529
16.484352
16.475136
16.477184
12.715008
12.715008
12.706816
12.702721
12.701696
16.486401
16.480255
16.481279
12.713984
12.705791
12.711936
12.701696
12.702721
16.484352
16.481279
16.481281
12.704768
12.705791
12.694529
12.725248
12.692480
16.484352
16.482304
16.478209
12.712959
12.706816
12.711936
12.701696
12.712960
16.482304
16.479233
16.484352
12.713984
12.699648
12.701696
12.716032
12.704768
16.481279
16.475136
16.478207
12.710912
Control Period
12.696576
12.707840
12.712959
12.708864
12.697600
16.479233
16.479233
12.697599
12.715008
12.691456
12.701696
12.698624
16.486401
16.479233
16.477184
12.701696
12.708864
12.694529
12.704768
12.696576
16.472065
16.486401
16.477184
12.727296
12.700672
12.713984
12.701696
12.713984
12.698624
16.484352
16.480255
12.700672
12.709888
12.700672
12.698624
12.708864
16.481281
16.481281
16.485374
12.702721
12.697599
12.710913
12.700672
12.698624
12.713984
16.474113
16.484352
16.484352
12.711936
12.708864
12.700672
12.710912
12.705792
16.481279
16.486401
16.485376
12.702721
12.719105
12.702721
12.719104
12.708864
16.481281
16.479233
16.479233
12.715008
12.709888
12.697600
12.703744
12.716032
16.473087
16.482304
16.487423
12.711936
12.706816
12.698624
12.698624
12.709888
16.481279
16.484352
16.479233
12.720127
12.711936
12.708864
12.687361
12.703744
16.481281
16.483328
16.484352
Control Period
12.716032
12.702721
12.716032
12.707840
12.726272
16.484352
16.477184
16.478207
12.712959
12.704768
12.709888
12.700672
12.709888
16.486401
16.439297
12.721152
12.709888
12.697599
12.720128
12.706816
12.705791
16.482304
16.484352
16.482304
12.711936
12.695553
12.722176
12.723200
12.703744
16.478207
16.484352
16.482304
12.721151
12.702721
12.717056
12.711936
12.703744
16.480255
16.471039
16.481281
12.709888
12.704768
12.702721
12.707840
12.701696
16.488447
16.480255
16.487423
12.718081
12.698624
12.707840
12.722176
12.705791
16.477184
16.483328
16.482304
12.708864
12.696576
12.703744
12.705792
12.694529
16.484352
16.474113
16.486401
12.704768
12.713984
12.707840
12.720128
12.710912
16.483328
16.481281
16.482304
12.703745
12.699648
12.699648
12.710913
12.705792
16.487423
16.476160
16.486401
12.715008
12.703744
12.705791
12.704767
12.707840
16.481281
16.491520
16.492544
12.711936
Control Period
12.699648
12.716032
12.698624
12.722176
16.478207
16.479233
16.482304
12.708864
12.708864
12.706816
12.697599
12.710912
16.484352
16.478207
16.481279
12.711936
12.717056
12.702721
12.718080
12.707840
12.701696
16.482304
16.477184
12.713984
12.709888
12.715008
12.694529
12.712959
12.719104
16.483328
16.482304
12.693504
12.708864
12.700672
12.709888
12.715008
12.713984
16.476160
16.481279
16.487423
12.703744
12.708864
12.665856
12.716032
16.482304
16.483328
16.479233
16.482304
12.705791
12.711936
12.705792
12.694529
12.724224
16.482304
16.480255
16.481279
12.704768
12.701696
12.698624
12.707840
12.705791
16.478209
16.483328
16.476158
12.718081
12.707840
12.703744
12.706816
12.701696
16.485374
16.482304
16.491520
12.730368
12.708864
12.710913
12.715008
12.707840
16.478207
16.491520
16.481279
12.703745
12.700672
12.711936
12.685312
12.718081
16.483328
16.481279
16.482304
Control Period
12.708864
12.687361
12.706816
12.711936
12.707840
16.481279
16.491520
16.481281
12.698624
12.695552
12.711936
12.710912
12.701696
16.483328
16.481279
16.487423
12.711936
12.699648
12.712959
12.700672
12.700672
16.490496
16.481281
16.490496
12.706816
12.699648
12.703744
12.710913
12.716032
16.486401
16.486401
16.485374
12.710913
12.709888
12.696576
12.701696
12.708864
16.479233
16.480255
16.481281
12.691456
12.704768
12.703745
12.692480
12.706816
16.485374
16.474113
16.481279
16.474113
12.713984
12.711936
12.708864
12.703744
16.478207
16.479233
16.481281
12.712960
12.707840
12.700672
12.708864
12.702721
16.485374
16.470016
16.472065
12.695552
12.707840
12.712960
12.707840
12.706816
12.708864
16.482304
16.477184
16.489471
12.704768
12.705791
12.708864
12.709888
12.718080
16.479233
16.486401
16.492542
12.700672
12.705792
12.668928
12.703745
12.707840
16.475136
16.484352
16.473087
Control Period
12.704768
12.708864
12.721152
12.710912
12.705791
16.482304
16.486401
16.482304
12.690432
12.695552
12.711936
12.700672
12.708864
16.483328
16.480255
16.482304
12.711936
12.707840
12.695552
12.719104
12.707840
16.483328
16.488447
16.479233
12.711936
12.710913
12.702721
12.705791
12.706816
16.487423
16.478207
12.713984
12.701696
12.695553
12.704768
12.701696
16.486401
16.484352
16.472065
12.706816
12.707840
12.701696
12.717056
12.708864
16.478207
16.484352
16.485374
16.492542
12.706816
12.718081
12.701696
12.706816
12.697599
16.483328
16.489471
16.489471
12.698624
12.713984
12.691456
12.710913
12.706816
16.482304
16.477184
16.490496
12.712959
12.703745
12.701696
12.699648
12.700672
16.482304
16.474112
16.484352
12.698624
12.706816
12.690432
12.708864
12.700672
16.481279
16.484352
16.467968
12.702721
12.703744
12.698624
12.708864
12.713984
16.471039
16.484352
16.474112
Control Period
12.705791
12.706816
12.702721
12.716032
12.703744
16.479233
16.482304
16.477184
12.706816
12.716032
12.708864
12.709888
12.720127
16.477184
16.478207
16.485374
12.719104
12.720127
12.701696
12.703744
12.696576
16.480255
16.482304
16.476160
12.711936
12.717056
12.698624
12.701696
12.731392
16.487423
16.486401
16.480255
12.709888
12.717056
12.706816
12.701696
12.700672
16.481281
16.483328
16.471039
12.695552
12.712959
12.709888
12.707840
12.713984
12.710913
16.482304
16.490496
16.480255
12.699648
12.709888
12.710913
12.704768
16.482304
16.562176
16.481281
16.483328
12.707840
12.708864
12.701696
12.708864
12.694529
16.484352
16.480255
16.480255
12.701696
12.708864
12.698624
12.711936
12.690432
16.480255
16.480255
16.489471
12.712960
12.708864
12.715008
12.707840
12.710912
16.482304
16.478207
16.479233
12.700672
12.705791
12.716032
12.712959
12.706816
16.477184
16.475136
16.488449
Control Period
12.716032
12.715008
12.716032
12.711936
12.720128
16.487423
16.486401
16.487423
12.709888
12.716032
12.693504
12.709888
12.720128
16.483328
16.482304
16.486401
12.694529
12.709888
12.716032
12.689407
12.697600
16.484352
16.478209
16.477184
12.705792
12.694529
12.719104
12.696576
12.719104
16.484352
16.485374
16.482304
12.705791
12.705791
12.709888
12.692480
12.711936
16.480255
16.482304
16.484352
12.711936
12.707840
12.697599
12.709888
12.702720
16.483328
16.477184
16.484352
12.683264
12.715008
12.703744
12.699648
12.726273
16.483328
16.479233
16.478207
12.702721
12.706816
12.703744
12.695552
12.707840
16.479233
16.484352
16.484352
12.706816
12.692480
12.701696
12.692480
12.701696
16.482304
16.477184
16.476160
16.488449
12.711936
12.703745
12.706816
12.706816
16.482304
16.474113
16.484352
12.704768
12.705791
12.700672
12.698624
12.718081
16.482304
16.484352
16.489471
Control Period
12.717056
12.704768
12.700672
12.697599
12.705791
12.703744
16.482304
16.484352
16.487423
12.703745
12.705791
12.718081
12.708864
12.712960
16.480255
16.482304
16.480255
12.693504
12.716032
12.716032
12.710912
12.715008
16.493568
16.480255
16.486401
12.707840
12.710913
12.716032
12.709888
12.708864
16.487423
16.479233
16.482304
12.722176
12.711936
12.699648
12.700672
12.702721
16.484352
16.485376
16.488449
12.713984
12.715008
12.717056
12.695552
12.708864
16.479233
16.487423
16.471039
12.711936
12.704767
12.715008
12.697600
12.704768
16.484352
16.484352
16.482304
12.704768
12.694529
12.715008
12.704768
12.709888
16.480255
16.484352
16.483328
12.717056
12.695552
12.711936
12.701696
12.709888
16.478207
16.475136
16.481281
12.709888
12.705791
12.702721
12.702721
12.712960
16.485374
16.481281
16.486401
12.705791
12.693504
12.702721
12.709888
12.717056
16.484352
16.482304
Control Period
12.710912
12.691456
12.709888
12.707840
12.702720
12.719105
16.474112
16.480255
12.711936
12.699648
12.705791
12.710912
12.700672
12.706816
16.480255
16.480255
16.486401
12.704768
12.704768
12.707840
12.708864
12.726272
16.484352
16.487423
16.488449
12.706816
12.704768
12.706816
12.704768
12.710913
16.476158
16.483328
16.483328
12.706816
12.711936
12.693504
12.703745
12.728320
16.476160
16.482304
16.481279
12.711936
12.697599
12.699648
12.700672
12.697599
16.472065
16.485376
12.703745
12.701696
12.699648
12.711936
12.704768
16.485374
16.482304
16.481279
12.694529
12.708864
12.712960
12.707840
12.689408
16.480255
16.478207
16.490498
16.474112
12.697600
12.708864
12.711936
12.715008
12.703745
16.483328
16.480255
16.482304
12.706816
12.692480
12.709888
12.702720
12.702721
16.482304
16.485376
16.478209
12.703745
12.703744
12.703745
12.711936
12.709888
16.470016
16.485374
16.481279
Control Period
12.712960
12.708864
12.716032
12.708864
12.709888
16.484352
16.478209
16.482304
12.709888
12.695553
12.712959
12.717056
12.703744
16.480255
16.474112
16.476160
12.707840
12.703744
12.710913
12.697600
12.705791
16.479233
16.486401
16.479233
12.708864
12.699648
12.710913
12.704767
12.711936
16.479233
16.481279
16.480255
12.712959
12.717056
12.707840
12.703744
12.713984
16.482304
16.479233
16.485374
12.695552
12.707840
12.711936
12.698624
12.709888
16.484352
16.477184
16.482304
12.711936
12.706816
12.701696
12.695552
12.715008
16.478207
16.482304
16.489471
12.705791
12.713984
12.703744
12.698624
12.701696
12.700672
16.478207
16.488449
12.699648
12.705792
12.705792
12.703744
12.716032
12.703745
16.473087
16.484352
16.476160
12.693504
12.692480
12.699648
12.695553
12.700672
16.482304
16.474113
16.471039
12.719105
12.713984
12.704768
12.720127
12.699648
16.483328
16.489471
Control Period
16.477184
12.691456
12.712960
12.712959
12.706816
12.702721
16.481279
16.491520
16.480255
12.695552
12.699648
12.704768
12.701696
16.476158
16.482304
16.487423
16.476160
12.702721
12.703744
12.709888
12.712959
16.487423
16.477184
16.481281
12.710912
12.710912
12.719104
12.696576
12.710912
16.476160
16.479233
16.478207
12.697599
12.715008
12.686337
12.718081
12.705791
16.486401
16.483328
16.477184
12.706816
12.695552
12.713984
12.707840
12.702721
16.479233
16.477184
16.480255
16.487423
12.708864
12.708864
12.696576
12.713984
12.711936
16.483328
16.476158
16.480255
12.699648
12.706816
12.710913
12.701696
12.706816
16.485374
16.474113
16.484352
12.704768
12.715008
12.706816
12.710912
12.711936
16.482304
16.478207
16.485376
12.704767
12.697599
12.709888
12.701696
12.711936
16.479233
16.481279
16.479233
12.712959
12.708864
12.700672
12.707840
12.686337
16.484352
16.478207
16.480255
Control Period
12.715008
12.711936
12.711936
12.719104
12.695553
16.483328
16.488449
16.484352
12.700672
12.711936
12.712960
12.707840
12.722176
16.485374
16.482304
16.479233
12.704768
12.715008
12.694529
12.720127
12.723200
12.693504
16.477184
16.483328
12.703744
12.701696
12.699648
12.709888
12.703745
12.706816
16.488449
16.481281
16.487423
12.704767
12.702721
12.705791
12.704768
16.484352
16.477184
16.483328
12.695553
12.703744
12.708864
12.711936
12.713984
12.716032
16.466944
16.482304
12.703744
12.677120
12.715008
12.715008
12.689408
16.477184
16.475136
16.486401
12.696576
12.695552
12.695552
12.698624
12.701696
16.486401
16.492544
16.480255
16.486401
12.703745
12.695552
12.716032
12.717056
16.477184
16.479233
16.480255
12.716032
12.717056
12.715008
12.697600
12.690432
12.703744
16.483328
16.485374
16.484352
12.707840
12.704767
12.709888
12.703744
12.709888
16.485376
16.477184
Control Period
16.484352
12.717056
12.726273
12.708864
12.716032
12.703745
16.491520
16.482304
16.479233
12.705792
12.704768
12.705792
12.707840
12.709888
16.479233
16.478207
16.489471
12.716032
12.712959
12.697599
12.708864
12.707840
16.475136
16.485374
16.474112
12.694529
12.703745
12.696576
12.698624
12.707840
16.477184
16.480255
12.692480
12.712960
12.705792
12.716032
12.698624
12.707840
16.485374
16.475136
12.698624
12.705792
12.697600
12.703744
12.700672
12.706816
16.488449
16.473087
16.482304
12.711936
12.705791
12.698624
12.704767
16.481279
16.471039
16.477184
16.478207
12.705792
12.708864
12.713984
12.693504
12.707840
16.485374
16.484352
16.479233
12.716032
12.716032
12.692480
12.709888
12.700672
16.481281
16.488449
16.478207
12.701696
12.699648
12.700672
12.699648
12.703744
16.468992
16.484352
16.488447
12.706816
12.701696
12.717056
12.709888
12.710913
16.487423
16.479233
16.485374
Control Period
12.711936
12.701696
12.710913
12.716032
12.715008
16.488449
16.484352
16.482304
12.694529
12.707840
12.709888
12.718080
12.707840
16.476158
16.475136
16.479233
12.713984
12.709888
12.701696
12.720128
12.710913
16.488449
16.478207
16.486401
12.697600
12.698624
12.701696
12.702721
12.706816
16.481281
16.486401
16.478207
12.701696
12.696576
12.707840
12.704768
12.711936
16.475136
16.487423
16.480255
12.706816
12.715008
12.704768
12.698624
12.705791
16.490496
16.477184
16.480255
12.700672
12.712959
12.704768
12.710912
12.708864
16.482304
16.479233
16.485376
16.475136
12.707840
12.698624
12.704767
12.678144
12.716032
16.479233
16.487423
16.478207
12.692480
12.710913
12.701696
12.694529
12.703744
16.484352
16.481281
12.698624
12.707840
12.703745
12.716032
12.693504
16.483328
16.483328
16.484352
16.491520
12.697599
12.706816
12.699648
12.707840
12.711936
16.487423
16.470016
Control Period
16.489471
12.717056
12.717056
12.703744
12.702720
12.704768
16.472065
16.485374
16.479233
12.701696
12.712960
12.701696
12.701696
12.713984
16.482304
16.480255
16.480255
12.700672
12.704768
12.694529
12.709888
12.689407
16.479233
16.489471
16.476160
12.697600
12.707840
12.711936
12.691456
16.471039
16.474112
16.484352
16.487423
12.718081
12.722176
12.708864
12.694529
12.716032
16.473087
16.475136
16.482304
12.704768
12.703745
12.721152
12.709888
12.699648
16.476160
16.483328
16.479233
12.704768
12.704768
12.691456
12.711936
12.706816
16.479233
16.478209
16.476160
12.723200
12.704768
12.720128
12.703744
12.720127
16.482304
16.480255
16.479233
12.715008
12.708864
12.695552
12.699648
12.716032
16.482304
16.481281
16.484352
12.699648
12.705791
12.713984
12.700672
12.700672
16.480255
16.480255
16.477184
12.696576
12.710913
12.683264
12.715008
12.705791
16.484352
16.480255
16.476160
Control Period
12.698624
12.693504
12.704767
12.721152
12.696576
16.483328
16.487423
16.478207
12.695552
12.704768
12.708864
12.708864
12.713984
16.478207
16.480255
16.481279
12.700672
12.711936
12.708864
12.712960
12.702721
16.481281
16.486401
16.488447
12.707840
12.701696
12.709888
12.715008
12.705791
16.481279
16.479233
16.489471
12.697600
12.707840
12.704768
12.705791
12.716032
16.484352
16.483328
16.492544
12.715008
12.707840
12.705791
12.687361
12.711936
16.483328
16.473087
16.486401
16.478209
12.698624
12.710913
12.717056
12.708864
12.711936
16.492544
16.472065
16.477184
12.703745
12.726272
12.699648
12.705791
12.708864
16.479233
16.486401
16.483328
12.704768
12.701696
12.704768
12.718080
12.727296
16.488449
16.490496
16.476160
12.707840
12.702721
12.710913
12.696576
12.721152
16.479233
16.484352
16.487423
12.704767
12.700672
12.701696
12.710913
12.704768
16.481281
16.490496
Control Period
16.478207
12.705791
12.709888
12.711936
12.711936
12.695553
16.486401
16.487423
16.484352
12.703745
12.712959
12.713984
12.704768
12.730368
16.478209
16.485376
16.481279
12.701696
12.720128
12.699648
12.703745
12.704768
16.481281
16.477184
16.497665
12.701696
12.719104
12.711936
12.700672
12.703744
12.720128
16.487423
16.562176
16.481279
12.711936
12.709888
12.708864
12.707840
12.721152
16.481281
16.486401
16.481281
12.709888
12.712959
12.710913
12.711936
12.718081
16.478207
16.479233
16.477184
12.711936
12.720127
12.711936
12.699648
12.705791
16.481279
16.479233
16.490496
12.712960
12.695552
12.699648
12.719104
12.700672
16.475136
16.478209
16.471039
12.699648
12.712960
12.709888
12.701696
12.707840
16.488449
16.478207
16.490496
12.710913
12.713984
12.719104
12.706816
12.730368
12.718081
16.496639
16.480255
16.486401
12.713984
12.723200
12.706816
12.707840
12.709888
Control Period
16.481281
16.485374
16.492544
12.700672
12.707840
12.721152
12.715008
12.709888
16.486401
16.481281
16.483328
12.706816
12.700672
12.712959
12.709888
12.703744
16.482304
16.481279
16.479233
12.698624
12.706816
12.709888
12.715008
12.715008
16.476158
16.493568
16.480255
12.698624
12.717056
12.707840
12.718081
12.716032
16.480255
16.490498
16.484352
12.702721
12.709888
12.718081
12.719104
12.700672
16.474112
16.481281
16.480255
16.486401
12.715008
12.705791
12.709888
12.710913
16.482304
16.485374
16.489471
16.482304
12.727296
12.715008
12.692480
12.717056
12.704768
16.486401
16.479233
16.484352
12.705791
12.727296
12.708864
12.685312
12.713984
16.493568
16.484352
16.480255
12.730368
12.690432
12.697599
12.715008
12.704768
16.480255
16.490496
16.475136
12.719105
12.700672
12.708864
12.709888
12.721151
16.486401
16.470016
16.497665
12.712960
12.700672
12.699648
12.721151
12.707840
Control Period
16.472065
16.475136
12.693504
12.709888
12.704767
12.711936
12.713984
16.487423
16.477184
16.488449
12.707840
12.709888
12.700672
12.710912
12.698624
16.479233
16.485376
16.479233
16.486401
12.701696
12.705791
12.708864
12.720128
12.694529
16.486401
16.482304
16.487423
12.708864
12.700672
12.701696
12.711936
12.694529
16.478209
16.483328
16.475136
12.709888
12.727296
12.709888
12.705791
12.712960
16.481281
16.478207
16.486401
12.713984
12.689407
12.706816
12.702721
12.712959
16.474112
16.484352
16.473087
12.711936
12.707840
12.722176
12.701696
12.712959
16.483328
16.488447
16.475136
12.701696
12.709888
12.706816
12.706816
12.705791
16.485376
16.484352
16.479233
12.703744
12.705791
12.707840
12.716032
12.722176
16.486401
16.482304
16.484352
12.711936
12.710913
12.707840
12.711936
12.709888
16.479233
16.471041
16.478207
12.709888
12.708864
12.716032
12.712959
12.698624
Control Period
16.488449
16.481281
16.474112
12.703745
12.716032
12.687360
12.710913
12.704768
12.710913
16.487423
16.470016
16.504833
12.705791
12.701696
12.719104
12.717056
12.721151
16.484352
16.477184
16.473087
12.718081
12.702720
12.713984
12.708864
12.702721
16.487423
16.481279
16.478207
12.703744
12.692480
12.708864
12.710912
12.707840
16.478207
16.503807
16.475136
12.700672
12.706816
12.715008
12.721151
12.687360
16.477184
16.488449
16.479233
12.708864
12.704768
12.699648
12.693504
12.700672
16.484352
16.485374
16.484352
12.697599
12.702721
12.702721
12.709888
12.699648
16.476160
16.477184
16.473087
12.717056
12.707840
12.722176
12.718081
12.736512
16.473087
16.480255
16.478209
16.501759
12.717056
12.701696
12.681215
12.703744
12.710912
16.480255
16.483328
16.480255
12.712960
12.703744
12.705791
12.699648
16.486401
16.470016
16.484352
12.800000
12.713984
12.707840
12.709888
12.703744
Control Period
12.708864
16.478207
16.483328
16.478207
12.705791
12.698624
12.716032
12.717056
12.710912
16.480255
16.482304
16.482304
12.700672
12.723200
12.706816
12.703744
12.712959
16.485376
16.484352
16.496639
12.719104
12.718081
12.700672
12.705792
12.713984
16.479233
16.478209
16.476158
12.709888
12.709888
12.703744
12.707840
12.718081
16.487423
16.486401
16.491520
12.698624
12.704767
12.729343
12.702721
12.710913
16.482304
16.484352
16.478207
12.699648
12.715008
12.698624
12.696576
12.718080
16.476160
16.482304
16.479233
12.729343
12.703744
12.701696
12.706816
12.698624
16.480255
16.480255
16.479233
12.704768
12.718080
12.710913
12.701696
12.700672
16.483328
16.471039
16.479233
12.691456
12.719104
12.710913
12.699648
12.700672
16.488449
16.475136
16.482304
12.705791
12.720128
12.697599
12.701696
12.702721
16.485376
16.486401
16.482304
16.484352
12.706816
12.720128
12.713984
Control Period
12.703744
12.689407
16.491520
16.487423
16.477184
12.710913
12.711936
12.713984
12.723200
16.481281
16.480255
16.479233
16.478207
12.702721
12.710913
12.725248
12.722176
12.697599
16.478209
16.486401
16.479233
12.700672
12.721151
12.711936
12.711936
12.697600
16.499712
16.477184
16.480255
12.704768
12.705791
12.710913
12.712959
12.712960
16.486401
16.471039
16.482304
12.701696
12.716032
12.710912
12.712959
12.723200
16.482304
16.472065
16.468992
12.693504
12.702721
12.702721
12.688384
12.707840
16.481281
16.497663
16.485376
12.728319
12.712959
12.711936
12.706816
12.724224
16.480255
16.481281
16.481279
12.702721
12.717056
12.699648
12.717056
12.713984
16.481281
16.481279
16.484352
12.712960
12.707840
12.708864
12.699648
12.709888
16.491520
16.481281
16.481281
12.694529
12.701696
12.707840
12.704768
12.701696
12.702721
16.476160
16.481279
12.706816
12.705791
12.710913
12.710913
Control Period
12.690432
12.701696
16.478207
16.480255
16.483328
12.703745
12.707840
12.702721
12.725248
12.708864
16.476160
16.479233
16.480255
12.718081
12.706816
12.706816
12.701696
12.707840
16.486401
16.479233
16.484352
12.701696
12.710913
12.711936
12.700672
12.711936
16.480255
16.482304
16.497663
12.703744
12.712960
12.716032
12.707840
12.701696
16.489471
16.475136
16.485374
12.699648
12.715008
12.711936
12.709888
12.691456
16.479233
16.477184
16.480255
12.703745
12.711936
12.689407
12.709888
12.701696
16.482304
16.475136
16.485376
12.716032
12.695553
12.711936
12.712960
12.704768
16.482304
16.486401
16.493568
12.721151
12.715008
12.704768
12.720127
12.718081
12.707840
16.483328
16.480255
16.474112
12.711936
12.699648
12.701696
12.710913
12.721152
16.486401
16.480255
12.727296
12.700672
12.720128
12.722176
12.716032
12.709888
16.481281
16.484352
16.481279
12.707840
12.716032
Control Period
12.707840
12.706816
12.702721
16.475136
16.481279
12.702721
12.706816
12.712960
12.707840
12.717056
12.705791
16.482304
16.503807
16.477184
12.710913
12.712959
12.709888
12.701696
12.699648
16.492542
16.494591
16.478207
12.721151
12.710913
12.706816
12.707840
12.699648
16.488449
16.478207
16.483328
12.712959
12.718081
12.709888
12.705791
12.699648
16.479233
16.486401
16.477184
12.704768
12.732416
12.712960
12.711936
12.708864
16.475136
16.480255
16.487423
12.733440
12.715008
12.711936
12.710913
12.702721
12.709888
16.485376
16.479233
16.481281
12.708864
12.715008
12.709888
12.709888
12.705792
16.479233
16.480255
16.482304
12.711936
12.720127
12.711936
12.703744
12.705791
16.481279
16.478207
16.484352
12.715008
12.720128
12.704768
12.703744
12.704768
16.488449
16.478209
16.493568
12.697600
12.715008
12.719104
12.718081
12.718081
16.482304
16.489471
16.480255
12.706816
12.707840
Control Period
12.708864
12.706816
12.722176
16.478207
16.481281
16.481279
12.720128
12.700672
12.709888
12.695552
12.716032
16.484352
16.480255
16.483328
12.707840
12.712959
12.699648
12.706816
12.718081
16.480255
16.480255
16.477184
12.712960
12.718081
12.713984
12.703744
12.709888
16.485374
16.478209
16.483328
12.716032
12.715008
12.718081
12.712959
12.704768
16.478207
16.475136
16.480255
12.719104
12.722176
12.708864
12.712959
12.707840
16.480255
16.482304
16.478207
12.704768
12.712959
12.724224
12.712959
12.702721
16.481281
16.490496
16.472065
12.706816
12.712959
12.704767
12.702720
12.716032
16.486401
16.477184
16.485376
12.719104
12.705791
12.713984
12.700672
12.705791
12.715008
16.483328
16.482304
16.475136
12.702721
12.717056
12.703744
12.720128
12.704768
16.480255
16.477184
16.481281
12.712960
12.710913
12.721152
12.704768
12.707840
16.491520
16.498688
16.484352
12.708864
Control Period
12.700672
12.706816
12.698624
12.715008
16.485376
16.482304
16.479233
12.704768
12.708864
12.712959
12.718080
12.709888
16.471041
16.479233
16.475136
12.723200
12.708864
12.724224
12.707840
12.704767
16.482304
16.484352
16.481279
12.699648
12.712959
12.711936
12.705791
12.715008
16.485374
16.487423
16.487423
12.725248
12.702721
12.700672
12.704768
12.715008
16.483328
16.483328
16.484352
16.478207
12.697600
12.710912
12.696576
12.712960
12.716032
16.484352
16.482304
16.479233
12.730368
12.706816
12.705792
12.708864
12.702721
16.488449
16.476160
16.483328
12.712959
12.713984
12.697600
12.720128
12.705791
16.480255
16.486401
16.474112
12.710912
12.699648
12.715008
12.693504
12.708864
16.505856
16.476160
16.490498
12.717056
12.702721
12.708864
12.713984
12.704767
16.483328
16.483328
16.479233
12.700672
12.703745
12.712960
12.712960
12.697600
16.474112
16.483328
16.482304
Control Period
12.728319
12.716032
12.729343
12.709888
12.716032
16.483328
16.476160
16.478207
12.715008
12.710913
12.710912
12.705791
12.696576
16.479233
16.474112
16.490496
12.697599
12.709888
12.707840
12.701696
12.702721
16.479233
16.482304
16.483328
12.709888
12.701696
12.713984
12.707840
12.706816
12.718081
16.483328
16.475136
16.488449
12.727296
12.721152
12.713984
12.720127
12.726273
16.479233
16.482304
16.481279
12.728320
12.709888
12.720128
12.708864
12.727297
16.470016
16.484352
16.496639
12.713984
12.711936
12.688384
12.701696
12.700672
16.480255
16.482304
16.480255
12.707840
12.707840
12.709888
12.710912
12.706816
16.484352
16.474112
16.484352
12.705792
12.699648
12.721151
12.717056
12.702721
16.493568
16.470016
16.482304
12.710912
12.701696
12.693504
12.713984
12.707840
16.484352
16.489471
16.484352
12.711936
12.698624
12.709888
12.702721
12.702721
16.486401
16.482304
16.479233
Control Period
12.712960
12.711936
12.706816
12.719105
12.706816
16.480255
16.479233
16.484352
12.717056
12.785664
12.701696
12.705791
12.690432
12.719104
16.484352
16.486401
16.486401
12.713984
12.708864
12.700672
12.694529
12.706816
16.479233
16.480255
16.478207
12.702721
12.711936
12.708864
12.725248
12.707840
16.480255
16.493568
12.715008
12.702721
12.716032
12.705791
12.697599
12.706816
16.476160
16.487423
16.468990
12.729344
12.695553
12.693504
12.722176
12.718081
16.485374
16.481281
16.480255
12.707840
12.713984
12.709888
12.703744
12.700672
16.473087
16.484352
16.476158
12.702721
12.710912
12.721151
12.709888
12.712959
16.487423
16.483328
16.488449
12.717056
12.718081
12.718081
12.711936
12.709888
16.475136
16.481279
16.499712
12.700672
12.704768
12.717056
12.702721
12.690432
16.478207
16.488449
16.484352
12.709888
12.707840
12.708864
12.715008
12.713984
16.484352
16.479233
Control Period
16.483328
12.710913
12.705791
12.719104
12.703744
12.697600
16.478207
16.482304
16.481279
12.698624
12.702721
12.697600
12.711936
12.700672
16.480255
16.487423
16.478209
12.693504
12.713984
12.708864
12.713984
12.712959
16.478209
16.489471
16.474112
12.707840
12.709888
12.705791
12.700672
12.727296
16.482304
16.479233
16.493568
12.707840
12.723200
12.703744
12.694529
12.711936
16.477184
16.478209
16.483328
12.737535
12.711936
12.711936
12.711936
12.719105
12.715008
16.486401
16.484352
16.472065
12.702721
12.709888
12.710912
12.708864
16.489471
16.474112
16.478207
16.485374
12.704768
12.710912
12.712960
12.712960
12.736512
16.486401
16.475136
16.472065
12.715008
12.717056
12.695552
12.702721
12.708864
16.478207
16.480255
16.486401
12.709888
12.708864
12.712960
12.709888
12.721151
16.499712
16.495617
16.476160
12.700672
12.716032
12.706816
12.708864
12.701696
16.482304
16.487423
Control Period
16.470016
12.734464
12.705791
12.716032
12.708864
12.711936
16.479233
16.473087
16.479233
12.716032
12.692480
12.707840
12.702721
12.713984
16.482304
16.481281
16.481279
12.712960
12.702721
12.693504
12.721151
12.712960
16.477184
16.482304
16.482304
12.711936
12.710912
12.696576
12.694529
12.711936
16.471039
16.478207
16.486401
12.703744
12.724224
12.700672
12.699648
12.710912
12.707840
12.699648
12.715008
12.712960
16.486401
16.471039
16.486401
12.710913
12.724224
12.712960
12.708864
12.697600
16.481279
16.476160
16.476160
12.716032
12.708864
12.710913
12.701696
12.713984
12.703744
16.479233
16.483328
16.487423
12.711936
12.721151
12.705792
12.696576
16.477184
16.488447
16.484352
12.708864
12.712959
12.712959
12.697599
12.708864
16.481281
16.485376
16.496639
16.480255
12.697599
12.711936
12.710913
12.709888
12.709888
16.476160
16.486401
12.703744
12.720128
12.699648
Control Period
12.710913
12.715008
12.725248
16.482304
16.484352
16.479233
12.710912
12.713984
12.710912
12.703745
16.481279
16.488449
16.476158
16.487423
12.704768
12.705791
12.721151
12.711936
12.697599
16.481279
16.483328
16.479233
12.709888
12.708864
12.702721
12.724224
12.708864
16.476158
16.482304
16.476160
12.719104
12.717056
12.704768
12.699648
12.704768
16.487423
16.479233
16.487423
12.719104
12.694529
12.692480
12.705792
16.481279
16.479233
16.479233
12.701696
12.705791
12.718081
12.699648
12.713984
12.699648
16.481281
16.486401
16.474112
12.717056
12.712959
12.733440
12.719104
12.713984
16.477184
16.484352
16.565248
12.701696
12.719104
12.701696
12.704768
12.715008
16.468992
16.482304
16.468992
12.717056
12.710913
12.713984
12.717056
12.720128
16.477184
16.477184
16.481281
12.709888
12.701696
12.705791
12.700672
12.711936
16.483328
16.483328
16.482304
12.708864
12.707840
Control Period
12.715008
12.724224
12.712960
16.479233
16.481281
16.473087
12.690432
12.701696
12.713984
12.701696
12.708864
16.475136
16.481279
16.483328
12.720128
12.704768
12.701696
12.721151
12.691456
16.477184
16.484352
16.468992
16.485376
12.694529
12.706816
12.689407
12.707840
12.701696
16.474113
16.481279
16.482304
12.702721
12.710912
12.700672
12.695552
16.485376
16.481279
16.489471
12.696576
12.708864
12.707840
12.715008
12.717056
12.700672
16.481281
16.485376
16.488449
12.712960
12.701696
12.704768
12.704767
12.699648
16.473087
16.482304
16.484352
12.711936
12.721151
12.717056
12.704768
12.707840
16.489471
16.475136
16.492544
12.711936
12.691456
12.706816
12.701696
16.484352
16.479233
16.483328
12.722176
12.712959
12.698624
12.708864
12.701696
16.493568
16.482304
16.481279
16.486401
12.710913
12.692480
12.705792
12.721151
12.698624
16.502785
16.477184
16.484352
12.696576
12.706816
Control Period
12.703744
12.713984
12.705791
16.481279
16.472065
12.705791
12.705791
12.698624
12.698624
12.722176
12.702721
16.479233
16.479233
16.476160
12.706816
12.711936
12.700672
12.725248
12.712960
16.467968
16.481281
16.477184
12.707840
12.701696
12.707840
12.715008
12.688384
16.480255
16.478209
16.473087
12.693504
12.700672
12.705791
12.703744
16.499712
16.478207
16.502785
12.697599
12.709888
12.694529
12.715008
12.699648
16.476158
16.483328
16.477184
12.707840
12.706816
12.705791
12.700672
12.703744
16.490498
16.473087
16.483328
12.697599
12.699648
12.695552
12.731392
12.715008
16.479233
16.482304
16.468992
12.708864
12.712959
12.703744
12.707840
12.700672
16.479233
16.476160
16.484352
16.477184
12.704767
12.723200
12.708864
12.692480
12.716032
16.480255
16.474112
12.703744
12.711936
12.731392
12.713984
12.706816
12.705791
16.483328
16.482304
16.477184
12.709888
12.706816
Control Period
12.726273
12.726272
12.722176
16.484352
16.483328
16.478207
12.732416
12.702721
12.702721
12.700672
12.699648
16.471039
16.477184
16.485376
12.785664
12.748800
12.717056
12.709888
12.723200
12.703744
12.708864
12.702721
12.710913
16.491520
16.479233
16.485376
12.715008
12.744704
12.720128
12.711936
12.710912
12.711936
16.473087
16.482304
16.482304
12.718081
12.698624
12.706816
12.701696
12.697599
16.484352
16.477184
12.694529
12.704768
12.709888
12.706816
12.705792
12.717056
16.473087
16.484352
16.483328
12.716032
12.712959
12.699648
12.694529
12.709888
16.485374
16.481279
12.705792
12.712959
12.687361
12.722176
12.712960
16.479233
16.481279
16.476160
16.477184
12.709888
12.697600
12.712959
12.710913
12.715008
16.480255
16.485374
16.474112
12.703745
12.706816
12.706816
12.693504
16.478207
16.481281
16.484352
16.475136
12.705791
12.717056
12.699648
12.710912
16.482304
Control Period
16.478209
16.486401
16.479233
12.704768
12.700672
12.706816
12.700672
12.699648
16.480255
16.477184
16.476160
12.711936
12.718080
12.698624
12.705792
16.482304
16.484352
16.485374
16.473087
12.703744
12.723200
12.712959
12.696576
16.475136
16.478207
16.481281
12.700672
12.716032
12.707840
12.708864
12.708864
16.479233
16.483328
16.476160
12.711936
12.711936
12.719104
12.712960
12.719105
12.712959
16.480255
16.484352
12.709888
12.712959
12.711936
12.711936
12.727296
12.708864
16.477184
16.481279
16.479233
12.711936
12.702721
12.713984
12.709888
16.483328
16.488447
16.475136
12.705791
12.712959
12.717056
12.693504
12.712959
12.708864
16.489471
16.478207
16.496639
12.699648
12.705792
12.711936
12.705792
12.698624
16.490496
16.473087
16.487423
12.716032
12.710913
12.718081
12.721151
12.704768
16.488449
16.479233
16.491520
12.720128
12.722176
12.702721
12.696576
12.715008
Control Period
16.491520
16.479233
16.485374
12.698624
12.713984
12.718081
12.708864
12.716032
16.482304
16.483328
16.481279
12.702721
12.717056
12.721151
12.692480
12.698624
16.483328
16.478207
16.483328
12.738560
12.712960
12.719104
12.705791
12.706816
16.481279
16.487423
16.485376
12.720128
12.722176
12.711936
12.711936
12.722176
12.710913
16.484352
16.481281
12.711936
12.722176
12.692480
12.707840
12.705791
12.709888
16.481279
16.482304
16.481281
12.708864
12.710912
12.703744
12.708864
12.710913
16.484352
16.485374
16.482304
12.696576
12.727296
12.704768
12.724224
12.696576
16.483328
16.481279
16.483328
12.695552
12.695552
12.725248
12.710913
12.721151
16.476160
16.487423
16.513023
12.709888
12.720127
12.711936
12.717056
12.708864
16.487423
16.481279
16.480255
12.695552
12.708864
12.712960
12.702721
12.701696
16.490498
16.478207
16.484352
12.700672
12.703744
12.715008
12.712959
12.701696
Control Period
12.719104
16.477184
16.484352
16.480255
12.723200
12.724224
12.708864
12.717056
12.704768
16.486401
16.485374
16.482304
12.711936
12.699648
12.716032
12.705791
12.719104
16.485376
16.481281
16.488449
12.722176
12.704767
12.707840
12.704768
12.740608
16.479233
16.481281
16.486401
12.703745
12.718081
12.723200
12.711936
12.693504
16.480255
16.474112
16.490496
12.715008
12.710913
12.702721
12.709888
12.711936
16.479233
16.481279
16.483328
12.717056
12.708864
12.730368
12.725248
12.704768
16.473087
16.477184
16.490498
12.713984
12.709888
12.713984
12.703744
12.705791
16.491520
16.480255
16.483328
12.698624
12.707840
12.709888
12.727296
12.707840
12.713984
16.489471
16.477184
16.474113
12.710912
12.752895
12.703745
12.721152
12.705791
16.479233
16.489471
16.490496
12.712960
12.708864
12.712959
12.712960
12.710913
16.490496
16.479233
16.486401
12.723200
12.701696
12.711936
Control Period
12.716032
12.716032
16.486401
16.486401
16.485374
12.717056
12.715008
12.719104
12.722176
12.732416
16.486401
16.480255
16.485374
12.719104
12.705791
12.706816
12.704768
12.708864
16.485376
16.486401
16.485374
12.702721
12.709888
12.710912
12.709888
12.705792
16.478207
16.490496
16.484352
12.712960
12.705791
12.721151
12.716032
12.720128
16.483328
16.487423
16.479233
12.710913
12.715008
12.711936
12.704768
12.703744
16.481281
16.477184
16.483328
12.709888
12.719104
12.709888
12.699648
12.712959
12.721151
16.483328
16.483328
16.485374
12.727296
12.703744
12.727296
12.701696
12.717056
16.484352
16.483328
16.484352
12.719105
12.716032
12.702721
12.718080
12.710913
16.482304
16.487423
16.484352
12.700672
12.716032
12.706816
12.702721
12.717056
16.476160
16.504831
16.478207
12.703744
12.698624
12.726273
12.730368
12.705792
16.482304
16.481279
16.488449
12.724224
12.725248
Control Period
12.707840
12.706816
12.704768
12.701696
16.477184
16.486401
16.473087
12.705791
12.716032
12.713984
12.702721
12.711936
16.490496
16.490496
16.486401
16.499712
12.719104
12.718081
12.724224
12.729343
12.694529
16.481279
16.488449
16.481281
12.707840
12.711936
12.716032
12.705791
12.709888
16.492542
16.483328
16.484352
12.718080
12.698624
12.707840
12.703745
12.724224
16.481281
16.484352
16.478209
12.702720
12.721151
12.703744
12.722176
12.725248
16.485376
16.486401
16.468992
12.715008
12.710913
12.735489
12.704768
12.711936
16.486401
16.474112
16.480255
12.713984
12.722176
12.710912
12.698624
12.725248
16.485376
16.492544
16.486401
16.482304
12.703744
12.710912
12.708864
12.725248
12.716032
16.482304
16.479233
12.705791
12.724224
12.712959
12.719105
12.711936
12.711936
16.496639
16.500736
16.483328
12.698624
12.716032
12.701696
12.712960
12.704768
16.482304
16.484352
16.483328
Control Period
12.706816
12.709888
12.717056
12.717056
12.704768
16.486401
16.481281
16.486401
12.712959
12.707840
12.708864
12.717056
12.729343
16.484352
16.492544
16.485376
12.713984
12.707840
12.717056
12.707840
12.705791
16.475136
16.485374
16.481279
12.712959
12.703744
12.713984
12.709888
12.706816
16.492544
16.481281
16.484352
12.712960
12.722176
12.706816
12.703744
12.724224
16.486401
16.484352
16.483328
12.696576
12.722176
12.701696
12.731392
12.721151
16.482304
16.479233
16.487423
12.727296
12.710912
12.712959
12.711936
12.707840
12.712959
16.508928
16.489471
16.490496
12.723200
12.703744
12.706816
12.707840
12.712959
16.483328
16.483328
16.500736
12.709888
12.695553
12.711936
12.703744
12.718081
16.491520
16.488447
16.488449
12.727296
12.713984
12.711936
12.726272
12.710913
16.487423
16.484352
16.489471
12.717056
12.723200
12.702721
12.723200
12.725248
16.480255
16.483328
Control Period
16.483328
12.708864
12.729343
12.711936
12.719105
12.725248
16.477184
16.483328
16.479233
12.711936
12.722176
12.727296
12.716032
12.702721
12.701696
16.479233
16.487423
12.718081
12.732416
12.718080
12.698624
12.711936
12.706816
16.478209
16.493568
16.481281
12.711936
12.707840
12.717056
12.729343
12.727296
16.491520
16.476158
16.477184
12.707840
12.706816
12.711936
12.720128
12.711936
16.476160
16.497663
16.482304
12.724224
12.715008
12.721151
12.709888
12.704768
16.483328
16.490496
16.476160
12.710913
12.718081
12.707840
12.713984
12.741632
16.484352
16.485376
16.488449
12.710913
12.700672
12.706816
12.706816
12.703744
16.501759
16.479233
16.483328
12.724224
12.717056
12.710912
12.713984
12.721152
12.716032
16.482304
16.483328
16.474113
12.717056
12.699648
12.712959
12.717056
16.481279
16.483328
16.480255
16.478207
12.719105
12.708864
12.707840
12.703744
12.706816
Control Period
16.483328
16.482304
16.493568
12.709888
12.694529
12.706816
12.725248
12.697599
16.477184
16.479233
16.482304
12.707840
12.699648
12.712960
12.705791
12.726272
16.488449
16.491520
16.503807
12.716032
12.716032
12.725248
12.701696
12.719105
16.486401
16.478209
16.507904
12.719104
12.702721
12.699648
12.705791
12.699648
16.496639
16.492544
16.489471
12.703744
12.716032
12.711936
12.716032
12.790785
16.477184
16.486401
16.477184
12.708864
12.709888
12.717056
12.728319
12.749825
12.704768
16.477184
16.477184
16.486401
12.702720
12.709888
12.708864
12.719104
12.721152
16.485374
16.477184
16.490496
12.724224
12.704768
12.704768
12.735488
12.708864
16.481281
16.480255
16.490496
12.726273
12.698624
12.699648
12.713984
12.705791
16.480255
16.491520
16.485376
12.712959
12.709888
12.720127
12.702721
12.693504
16.492544
16.487423
16.483328
12.723200
12.724224
12.704768
12.719104
12.715008
Control Period
16.487423
16.478207
16.479233
12.708864
12.722176
12.720127
12.726272
12.704767
12.705791
16.475136
16.492542
16.491520
12.737535
12.690432
12.712960
12.708864
12.707840
16.493568
16.497663
16.487423
12.718081
12.703744
12.708864
12.700672
12.716032
16.488449
16.487423
16.479233
12.715008
12.703745
12.704768
12.725248
12.716032
16.480255
16.475136
16.483328
12.728320
12.695553
12.715008
12.712959
12.726272
16.487423
16.482304
16.482304
12.713984
12.708864
12.712959
12.713984
12.724224
16.479233
16.486401
16.479233
12.695552
12.701696
12.719104
12.709888
12.705792
16.479233
16.482304
16.479233
12.711936
12.708864
12.715008
12.709888
12.719105
16.484352
16.491520
16.480255
12.697600
12.718080
12.710913
12.702721
12.710913
16.475136
16.486401
16.489471
12.720128
12.699648
12.717056
12.703745
12.729343
16.482304
16.482304
16.479233
12.720128
12.727296
12.707840
12.728320
Control Period
12.683264
16.480255
16.480255
16.486401
12.720128
12.700672
12.713984
12.720128
12.712959
16.476160
16.519169
16.486401
12.713984
12.715008
12.707840
12.701696
12.694529
16.479233
16.483328
16.482304
12.706816
12.710913
12.704768
12.711936
12.721151
12.717056
16.480255
16.477184
16.488449
12.701696
12.696576
12.700672
12.713984
12.718080
16.482304
16.485374
16.478207
12.708864
12.725248
12.708864
12.717056
12.711936
16.477184
16.483328
16.490498
12.707840
12.708864
12.706816
12.718081
12.709888
16.480255
16.490496
16.478207
12.708864
12.710912
12.703744
12.717056
12.716032
16.490496
16.491520
16.484352
12.712959
12.729343
12.715008
12.718081
12.705792
16.483328
16.485374
16.486401
16.482304
12.715008
12.706816
12.701696
12.719104
12.709888
16.485374
16.479233
16.476160
12.702720
12.702720
12.717056
12.724224
12.712959
16.485374
16.485376
16.477184
12.708864
12.704768
12.695552
Control Period
12.705792
12.699648
16.496639
16.482304
16.484352
12.709888
12.694529
12.709888
12.739584
12.710913
16.482304
16.479233
16.492542
12.704768
12.716032
12.718081
12.703744
12.710912
16.481281
16.499712
16.484352
12.694529
12.710912
12.694529
12.697599
12.723200
16.479233
16.485374
16.491520
12.694529
12.708864
12.719104
12.719104
12.705791
16.486401
16.485374
16.487423
12.707840
12.721151
12.719104
12.710912
12.694529
16.483328
16.480255
16.498688
12.716032
12.713984
12.704768
12.712960
12.718081
16.492542
16.487423
16.484352
12.704768
12.713984
12.695553
12.709888
12.706816
16.485374
16.474113
16.487423
12.717056
12.709888
12.712959
12.709888
12.711936
16.481281
16.483328
16.482304
12.713984
12.701696
12.715008
12.711936
12.708864
16.478207
16.494591
16.479233
12.702720
12.712960
12.706816
12.713984
12.710912
16.476160
16.482304
16.483328
12.699648
12.715008
12.713984
Control Period
12.708864
12.707840
12.779520
16.481281
16.492542
16.480255
12.697600
12.694529
12.718081
12.710912
12.697599
16.481279
16.476160
16.481281
12.718081
12.694529
12.708864
12.718080
12.715008
16.479233
16.474112
16.488449
12.722176
12.715008
12.700672
12.700672
12.722176
16.482304
16.484352
16.498688
12.706816
12.725248
12.703745
12.715008
12.699648
16.471039
16.487423
16.484352
12.711936
12.699648
12.708864
12.696576
12.698624
16.484352
16.482304
16.487423
12.699648
12.702721
12.701696
12.704768
12.700672
16.481279
16.485376
16.488449
12.713984
12.706816
12.712960
12.706816
12.723200
16.483328
16.478209
16.494591
12.696576
12.705791
12.720128
12.712959
12.712960
16.481279
16.500736
16.485374
12.709888
12.727296
12.708864
12.696576
12.702721
16.475136
16.489471
16.486401
16.492542
12.695552
12.720127
12.694529
12.717056
12.715008
16.491520
16.502785
16.478209
12.706816
12.720128
Control Period
12.712959
12.713984
12.705791
16.498688
16.477184
16.475136
12.723200
12.713984
12.703744
12.720128
12.715008
16.506880
16.486401
16.489471
12.713984
12.701696
12.710913
12.710912
12.728320
16.484352
16.475136
16.483328
12.724224
12.702720
12.701696
12.711936
12.740608
16.492544
16.487423
16.494591
12.709888
12.710913
12.708864
12.696576
12.723200
16.488449
16.484352
16.484352
12.703744
12.715008
12.717056
12.712959
12.710913
16.477184
16.484352
16.486401
12.716032
12.717056
12.706816
12.719105
12.715008
16.482304
16.488449
16.480255
12.730368
12.710913
12.732416
12.727296
12.712959
16.502785
16.479233
16.475136
12.712959
12.720127
12.697600
12.711936
12.707840
16.489471
16.481279
16.476160
12.708864
12.715008
12.699648
12.715008
12.712960
16.498688
16.481281
16.489471
12.707840
12.718081
12.728320
12.711936
12.709888
16.482304
16.481279
16.489471
12.733440
12.718081
Control Period
12.717056
12.724224
12.719104
16.483328
16.490496
16.487423
12.705791
12.709888
12.723200
12.704768
12.708864
12.724224
16.481281
16.485374
16.477184
12.712959
12.699648
12.693504
12.709888
12.713984
16.493568
16.487423
16.479233
12.715008
12.716032
12.710912
12.706816
12.711936
16.483328
16.480255
16.477184
12.704768
12.713984
12.718081
12.709888
12.715008
16.486401
16.485374
16.479233
12.696576
12.729343
12.707840
12.706816
12.721151
16.497663
16.481279
16.486401
12.706816
12.706816
12.701696
12.719105
12.710912
16.477184
16.488449
16.480255
12.725248
12.711936
12.712959
12.697599
12.717056
16.487423
16.481281
16.486401
12.698624
12.705791
12.707840
12.716032
12.728320
16.486401
16.487423
16.489471
12.708864
12.709888
12.717056
12.721152
12.702721
12.707840
16.482304
16.480255
16.488449
12.725248
12.704768
12.726272
12.711936
12.723200
16.479233
16.498688
16.484352
Control Period
12.713984
12.715008
12.720127
12.707840
12.704768
16.492544
16.481281
16.489471
12.702721
12.724224
12.697600
12.721152
12.706816
16.481279
16.481279
16.504833
12.701696
12.712959
12.713984
12.706816
12.710912
16.483328
16.478209
16.484352
12.708864
12.708864
12.688384
12.709888
12.709888
16.508928
16.477184
16.485374
12.719104
12.704768
12.715008
12.708864
12.738560
16.483328
16.482304
16.482304
12.722176
12.706816
58.358047
59.670528
59.766785
59.662338
59.680767
59.684864
59.661312
59.679741
59.702271
59.683838
59.665405
59.676674
59.689983
59.708416
Control Period
59.665409
59.678719
59.700226
57.314304
59.456512
59.437057
59.436031
59.437057
57.452545
59.693054
57.460735
59.418625
59.451393
59.425789
59.430912
57.341949
57.331711
59.435005
59.420670
59.456512
59.569153
59.687935
59.697151
57.453568
59.445248
59.420670
59.441154
59.450367
57.308159
Control Period
59.706367
44.751869
43.196419
44.738560
44.036095
41.247746
43.993088
50.967552
44.488705
42.499069
36.817921
37.595135
31.411200
40.785919
43.210754
40.189953
38.692863
35.078144
44.452866
56.151039
49.776642
41.817085
39.160835
42.289150
34.549759
43.257858
42.244095
39.268353
34.578434
37.164032
Control Period
45.613052
43.941887
36.589569
43.242496
37.365761
37.173248
45.821953
38.560768
36.918270
43.252739
38.907906
37.577728
42.239998
38.889473
40.790016
37.866493
36.087807
43.233280
41.159679
31.396864
42.584064
37.628929
32.094208
39.063553
39.767040
35.276798
32.580608
39.755775
37.748734
34.927616
Control Period
48.656384
45.240318
42.543106
40.094719
39.158783
39.222275
37.733376
43.376640
46.761986
46.904320
44.233727
44.473343
47.597569
40.198143
37.291008
41.149437
38.908928
39.369728
43.255806
44.793854
44.096512
41.293823
42.256386
51.464191
49.592323
42.550270
32.596992
37.624832
34.579456
Control Period
43.261955
47.960064
54.356995
54.389759
45.259777
43.032578
37.723137
46.683136
47.761406
48.306175
44.537857
39.149567
39.402496
48.940033
44.925949
42.896385
39.157761
39.964672
49.147903
51.021824
40.109055
40.093697
42.417152
45.253632
56.611839
47.119362
44.322815
42.660866
52.141056
54.387711
Control Period
52.299774
45.240318
42.075138
56.153088
49.801216
46.075905
48.909309
46.671875
45.600769
56.593407
49.966080
42.675201
52.030464
53.054466
50.155518
45.556736
54.607872
48.291840
48.137215
47.090691
56.594429
49.925117
46.881790
56.181763
49.785858
43.822083
48.785408
49.625088
43.129856
50.167809
49.947647
Control Period
47.145981
56.719360
56.728577
53.149696
58.814461
53.061630
55.287807
56.702976
53.177345
55.294975
55.314430
53.071873
58.819584
56.700928
55.119873
53.018623
55.201790
52.980736
58.768383
53.125118
55.204865
55.213058
55.219200
58.861568
53.027840
58.765312
55.245823
55.098366
58.754047
52.984833
55.234558
Control Period
56.646656
55.225342
57.333763
57.460735
55.216125
55.205887
57.344002
57.326591
55.221249
55.258110
55.248894
55.238655
57.322495
57.346046
55.217152
57.330688
55.200768
57.480194
57.354240
55.242752
55.231487
57.331711
57.344002
57.446400
55.231491
55.231491
57.333759
57.319424
55.240704
55.232513
Control Period
55.247871
57.339905
57.338882
59.550720
57.333759
57.330688
57.334785
59.536385
57.322495
57.443329
57.308159
55.219200
59.417603
59.662338
57.341953
55.230461
59.447296
57.441280
57.332737
57.464832
59.450371
57.449471
57.323521
57.461761
57.336830
57.424896
57.360382
57.447426
57.350143
57.328640
59.548676
Control Period
57.364479
59.436031
59.424767
59.431938
57.342976
59.705345
59.658241
57.447426
59.436035
59.448318
59.448318
59.444221
59.555840
59.685886
59.658241
57.436157
59.428864
59.450371
59.445248
59.435009
57.322495
59.656189
59.708416
57.442307
59.441154
59.467777
59.444221
59.447296
59.550720
Control Period
59.670528
59.682816
59.683842
59.686913
59.649025
59.661312
59.687935
59.701248
59.675648
59.672577
59.773949
59.650047
59.673599
59.670528
59.692032
59.675648
59.650047
59.681793
59.683838
59.675652
59.640831
59.683842
59.663361
59.670528
59.687935
59.721725
59.663361
59.673599
59.674622
Control Period
59.679745
59.698177
59.683838
59.673599
59.704323
59.661312
59.685890
59.686913
59.693054
59.667458
59.667458
59.661312
59.671551
59.698174
59.672577
59.687935
59.704319
59.644928
59.695103
59.671551
59.657215
59.678719
59.704319
59.681793
59.670528
59.680771
59.681793
59.651073
59.688957
59.644928
Control Period
59.689983
59.682816
59.641857
59.689983
59.672577
59.676674
59.665405
59.670525
59.672577
59.704319
59.680771
59.639809
59.685890
59.668480
59.675648
59.664383
59.668480
59.665405
59.662338
59.694080
59.677696
59.697151
59.670528
59.672577
59.676674
59.689987
59.679745
59.669502
59.668480
Control Period
59.698174
59.660286
59.689987
59.694080
59.671555
59.670525
59.653122
59.664383
59.679745
59.684864
59.677696
59.669502
59.686913
59.656193
59.654144
59.675648
59.696129
59.653122
59.683838
59.679741
59.687935
59.655167
59.668480
59.669502
59.656193
59.695107
59.673599
59.761665
59.683838
Control Period
59.683838
59.671551
59.686913
59.674622
59.686913
59.670525
59.687935
59.663361
59.697151
59.679741
59.665405
59.668480
59.676674
59.674622
59.657215
59.663361
59.660286
59.679741
59.660290
59.662338
59.688961
59.691010
59.682816
59.687935
59.679745
59.686913
59.682816
59.681793
59.669502
Control Period
59.689983
59.669502
59.672577
59.670528
59.689983
59.672577
59.677696
59.679741
59.699200
59.657215
59.663361
59.649025
59.680767
59.668480
59.681793
59.668480
59.661312
59.693054
59.696129
59.679745
59.691010
59.665405
59.704323
59.682816
59.670528
59.683842
59.676674
59.704323
59.664383
Control Period
59.680767
59.682816
59.648003
59.695107
59.671555
59.673599
59.681793
59.671555
59.680767
59.681793
59.659264
59.670525
59.679745
59.689983
59.674622
59.688957
59.691010
59.689983
59.663361
59.674622
59.683838
59.699200
59.687935
59.672577
59.679745
59.692032
59.669502
59.675648
59.671551
59.686913
Control Period
59.669502
59.681793
59.689983
59.668480
59.676674
59.686913
59.692032
59.695103
59.665409
59.670528
59.694080
59.675648
59.683838
59.674622
59.669502
59.740158
59.688961
59.669502
59.697151
59.689983
59.679745
59.664383
59.666435
59.684864
59.696129
59.678719
59.669502
59.655167
59.654144
Control Period
59.650047
59.670528
59.689983
59.649025
59.684864
59.673599
59.674622
59.679745
59.695107
59.680771
59.666435
59.679745
59.680771
59.677696
59.643906
59.668480
59.672577
59.673599
59.681793
59.700226
59.676674
59.684864
59.668480
59.695103
59.695103
59.668480
59.703297
59.695107
59.688957
Control Period
59.666435
59.697151
59.677696
59.676674
59.665409
59.668480
59.683838
59.666435
59.662338
59.670528
59.670528
59.682816
59.665409
59.701248
59.680771
59.664383
59.695107
59.691010
59.682816
59.698174
59.699200
59.675648
59.675648
59.654144
59.669502
59.657215
59.681793
59.696129
59.670528
Control Period
59.696129
59.671555
59.692032
59.677696
59.672577
59.675648
59.684864
59.684864
59.665405
59.662338
59.679745
59.678719
59.692032
59.661312
59.676674
59.651070
59.686913
59.661312
59.685890
59.671555
59.681793
59.644928
59.678719
59.691010
59.682816
59.678719
59.662338
59.663361
59.665409
Control Period
59.641853
59.664383
59.674625
59.741184
59.672577
59.655167
59.670528
59.684864
59.662338
59.669502
59.680771
59.677696
59.697151
59.657219
59.681793
59.695103
59.692032
59.671555
59.670528
59.685890
59.688961
59.678719
59.679745
59.676674
59.686913
59.674625
59.681793
59.682816
59.660286
59.678719
Control Period
59.683838
59.688957
59.686913
59.675652
59.668480
59.695107
59.703297
59.674625
59.670528
59.677696
59.644928
59.675648
59.672577
59.683838
59.673599
59.708416
59.678719
59.696129
59.662338
59.673599
59.687935
59.707390
59.633663
59.654144
59.670528
59.684864
59.683838
59.674622
59.678719
Control Period
59.671555
59.673599
59.668480
59.645950
59.683842
59.687935
59.673599
59.667458
59.681793
59.670528
59.658241
59.681793
59.654144
59.650047
59.649025
59.678719
59.660286
59.678719
59.673599
59.668480
59.667458
59.672577
59.668480
59.672577
59.689987
59.669502
59.691010
59.672577
59.682816
Control Period
59.693054
59.680767
59.669502
59.683842
59.673599
59.681793
59.638783
59.688957
59.686913
59.677696
59.669502
59.659264
59.668480
59.692032
59.703297
59.668480
59.672577
59.686913
59.666431
59.674622
59.745277
59.660286
59.687935
59.687935
59.686913
59.694080
59.697151
59.694077
59.652096
Control Period
59.677696
59.675648
59.687935
59.658241
59.667458
59.685890
59.668480
59.672577
59.692032
59.684864
59.671555
59.673599
59.653122
59.684864
59.683838
59.691010
59.655167
59.675652
59.673599
59.686913
59.663361
59.663361
59.660286
59.667458
59.685890
59.645950
59.692032
59.678719
59.674622
59.667458
Control Period
59.654144
59.684864
59.653122
59.672577
59.676674
59.657219
59.669502
59.699200
59.666435
59.674622
59.691010
59.680771
59.683838
59.681793
59.694080
59.667458
59.663361
59.682816
59.642879
59.697151
59.670525
59.654144
59.653122
59.669502
59.680767
59.685890
59.683838
59.647999
59.675652
Control Period
59.681793
59.665409
59.670525
59.665409
59.637760
59.650047
59.676674
59.677696
59.716606
59.666431
59.696129
59.676674
59.653122
59.670528
59.684864
59.664383
59.684864
59.681793
59.701248
59.684864
59.696129
59.699200
59.697151
59.687935
59.695103
59.683838
59.673599
59.675648
59.702271
Control Period
59.673599
59.676674
59.704323
59.659264
59.676674
59.680771
59.671551
59.689987
59.776001
59.665409
59.686913
59.660286
59.651070
59.685890
59.654144
59.674625
59.661312
59.666435
59.698174
59.682816
59.655167
59.695107
59.656193
59.681793
59.675648
59.665405
59.659264
59.693054
59.665409
Control Period
59.665405
59.680767
59.666431
59.678719
59.677696
59.661312
59.679745
59.643906
59.689987
59.685890
59.669502
59.698174
59.691010
59.642879
59.673599
59.671551
59.684864
59.674622
59.687935
59.660286
59.691010
59.662338
59.678719
59.653122
59.674622
59.686913
59.677696
59.664383
59.692032
Control Period
59.692032
59.678719
59.692032
59.678719
59.691010
59.656193
59.665405
59.679741
59.674622
59.671555
59.664383
59.686913
59.695107
59.675648
59.675648
59.653122
59.664383
59.665409
59.675648
59.694080
59.682816
59.688961
59.671555
59.686913
59.699200
59.659264
59.661312
59.677696
59.663361
59.679745
Control Period
59.680771
59.673599
59.652096
59.710464
59.672577
59.694080
59.681793
59.671551
59.666431
59.693054
59.653122
59.662334
59.693054
59.710464
59.713535
59.679745
59.684864
59.712513
59.689983
59.669502
59.697151
59.652096
59.651070
59.704319
59.764736
59.670528
59.664383
59.668480
59.667458
Control Period
59.694077
59.661312
59.659264
59.679745
59.682816
59.676674
59.665409
59.687935
59.668480
59.678719
59.691010
59.662338
59.664383
59.684864
59.679745
59.693054
59.676674
59.707390
59.674622
59.669502
59.666435
59.661312
59.656193
59.662338
59.673599
59.655167
59.689987
59.664383
59.694077
Control Period
59.683838
59.666431
59.695103
59.699200
59.697151
59.687935
59.696129
59.673599
59.694080
59.651070
59.678719
59.699200
59.673599
59.665409
59.704323
59.683838
59.699200
59.693054
59.659264
59.682816
59.701248
59.660286
59.680771
59.685890
59.670528
59.675648
59.659264
59.680767
59.673599
Control Period
59.710464
59.641853
59.688957
59.673599
59.659264
59.676674
59.664383
59.658241
59.702271
59.702271
59.694080
59.678719
59.670528
59.677696
59.658241
59.689987
59.679741
59.660286
59.656193
59.681793
59.681793
59.668480
59.702271
59.677696
59.683838
59.689987
59.679745
59.653122
59.705345
Control Period
59.670528
59.661312
59.689987
59.660286
59.668480
59.703293
59.700226
59.669502
59.683838
59.695107
59.699200
59.662338
59.673599
59.763710
59.675648
59.671551
59.696129
59.675652
59.693054
59.666435
59.668480
59.668480
59.675648
59.673599
59.656193
59.677696
59.685890
59.659264
59.659264
59.653122
Control Period
59.679741
59.668480
59.699200
59.682816
59.668480
59.670528
59.676674
59.679741
59.678719
59.665409
59.694077
59.686913
59.666435
59.672577
59.660286
59.679741
59.680767
59.676674
59.676674
59.681793
59.669502
59.710464
59.676674
59.688961
59.688961
59.688961
59.700226
59.677696
59.688961
Control Period
59.678719
59.667458
59.698174
59.683838
59.700226
59.677696
59.674622
59.663361
59.668480
59.680767
59.687935
59.689983
59.689987
59.677696
59.678719
59.701248
59.684864
59.689987
59.700226
59.660286
59.692032
59.661312
59.667458
59.648003
59.710464
59.672577
59.686913
59.664383
59.672577
Control Period
59.670528
59.675652
59.679741
59.682816
59.675648
59.670528
59.688961
59.671555
59.685886
59.650047
59.699200
59.662338
59.666431
59.674622
59.673599
59.652100
59.682816
59.674622
59.671555
59.672577
59.680771
59.672577
59.686913
59.677696
59.675648
59.692032
59.678719
59.674622
59.701248
Control Period
59.672577
59.759613
59.655167
59.686913
59.697151
59.692032
59.665405
59.662338
59.671555
59.643906
59.674622
59.705345
59.688957
59.657219
59.653122
59.704323
59.680771
59.671555
59.688957
59.663361
59.720703
59.679745
59.664383
59.696129
59.660286
59.676674
59.679741
59.669502
59.685890
59.672577
Control Period
59.681793
59.669502
59.674622
59.679745
59.661312
59.681793
59.677696
59.647999
59.681793
59.657219
59.698174
59.654144
59.684864
59.662338
59.701248
59.680771
59.663361
59.682816
59.688961
59.700226
59.663361
59.672577
59.656193
59.689983
59.667458
59.695103
59.657219
59.694077
59.688961
Control Period
59.685890
59.672577
59.660286
59.677696
59.684864
59.694080
59.678719
59.668480
59.667458
59.681793
59.652096
59.654144
59.701248
59.687935
59.698177
59.674622
59.667458
59.658241
59.693054
59.672577
59.680771
59.700226
59.670528
59.660286
59.654144
59.678719
59.687935
59.668480
59.696129
Control Period
59.666431
59.695107
59.689983
59.668480
59.684864
59.688957
59.679741
59.681793
59.677696
59.688957
59.685890
59.663361
59.669502
59.673599
59.672577
59.672577
59.687935
59.754494
59.697151
59.669502
59.659264
59.692032
59.682816
59.643906
59.680771
59.661312
59.684864
59.683838
59.696129
Control Period
59.644928
59.704319
59.654144
59.673599
59.694080
59.667458
59.681793
59.678719
59.665405
59.696129
59.680771
59.671555
59.688957
59.682816
59.697151
59.674625
59.693054
59.695107
59.671555
59.687935
59.686913
59.700226
59.667458
59.687935
59.667458
59.674622
59.680771
59.654144
59.699200
Control Period
59.662338
59.682816
59.674622
59.683838
59.668480
59.695103
59.679741
59.672577
59.708416
59.685886
59.700226
59.660286
59.671551
59.668480
59.685890
59.689987
59.676674
59.699200
59.699203
59.687935
59.664383
59.672577
59.692032
59.687935
59.683838
59.656193
59.667458
59.672577
59.692032
59.695107
Control Period
59.670528
59.671551
59.672577
59.649025
59.679745
59.673599
59.689983
59.685890
59.673599
59.694080
59.677696
59.699200
59.691010
59.678719
59.681793
59.677696
59.656189
59.687935
59.668480
59.673599
59.677696
59.668480
59.682816
59.702271
59.669502
59.677696
59.677696
59.694080
59.667458
Control Period
59.678719
59.684864
59.695103
59.673599
59.683838
59.679745
59.667458
59.712513
59.677696
59.649025
59.688957
59.694080
59.713539
59.712513
59.678719
59.686913
59.683842
59.672577
59.650047
59.674622
59.683838
59.661312
59.645950
59.664383
59.720703
59.687935
59.688961
59.680771
59.698174
Control Period
59.674625
59.679745
59.663361
59.675648
59.687935
59.676674
59.654144
59.660286
59.686913
59.681793
59.678719
59.669502
59.671555
59.680767
59.680771
59.699200
59.683842
59.682816
59.666431
59.682816
59.651073
59.658241
59.689987
59.685890
59.657215
59.684864
59.688957
59.684864
59.668480
Control Period
59.680767
59.664383
59.659264
59.678719
59.684864
59.675648
59.666435
59.675648
59.673599
59.659264
59.649025
59.686913
59.703297
59.666431
59.673599
59.696129
59.669502
59.672577
59.674622
59.696129
59.692032
59.687935
59.670528
59.668480
59.667458
59.640831
59.675648
59.658241
59.679745
Control Period
59.667458
59.686913
59.701248
59.692032
59.674622
59.668480
59.680767
59.691010
59.678719
59.677696
59.670528
59.647999
59.665405
59.704323
59.679745
59.681793
59.679741
59.687935
59.684864
59.683838
59.655167
59.663361
59.683838
59.755520
59.691010
59.695107
59.669502
59.660286
59.665409
59.696129
Control Period
59.648003
59.710464
59.694077
59.695107
59.692032
59.685890
59.658241
59.670528
59.683838
59.675648
59.684864
59.652096
59.671555
59.679741
59.683838
59.697151
59.660286
59.683838
59.671555
59.686913
59.688957
59.685890
59.668480
59.669502
59.682816
59.652096
59.686913
59.675648
59.672577
Control Period
59.688957
59.668480
59.709442
59.673599
59.679741
59.678719
59.692032
59.680767
59.657219
59.659264
59.667458
59.673599
59.657215
59.711487
59.684864
59.686913
59.696129
59.673599
59.678719
59.660286
59.684864
59.670528
59.701248
59.655167
59.676674
59.660286
59.679745
59.671555
59.688957
Control Period
59.675652
59.677696
59.673599
59.697151
59.659264
59.662338
59.662338
59.683838
59.682816
59.684864
59.658241
59.670528
59.682816
59.671551
59.665405
59.689983
59.683838
59.668480
59.669502
59.684864
59.676674
59.674622
59.664383
59.670528
59.674625
59.663361
59.712509
59.695103
59.653122
Control Period
59.682816
59.697151
59.681793
59.694077
59.710464
59.666431
59.673599
59.663361
59.673599
59.669502
59.755520
59.671555
59.683838
59.672577
59.668480
59.666431
59.675648
59.673599
59.677696
59.673599
59.689983
59.701248
59.691010
59.680767
59.657219
59.675648
59.664383
59.654144
59.681793
Control Period
59.675648
59.681793
59.715584
59.662338
59.681793
59.655167
59.693054
59.649025
59.686913
59.658241
59.699203
59.661312
59.677696
59.685886
59.702271
59.694080
59.648003
59.657215
59.686913
59.674622
59.656189
59.674622
59.698174
59.671551
59.666435
59.653122
59.674625
59.652096
59.666431
59.713535
Control Period
59.686913
59.653122
59.680767
59.663361
59.660286
59.661312
59.676674
59.668480
59.662338
59.686913
59.693054
59.663361
59.693054
59.671551
59.697151
59.674622
59.660286
59.662338
59.668480
59.673599
59.656193
59.678719
59.674622
59.671555
59.703297
59.668480
59.666435
59.672577
59.695107
Control Period
59.686913
59.681793
59.668480
59.674622
59.702271
59.673599
59.677696
59.703297
59.658241
59.683838
59.668480
59.661312
59.695103
59.655167
59.681793
59.678719
59.684864
59.692032
59.656189
59.663361
59.694080
59.657215
59.689983
59.706367
59.664383
59.658241
59.688961
59.682816
59.667458
Control Period
59.672577
59.665405
59.682816
59.665405
59.667458
59.679745
59.650047
59.657215
59.687935
59.688961
59.669502
59.662338
59.675652
59.692032
59.687935
59.658241
59.692032
59.670528
59.683838
59.693054
59.646976
59.669502
59.689983
59.689987
59.703297
59.711487
59.682816
59.672577
59.693054
Control Period
59.697151
59.680767
59.685890
59.676674
59.664383
59.664383
59.662338
59.687935
59.669502
59.664383
59.681793
59.674625
59.682816
59.640831
59.683842
59.669502
59.683838
59.677696
59.685890
59.678719
59.702271
59.658241
59.662338
59.701248
59.656193
59.675652
59.700226
59.676674
59.700226
59.643906
Control Period
59.656189
59.677696
59.679745
59.693054
59.685890
59.686913
59.712509
59.689987
59.686913
59.667458
59.647999
59.674622
59.703297
59.694080
59.700226
59.675648
59.665405
59.695107
59.678719
59.684864
59.668480
59.679741
59.709442
59.691010
59.666431
59.679745
59.686913
59.659264
59.679745
Control Period
59.661312
59.648003
59.681793
59.663361
59.657215
59.668480
59.664383
59.665409
59.686913
59.669502
59.669502
59.688957
59.685890
59.683838
59.657215
59.748352
59.672577
59.669502
59.686913
59.675652
59.671555
59.650047
59.697151
59.670528
59.668480
59.675648
59.675648
59.685886
59.653122
Control Period
59.695107
59.661312
59.669502
59.669502
59.685890
59.663361
59.676674
59.661312
59.676674
59.672577
59.669502
59.686913
59.693054
59.642879
59.683838
59.676674
59.654144
59.666431
59.693054
59.687935
59.635712
59.691010
59.667458
59.686913
59.633663
59.683838
59.682816
59.695103
59.651070
Control Period
59.688957
59.698177
59.669502
59.689983
59.666431
59.658241
59.650047
59.680767
59.662338
59.669502
59.682816
59.683842
59.669502
59.657219
59.689983
59.693054
59.644928
59.678719
59.670528
59.691010
59.670528
59.664383
59.654144
59.681793
59.686913
59.700226
59.645950
59.688957
59.672577
Control Period
59.677696
59.679745
59.679741
59.660286
59.658241
59.654144
59.667458
59.696129
59.659264
59.667458
59.672577
59.655167
59.653122
59.689987
59.670525
59.673599
59.670528
59.677696
59.678719
59.668480
59.680767
59.681793
59.666431
59.685890
59.671555
59.663361
59.691010
59.659264
59.683838
59.651073
Control Period
59.660286
59.655167
59.760643
59.685890
59.669502
59.655167
59.665405
59.695107
59.665409
59.683838
59.668480
59.695107
59.685890
59.689983
59.666431
59.692032
59.676674
59.675648
59.679745
59.682816
59.679745
59.661312
59.705345
59.693054
59.656193
59.681793
59.671555
59.679741
59.674622
Control Period
59.658241
59.673599
59.698174
59.675652
59.666431
59.664383
59.671555
59.672577
59.658241
59.673599
59.664383
59.689983
59.693054
59.669502
59.670525
59.691010
59.675652
59.663361
59.663361
59.673599
59.667458
59.643906
59.671555
59.676674
59.721729
59.658241
59.662338
59.681793
59.677696
Control Period
59.683838
59.655167
59.671555
59.654144
59.674622
59.660286
59.672577
59.664383
59.698174
59.657215
59.707390
59.662338
59.661312
59.677696
59.664383
59.659264
59.672577
59.679741
59.679745
59.666431
59.640831
59.658241
59.668480
59.683838
59.652100
59.666431
59.680767
59.697151
59.689983
Control Period
59.705345
59.686913
59.682816
59.664383
59.688957
59.683842
59.680771
59.680771
59.684864
59.660286
59.686913
59.677696
59.666431
59.674622
59.667458
59.692032
59.669502
59.679745
59.624451
59.679745
59.672577
59.658241
59.650047
59.687935
59.681793
59.667458
59.671555
59.691010
59.678719
Control Period
59.644928
59.685890
59.674622
59.660286
59.664383
59.685890
59.641857
59.673599
59.663361
59.688957
59.682816
59.694077
59.691010
59.683838
59.681793
59.676674
59.672577
59.672577
59.691010
59.696129
59.681793
59.657219
59.642879
59.668480
59.671555
59.693054
59.681793
59.692032
59.661312
59.669502
Control Period
59.699200
59.668480
59.682816
59.678719
59.643906
59.653122
59.688961
59.684864
59.673599
59.677696
59.686913
59.677696
59.672577
59.700226
59.658241
59.678719
59.670528
59.677696
59.679741
59.672577
59.672577
59.660286
59.658241
59.673599
59.673599
59.685890
59.689983
59.679741
59.682816
Control Period
59.669502
59.681793
59.678719
59.653122
59.659264
59.670525
59.639809
59.672577
59.675652
59.696129
59.677696
59.665409
59.661312
59.691010
59.669502
59.681793
59.681793
59.668480
59.671555
59.672577
59.687935
59.654144
59.680771
59.658241
59.664383
59.672577
59.685890
59.660286
59.671555
Control Period
59.637760
59.686913
59.694077
59.677696
59.674622
59.692032
59.670528
59.666431
59.749374
59.672577
59.691010
59.699200
59.680767
59.665409
59.687935
59.694080
59.686913
59.673599
59.675648
59.661312
59.691010
59.709442
59.665405
59.656189
59.693054
59.648003
59.664383
59.676674
59.635712
Control Period
59.686913
59.652096
59.679745
59.674622
59.665405
59.667458
59.680771
59.665405
59.677696
59.675652
59.676674
59.674622
59.671551
59.660286
59.655167
59.664383
59.692032
59.661312
59.666435
59.678719
59.681793
59.686913
59.689987
59.678719
59.671555
59.677696
59.676674
59.683838
59.649025
59.663361
Control Period
59.710464
59.680771
59.663361
59.674625
59.667458
59.708416
59.672577
59.658241
59.675648
59.666431
59.663361
59.660286
59.682816
59.677696
59.679745
59.671555
59.693054
59.676674
59.673599
59.638786
59.673599
59.641853
59.677696
59.680771
59.660290
59.687935
59.679745
59.687935
59.687935
Control Period
59.686913
59.677696
59.679745
59.673599
59.673599
59.673599
59.687935
59.657219
59.677696
59.671555
59.683838
59.676674
59.655167
59.672577
59.655167
59.673599
59.645950
59.674625
59.697151
59.670528
59.683838
59.696129
59.717628
59.705345
59.755520
59.663361
59.688957
59.691010
59.668480
Control Period
59.667458
59.660286
59.681793
59.681793
59.658241
59.678719
59.679745
59.672577
59.674625
59.679745
59.673599
59.665405
59.656193
59.702271
59.675648
59.662338
59.683838
59.663361
59.679741
59.681793
59.666431
59.663361
59.681793
59.663361
59.667458
59.677696
59.677696
59.684864
59.680771
Control Period
59.676674
59.638786
59.702271
59.689987
59.669502
59.680771
59.665409
59.664383
59.685890
59.683838
59.670528
59.692032
59.683838
59.701248
59.689983
59.707390
59.727875
59.682816
59.669502
59.678719
59.681793
59.671555
59.677696
59.675652
59.667458
59.652096
59.699200
59.679745
59.674622
Control Period
59.680767
59.687935
59.673599
59.692032
59.674625
59.671555
59.659264
59.672577
59.669502
59.683838
59.696129
59.683838
59.654144
59.669502
59.639809
59.667458
59.691010
59.667458
59.677696
59.677696
59.669502
59.671555
59.675648
59.673599
59.669502
59.712513
59.677696
59.658241
59.661312
59.689983
Control Period
59.684864
59.667458
59.678719
59.706367
59.688957
59.676674
59.687935
59.659264
59.682816
59.668480
59.655167
59.666431
59.678719
59.669502
59.675652
59.671555
59.666431
59.664383
59.652096
59.658241
59.664383
59.679745
59.694080
59.673599
59.709442
59.661312
59.665409
59.661312
59.674625
Control Period
59.700226
59.675648
59.667458
59.686913
59.691010
59.668480
59.671551
59.680767
59.699200
59.672577
59.673599
59.686913
59.692032
59.670525
59.704323
59.651070
59.672577
59.676674
59.684864
59.679745
59.679745
59.655167
59.666431
59.681793
59.694080
59.681793
59.676674
59.674625
59.670528
Control Period
59.639809
59.706367
59.659264
59.699200
59.711487
59.653122
59.683838
59.680767
59.675648
59.671551
59.667458
59.694080
59.681793
59.658241
59.655167
59.678719
59.689983
59.680771
59.697151
59.650047
59.671551
59.650047
59.677696
59.669502
59.672577
59.684864
59.701248
59.653122
59.688957
Control Period
59.670528
59.677696
59.670528
59.674625
59.666431
59.673599
59.674622
59.670528
59.694080
59.659264
59.686913
59.681793
59.668480
59.646976
59.670528
59.679745
59.655167
59.678719
59.650047
59.664383
59.655167
59.683838
59.658241
59.665405
59.681793
59.711487
59.654144
59.680771
59.671551
Control Period
59.673599
59.743233
59.651073
59.666431
59.680767
59.684864
59.683838
59.652096
59.672577
59.675648
59.670528
59.697151
59.658241
59.694080
59.672577
59.676674
59.661312
59.676674
59.666435
59.667458
59.691010
59.656189
59.719681
59.702271
59.665409
59.684864
59.651070
59.649025
59.673599
59.665409
Control Period
59.663361
59.672577
59.686913
59.668480
59.679741
59.673599
59.674622
59.656193
59.689983
59.670528
59.638786
59.703297
59.659264
59.666435
59.675652
59.670525
59.654144
59.688957
59.666435
59.693054
59.669502
59.640831
59.667458
59.699203
59.681793
59.669502
59.655167
59.680767
59.679745
Control Period
59.662338
59.676674
59.645950
59.686913
59.663361
59.663361
59.653122
59.679745
59.686913
59.684864
59.686913
59.683838
59.677696
59.667458
59.673599
59.658241
59.659264
59.662338
59.673599
59.700226
59.674622
59.676674
59.674622
59.675648
59.685890
59.681793
59.681793
59.680767
59.672577
Control Period
59.693054
59.664383
59.722752
59.678719
59.669502
59.660290
59.653122
59.703297
59.677696
59.676674
59.689983
59.721725
59.685886
59.700226
59.695107
59.673599
59.676674
59.782143
59.673599
59.657219
59.670528
59.672577
59.675648
59.684864
59.686913
59.689983
59.666435
59.676674
59.655167
Control Period
59.672577
59.673599
59.693054
59.696129
59.691010
59.670528
59.684864
59.685890
59.683838
59.669502
59.670528
59.684864
59.664383
59.674622
59.684864
59.684864
59.657219
59.660286
59.689983
59.696129
59.702271
59.700226
59.689983
59.683838
59.656189
59.676674
59.659264
59.664383
59.700226
Control Period
59.678719
59.687935
59.652096
59.681793
59.641853
59.677696
59.654144
59.671551
59.670528
59.709442
59.673599
59.669502
59.721729
59.679745
59.692032
59.705345
59.675648
59.678719
59.682816
59.678719
59.672577
59.667458
59.694080
59.657219
59.698174
59.685890
59.671551
59.682816
59.680767
59.682816
Control Period
59.679745
59.675648
59.659264
59.701248
59.707390
59.680771
59.684864
59.692032
59.708416
59.669502
59.656193
59.647999
59.697151
59.677696
59.659264
59.669502
59.655167
59.686913
59.694080
59.659264
59.683838
59.671555
59.653122
59.673599
59.683838
59.694080
59.681793
59.685890
59.697151
Control Period
59.704319
59.687935
59.677696
59.686913
59.672577
59.709442
59.685890
59.681793
59.660290
59.670528
59.694080
59.706367
59.669502
59.668480
59.670528
59.684864
59.686913
59.689983
59.699200
59.664383
59.651073
59.678719
59.657215
59.658241
59.672577
59.679741
59.692032
59.654144
59.681793
Control Period
59.682816
59.642879
59.674622
59.684864
59.703297
59.674622
59.691010
59.699200
59.688961
59.676674
59.687935
59.675648
59.648003
59.656193
59.655167
59.674625
59.701248
59.660286
59.666435
59.705345
59.678719
59.672577
59.688957
59.711487
59.706367
59.694080
59.697151
59.657219
59.706367
Control Period
59.674622
59.674625
59.677696
59.702271
59.659264
59.676674
59.668480
59.688957
59.698177
59.658241
59.675648
59.686913
59.671555
59.680767
59.688961
59.679745
59.667458
59.682816
59.665405
59.680771
59.679741
59.683842
59.687935
59.674622
59.658241
59.682816
59.670525
59.679741
59.661312
59.676674
Control Period
59.677696
59.662334
59.664383
59.674622
59.688957
59.682816
59.650047
59.681793
59.713535
59.677696
59.665409
59.657215
59.658241
59.694080
59.687935
59.683838
59.669502
59.691010
59.676674
59.700226
59.655167
59.706367
59.754494
59.676674
59.656193
59.681793
59.665405
59.657219
59.674622
Control Period
59.691010
59.695107
59.673599
59.695103
59.683838
59.655167
59.685890
59.674622
59.674622
59.681793
59.656193
59.669502
59.666431
59.651070
59.680767
59.683838
59.666435
59.679741
59.684864
59.685890
59.686913
59.701248
59.689987
59.681793
59.693054
59.709442
59.700226
59.648003
59.673599
Control Period
59.658241
59.673599
59.688957
59.677696
59.668480
59.665405
59.687935
59.683842
59.703297
59.680771
59.678719
59.689987
59.685890
59.661312
59.667458
59.670528
59.665405
59.647999
59.663361
59.651070
59.655167
59.663361
59.676674
59.652100
59.660286
59.692032
59.674622
59.634689
59.673599
Control Period
59.697151
59.663361
59.659264
59.656193
59.662338
59.677696
59.653122
59.686913
59.680767
59.707390
59.658241
59.726849
59.686913
59.662338
59.694080
59.673599
59.703293
59.677696
59.681793
59.706367
59.665409
59.668480
59.638786
59.663361
59.694080
59.704319
59.681793
59.663361
59.679745
Control Period
59.683838
59.701248
59.681793
59.687935
59.668480
59.672577
59.687935
59.679745
59.700226
59.676674
59.768829
59.672577
59.685890
59.703293
59.679745
59.705345
59.681793
59.693054
59.684864
59.685890
59.688957
59.672577
59.672577
59.676674
59.674625
59.692032
59.672577
59.686913
59.693054
59.669502
Control Period
59.681793
59.684864
59.657219
59.680771
59.655167
59.680767
59.662334
59.683838
59.692032
59.675652
59.686913
59.673599
59.686913
59.695107
59.677696
59.704323
59.658241
59.661312
59.683838
59.699200
59.670528
59.672577
59.678719
59.687935
59.685886
59.687935
59.670528
59.698174
59.675652
59.695107
59.678719
59.689983
59.678719
59.693054
59.676674
59.673599
59.687935
59.655167
59.693054
59.684864
59.678719
59.680767
59.682816
59.693054
59.675648
59.697151
59.689983
59.663361
59.672577
59.697151
59.664383
59.666431
59.708416
59.678719
59.682816
59.675652
59.695107
59.686913
59.702271
59.677696
59.693054
59.699203
59.671551
59.652096
59.655167
59.673599
59.664383
59.667458
59.683838
59.679745
59.700226
32.131073
