14.115840
9.631744
11.899904
11.859968
8.949760
10.575872
7.117824
4.842496
9.470976
9.333760
7.247872
7.109632
7.212032
8.896512
4.824064
8.883200
9.591808
4.849664
10.528769
9.384960
4.831232
8.732672
7.215104
10.529793
7.107584
7.104512
9.604095
4.827136
9.681920
9.388033
4.841472
7.235584
7.221248
9.494528
4.835328
4.823040
11.233280
4.816896
4.826112
9.396223
4.830208
7.262208
7.088128
7.225344
6.629376
4.828160
12.877825
7.226368
4.820992
7.212032
7.225344
10.656768
7.085056
11.888639
9.641984
4.827136
13.895679
7.209984
4.838400
8.842240
7.128064
7.257088
7.095296
9.380864
9.009151
4.826112
11.904000
4.824064
7.220224
10.654720
9.629696
4.830208
8.860672
9.387009
10.657792
7.092224
9.636864
7.221248
4.828160
11.763712
9.610240
4.822016
9.357312
9.385984
7.264256
7.103488
7.219200
11.251713
4.822016
7.255040
9.618432
4.814848
8.432640
9.384960
4.837376
8.732672
7.091200
11.800576
7.104512
4.831232
9.610240
4.820992
9.669632
9.376768
4.831232
6.632448
7.094272
9.483264
4.818944
4.837376
11.232256
4.831232
4.822016
7.222272
4.838400
8.433664
7.086080
9.403392
6.631424
4.831232
12.646400
7.226368
4.822016
7.219200
9.628672
10.644480
7.090176
11.639809
9.017344
4.822016
10.519552
7.215104
4.823040
9.470976
9.616385
7.261184
7.094272
7.220224
8.901632
4.839424
11.771904
7.107584
4.832256
10.533888
9.394176
4.831232
7.108608
7.224320
10.544128
7.102464
7.086080
9.608192
4.824064
9.675776
9.380864
4.825088
7.254016
7.214080
9.489408
4.831232
7.107584
11.247616
4.829184
4.822016
9.379841
4.837376
7.244800
7.221248
7.237632
6.628352
4.817920
12.867584
4.823040
4.819968
7.213056
7.241728
8.427520
7.103488
11.876352
9.641984
4.829184
13.893633
7.213056
4.831232
8.840192
7.103488
7.259136
7.101440
11.630592
9.008127
4.817920
11.893761
7.223296
4.829184
10.663937
9.619455
4.836352
7.219200
9.381888
10.655745
7.044096
9.637888
7.219200
4.834304
11.777023
9.605120
4.820992
8.738816
9.376768
7.259136
7.096320
7.224320
8.898560
4.819968
7.241728
9.610240
4.822016
8.431616
9.384960
4.836352
8.759296
7.215104
12.873728
4.830208
4.818944
9.377792
4.831232
8.429567
7.215104
7.226368
6.624256
7.094272
14.137344
4.817920
4.820992
13.907969
7.215104
7.256064
7.089152
7.114752
6.628352
4.831232
13.912064
7.214080
4.833280
9.473024
9.624576
7.243776
4.826112
9.377792
9.641984
4.832256
9.021441
7.221248
4.833280
10.523647
9.617408
4.823040
8.851456
9.384960
11.894784
7.044096
7.208960
7.200768
4.820992
9.654272
9.596928
4.817920
7.240704
9.337856
4.831232
7.094272
7.081984
9.519104
4.828160
4.825088
9.606144
4.836352
8.428544
9.366528
4.841472
6.642688
7.084032
11.781120
7.106560
4.817920
9.611264
4.836352
7.261184
7.222272
4.833280
6.622208
7.101440
9.382912
6.622208
4.832256
11.635712
4.826112
4.833280
7.081985
7.108608
8.429568
4.833280
11.017216
9.017344
4.845568
10.669056
7.223296
4.837376
8.856576
9.620480
11.905024
7.109632
11.632640
9.010176
4.820992
11.768832
7.215104
4.831232
9.368576
9.607168
4.829184
7.104512
7.209984
9.531392
4.819968
9.510912
7.096320
4.813824
8.434689
9.390079
4.830208
8.738816
7.207936
11.805696
7.108608
7.098368
9.611263
4.835328
7.242752
9.387009
4.839424
7.244800
7.212032
9.493504
4.828160
4.822016
11.872256
4.828160
4.816896
9.371649
4.838400
8.434689
7.219200
7.217152
6.625280
4.813824
14.139392
7.205888
4.820992
9.385984
4.827136
7.259136
7.099392
7.231488
6.624256
4.822016
13.888512
7.207936
4.823040
9.470976
7.111680
4.820992
7.098368
9.371648
9.646080
4.832256
9.004032
7.222272
4.831232
10.519552
9.701376
4.822016
8.845312
9.372672
11.917313
7.106560
7.211008
7.222272
4.830208
9.672704
9.590784
4.822016
7.254016
9.375744
Control Period
4.842496
7.108608
7.100416
12.874752
4.822016
4.837376
9.387008
4.833280
7.244800
9.383936
4.831232
8.434689
9.370625
4.829184
9.355265
9.373696
4.824064
7.107584
9.376768
11.911168
7.216128
7.212032
8.889344
7.088128
9.007104
8.899584
4.830208
11.914240
9.615360
4.834304
10.654720
9.606144
4.836352
8.849408
9.616385
7.248896
7.223296
9.602048
10.660864
7.214080
11.895808
9.653248
7.206912
13.890560
9.613312
4.832256
10.651648
9.615360
4.828160
8.862720
9.620480
7.246848
7.214080
9.608192
10.652672
7.221248
11.880448
9.645056
7.215104
13.899776
9.601024
4.837376
10.655745
9.606144
4.834304
8.854528
9.615360
7.240704
7.216128
9.618432
10.647552
7.209984
11.631617
9.633792
7.081984
13.888512
9.605120
4.833280
9.472000
9.616385
4.820992
8.854528
9.610240
7.241728
7.222272
9.625601
10.662912
7.209984
11.868160
9.637888
7.223296
13.898752
9.609217
4.824064
9.476096
9.620480
4.826112
8.841216
9.626624
6.622208
7.215104
9.627647
10.651648
7.209984
11.868160
9.635839
7.213056
13.898752
9.598976
4.836352
9.486336
9.615360
4.818944
7.206912
9.615360
6.624256
4.825088
9.615360
10.664961
7.219200
11.020288
8.909824
7.112704
11.897856
9.610240
4.825088
Control Period
9.477119
9.622528
4.827136
8.848384
9.616385
7.249920
7.223296
9.617408
11.903999
7.220224
9.612288
10.657792
7.228416
11.885569
9.517056
7.101440
11.012096
11.256832
4.827136
10.665984
9.388032
4.828160
9.479168
9.374720
4.833280
8.852480
9.621504
7.250944
7.220224
9.604095
11.898880
7.209984
9.616385
10.657792
7.218176
11.877377
9.533440
7.106560
13.896704
9.674068
4.818944
10.654720
9.379841
4.824064
11.870209
7.203840
11.792384
9.488384
7.209984
10.540031
9.485312
9.516032
11.239424
4.814848
8.879104
11.253759
4.841472
11.769855
9.609217
4.826112
10.527744
9.382912
4.823040
9.359360
9.385984
4.829184
8.857600
9.372672
7.246848
8.848384
9.622528
11.899904
7.211008
9.613312
11.893761
7.220224
9.613312
10.652672
7.219200
11.875328
9.525248
7.108608
13.898752
9.680214
4.822016
9.484288
9.377792
4.823040
8.856576
9.615360
7.246848
7.224320
9.610240
11.888639
7.224320
9.609216
9.668608
9.381888
7.105536
10.653696
7.214080
11.872255
9.647104
7.219200
11.256832
8.910849
7.111680
12.640257
9.382912
4.829184
8.846336
9.613312
7.245824
7.221248
9.607168
11.888639
7.209984
9.625600
10.653696
7.221248
11.879424
9.541632
7.103488
11.899904
9.617409
4.823040
10.647552
9.385984
4.824064
9.472000
9.383936
4.831232
8.870912
9.613312
7.240704
7.229440
9.620480
Control Period
11.898880
7.217152
7.230464
9.673728
9.393152
11.869184
9.520128
7.099392
11.897856
9.387009
7.220224
12.751872
7.399886
11.240448
11.247616
4.823040
11.876352
7.209984
8.870913
11.244544
9.625600
11.868160
9.615360
11.887616
7.206912
11.636736
11.866112
7.223296
11.773952
9.379841
11.869184
9.519104
7.091200
11.887616
9.384960
7.220224
11.751424
7.212032
14.128128
11.154893
4.822016
11.871232
7.224320
11.791360
9.376768
8.901632
11.013121
9.611264
10.535936
9.492479
9.016319
11.248640
7.223296
12.759041
7.408079
11.241472
11.248640
7.214080
12.879871
7.522765
14.129152
11.156940
4.823040
11.865088
7.222272
11.787264
9.382912
9.523200
11.858944
9.611263
10.537985
9.489408
9.021441
11.230207
7.217152
11.768831
9.366528
11.860992
9.534464
7.100416
11.897856
9.383936
9.476096
11.871232
7.212032
14.126080
11.157965
7.246848
11.632640
9.370625
11.894784
9.610240
9.013248
11.006976
9.612288
10.662912
7.218176
11.643904
11.862016
7.221248
12.763136
7.401933
11.255808
11.240448
4.818944
10.656768
9.390079
9.472000
11.863040
7.236609
14.141440
11.187661
7.241728
11.633664
11.631617
11.863040
7.206912
11.768831
9.372672
9.607168
10.636288
7.221248
11.005953
11.234304
7.216128
12.761088
7.398861
11.245568
11.237375
4.822016
11.869184
7.228416
9.456640
Control Period
11.863040
7.223296
12.868608
10.575565
10.536961
9.371649
14.000128
11.719374
14.119936
11.841228
11.897856
9.383629
11.234304
11.237376
11.240448
11.257856
9.476096
11.859968
7.229440
12.883968
10.596045
10.542080
9.380864
14.004224
11.716301
14.118912
11.820749
11.894784
9.391820
11.243521
11.247616
11.240448
11.242496
9.468928
11.858944
7.215104
12.872704
10.585804
10.513409
9.366528
13.996033
11.696846
14.101503
11.807436
11.886592
9.307137
11.244544
11.236352
11.231232
11.225088
9.458688
11.850752
7.214080
14.102528
11.803341
12.943359
10.643148
10.529793
9.353216
13.986816
11.690701
14.118912
11.825869
11.883520
9.315329
11.231232
11.241472
11.238400
11.233280
9.451520
11.863040
7.224320
12.893184
10.599117
10.486784
9.354240
13.959167
11.665100
14.117887
11.826893
11.887616
9.363457
11.230207
11.219968
11.231232
11.218945
9.461760
11.858944
7.205888
12.639233
10.069710
12.855296
10.552012
10.534912
9.326591
13.989887
11.699917
14.105600
11.806414
11.893760
9.376460
11.240448
11.251712
11.227136
11.234304
9.464832
11.855872
7.216128
12.865536
10.562252
10.524672
9.589760
10.518528
9.373696
14.001152
11.701965
14.106625
11.813581
11.881472
9.362432
Control Period
11.235329
11.226112
11.229184
11.219968
14.120960
11.903086
14.182619
11.958600
13.006262
13.026851
13.072016
13.098749
13.141867
12.556249
11.963463
14.246068
12.028193
14.312847
12.094973
13.159019
13.191896
13.235014
13.265843
13.315105
12.726415
12.138748
14.425449
12.201430
14.493252
12.280498
13.329184
13.363086
13.391867
13.421672
13.450453
12.853570
12.272047
14.554652
12.321418
14.608119
12.397413
13.446099
13.473856
13.505710
13.531419
13.554056
12.958198
12.372580
14.649041
12.430143
14.721965
12.505115
13.548680
13.581558
13.611363
13.641169
13.677117
13.098667
12.511001
14.791558
12.572660
14.862433
12.642511
13.683005
13.713835
13.747737
13.772423
13.814516
13.218657
12.625871
14.923836
12.702889
14.994711
12.761477
13.807090
13.849183
13.897421
13.922107
13.952936
13.366294
12.781700
15.058162
12.837215
15.121869
12.898874
13.950632
13.982486
14.011267
14.048240
14.082142
13.499596
12.905786
15.201703
12.970516
15.264386
13.048559
14.099293
14.117834
14.155831
14.190757
14.226706
13.633919
13.037036
15.323738
13.100743
15.381300
13.168546
14.219279
14.251133
14.285035
Control Period
13.706585
12.452519
11.220991
11.246592
14.102528
13.462862
12.813981
11.544556
11.231232
14.100480
11.211086
12.867584
12.234063
11.856895
14.118912
11.219278
12.859392
12.214606
11.855871
11.226112
11.240448
14.104576
13.469007
12.846748
11.588587
11.230207
14.114816
11.220303
12.866560
12.234062
11.847680
14.104576
11.208014
12.862464
12.218702
11.849728
11.222015
11.231232
14.103552
13.469007
12.817053
12.179435
11.853825
14.113792
11.213136
12.859392
12.228942
11.862016
11.224064
11.245567
14.129152
13.480270
12.838557
11.572204
11.231232
14.121984
11.225423
12.869632
12.218702
11.856895
14.096384
11.192655
12.870656
12.236111
11.853825
11.238400
11.230207
14.108671
13.466958
12.826268
11.550698
11.233280
14.109695
11.214158
12.862464
12.212559
11.849728
14.109695
11.222350
12.866560
12.223823
11.850752
11.228160
11.223040
14.104576
13.467982
12.816029
12.174315
11.854848
14.103552
11.204942
12.874752
12.230990
11.845632
11.236352
11.224064
14.116863
13.475150
12.840605
11.578347
11.232256
14.108672
11.212111
12.866560
12.240207
11.855872
14.088192
11.193679
Control Period
12.871680
12.223823
11.862017
14.110720
11.061146
12.875776
11.451290
11.232256
12.859392
12.052378
11.841536
14.113792
13.313946
12.523315
14.109695
11.056025
12.858368
11.424665
11.218944
14.097408
13.305754
12.510003
14.105600
13.308825
12.518195
11.231232
11.239424
12.858368
12.065689
11.857920
14.111744
13.324185
12.528435
14.115840
11.057050
12.877824
11.458457
11.229183
14.102528
13.295513
12.499763
14.103552
13.306778
12.503859
11.229183
11.243521
12.861440
11.442073
11.232256
14.111744
13.313946
12.518195
14.100479
11.045784
12.866560
11.450266
11.230207
12.861440
12.061593
11.855871
14.110720
13.312922
12.520243
11.220991
11.236352
12.864511
11.445145
11.229183
14.108671
13.309849
12.517170
14.117887
13.329306
12.537651
11.232256
11.234304
12.865536
12.065689
11.850752
14.097408
13.302682
12.503860
14.111744
11.047833
12.864511
11.458457
11.230207
14.115840
13.315993
12.528435
14.098432
13.307801
12.496691
11.235328
11.226112
12.858368
12.047257
11.848703
14.113792
13.311897
12.506930
14.118912
11.071385
12.869632
11.452313
11.223040
Control Period
14.102528
13.129446
12.168653
14.103552
13.137639
12.167630
12.874752
11.280103
11.231232
12.857344
11.259623
11.232256
12.867584
11.266791
13.496320
12.522214
14.103552
13.132519
12.166606
14.115840
13.145831
12.177871
14.097408
13.124327
12.155342
14.096384
13.125351
12.166606
12.879871
11.296486
11.237375
12.873728
11.269863
11.226112
12.860416
11.274983
13.485056
12.511974
14.108671
13.131495
12.167629
14.099456
13.130471
12.162511
14.107648
13.128423
12.155341
14.120960
13.142759
12.172750
14.108672
12.515047
11.242496
12.861441
11.269863
11.227136
12.858368
11.266790
13.487104
12.515047
14.103552
13.137639
12.172750
14.117887
13.148903
12.180943
14.106624
13.136615
12.162509
14.110720
13.137638
12.162509
14.115840
12.518119
11.225088
12.862464
11.276008
11.231232
12.865536
11.280103
13.478912
12.517096
14.109695
13.133542
12.169677
14.106624
13.135591
12.174798
14.114816
13.143783
12.181966
14.120960
13.156071
12.187086
14.101503
12.514023
11.229183
12.860416
11.270887
11.233280
12.861440
11.260647
13.498367
12.527334
Control Period
14.105600
12.946965
11.852800
12.863488
11.230207
13.508608
12.342805
14.107648
12.321301
13.488128
12.326421
14.104576
12.935701
11.858944
12.871680
14.112768
12.951061
11.842560
12.864511
14.099456
12.923412
11.851776
14.106624
12.328468
13.496321
12.339734
14.107648
12.320276
11.232256
12.855295
14.100480
12.939797
11.850752
12.857344
14.107648
12.945941
11.850752
12.865536
11.241472
13.488128
12.327445
14.099456
12.321301
13.485056
12.320277
14.110720
12.953109
11.847679
12.861441
14.105600
12.935701
11.858944
12.861441
11.232256
13.483007
12.306964
14.113792
12.324373
13.490176
12.322325
14.107648
12.321301
11.238400
12.872704
14.107648
12.928533
11.854848
12.860416
14.114816
12.938772
11.863040
12.860416
11.235328
13.490175
12.322324
14.124032
12.337685
13.485056
12.325397
14.100480
12.941845
11.848703
12.865536
14.114817
12.946965
11.851776
12.857344
14.102528
12.946965
11.841536
14.106624
12.323349
13.476864
12.303893
14.111744
12.323349
11.237375
12.872704
14.112768
12.949014
11.856895
Control Period
12.870656
14.120960
12.763066
14.104576
12.735418
14.107648
14.989242
13.607796
12.228397
12.863488
14.102528
12.108729
13.483007
12.104633
12.854272
14.106624
12.119994
13.477888
12.104633
12.847104
14.106624
12.108729
13.477888
12.111802
12.874752
14.106625
12.112826
13.491199
12.117945
14.105600
14.976954
13.621109
14.509871
13.137640
14.101503
14.983097
13.611891
12.244781
12.853249
14.106625
12.110779
13.486080
12.116922
12.873728
14.096384
12.111802
13.487104
12.114874
12.866560
14.106625
12.129210
13.499392
12.133305
12.867584
14.106625
12.125114
13.486080
12.110778
14.100479
14.964664
13.583218
14.468907
13.097702
14.111744
14.994362
13.623156
12.261166
12.875776
14.102528
12.114874
13.486080
12.114874
12.864511
14.103552
12.105658
13.488129
12.122042
12.862464
14.099456
12.099513
13.477888
12.108730
12.869633
14.106625
12.122043
13.483007
12.124089
14.108671
15.000505
13.634418
14.516012
13.146854
14.102528
12.119993
13.487104
12.108730
12.884993
14.106624
12.111801
13.489152
Control Period
12.114873
12.856319
14.111744
14.731657
12.480274
13.495296
14.104969
12.470034
12.873728
14.100479
14.718344
12.455697
13.484032
14.111744
12.469641
12.857344
14.114817
14.723466
12.465940
13.484032
14.111744
12.471689
12.859392
14.095360
14.710154
12.457747
13.477888
14.115840
12.464521
12.866560
14.101503
11.845000
12.867584
13.486080
11.856895
12.882944
12.865536
14.119936
11.865480
12.864511
13.481984
11.851776
12.861440
12.868608
14.110720
11.851145
13.484032
14.112768
12.478857
12.865536
14.104576
14.717321
12.462866
13.486080
14.113792
12.476810
12.877824
14.108672
14.714250
12.458771
13.479937
14.103552
12.452232
12.861440
14.105600
14.724489
12.454674
13.497344
14.118281
12.479251
12.863487
14.118912
14.740873
12.476179
13.488129
14.115840
12.462473
12.858368
14.103552
14.713224
12.455698
13.484032
14.098432
12.454281
12.856319
14.114817
14.740873
12.481298
13.476864
11.842560
14.103552
14.717321
13.075218
11.843584
12.868608
14.108672
14.724489
Control Period
12.453650
12.861441
13.481984
14.111744
14.496999
12.619214
12.863488
12.876801
14.113792
14.487784
14.868944
15.249080
12.757919
12.872704
13.488129
14.111744
14.493927
14.873038
13.002422
12.870656
12.865536
14.107648
14.481640
14.858703
12.357302
12.854272
13.477888
14.116863
14.507238
14.888398
13.017782
12.873728
12.865536
14.114817
14.495976
14.889423
15.267510
12.770205
12.864511
13.489152
14.120960
14.499047
12.628431
12.879872
12.872704
14.127104
14.499047
14.873039
15.247031
12.750751
12.856319
13.481984
14.108672
14.488808
14.859727
12.994230
12.850176
12.859392
14.104576
14.473447
14.859726
12.362421
12.862464
12.873728
13.480960
14.126080
14.501095
12.632526
12.859392
12.868608
14.106625
14.481640
14.865871
15.251126
12.746654
12.869633
13.493248
14.101503
14.467303
12.588494
12.874752
12.870656
12.868608
14.104576
14.476520
14.853582
12.338870
12.868608
13.487104
14.101503
14.476519
14.844366
12.970677
12.861441
12.879871
Control Period
14.103552
14.199037
14.284281
14.386933
14.480370
11.697391
12.874752
12.869632
13.485056
14.108672
14.198013
14.284282
14.379766
12.219378
12.858368
12.871680
12.873728
14.106624
14.205181
14.300666
14.388983
14.490611
11.698416
12.865536
12.873728
13.483007
14.108671
14.193915
14.291449
14.383861
12.220402
12.867584
12.860416
12.875776
14.110720
14.202108
14.292474
14.383862
14.480371
11.698417
12.867584
12.869633
13.489152
14.098432
14.193916
14.285305
14.374646
12.205043
12.859392
12.869633
12.861440
14.114817
14.201085
14.300666
14.401270
14.501874
11.725039
12.871680
12.859392
13.473792
14.106624
14.200060
14.306808
14.399221
12.238834
12.870656
12.861441
12.862464
14.121984
14.204158
14.291451
14.379767
14.468084
11.686130
12.864511
12.860416
13.476864
14.106624
14.190845
14.268921
14.364406
12.201971
12.868608
12.870656
12.864511
14.113792
14.214397
14.298618
14.391031
14.483444
11.701489
12.857344
12.871679
12.873728
Control Period
13.491199
14.100479
14.114816
14.106625
14.113792
11.850752
12.864511
12.864511
12.865536
14.111744
14.096384
14.112768
14.103552
14.114817
11.244544
12.852224
12.869633
13.491199
14.101503
14.115840
14.104576
14.097408
11.859968
12.856319
12.870656
12.857344
14.111744
14.107648
14.118912
14.101503
14.108671
11.237376
12.860416
12.868608
13.480960
14.105600
14.120960
14.110720
14.105600
11.848703
12.861441
12.876801
12.869632
14.097408
14.111744
14.114817
14.108671
14.105600
11.225088
12.874752
12.866560
13.483007
14.106625
14.107648
14.104576
14.108672
11.842560
12.872704
12.869632
12.872704
14.104576
14.119936
14.115840
14.105600
14.107648
11.223040
12.866560
12.873728
13.492224
14.112768
14.099456
14.106624
14.117887
11.848703
12.859392
12.862464
12.863487
14.113792
14.107648
14.103552
14.110720
14.099456
11.236352
12.873728
12.866560
13.491199
14.101503
14.099456
14.097408
14.109695
11.850752
12.864511
12.863488
Control Period
12.863487
14.109695
14.103552
14.102528
14.107648
14.090240
11.236352
12.867584
12.865536
13.494272
14.092288
14.105600
14.099456
14.103552
11.853825
12.857344
12.862464
12.869633
14.115840
14.108671
14.200832
14.099456
14.108671
11.236352
12.858368
12.855295
12.867584
13.496320
14.098433
14.108671
14.101503
14.110720
11.857920
12.864511
12.873728
14.104576
14.101503
14.102528
14.107648
14.097408
14.115840
11.230207
12.874752
12.861440
13.481984
14.117887
14.109695
14.116863
14.108672
11.855872
12.867584
12.868608
12.870656
14.114817
14.114817
14.106624
14.114816
14.104576
11.227136
12.862464
12.867584
13.486080
14.115840
14.113792
14.104576
14.105600
11.863040
12.858368
12.861441
12.872704
14.096384
14.103552
14.109695
14.120960
14.107648
11.224064
12.858368
12.868608
13.493248
14.104576
14.101503
14.117887
14.114817
11.851776
12.863488
12.872704
12.855296
14.109695
14.108671
14.103552
14.105600
14.106625
11.226112
12.855296
Control Period
12.873728
13.489152
14.114817
14.102528
14.126080
14.109695
11.846656
12.856319
12.869633
12.864511
14.106625
14.115840
14.110720
14.107648
14.097408
11.224064
12.849152
12.872704
13.479936
14.110720
14.103552
14.106624
14.110720
11.851776
12.862464
12.862464
12.866560
14.106624
14.120960
14.097408
14.114817
14.106624
11.228160
12.863488
12.882944
13.476864
14.113792
14.107648
14.104576
14.108672
11.852800
12.860416
12.862464
12.866560
14.103552
14.118912
14.096384
14.111744
14.118912
14.106625
11.227136
12.866560
12.858368
13.478912
14.106625
14.096384
14.108672
14.106624
11.855872
12.875776
12.855296
12.859392
14.102528
14.108671
14.103552
14.113792
11.218944
12.879871
12.859392
13.486080
14.100479
14.120960
14.112768
14.106625
14.104576
11.858944
12.883968
12.863487
12.857344
14.116863
14.105600
14.120960
14.101503
14.106625
11.233280
12.852224
12.866560
13.479937
14.112768
14.113792
14.111744
14.106625
11.852800
12.879871
Control Period
12.858368
12.863488
14.101503
14.111744
14.111744
14.108672
14.105600
11.233280
12.877825
12.867584
13.498367
14.108672
14.115840
14.112768
14.125055
11.850752
12.862464
12.875776
12.862464
14.109695
14.109695
14.102528
14.108672
14.106625
11.230207
12.864511
12.866560
13.476864
14.091264
14.106624
14.115840
14.104576
14.101503
11.849728
12.852224
12.856319
12.857344
14.098432
14.111744
14.095360
14.099456
14.106625
11.227137
12.855296
12.860416
13.485056
14.107648
14.110720
14.098433
14.108672
11.858944
12.859392
12.860416
14.099456
14.101503
14.116864
14.111744
14.124032
14.097408
11.227137
12.866560
12.865536
13.490176
14.106624
14.105600
14.109695
14.106624
11.853825
12.876801
12.918784
12.872704
14.109695
14.105600
14.101503
14.109695
14.114816
11.231232
12.858368
12.858368
13.492224
14.100479
14.101503
14.111744
14.098433
11.847679
12.858368
12.870656
12.860416
14.105600
14.106624
14.099457
14.109695
14.116864
11.218945
Control Period
12.865536
12.873728
13.471745
14.109695
14.096384
14.097408
14.099456
11.849728
12.868608
12.868608
12.864511
14.099456
14.102528
14.111744
14.110720
14.103552
11.235328
12.867584
12.872704
13.489152
14.104576
14.113792
14.098432
14.127104
11.850752
12.862464
12.877825
12.869632
14.109695
14.099456
14.109695
14.105600
14.105600
11.242496
12.850176
12.868608
13.483007
14.116864
14.099456
14.092288
14.107648
11.839488
12.862464
12.864511
12.856319
14.102528
14.099457
14.099456
14.111744
14.115840
14.108672
11.233280
12.869633
12.860416
13.480960
14.111744
14.109695
14.104576
14.124032
11.853824
12.866560
12.854272
12.864511
14.105600
14.091265
14.108672
14.102528
14.113792
11.232256
12.864511
12.867584
13.481984
14.105600
14.101503
14.111744
14.109695
11.866112
12.869633
12.881920
12.862464
14.119936
14.105600
14.108672
14.103552
14.109695
11.235329
12.857344
12.861441
13.486080
14.102528
14.104576
14.098433
14.104576
11.853825
Control Period
12.872704
12.870656
12.874752
14.101503
14.108672
14.126080
14.107648
14.102528
11.235329
12.874752
12.870656
13.481983
14.103552
14.104576
14.111744
14.107648
11.853825
12.876801
12.865536
12.865536
14.098432
14.113792
14.115840
14.101503
14.104576
11.222015
12.871680
12.858368
13.479936
14.107648
14.115840
14.107648
14.097408
11.839488
12.860416
12.866560
12.858368
12.871680
14.105600
14.116863
14.108672
14.103552
11.236352
12.852224
12.866560
13.490175
14.098432
14.110720
14.100480
14.110720
11.847679
12.866560
12.865536
12.869632
14.115840
14.105600
14.106624
14.119936
14.110720
14.101503
11.229183
12.864511
12.877825
13.487104
14.104576
14.116863
14.097408
14.111744
11.849728
12.867584
12.869632
12.862464
14.104576
14.111744
14.119936
14.101503
14.098433
11.228160
12.856319
12.856319
13.488128
14.114816
14.107648
14.102528
11.855871
12.866560
12.867584
12.874752
14.099456
14.118912
14.100479
14.114816
14.097408
11.228160
Control Period
12.861441
12.853248
13.490175
14.120960
14.101503
14.101503
14.108671
14.103552
11.857920
12.870656
12.866560
12.867584
14.103552
14.098433
14.106624
14.106625
11.229183
12.864511
12.858368
13.487104
14.109695
14.106624
14.102528
14.101503
11.856895
12.859392
12.868608
12.865536
14.104576
14.107648
14.095360
14.103552
14.116864
14.094336
11.233280
12.869632
12.872704
13.487104
14.118912
14.095360
14.105600
14.108672
11.854848
12.862464
12.875776
12.867584
14.095360
14.112768
14.103552
14.116863
14.112768
11.236352
12.871679
12.849152
13.485056
14.115840
14.102528
14.093311
14.107648
11.846656
12.865536
12.866560
12.862464
14.112768
14.105600
14.100479
14.099456
14.116863
11.222015
12.865536
12.874752
13.495296
14.108671
14.095360
14.109695
14.112768
11.847679
12.859392
12.853248
12.880896
14.110720
14.109695
14.120960
14.102528
14.114816
11.222015
12.868608
12.858368
13.493248
14.104576
14.100479
14.111744
14.106624
11.860992
Control Period
12.873728
12.855295
12.871680
14.099456
14.104576
14.108671
14.099456
14.118912
11.222015
12.867584
12.869633
13.494272
14.109695
14.107648
14.115840
14.121984
14.108672
11.851776
12.868608
12.861440
12.862464
14.106625
14.109695
14.115840
14.092288
14.105600
11.225088
12.870656
12.862464
13.498368
14.109695
14.101503
14.113792
14.105600
11.839488
12.859392
12.868608
14.114817
14.113792
14.097408
14.114816
14.095360
14.107648
11.237375
12.866560
12.865536
13.481984
14.110720
14.110720
14.102528
11.845633
12.856319
12.864511
12.857344
12.866560
14.101503
14.106624
14.100480
14.111744
11.224064
12.864511
12.869632
12.855295
13.486080
14.110720
14.105600
14.108671
14.095360
11.851776
12.859392
12.870656
12.863488
14.115840
14.100479
14.106625
14.112768
14.109695
11.233280
12.869633
12.872704
13.471744
14.110720
14.118912
14.115840
11.850752
12.864511
12.855295
12.868608
14.105600
14.102528
14.111744
14.116863
14.118912
11.228160
Control Period
12.859392
12.877824
12.867584
13.485056
14.105600
14.102528
14.108671
14.104576
11.864063
12.861441
12.869633
12.868608
14.110720
14.106625
14.113792
14.099456
14.105600
11.232256
12.868608
12.870656
13.488129
14.112768
14.106624
14.114816
11.852800
12.866560
12.863488
12.870656
12.862464
14.111744
14.104576
14.108671
14.102528
14.109695
11.222015
12.939264
12.857344
13.490175
14.108672
14.102528
14.100479
14.109695
11.864064
12.860416
12.864511
12.857344
14.106625
14.108671
14.102528
14.123009
14.097408
11.229184
12.860416
12.871680
13.494272
14.099456
14.107648
14.100480
14.113792
11.851776
12.872704
12.869633
12.858368
14.115840
14.112768
14.121984
14.112768
14.108671
11.239424
12.868608
12.864511
13.488129
14.097408
14.107648
14.111744
14.120960
11.846656
12.864511
12.856319
12.859392
14.113792
14.104576
14.109695
14.106624
14.110720
11.222015
12.865536
12.860416
13.474815
14.100480
14.114817
14.091264
14.092288
11.844608
Control Period
12.862464
12.854272
12.854272
14.107648
14.105600
14.113792
14.112768
14.113792
11.222015
12.862464
12.874752
13.489152
14.111744
14.107648
14.109695
14.113792
11.850752
12.861440
12.870656
12.856319
14.098432
14.109695
14.104576
14.106625
14.115840
11.222015
12.862464
12.852224
13.476864
14.110720
14.105600
14.109695
14.113792
11.853824
12.870656
12.870656
12.853249
14.105600
14.100479
14.100479
14.109695
14.099456
14.111744
11.233280
12.867584
13.477888
14.118912
14.110720
14.100480
14.104576
14.102528
11.869184
12.852224
12.852224
12.860416
14.097408
14.104576
14.098433
14.106624
14.110720
11.233280
12.864511
12.867584
13.489152
14.111744
14.106624
14.113792
14.114816
11.847679
12.864511
12.862464
12.860416
14.108671
14.102528
14.116863
14.112768
14.110720
11.232256
12.861440
12.862464
13.489152
14.102528
14.111744
14.103552
14.123009
11.849728
12.858368
12.860416
12.864511
14.115840
14.107648
14.111744
14.100480
14.101503
Control Period
11.226112
12.861441
12.852224
13.485056
14.107648
14.105600
14.109695
14.103552
11.848703
12.856319
12.865536
12.884993
14.110720
14.103552
14.108672
14.106624
14.099456
11.227136
12.867584
12.857344
13.478912
14.108671
14.111744
14.103552
14.117887
11.853824
12.874752
12.858368
12.862464
14.113792
14.111744
14.114816
14.101503
14.104576
11.228160
12.864511
12.858368
11.215872
11.225088
12.865536
12.857344
12.863487
13.491199
14.116863
14.110720
14.106624
14.084096
11.850752
12.861441
12.875776
12.864511
14.108672
14.112768
14.109695
14.094336
14.109695
14.100480
11.243521
12.861440
12.864511
13.487104
14.101503
14.115840
14.112768
11.843584
12.867584
12.857344
12.863487
14.100479
14.105600
14.114816
14.092287
14.099456
11.232256
12.862464
12.872704
13.477888
14.105600
14.108672
14.117887
14.113792
14.110720
11.857920
12.861440
12.879871
14.094336
14.113792
14.098433
14.110720
14.107648
14.106624
11.224064
12.861440
12.866560
Control Period
13.485056
14.110720
14.110720
14.117887
14.098432
11.851776
12.858368
12.865536
14.102528
14.108672
14.097408
14.114816
14.116863
14.117887
11.243521
12.855296
12.861441
13.483007
14.118912
14.124032
14.126080
14.111744
11.863040
12.880896
12.870656
12.873728
14.116864
14.108671
14.108671
14.114816
14.107648
11.222015
12.870656
12.863487
13.485056
14.105600
14.109695
14.101503
14.112768
11.857920
12.865536
12.867584
12.864511
14.115840
14.112768
14.101503
14.111744
14.105600
11.235329
12.873728
12.861441
13.480960
14.104576
14.104576
14.089216
14.102528
11.855872
12.872704
12.859392
12.858368
14.109695
14.113792
14.103552
14.108672
14.119936
11.215872
12.866560
12.863487
13.492224
14.105600
14.111744
14.104576
14.104576
14.115840
11.856895
12.857344
12.867584
12.865536
14.110720
14.103552
14.107648
14.111744
14.100479
11.234304
12.858368
12.868608
13.472768
14.105600
14.100479
14.116863
14.104576
11.846656
12.864511
12.874752
Control Period
12.872704
14.112768
14.110720
14.102528
14.105600
14.095360
11.224064
12.858368
12.862464
13.485056
14.089216
14.099456
14.102528
11.848703
12.865536
12.860416
12.872704
12.874752
14.101503
14.109695
14.100480
14.104576
14.105600
11.226112
12.860416
12.863487
13.489152
14.102528
14.110720
14.105600
14.112768
11.858944
12.872704
12.865536
12.870656
14.097408
14.098433
14.112768
14.106625
14.111744
11.219968
12.859392
13.488128
14.116864
14.103552
14.110720
14.110720
14.095360
11.858944
12.865536
12.863488
12.861440
14.106624
14.119936
14.099456
14.106624
14.106625
11.228160
12.865536
12.875776
13.490175
14.106624
14.115840
14.106625
14.099456
11.847680
12.862464
12.862464
12.857344
14.112768
14.114817
14.102528
14.098433
11.224064
12.866560
12.861440
12.873728
13.493248
14.111744
14.109695
14.109695
14.106625
11.843584
12.862464
12.864511
14.111744
14.112768
14.101503
14.097408
14.114816
14.109695
11.223040
12.869633
12.862464
Control Period
13.479936
14.101503
14.105600
14.119936
14.108672
11.854848
12.864511
12.866560
12.862464
14.105600
14.102528
14.102528
14.108672
14.116863
11.227137
12.858368
12.870656
13.495296
14.102528
14.117887
14.103552
14.114817
11.857920
12.876801
12.866560
12.864511
14.111744
14.103552
14.106624
14.101503
14.107648
11.225088
12.866560
12.869632
13.492224
14.099456
14.107648
14.101503
14.104576
11.858944
12.865536
12.867584
12.860416
14.107648
14.105600
14.101503
14.103552
14.110720
11.248640
12.863488
12.870656
13.491199
14.118912
14.095360
14.105600
14.114816
11.856895
12.865536
12.861441
12.864511
14.105600
14.110720
14.107648
14.106624
14.112768
11.230207
12.860416
12.855295
13.485056
14.111744
14.113792
14.117887
14.112768
11.854848
12.874752
12.847103
12.862464
12.856319
14.093311
14.112768
14.110720
14.113792
14.109695
11.229184
12.868608
12.877824
13.493248
14.104576
14.119936
14.101503
14.115840
11.853825
12.863488
12.863487
Control Period
14.111744
14.109695
14.107648
14.109695
14.111744
11.239424
12.861440
12.853249
12.860416
13.481984
14.108671
14.111744
14.103552
14.091264
11.853824
12.857344
12.859392
12.865536
14.109695
14.107648
14.120960
14.103552
14.097408
11.232256
12.870656
12.865536
13.480960
14.119936
14.108672
14.102528
14.110720
11.845632
12.864511
12.871680
12.859392
14.103552
14.100480
14.102528
14.110720
14.103552
11.236352
12.863488
12.865536
13.481983
14.106624
14.102528
14.114817
14.093311
11.850752
12.865536
12.866560
12.869633
14.108671
14.110720
14.102528
14.111744
14.105600
11.235328
12.862464
12.864511
13.493248
14.104576
14.106625
14.107648
14.110720
11.851776
12.865536
12.867584
12.853249
14.110720
14.106625
14.106624
14.100480
14.108671
11.228160
12.876801
12.862464
13.489152
14.106625
14.112768
14.105600
14.105600
11.842560
12.867584
12.867584
12.874752
14.097408
14.096384
14.106624
14.095360
14.109695
11.231232
12.872704
12.872704
Control Period
12.863488
13.483007
14.117887
14.108671
14.120960
11.857920
12.862464
12.870656
12.865536
14.111744
14.109695
14.120960
14.114817
14.107648
11.243521
12.857344
12.858368
13.474815
14.113792
14.112768
14.109695
14.107648
11.860992
12.853249
12.865536
12.858368
14.111744
14.094336
14.106624
14.104576
14.087168
11.225088
12.857344
12.856319
13.487104
14.103552
14.100480
14.109695
14.107648
14.107648
11.842560
12.873728
12.880896
12.849152
14.106625
14.098432
14.113792
14.102528
11.222015
12.860416
12.954624
12.878848
13.484032
14.107648
14.106624
14.102528
14.107648
11.855871
12.859392
12.870656
14.111744
14.115840
14.103552
14.119936
14.113792
14.112768
11.235328
12.857344
12.860416
13.477888
14.102528
14.108671
14.116864
11.850752
12.850176
12.858368
12.869632
12.856319
14.117887
14.104576
14.105600
14.106625
14.110720
11.232256
12.859392
12.863488
13.479937
14.105600
14.114817
14.112768
11.843584
12.865536
12.864511
12.870656
Control Period
12.863488
14.104576
14.109695
14.101503
14.107648
14.108672
11.231232
12.872704
12.873728
13.477888
14.111744
14.111744
14.124032
14.117887
11.852800
12.855295
12.860416
12.854272
14.089216
14.102528
14.105600
14.109695
14.099456
11.236352
12.858368
13.488128
14.112768
14.106625
14.095360
14.105600
14.099456
11.851776
12.868608
12.864511
14.095360
14.101503
14.107648
14.107648
14.100479
14.110720
11.223040
12.863487
12.859392
13.484032
14.111744
14.107648
14.107648
14.105600
11.859968
12.859392
12.857344
12.860416
14.115840
14.103552
14.096384
14.118912
14.118912
11.227137
12.877825
12.853248
13.492224
14.110720
14.108672
14.113792
14.108672
11.857920
12.867584
12.879872
12.857344
14.114817
14.087168
14.103552
14.107648
14.109695
11.235329
12.858368
12.847103
13.492224
14.110720
14.108671
14.110720
14.106624
11.852800
12.857344
12.872704
12.865536
14.102528
14.099456
14.112768
14.104576
14.113792
11.231232
12.856319
12.855295
Control Period
13.487104
14.110720
14.108672
14.099456
14.116863
11.850752
12.866560
12.852224
12.858368
14.111744
14.109695
14.110720
14.087168
14.113792
11.224064
12.867584
12.880896
13.489152
14.110720
14.105600
14.106624
14.102528
11.856895
12.860416
12.854272
12.863487
14.108672
14.103552
14.103552
14.113792
14.101503
11.226112
12.865536
12.859392
13.497344
14.105600
14.104576
14.109695
14.098432
11.854848
12.864511
12.859392
12.860416
14.108672
14.105600
14.104576
14.103552
14.104576
11.233280
12.851200
12.878848
13.487104
14.104576
14.101503
14.115840
14.101503
11.855871
12.862464
12.860416
12.863487
14.101503
14.105600
14.097408
14.108672
14.102528
11.237375
12.861440
11.235328
11.855872
14.107648
14.113792
14.116863
14.108672
14.115840
14.102528
11.846656
12.872704
12.859392
12.863488
14.107648
14.103552
14.109695
14.104576
14.104576
11.234304
12.875776
12.869632
13.484032
14.110720
14.103552
14.097408
14.100480
11.845633
12.868608
Control Period
12.860416
12.871680
14.102528
14.103552
14.114817
14.110720
14.104576
11.238400
12.865536
12.862464
13.486080
14.113792
14.107648
14.107648
14.095360
11.854848
12.864511
12.851200
12.869633
14.107648
14.106624
14.100479
14.118912
14.110720
11.223040
12.862464
12.867584
13.481983
14.113792
14.103552
14.102528
14.114817
11.863040
12.872704
12.852224
12.859392
14.109695
14.109695
14.115840
14.119936
14.110720
11.233280
12.880896
12.855296
13.473791
14.106625
14.106624
14.109695
14.105600
11.860992
12.872704
12.857344
12.869632
14.104576
14.113792
14.110720
14.093311
14.108672
11.234304
12.875776
12.856319
13.487104
14.109695
14.102528
14.099456
14.110720
11.854848
12.857344
12.863487
12.865536
14.103552
14.110720
14.104576
14.105600
14.108672
14.096384
11.232256
12.872704
13.483007
14.097408
14.105600
14.118912
14.106624
14.100480
11.854848
12.863487
12.864511
12.868608
14.114817
14.109695
14.114817
14.106624
14.115840
11.234304
Control Period
12.866560
12.866560
13.486080
14.098433
14.105600
14.111744
14.110720
11.870209
12.857344
12.877824
12.872704
14.100480
14.109695
14.109695
14.112768
14.101503
11.227136
12.870656
12.862464
13.479936
14.111744
14.117887
14.097408
14.101503
11.851776
12.867584
12.861441
12.858368
14.110720
14.099456
14.114816
14.113792
14.126080
11.235328
12.861440
12.870656
13.487104
14.108672
14.107649
14.115840
14.120960
14.112768
11.858944
12.872704
12.861440
14.109695
14.105600
14.105600
14.092288
14.108671
11.231232
12.878848
12.864511
12.857344
13.493248
14.110720
14.104576
14.113792
14.109695
11.852800
12.862464
12.856319
12.883968
14.117887
14.108672
14.112768
14.102528
14.104576
11.238400
12.862464
13.490176
14.114816
14.112768
14.105600
14.116863
14.099456
11.859968
12.870656
12.866560
12.865536
14.108671
14.113792
14.103552
14.103552
14.098432
11.229184
12.877824
12.862464
13.480960
14.124032
14.101503
14.113792
14.106624
11.854848
Control Period
12.855295
12.876800
12.863487
14.101503
14.114817
14.115840
14.107648
14.103552
11.239424
12.870656
12.853248
13.488129
14.107648
14.100479
14.105600
14.120960
11.846656
12.859392
12.865536
12.869633
14.105600
14.118912
14.093311
14.113792
14.112768
11.240448
12.868608
12.857344
12.877824
13.498367
14.110720
14.103552
14.105600
14.108671
11.842560
12.864511
12.864511
12.866560
14.109695
14.108671
14.105600
14.099456
11.235328
12.857344
12.866560
13.489152
14.121984
14.103552
14.101503
14.119936
11.855872
12.865536
12.866560
12.864511
14.112768
14.100479
14.108671
14.102528
14.112768
11.231232
12.863488
12.850176
13.484032
14.111744
14.100479
14.105600
14.115840
14.109695
11.844608
12.858368
12.860416
14.099456
14.116864
14.107648
14.105600
14.102528
11.233280
12.869632
12.856319
12.872704
13.492224
14.113792
14.105600
14.099456
14.108671
11.855872
12.855296
12.860416
12.872704
14.107648
14.103552
14.109695
14.100480
14.106625
Control Period
11.238400
12.855295
13.477888
14.111744
14.127104
14.111744
14.112768
14.109695
11.855872
12.869632
12.862464
12.862464
14.093312
14.102528
14.101503
14.110720
14.116863
11.228160
12.864511
12.870656
13.489152
14.106624
14.114816
14.101503
14.107648
11.853825
12.866560
12.856319
12.878848
14.120960
14.107648
14.102528
14.100479
14.117887
11.220992
12.854272
12.872704
13.476864
14.105600
14.105600
14.113792
14.113792
11.852800
12.883968
12.857344
12.871679
14.115840
14.119936
14.106624
14.108672
14.101503
11.231232
12.863487
12.862464
13.502464
14.123009
14.107648
14.126080
14.108672
11.854848
12.860416
12.857344
12.859392
14.101503
14.102528
14.109695
14.115840
14.110720
11.242496
12.859392
12.873728
13.481984
14.114817
14.111744
14.108671
14.110720
11.849728
12.866560
12.855296
12.861441
14.119936
14.104576
14.095360
14.112768
14.105600
14.116864
11.230207
12.857344
12.864511
13.488128
14.112768
14.113792
14.102528
14.110720
Control Period
11.852800
12.865536
12.860416
14.097408
14.113792
14.106625
14.110720
14.100480
14.112768
11.225088
12.867584
12.861441
13.489152
14.103552
14.103552
14.110720
14.103552
11.845633
12.868608
12.858368
12.853249
14.103552
14.099457
14.109695
14.116864
11.219968
12.860416
12.864511
12.870656
13.492224
14.109695
14.106624
14.097408
14.124032
11.850752
12.864511
12.870656
14.100479
14.109695
14.115840
14.113792
14.104576
14.112768
11.235329
12.866560
12.858368
13.480960
14.106625
14.105600
14.110720
14.107648
11.850752
12.870656
12.858368
12.878848
14.103552
14.103552
14.098432
14.115840
14.117887
11.247616
12.864511
12.862464
13.492224
14.101503
14.184448
14.116863
14.103552
11.864064
12.863487
12.865536
12.871679
14.111744
14.103552
14.107648
14.101503
14.113792
11.230207
12.874752
12.871680
13.484032
14.108671
14.107648
14.109695
14.103552
11.865088
12.862464
12.862464
12.868608
14.119936
14.102528
14.100479
14.104576
Control Period
14.103552
11.232256
12.858368
12.865536
13.476864
14.119936
14.103552
14.109695
14.110720
14.121984
11.850752
12.869632
12.875776
12.874752
14.108671
14.110720
14.111744
14.113792
14.108671
11.239424
12.858368
13.480960
14.109695
14.106624
14.099456
14.109695
14.108671
11.840512
12.856319
12.850176
12.869632
14.112768
14.108672
14.109695
14.109695
14.100479
11.229184
12.852224
13.487104
14.116864
14.103552
14.101503
14.095360
14.126080
11.853824
12.873728
12.869632
12.868608
14.103552
14.101503
14.108672
14.107648
14.117887
11.227137
12.865536
12.862464
13.481983
14.103552
14.104576
14.108671
14.119936
11.859968
12.866560
12.858368
12.872704
14.101503
14.100480
14.114817
14.102528
14.097408
11.241472
12.869633
12.860416
13.473791
14.102528
14.111744
14.106625
14.105600
11.850752
12.869632
12.868608
12.867584
14.099456
14.099456
14.104576
14.112768
14.121984
11.230207
12.864511
12.867584
13.491199
14.101503
14.105600
14.106625
Control Period
14.101504
11.849728
12.862464
12.862464
12.860416
14.105600
14.120960
14.108671
14.108671
11.236352
12.870656
12.862464
13.485056
14.105600
14.110720
14.114817
14.098432
11.848703
12.855296
12.857344
12.864511
14.103552
14.108672
14.111744
14.102528
14.106624
11.223040
12.865536
12.870656
13.490175
14.109695
14.100480
14.105600
14.098433
11.840511
12.855295
12.866560
12.872704
14.115840
14.104576
14.121984
14.105600
14.108672
11.240448
12.874752
12.893184
12.868608
13.485056
14.117887
14.109695
14.099456
14.096384
11.863040
12.868608
12.872704
12.870656
14.104576
14.112768
14.109695
14.103552
14.102528
11.228160
12.861440
12.872704
13.484032
14.116864
14.103552
14.107648
11.855872
12.864511
12.868608
12.865536
14.102528
14.102528
14.098433
14.108671
14.104576
14.103552
11.223040
12.858368
13.483007
14.117887
14.112768
14.111744
14.094336
11.858944
12.868608
12.857344
12.865536
12.866560
14.124032
14.114816
14.112768
14.103552
Control Period
14.101503
11.234304
12.870656
12.869633
13.476864
14.108671
14.109695
14.102528
14.114816
11.850752
12.865536
12.865536
12.862464
14.075904
14.101503
14.109695
14.099456
14.112768
11.236352
12.858368
13.486080
14.100480
14.109695
14.108672
14.097408
11.853824
12.854272
12.854272
12.850176
12.862464
14.104576
14.113792
14.118912
14.113792
14.103552
11.226112
12.865536
12.857344
13.494272
14.102528
14.117887
14.101503
11.842560
12.866560
12.849152
12.870656
14.108672
14.117887
14.101503
14.116863
14.103552
14.098432
11.232256
12.862464
12.872704
13.492224
14.116863
14.113792
14.111744
14.102528
11.848703
12.865536
12.871680
12.871680
14.109695
14.123009
14.120960
14.110720
14.099456
11.235328
12.862464
12.866560
13.497344
14.125056
14.101503
14.106624
14.104576
11.852800
12.843008
12.858368
12.879872
14.107648
14.103552
14.104576
14.111744
14.116864
11.240448
12.872704
12.860416
13.483007
14.111744
14.099456
14.112768
14.112768
Control Period
14.116864
11.860992
12.874752
12.866560
12.849152
14.104576
14.106625
14.109695
14.110720
14.104576
11.238400
12.862464
12.863488
13.484032
14.115840
14.103552
14.107648
14.101503
11.842560
12.868608
12.861440
12.866560
14.110720
14.106625
14.118912
14.103552
14.115840
11.305984
12.864511
12.868608
13.478912
14.113792
14.104576
14.110720
11.853825
11.857920
14.108672
14.104576
11.853824
11.858944
14.112768
14.109695
14.105600
14.120960
14.113792
11.854848
12.867584
12.868608
12.862464
14.120960
14.107648
14.108671
14.106624
14.107648
11.230207
12.869633
12.872704
13.501440
14.113792
14.108672
14.114817
14.112768
14.113792
11.850752
12.878848
12.848127
12.866560
14.106625
14.077951
14.098433
14.115840
14.116864
11.245568
12.862464
13.489152
14.102528
14.105600
14.112768
14.107648
11.851776
12.876801
12.861440
12.880896
12.859392
14.110720
14.109695
14.108672
14.106624
14.116863
11.231232
12.865536
13.489152
14.106625
14.098433
14.106624
Control Period
14.113792
11.854848
12.872704
12.864511
12.871680
12.860416
14.097408
14.113792
14.104576
14.107648
14.111744
11.236352
12.859392
12.860416
13.495296
14.112768
14.115840
14.107648
14.111744
11.859968
12.854272
12.863487
12.866560
14.110720
14.115840
14.103552
14.103552
14.098432
11.230207
12.873728
12.867584
13.489152
14.110720
14.121984
14.100479
14.108671
11.856895
12.867584
12.868608
12.874752
14.117887
14.113792
14.105600
14.105600
14.106625
11.226112
12.859392
12.860416
13.486080
14.114816
14.102528
14.102528
14.103552
11.849728
12.860416
12.855295
12.866560
14.113792
14.107648
14.106625
14.106625
14.113792
11.220992
12.862464
12.863487
13.484032
14.108672
14.103552
14.103552
14.114816
11.853825
12.870656
12.866560
12.869632
14.115840
14.104576
14.100480
14.108671
14.108671
11.246592
12.865536
12.870656
13.492224
14.120960
14.104576
14.110720
14.107648
11.854848
9.588736
12.867584
12.851200
12.871679
12.870656
14.109695
Control Period
14.106624
14.102528
14.096384
14.119936
11.240448
12.872704
12.860416
12.858368
13.476864
14.098432
14.106624
14.106625
11.853825
12.876801
12.863487
12.871680
14.112768
14.108671
14.116863
14.098433
14.101503
11.223040
12.875776
12.862464
13.494272
14.117887
14.118912
14.108671
14.125056
11.853824
12.861440
12.854272
12.854272
14.104576
14.104576
14.105600
14.105600
14.109695
14.102528
11.233280
12.869632
13.493248
14.108672
14.102528
14.103552
14.101503
11.854848
12.861440
12.864511
12.864511
14.107648
14.107648
14.099456
14.108671
14.119936
11.232256
12.869632
12.861441
13.488129
14.108671
14.111744
14.100480
14.105600
11.858944
12.864511
12.875776
12.865536
12.866560
14.103552
14.112768
14.111744
14.111744
14.101503
11.223040
12.870656
12.860416
13.501440
14.101503
14.118912
14.112768
14.111744
11.853825
12.864511
12.854272
12.864511
14.096384
14.106624
14.107648
14.088192
14.111744
11.244544
12.855295
12.871680
13.490175
Control Period
14.112768
14.103552
14.111744
14.101503
11.848703
12.860416
12.854272
12.863488
14.112768
14.112768
14.100480
14.108672
14.097408
11.236352
12.857344
12.866560
13.489152
14.105600
14.105600
14.113792
14.110720
11.856895
12.861441
12.866560
12.861441
14.101503
14.104576
14.116863
14.101503
14.100479
11.235329
12.868608
12.873728
13.491199
14.101503
14.113792
14.123008
14.109695
11.853824
12.877824
12.864511
12.871679
14.107648
14.109695
14.114816
14.103552
14.103552
11.226112
12.856319
12.873728
13.477888
14.108671
14.103552
14.090240
14.114816
11.856895
12.869632
12.870656
12.861441
14.096384
14.112768
14.106625
14.119936
14.098432
11.231232
12.871679
12.855295
13.476864
14.120960
14.113792
14.108671
14.110720
14.101503
11.848703
12.861440
12.859392
14.104576
14.101503
14.115840
14.113792
14.106624
11.322368
12.864511
12.871680
12.867584
13.486080
14.120960
14.109695
14.109695
14.123008
11.867136
12.859392
12.875776
12.866560
Control Period
14.101503
14.109695
14.110720
14.107648
14.112768
11.224064
12.865536
12.864511
13.485056
14.112768
14.103552
14.107648
14.103552
11.842560
12.866560
12.857344
12.875776
14.130177
14.104576
14.106625
14.107648
14.109695
11.230207
12.863488
12.858368
13.483007
14.106624
14.109695
14.110720
14.126080
11.858944
12.864511
12.857344
12.857344
14.106624
14.107648
14.118912
14.109695
14.113792
11.225088
12.870656
13.488129
14.108671
14.106624
14.111744
14.103552
14.103552
11.849728
12.860416
12.869633
12.865536
14.110720
14.099456
14.120960
14.102528
14.100479
11.214848
12.854272
13.485056
14.097408
14.118912
14.100480
14.106625
14.107648
11.866112
12.857344
12.860416
12.865536
14.107648
14.099456
14.101503
14.095360
14.107648
11.229183
12.861440
12.874752
13.496320
14.106625
14.111744
14.109695
11.849728
12.876801
12.863488
12.865536
14.101503
14.106625
14.109695
14.111744
14.099456
11.227136
12.864511
12.863488
13.485056
14.103552
Control Period
14.111744
14.107648
14.106625
14.117887
11.874304
12.867584
12.868608
12.861441
14.103552
14.094336
14.107648
14.108671
14.120960
11.222015
12.866560
12.856319
13.484032
14.099456
14.116864
14.108671
11.858944
12.856319
12.863487
12.864511
12.856319
14.103552
14.111744
14.103552
14.109695
14.110720
11.242496
12.866560
12.876801
13.483007
14.111744
14.100479
14.108671
14.100479
11.851776
12.866560
12.875776
12.864511
14.105600
14.100479
14.103552
14.108672
14.101503
11.236352
12.847104
12.874752
13.484032
14.109695
14.096384
14.113792
14.101503
11.842560
12.864511
12.864511
12.871680
14.109695
14.101503
14.106625
14.080000
14.115840
11.238400
12.871680
12.868608
13.488128
14.106624
14.101503
14.102528
14.114816
11.849728
12.868608
12.870656
12.857344
14.119936
14.118912
14.104576
14.108672
14.107648
11.224064
12.866560
13.484032
14.099456
14.108672
14.101503
14.112768
11.849728
12.868608
12.862464
12.871680
12.854272
14.114817
Control Period
14.109695
14.108672
14.106624
14.110720
11.241472
12.869633
12.867584
13.478912
14.107648
14.105600
14.117887
14.110720
11.843584
12.862464
12.863488
12.866560
14.113792
14.115840
14.104576
14.107648
14.110720
11.231232
12.874752
12.869633
13.490176
14.102528
14.112768
14.121984
14.105600
11.847679
12.864511
12.856319
12.865536
14.109695
14.113792
14.107648
14.100480
14.108672
11.233280
12.871680
12.867584
13.492224
14.119936
14.100480
14.083072
14.104576
11.848704
12.874752
12.864511
12.871679
14.088192
14.113792
14.117887
14.117887
14.120960
11.226112
12.868608
12.862464
13.474815
14.113792
14.116864
14.106624
14.102528
11.858944
12.857344
12.858368
12.857344
14.102528
14.116864
14.104576
14.110720
14.109695
11.222015
12.864511
12.851200
13.479936
14.098433
14.098433
14.120960
11.853825
12.867584
12.864511
12.876801
12.860416
14.117887
14.103552
14.114816
14.117887
11.233280
12.875776
12.882944
12.862464
13.493248
14.112768
Control Period
14.102528
14.107648
11.855872
12.876801
12.865536
12.862464
14.108671
14.102528
14.100480
14.102528
14.114817
14.112768
11.242496
12.858368
13.476864
14.102528
14.108671
14.124032
14.100480
14.110720
11.866112
12.877825
12.852224
12.856319
14.105600
14.107648
14.112768
14.103552
14.108671
11.224064
12.857344
12.869632
13.490175
14.114817
14.115840
14.112768
14.110720
11.840511
12.881920
12.860416
12.865536
14.115840
14.199808
14.106625
14.102528
14.106624
11.238400
12.865536
12.873728
13.491199
14.115840
14.120960
14.110720
14.104576
11.850752
12.873728
12.872704
12.876801
14.097408
14.119936
14.116864
14.113792
14.103552
11.235329
12.863488
12.865536
13.487104
14.111744
14.110720
14.116864
14.118912
11.849728
12.876801
12.869632
12.871680
14.105600
14.105600
14.100479
14.098432
14.112768
11.234304
12.868608
12.857344
13.494272
14.105600
14.117887
14.102528
14.106624
11.847680
12.860416
12.863487
12.875776
12.877825
14.108671
Control Period
14.116863
14.110720
14.100480
14.100479
11.218945
12.874752
12.875776
13.487104
14.107648
14.115840
14.110720
14.109695
11.850752
12.863487
12.863487
12.867584
14.108672
14.105600
14.101503
14.101503
14.106625
11.234304
12.869633
12.860416
13.484032
14.111744
14.100480
14.117887
14.111744
11.867136
12.875776
12.856319
12.859392
14.105600
14.104576
14.119936
14.103552
14.106624
11.219968
12.868608
12.871679
13.494272
14.108672
14.103552
14.106624
14.115840
11.845633
12.866560
12.860416
12.869633
14.111744
14.110720
14.112768
14.108671
14.102528
11.235328
12.858368
12.872704
13.487104
14.104576
14.106625
14.113792
14.103552
11.860992
12.870656
12.856319
12.868608
14.107648
14.103552
14.095360
14.111744
14.095360
11.242496
12.852224
12.863487
13.480960
14.111744
14.112768
14.111744
14.106625
11.865088
12.861441
12.864511
12.869632
14.110720
14.106624
14.106624
14.110720
14.113792
11.239424
12.857344
12.856319
13.490175
14.107648
Control Period
14.104576
14.116864
14.108672
14.108671
11.854848
12.853249
12.873728
14.097408
14.109695
14.098433
14.103552
14.105600
11.240448
12.864511
12.863488
13.479937
14.109695
14.107648
14.098432
14.104576
11.852800
12.873728
12.863487
12.860416
14.121984
14.097408
14.120960
14.102528
14.112768
14.098432
11.227137
12.858368
13.485056
14.102528
14.096384
14.102528
14.112768
11.852800
12.864511
12.872704
12.862464
14.100480
14.101504
14.115840
14.099456
14.100480
14.111744
11.241472
12.877825
12.852224
13.491199
14.112768
14.114817
14.100479
14.105600
11.846656
12.865536
12.868608
12.872704
14.104576
14.121984
14.111744
14.116864
14.116864
11.228160
12.875776
12.864511
13.486080
14.118912
14.103552
14.091264
14.106624
11.864063
12.857344
12.870656
12.864511
14.109695
14.111744
14.105600
14.104576
14.105600
11.228160
12.865536
12.866560
13.489152
14.112768
14.100480
14.108671
14.093311
11.847679
12.867584
12.870656
12.855296
Control Period
14.112768
14.107648
14.121984
14.110720
14.119936
11.242496
12.857344
12.864511
13.494272
14.110720
14.123009
14.107648
14.112768
11.847680
12.863487
12.832767
14.118912
14.108672
14.099456
14.110720
14.106624
14.105600
11.245567
12.871680
12.867584
13.478912
14.093311
14.113792
14.131200
14.108671
11.854848
12.859392
12.872704
12.853249
14.108672
14.108671
14.108672
14.114816
14.106624
11.231232
12.861440
12.876801
13.481984
14.117887
14.103552
14.124032
14.105600
11.848703
12.881920
12.856319
12.862464
14.109695
14.102528
14.109695
14.125056
14.107648
11.230207
12.871679
12.866560
13.488128
14.096384
14.104576
14.103552
14.105600
11.859968
12.857344
12.866560
12.862464
14.107648
14.120960
14.100479
14.114817
14.111744
11.228160
12.866560
12.866560
13.470720
14.100479
14.103552
14.111744
14.109695
11.856895
12.860416
12.867584
12.865536
14.110720
14.105600
14.109695
14.111744
14.105600
11.231232
12.872704
12.874752
13.480960
14.106625
Control Period
14.105600
14.120960
14.196735
11.850752
12.856319
12.874752
12.852224
14.103552
14.109695
14.113792
14.105600
14.106625
11.220992
12.859392
12.865536
13.483007
14.119936
14.114817
14.104576
14.113792
14.110720
11.841536
12.868608
12.852224
14.116863
14.103552
14.107648
14.099456
14.115840
14.114816
11.235328
12.877824
13.487104
14.111744
14.115840
14.104576
14.105600
14.103552
11.862016
12.866560
12.866560
12.857344
14.100479
14.112768
14.085119
14.111744
11.232256
12.870656
12.865536
12.880896
13.465600
14.106624
14.107648
14.101503
14.109695
11.854848
12.872704
12.866560
12.868608
14.105600
14.099456
14.106625
14.107648
14.103552
11.233280
12.866560
12.879872
13.484032
14.119936
14.113792
14.100480
14.102528
11.857920
12.856319
12.870656
12.869632
14.129152
14.106625
14.112768
14.115840
14.108672
11.218944
12.861440
12.857344
13.490176
14.113792
14.109695
14.104576
14.098433
11.864064
12.864511
12.862464
12.861440
Control Period
14.117887
14.101503
14.107648
14.111744
14.104576
11.225088
12.862464
12.873728
13.483007
14.098433
14.107648
14.125055
14.104576
11.848703
12.867584
12.865536
12.874752
14.109695
14.110720
14.112768
14.108671
14.104576
11.231232
12.861441
12.869632
13.493248
14.102528
14.090240
14.105600
14.115840
11.858944
12.871680
12.861440
12.857344
14.114817
14.103552
14.099456
14.110720
14.102528
11.232256
12.863487
12.852224
13.476864
14.107648
14.101503
14.096384
14.100479
11.853824
12.861440
12.860416
12.872704
12.860416
14.115840
14.116864
14.109695
14.099456
11.224064
12.857344
12.865536
13.502464
14.106624
14.107648
14.110720
14.105600
11.854848
12.859392
12.861440
12.861440
14.100480
14.112768
14.107648
14.107648
14.093311
14.106625
11.252736
12.861441
12.870656
13.494272
14.109695
14.110720
14.110720
14.115840
11.854848
12.866560
12.871680
12.878848
14.104576
14.105600
14.087168
14.103552
14.115840
11.228160
12.863488
12.872704
Control Period
13.495296
14.095360
14.107648
14.124032
14.114817
11.859968
12.860416
12.863487
12.857344
14.102528
14.100479
14.116863
14.109695
14.111744
11.219968
12.865536
12.863488
13.480960
14.114816
14.104576
14.104576
14.105600
11.859968
12.873728
12.870656
12.858368
14.106625
14.108672
14.108672
14.102528
14.116864
11.228160
12.862464
13.489152
14.111744
14.099456
14.102528
14.109695
11.846656
12.866560
12.863488
12.871679
14.104576
14.104576
14.114816
14.109695
14.105600
11.229183
12.867584
12.863487
12.862464
13.478912
14.123009
14.110720
14.112768
14.100480
11.848703
12.856319
12.874752
12.875776
14.110720
14.113792
14.097408
14.106624
14.101503
11.227137
12.869632
12.878848
13.498367
14.104576
14.105600
14.100479
14.099456
11.856895
12.863487
12.866560
12.864511
14.104576
14.111744
14.093312
14.107648
14.107648
11.218945
12.862464
12.859392
13.484032
14.114816
14.107648
14.104576
14.112768
11.858944
12.875776
12.857344
12.863487
Control Period
14.115840
14.105600
14.106624
14.106624
14.108671
11.235328
12.858368
12.872704
13.490176
14.100479
14.116864
14.107648
14.111744
11.855871
12.861440
12.871680
12.866560
14.116863
14.117887
14.104576
14.101503
14.101503
11.231232
12.864511
12.873728
13.486080
14.110720
14.106624
14.103552
14.114817
11.857920
12.859392
12.871680
12.859392
14.108671
14.112768
14.110720
14.099456
14.107648
11.237376
12.881920
12.862464
13.486080
14.102528
14.120960
14.103552
14.104576
14.130177
11.846656
12.867584
12.873728
12.872704
14.103552
14.106625
14.104576
14.108671
11.238400
12.874752
12.945408
12.868608
13.491199
14.108672
14.112768
14.105600
14.106625
11.847680
12.854272
12.863487
12.860416
14.103552
14.109695
14.103552
14.117887
14.093311
11.226112
12.864511
12.868608
13.489152
14.109695
14.114817
14.107648
14.110720
11.858944
12.879871
12.868608
12.863488
14.102528
14.110720
14.113792
14.114817
14.105600
11.224064
12.867584
12.864511
Control Period
13.492224
14.120960
14.108672
14.108671
14.110720
11.860992
12.874752
12.867584
12.874752
14.109695
14.118912
14.097408
14.114817
14.116864
11.233280
12.869632
12.869632
13.486080
14.108672
14.116864
14.111744
14.101503
11.853824
12.867584
12.864511
12.860416
14.108671
14.094336
14.125055
14.098433
14.120960
11.229184
12.875776
12.867584
13.495296
14.096384
14.113792
14.098433
14.106624
11.858944
12.864511
12.872704
12.858368
14.106624
14.109695
14.095360
14.107648
14.113792
11.226112
12.867584
12.857344
13.477888
14.108671
14.116864
14.105600
14.113792
11.867136
12.866560
12.871679
12.864511
14.099456
14.102528
14.104576
14.093311
14.112768
11.230207
12.865536
12.865536
13.481983
14.101503
14.100480
14.098433
14.097408
11.847680
12.874752
12.860416
12.869632
12.870656
14.105600
14.106625
14.106625
14.113792
11.230207
12.877825
12.862464
13.472768
14.111744
14.106625
14.106625
14.103552
11.857920
12.866560
12.868608
12.878848
Control Period
14.114817
14.106624
14.105600
14.105600
14.103552
14.105600
11.224064
12.881920
12.876801
13.480960
14.103552
14.099456
14.117887
14.117887
11.853825
12.866560
12.865536
12.874752
14.103552
14.116864
14.111744
14.109695
14.109695
11.235329
12.877825
12.864511
13.475840
14.124032
14.112768
14.120960
14.111744
11.852800
12.875776
12.875776
12.857344
14.110720
14.101503
14.110720
14.099456
14.110720
11.239424
12.865536
12.864511
13.486080
14.117887
14.111744
14.111744
14.093312
11.859968
12.869633
12.865536
12.854272
14.112768
14.102528
14.116863
14.106624
14.106625
11.225088
12.873728
12.850176
13.494272
14.104576
14.103552
14.114816
14.106624
11.851776
12.870656
12.870656
12.856319
14.114816
14.103552
14.111744
14.103552
14.108671
11.229184
12.869632
12.859392
13.496321
14.101503
14.108671
14.107648
14.120960
11.845633
12.871680
12.866560
12.857344
14.103552
14.095360
14.098432
14.119936
14.114816
11.228160
12.865536
13.493248
Control Period
14.102528
14.109695
14.107648
14.107648
14.107648
11.854848
12.849152
12.865536
14.111744
14.099456
14.107648
14.114816
14.108671
14.109695
11.227137
12.853248
12.863487
13.491199
14.113792
14.107648
14.103552
14.115840
11.851776
12.873728
12.866560
12.863487
14.105600
14.104576
14.109695
14.109695
14.106624
11.230207
12.855295
12.868608
13.478912
14.108671
14.107648
14.095360
14.107648
11.858944
12.872704
12.864511
12.864511
14.118912
14.106624
14.103552
14.102528
14.100480
11.222015
12.866560
13.481984
14.111744
14.105600
14.119936
14.108671
11.848703
12.873728
12.864511
12.868608
14.094336
14.112768
14.113792
14.112768
14.097408
11.225088
12.863487
12.874752
12.855295
13.488129
14.106625
14.111744
14.114816
14.102528
11.855872
12.870656
12.874752
12.859392
14.112768
14.099456
14.111744
14.109695
14.119936
11.236352
12.874752
12.884993
13.470720
14.102528
14.113792
14.111744
14.107648
11.860992
12.867584
12.858368
12.869632
Control Period
14.101503
14.110720
14.112768
14.113792
14.111744
11.232256
12.866560
12.859392
13.486080
14.099456
14.103552
14.106625
14.115840
11.848703
12.872704
12.849152
12.861441
14.096384
14.196735
14.108671
14.099456
14.108671
11.225088
12.874752
12.859392
13.475840
14.110720
14.112768
14.114817
14.106625
11.849728
12.859392
12.865536
12.871680
14.109695
14.109695
14.102528
14.103552
14.115840
11.222015
12.865536
12.859392
13.483007
14.107648
14.106624
14.110720
14.106624
11.855872
12.855295
12.861441
12.860416
14.112768
14.102528
14.100480
14.102528
14.111744
11.228160
12.860416
12.867584
13.490175
14.107648
14.097408
14.109695
14.105600
14.100480
11.863040
12.868608
12.867584
14.107648
14.110720
14.110720
14.110720
14.110720
14.107648
11.241472
12.861440
12.861440
13.475840
14.098433
14.103552
14.108671
14.099456
11.847680
12.857344
12.858368
12.853248
14.117887
14.108671
14.110720
14.109695
14.108672
11.234304
12.863488
12.855295
Control Period
13.474815
14.105600
14.120960
14.098433
14.102528
11.863040
12.864511
12.869633
12.860416
14.104576
14.101503
14.102528
14.109695
11.232256
12.878848
12.864511
12.857344
13.491199
14.104576
14.100479
14.117887
11.852800
12.866560
12.864511
12.868608
14.112768
14.105600
14.109695
14.103552
14.117887
11.224064
12.875776
12.863488
13.481983
14.105600
14.101503
14.100480
14.114816
11.860992
12.870656
12.875776
12.856319
14.115840
14.108672
14.107648
14.102528
14.106624
11.231232
12.858368
12.868608
12.863487
13.496321
14.101503
14.102528
14.108671
14.103552
11.873280
12.863487
12.859392
12.863488
14.114816
14.115840
14.104576
14.102528
14.114816
11.232256
12.867584
12.857344
13.487104
14.127104
14.108672
14.104576
14.118912
11.850752
12.863487
12.868608
12.862464
14.104576
14.102528
14.109695
14.104576
14.110720
11.234304
12.866560
12.873728
13.497344
14.109695
14.118912
14.106625
14.094336
11.842560
12.868608
12.877825
12.867584
Control Period
14.115840
14.099456
14.112768
14.116863
14.101503
11.232256
12.865536
12.865536
13.484032
14.108672
14.115840
14.105600
14.105600
11.854848
12.872704
12.870656
12.857344
14.114817
14.114817
14.099456
14.115840
14.113792
14.098432
11.222015
12.857344
13.477888
14.106624
14.102528
14.100480
14.106625
14.110720
11.848703
12.873728
12.869633
12.869632
14.108672
14.107648
14.113792
14.112768
11.220992
12.861441
12.863487
13.474815
14.104576
14.114816
14.110720
14.117887
14.109695
11.853824
12.864511
12.857344
14.108672
14.092288
14.111744
14.109695
14.098433
11.241472
12.860416
12.866560
13.483007
14.103552
14.098433
14.104576
14.105600
11.852800
12.862464
12.880896
12.869632
12.871680
14.101503
14.099456
14.102528
14.098433
11.228160
12.859392
12.872704
13.485056
14.113792
14.127104
14.102528
14.105600
14.096384
11.853824
12.878848
12.869632
12.870656
14.107648
14.113792
14.106625
14.107648
14.115840
11.235328
12.862464
12.858368
Control Period
13.489152
14.121984
14.121984
14.107648
14.109695
11.843584
12.876801
12.866560
12.850176
14.112768
14.108671
14.106624
14.113792
14.109695
11.230207
12.856319
12.873728
13.481984
14.109695
14.109695
14.103552
14.125055
11.848703
12.862464
12.868608
12.848127
14.104576
14.109695
14.111744
14.104576
14.107648
11.238400
12.863487
13.480960
14.104576
14.113792
14.101503
14.124032
14.113792
11.854848
12.867584
12.860416
14.107648
14.115840
14.104576
14.099456
14.106624
14.106624
11.241472
12.859392
12.875776
13.487104
14.109695
14.104576
14.108672
11.859968
12.862464
12.852224
12.865536
12.860416
14.113792
14.107648
14.111744
14.099456
14.110720
11.229184
12.874752
12.864511
13.485056
14.109695
14.109695
14.099456
14.102528
11.926528
12.864511
12.859392
12.862464
14.104576
14.097408
14.107648
14.104576
14.104576
11.232256
12.863487
12.867584
13.498367
14.103552
14.106625
14.117887
14.110720
11.856895
12.863488
12.868608
12.868608
Control Period
14.109695
14.105600
14.113792
14.113792
14.110720
11.231232
12.880896
12.852224
13.480960
14.102528
14.113792
14.117887
14.113792
11.842560
12.861440
12.852224
12.863487
14.111744
14.114816
14.115840
14.115840
14.113792
11.229184
12.872704
12.867584
13.488128
14.100480
14.105600
14.101503
14.108671
11.859968
12.860416
12.874752
12.856319
14.111744
14.104576
14.102528
14.111744
14.107648
11.229184
12.869633
12.874752
13.484032
14.114817
14.098432
14.099456
14.105600
11.852800
12.868608
12.852224
12.863487
14.108672
14.113792
14.113792
14.112768
14.110720
11.235328
12.865536
12.859392
12.874752
13.492224
14.117887
14.103552
14.112768
14.096384
11.856895
12.867584
12.870656
12.859392
14.100479
14.108672
14.106624
14.108671
14.108671
11.223040
12.863488
13.480960
14.109695
14.099456
14.115840
14.110720
11.850752
12.870656
12.852224
12.870656
12.877824
14.099456
14.105600
14.101503
14.108671
14.113792
11.236352
12.861440
12.867584
Control Period
13.492224
14.109695
14.114816
14.107648
14.113792
11.852800
12.862464
12.874752
12.852224
14.106624
14.115840
14.112768
14.104576
14.118912
11.229184
12.874752
12.869632
13.487104
14.114816
14.106624
14.103552
14.106625
11.842560
12.870656
12.870656
12.865536
14.096384
14.103552
14.111744
14.095360
11.218945
12.841984
12.872704
12.856319
13.493248
14.111744
14.116863
14.115840
14.107648
11.855872
12.857344
12.867584
12.853249
14.105600
14.104576
14.125056
14.110720
14.112768
11.237376
12.868608
12.859392
13.492224
14.103552
14.106625
14.109695
14.105600
11.851776
12.867584
12.872704
12.859392
14.120960
14.110720
14.117887
14.110720
14.116864
11.238400
12.861441
12.858368
13.490176
14.120960
14.100479
14.095360
14.107648
11.851776
12.868608
12.856319
12.865536
14.105600
14.107648
14.121984
14.102528
14.116864
11.226112
12.855295
12.862464
13.490175
14.108672
14.104576
14.087168
14.121984
11.846656
12.868608
12.860416
12.857344
Control Period
14.097408
14.107648
14.109695
14.109695
14.105600
11.234304
12.863488
12.871679
13.485056
14.098432
14.103552
14.109695
14.117887
11.851776
12.861441
12.859392
12.853248
14.100480
14.105600
14.111744
14.113792
14.098432
11.240448
12.888064
12.873728
13.488128
14.104576
14.102528
14.106624
14.111744
11.840511
12.871680
12.865536
12.867584
14.102528
14.102528
14.112768
14.108672
14.114816
11.231232
12.871680
12.867584
13.491199
14.115840
14.109695
14.105600
14.093311
11.860992
12.865536
12.861440
12.863488
12.862464
14.100479
14.120960
14.124032
14.106625
14.104576
11.229184
12.864511
12.865536
13.489152
14.114817
14.103552
14.107648
14.110720
11.846656
12.862464
12.869632
12.864511
14.110720
14.109695
14.102528
14.106624
14.120960
11.223040
12.867584
12.875776
13.491199
14.107648
14.101503
14.105600
14.102528
11.848703
12.868608
12.870656
12.871680
14.103552
14.104576
14.102528
14.105600
14.102528
11.224064
12.868608
Control Period
12.864511
13.486080
14.110720
14.104576
14.112768
14.105600
11.859968
12.864511
12.870656
12.860416
14.104576
14.102528
14.109695
14.107648
14.126080
11.241472
12.860416
12.877824
13.486080
14.121984
14.110720
14.105600
14.106625
11.854848
12.863487
12.851200
12.880896
14.108672
14.125055
14.112768
14.102528
14.103552
14.108671
11.232256
12.952576
12.858368
13.486080
14.118912
14.105600
14.107648
14.107648
11.860992
12.869632
12.875776
12.868608
14.112768
14.107648
14.109695
14.107648
14.113792
11.218945
12.864511
12.873728
13.487104
14.111744
14.109695
14.109695
14.109695
11.855871
12.873728
12.869633
12.873728
14.110720
14.097408
14.104576
14.120960
14.104576
11.234304
12.861440
12.854272
13.487104
14.109695
14.105600
14.100479
14.112768
11.853824
12.864511
12.860416
12.877825
14.107648
14.113792
14.110720
14.108672
14.129152
14.127104
11.219968
12.878848
12.869632
13.484032
14.118912
14.116863
14.111744
14.108672
11.856895
Control Period
12.860416
12.868608
12.862464
14.100479
14.116863
14.106625
14.115840
14.097408
11.237376
12.865536
12.875776
13.488128
14.109695
14.103552
14.110720
14.109695
11.846656
12.865536
12.856319
12.864511
14.109695
14.106624
14.113792
14.115840
14.113792
11.233280
12.863488
12.866560
13.488129
14.109695
14.114817
14.107648
14.105600
11.852800
12.865536
12.874752
12.880896
14.099456
14.107648
14.108672
14.109695
14.102528
11.232256
12.848127
12.878848
12.864511
13.485056
14.107648
14.108672
14.112768
11.845633
12.872704
12.874752
12.863488
12.873728
14.112768
14.114817
14.100480
14.109695
14.108671
11.250689
12.872704
12.864511
13.486080
14.107648
14.110720
14.100479
14.105600
11.845632
12.876801
12.856319
12.868608
14.123009
14.104576
14.100480
14.112768
14.106625
11.237376
12.882944
12.863488
13.495296
14.104576
14.107648
14.107648
14.117887
11.852800
12.863487
12.854272
12.876801
14.108671
14.105600
14.101503
14.116864
14.114817
Control Period
11.216896
12.860416
13.478912
14.100479
14.103552
14.111744
14.110720
11.856895
12.861441
12.865536
12.871680
14.104576
14.115840
14.102528
14.111744
14.108671
11.238400
12.858368
12.860416
12.863488
13.475840
14.106624
14.108671
14.110720
14.111744
11.847679
12.865536
12.863487
12.877824
14.105600
14.106625
14.110720
14.104576
14.107648
11.223040
12.873728
12.862464
13.493248
14.111744
14.111744
14.099457
14.125056
11.842560
12.863487
12.857344
12.860416
14.111744
14.099456
14.110720
14.104576
14.112768
11.233280
12.871679
12.859392
13.486080
14.100480
14.112768
14.114816
14.110720
11.849728
12.868608
12.873728
12.864511
14.109695
14.113792
14.103552
14.110720
14.108671
11.233280
12.862464
12.881920
13.480960
14.111744
14.100479
14.109695
14.111744
11.853824
12.861441
12.865536
12.860416
14.106624
14.112768
14.109695
14.112768
14.109695
11.228160
12.861441
12.862464
13.470720
14.113792
14.109695
14.118912
14.097408
11.844608
Control Period
12.876801
12.864511
12.863487
14.110720
14.114816
14.098433
14.102528
14.098433
14.093311
11.241472
12.862464
12.859392
13.503488
14.123008
14.101503
14.117887
14.113792
11.851776
12.868608
12.864511
12.869633
14.115840
14.105600
14.113792
14.102528
14.106625
11.230207
12.871679
12.858368
13.484032
14.092287
14.103552
14.101503
14.110720
11.857920
12.859392
12.877824
12.859392
14.103552
14.100480
14.108671
14.118912
14.092288
11.224064
12.866560
12.866560
13.488128
14.105600
14.103552
14.097408
14.092288
11.858944
12.865536
12.880896
12.863488
14.099456
14.102528
14.107648
14.105600
14.104576
11.223040
12.867584
12.861440
13.480960
14.111744
14.114817
14.128128
14.110720
11.855871
12.853249
12.867584
12.874752
12.883968
14.116864
14.110720
14.089216
14.093311
14.108671
11.237375
12.869632
12.847103
13.497344
14.102528
14.106624
14.100479
11.845632
12.867584
12.858368
12.858368
14.105600
14.112768
14.108672
14.109695
14.099456
Control Period
14.111744
11.239424
12.855295
12.861440
13.484032
14.096384
14.112768
14.115840
14.104576
11.849728
12.854272
12.866560
12.859392
14.101503
14.117887
14.107648
14.101503
14.109695
11.220992
12.872704
12.863487
13.511680
14.110720
14.106624
14.106624
14.110720
11.865088
12.869632
12.863487
12.859392
14.116863
14.114816
14.104576
14.111744
14.114817
11.245568
12.862464
12.890112
13.474815
14.118912
14.107648
14.111744
14.111744
11.855871
12.879871
12.868608
12.864511
14.101503
14.109695
14.109695
14.106625
14.111744
11.224064
12.866560
12.866560
13.491199
14.109695
14.103552
14.105600
14.108671
11.851776
12.867584
12.872704
12.861441
14.103552
14.117887
14.106624
14.105600
14.093311
11.227137
12.863487
12.865536
13.473791
14.117887
14.114817
14.107648
14.100480
11.844608
12.878848
12.860416
12.858368
14.105600
14.114817
14.098432
14.106625
14.105600
11.242496
12.871679
12.866560
12.866560
13.483007
14.114816
14.105600
14.108672
Control Period
14.101503
11.845633
12.875776
12.860416
12.862464
14.108671
14.114816
14.109695
14.119936
11.247616
12.861440
12.870656
12.867584
13.491199
14.107648
14.105600
14.107648
14.106624
11.844608
12.863488
12.876801
12.865536
14.104576
14.110720
14.110720
14.121984
14.105600
11.232256
12.881920
12.863488
13.476864
14.102528
14.100479
14.102528
14.111744
11.851776
12.868608
12.867584
12.860416
14.109695
14.113792
14.110720
14.118912
14.113792
11.232256
12.862464
12.856319
13.480960
14.105600
14.105600
14.110720
14.091264
11.859968
12.860416
12.878848
12.872704
14.124032
14.110720
14.111744
14.105600
14.117887
11.225088
12.862464
12.860416
13.491199
14.104576
14.109695
14.111744
14.112768
11.843584
12.859392
12.857344
12.871680
14.110720
14.113792
14.111744
14.108672
14.104576
11.232256
12.866560
12.869632
13.474815
14.105600
14.111744
14.102528
14.098433
14.105600
11.845633
12.860416
12.856319
14.107648
14.110720
14.113792
14.118912
Control Period
14.095360
14.098433
11.229183
12.860416
12.867584
13.485056
14.106625
14.106625
14.117887
14.111744
11.857920
12.865536
12.869633
12.879871
14.108672
14.100479
14.115840
14.102528
14.109695
11.233280
12.866560
12.866560
13.493248
14.101504
14.106625
14.108672
14.105600
11.842560
12.871680
12.864511
12.886016
14.104576
14.115840
14.112768
14.116864
14.104576
11.240448
12.870656
12.867584
13.480960
14.103552
14.111744
14.098433
14.101504
11.847680
12.869633
12.852224
12.866560
14.098433
14.116863
14.092288
14.113792
14.106624
11.230207
12.862464
12.865536
13.486080
14.103552
14.108671
14.115840
14.106625
11.854848
12.877825
12.861440
12.865536
14.108672
14.107648
14.108671
14.114817
14.119936
14.121984
11.235329
12.856319
12.866560
13.489152
14.111744
14.106625
14.096384
14.114816
11.855872
12.873728
12.867584
14.110720
14.105600
14.115840
14.115840
14.108672
14.103552
11.229184
12.863488
12.867584
13.486080
14.108671
14.111744
Control Period
14.112768
14.106625
11.857920
12.867584
12.860416
14.099456
14.110720
14.109695
14.116863
14.117887
14.103552
11.226112
12.870656
12.879872
13.486080
14.106624
14.110720
14.118912
14.099456
11.850752
12.878848
12.883968
12.865536
14.116863
14.116863
14.106624
14.111744
14.106624
11.230207
12.863487
12.880896
13.490176
14.114816
14.109695
14.110720
14.107648
11.843584
12.867584
12.865536
12.861441
14.105600
14.110720
14.112768
14.111744
14.103552
11.234304
12.857344
12.869632
13.486080
14.204927
14.104576
14.107648
14.109695
14.107648
11.844608
12.872704
12.857344
12.864511
14.115840
14.104576
14.115840
14.110720
14.106625
11.231232
12.862464
12.856319
13.487104
14.107648
14.114816
14.099456
14.103552
11.863040
12.867584
12.859392
12.866560
14.116864
14.117887
14.106624
14.105600
14.101503
11.220992
12.866560
12.859392
13.492224
14.109695
14.118912
14.126080
14.103552
11.857920
12.861441
12.865536
12.865536
14.103552
14.101503
Control Period
14.106624
14.103552
14.114816
11.222015
12.859392
12.862464
13.503489
14.105600
14.116863
14.111744
14.093311
11.876352
12.866560
12.867584
12.860416
14.104576
14.117887
14.103552
14.105600
14.117887
11.228160
12.861441
12.856319
13.492224
14.109695
14.107648
14.108671
14.117887
11.855872
12.868608
12.866560
12.865536
14.113792
14.111744
14.113792
14.114817
14.105600
11.229184
12.865536
12.862464
13.491199
14.109695
14.104576
14.120960
14.111744
11.844608
12.859392
12.872704
12.863487
14.104576
14.106625
14.116863
14.111744
14.106624
11.231232
12.854272
12.860416
13.480960
14.109695
14.106624
14.116864
14.101503
11.851776
12.865536
12.857344
12.876801
14.111744
14.109695
14.110720
14.100480
14.107648
14.112768
11.245567
12.868608
12.857344
13.491199
14.110720
14.112768
14.111744
14.114817
11.849728
12.874752
12.866560
12.857344
14.109695
14.111744
14.105600
14.110720
14.105600
11.227136
12.888063
12.858368
13.479937
14.107648
Control Period
14.105600
14.102528
14.111744
11.848703
12.870656
12.862464
12.865536
14.106624
14.104576
14.103552
14.118912
14.116864
11.231232
12.856319
12.862464
13.475840
14.113792
14.111744
14.120960
14.115840
11.844608
12.862464
12.866560
12.872704
14.106625
14.108671
14.103552
14.107648
14.112768
11.230207
12.862464
12.868608
13.483007
14.118912
14.097408
14.102528
14.109695
11.859968
12.871680
12.873728
12.867584
12.861441
14.100479
14.098433
14.104576
14.102528
14.110720
11.238400
12.876801
12.868608
13.493248
14.116864
14.113792
14.101503
14.113792
11.836416
12.867584
12.860416
12.862464
14.110720
14.112768
14.109695
14.114816
14.101503
11.225088
12.873728
12.857344
13.474815
14.104576
14.108671
14.109695
14.106625
11.856895
12.881920
12.863488
12.863487
14.123008
14.107648
14.106624
14.124032
14.095360
11.236352
12.861441
12.864511
13.470720
14.109695
14.112768
14.098432
14.105600
11.844608
12.876801
12.853249
12.868608
14.114816
Control Period
14.114817
14.110720
14.111744
14.106624
11.240448
12.871680
12.856319
13.488129
14.108671
14.108672
14.113792
14.097408
11.848703
12.866560
12.860416
12.874752
14.094336
14.104576
14.108672
14.109695
14.102528
11.233280
12.859392
12.864511
13.493248
14.100480
14.106625
14.105600
14.107648
14.118912
11.850752
12.863488
12.865536
12.866560
14.107648
14.116864
14.102528
14.107648
14.121984
11.230207
12.864511
12.862464
13.487104
14.113792
14.125055
14.111744
14.108671
11.867136
12.858368
12.861441
12.875776
14.109695
14.107648
14.098432
14.104576
14.107648
11.236352
12.865536
12.857344
13.487104
14.111744
14.104576
14.117887
14.102528
11.853824
12.859392
12.867584
12.864511
14.099456
14.106625
14.117887
14.112768
14.100479
11.232256
12.870656
12.864511
13.484032
14.107648
14.104576
14.107648
14.113792
11.853825
12.880896
12.873728
12.866560
14.113792
14.106625
14.106624
14.103552
14.111744
11.220992
12.875776
12.854272
Control Period
13.491199
14.107648
14.116863
14.104576
14.111744
11.852800
12.862464
12.856319
12.863488
14.109695
14.113792
14.102528
14.105600
14.091265
14.118912
11.241472
12.877825
12.863488
13.495296
14.107648
14.107648
14.111744
14.106625
11.855872
12.857344
12.875776
12.873728
14.095360
14.108672
14.108672
14.117887
14.107648
11.242496
12.865536
13.491199
14.107648
14.105600
14.121984
14.094336
14.108671
11.849728
12.868608
12.858368
12.852224
14.116863
14.091264
14.099456
14.123008
14.113792
11.240448
12.871679
12.863488
13.491199
14.104576
14.111744
14.099456
14.101503
11.867136
12.868608
12.857344
12.863487
14.105600
14.094336
14.112768
14.115840
14.106624
11.226112
12.871679
12.867584
13.478912
14.114816
14.118912
14.109695
14.119936
11.853824
12.860416
12.864511
12.878848
14.102528
14.106625
14.116864
14.112768
14.098433
11.225088
12.858368
12.878848
13.483007
14.101503
14.097408
14.103552
14.115840
11.851776
12.872704
12.870656
Control Period
12.868608
14.103552
14.111744
14.109695
14.107648
14.102528
11.240448
12.857344
12.862464
13.481984
14.095360
14.096384
14.103552
14.106625
11.852800
12.863488
12.857344
12.852224
14.099456
14.109695
14.108671
14.112768
14.114817
11.226112
12.866560
12.874752
13.479937
14.115840
14.104576
14.102528
14.108672
11.863040
12.863487
12.860416
12.874752
14.112768
14.107648
14.104576
14.100480
14.107648
11.230207
12.861441
12.866560
13.490176
14.116864
14.106624
14.106624
14.102528
14.115840
11.856895
12.860416
12.864511
12.872704
14.107648
14.105600
14.104576
14.108672
11.246592
12.863488
12.873728
12.867584
13.487104
14.106625
14.101503
14.101503
14.125055
11.855871
12.867584
12.865536
12.862464
14.107648
14.104576
14.101503
14.110720
14.109695
11.237376
12.861441
12.869632
13.490176
14.111744
14.108672
14.106625
14.121984
11.860992
12.887040
12.881920
12.857344
14.100479
14.116864
14.109695
14.107648
14.105600
11.241472
12.866560
Control Period
12.862464
13.494272
14.108671
14.118912
14.110720
14.108672
11.855872
12.865536
12.865536
12.865536
14.107648
14.102528
14.107648
14.105600
14.114817
11.230207
12.862464
12.868608
13.485056
14.107648
14.106624
14.106625
14.113792
11.860992
12.859392
12.864511
12.875776
14.104576
14.111744
14.101503
14.099456
14.108672
11.222015
12.857344
12.875776
13.475840
14.118912
14.109695
11.856895
11.851776
14.104576
14.104576
14.115840
14.106624
14.113792
11.845632
12.866560
12.870656
12.857344
14.103552
14.112768
14.104576
14.107648
14.103552
11.224064
12.869632
12.850176
13.483007
14.107648
14.114817
14.104576
14.110720
14.117887
11.848703
12.871679
12.862464
12.860416
14.111744
14.117887
14.103552
14.103552
11.217920
12.858368
12.872704
13.493248
14.113792
14.107648
14.101503
14.110720
11.851776
12.863488
12.872704
12.881920
12.861440
14.111744
14.107648
14.114816
14.104576
14.113792
11.215872
12.872704
13.485056
14.112768
14.101503
Control Period
14.107648
14.116864
14.113792
11.849728
12.872704
12.864511
12.856319
14.115840
14.108672
14.112768
14.104576
11.228160
12.871679
12.873728
12.864511
13.489152
14.108671
14.107648
14.101503
14.108672
11.857920
12.864511
12.863488
12.868608
14.111744
14.110720
14.106624
14.127104
14.116863
11.236352
12.861441
12.851200
13.489152
14.106624
14.106625
14.110720
14.107648
11.859968
12.876801
12.860416
12.873728
14.124032
14.095360
14.108671
14.105600
11.223040
12.863488
12.854272
13.480960
14.111744
14.099456
14.109695
14.117887
14.107648
11.851776
12.866560
12.858368
12.860416
14.113792
14.113792
14.114816
14.114817
14.115840
11.223040
12.858368
12.936192
13.483007
14.108672
14.107648
14.098432
14.114817
11.853825
12.859392
12.856319
12.875776
14.114817
14.108672
14.103552
14.112768
14.116863
11.239424
12.867584
12.866560
13.488128
14.113792
14.097408
14.108672
14.103552
11.856895
12.872704
12.869633
12.861441
14.109695
14.102528
Control Period
14.114816
14.120960
14.108671
11.234304
12.861441
12.859392
13.475840
14.105600
14.105600
14.115840
14.092288
11.862017
12.860416
12.872704
12.865536
14.109695
14.111744
14.108672
14.111744
14.096384
11.234304
12.867584
12.857344
12.854272
13.487104
14.109695
14.102528
14.099456
14.105600
11.849728
12.852224
12.858368
12.873728
14.107648
14.110720
14.102528
14.096384
11.223040
12.869633
12.859392
13.490176
14.100480
14.101503
14.111744
14.103552
14.113792
11.865088
12.869633
12.867584
12.871680
14.113792
14.104576
14.106625
14.103552
14.100479
11.224064
12.865536
12.867584
13.483007
14.116863
14.110720
14.112768
14.107648
11.858944
12.873728
12.868608
12.869633
14.110720
14.097408
14.107648
14.103552
11.235328
12.875776
12.859392
13.498367
14.114817
14.102528
14.109695
14.099456
11.848703
12.870656
12.865536
12.863487
12.863488
14.108671
14.100479
14.102528
14.120960
14.092288
11.244544
12.864511
12.861441
13.476864
14.117887
Control Period
14.112768
14.102528
14.117887
11.844608
12.862464
12.865536
14.111744
14.100479
14.107648
14.103552
14.116864
14.109695
11.238400
12.870656
12.862464
13.493248
14.099456
14.104576
14.110720
14.114817
11.858944
12.851200
12.876801
12.863488
14.108671
14.103552
14.107648
14.117887
14.096384
11.237375
12.861441
12.877824
13.475840
14.100479
14.105600
14.096384
11.853824
12.873728
12.860416
12.887039
14.099456
14.108672
14.095360
14.113792
14.101503
11.212800
12.866560
12.868608
13.480960
14.105600
14.120960
14.098432
14.108671
11.841536
12.870656
12.862464
12.869633
14.105600
14.100479
14.100479
14.109695
14.112768
11.226112
12.868608
12.857344
13.481983
14.111744
14.103552
14.110720
14.109695
11.850752
12.870656
12.861440
12.868608
12.861441
14.108671
14.116864
14.110720
14.092287
14.111744
11.232256
12.868608
13.475840
14.105600
14.128128
14.107648
14.123008
14.107648
11.855872
12.866560
12.870656
12.864511
14.110720
14.106625
Control Period
14.110720
14.116864
14.107648
11.233280
12.873728
12.865536
13.492224
14.105600
14.103552
14.105600
14.104576
11.858944
12.853248
12.869633
12.874752
14.115840
14.116864
14.115840
9.602048
14.105600
14.113792
14.108672
14.102528
14.102528
14.098433
11.245568
12.862464
12.868608
13.493248
14.115840
14.108671
14.099456
14.117887
14.108671
11.855871
12.858368
12.865536
12.861441
14.117887
14.096384
14.094336
14.103552
14.098432
11.230207
12.870656
13.489152
14.103552
14.111744
14.110720
14.105600
14.108671
11.849728
12.856319
12.860416
12.867584
14.118912
14.114817
14.104576
14.103552
14.109695
11.234304
12.872704
13.478912
14.115840
14.108671
14.099456
14.129152
11.852800
12.855295
12.867584
12.856319
12.852224
14.104576
14.106624
14.110720
14.110720
14.124032
11.225088
12.863488
12.868608
13.472768
14.101503
14.106624
14.100479
11.853824
12.865536
12.867584
12.870656
12.855295
14.102528
14.112768
14.105600
14.109695
11.232256
Control Period
12.860416
12.861441
12.861440
13.496320
14.099456
14.105600
14.103552
14.099456
11.853825
12.867584
12.870656
12.864511
14.111744
14.103552
14.107648
14.106625
11.248640
12.860416
12.871680
12.862464
13.488128
14.118912
14.112768
14.106625
11.859968
12.868608
12.872704
12.859392
14.104576
14.114817
14.111744
14.105600
14.120960
11.223040
12.867584
12.866560
13.483007
14.113792
14.120960
14.107648
14.118912
14.108671
11.842560
12.854272
12.868608
14.107648
14.108671
14.108671
14.111744
14.123009
14.105600
11.231232
12.859392
12.865536
13.490176
14.112768
14.105600
14.106625
11.847680
12.860416
12.862464
12.856319
14.100480
14.110720
14.111744
14.098433
14.120960
14.105600
11.233280
12.866560
12.874752
13.489152
14.095360
14.106624
14.098432
14.100480
11.850752
12.862464
12.861440
12.863487
14.111744
14.104576
14.111744
14.111744
14.101503
11.223040
12.874752
12.856319
13.479936
14.111744
14.095360
14.104576
14.101503
11.862016
Control Period
12.869633
12.860416
12.866560
14.096384
14.106624
14.110720
14.108671
14.110720
11.232256
12.867584
12.863487
13.481984
14.107648
14.104576
14.108671
14.097408
11.857920
12.865536
12.857344
12.863487
14.104576
14.110720
14.115840
14.102528
14.114817
11.232256
12.869632
12.874752
13.495296
14.115840
14.109695
14.106624
14.117887
14.123008
11.852800
12.864511
12.865536
14.104576
14.120960
14.098433
14.111744
14.103552
14.090240
11.231232
12.869632
12.858368
13.494272
14.107648
14.107648
14.110720
14.106624
11.853825
12.870656
12.871679
12.866560
14.101503
14.121984
14.109695
14.115840
14.101503
11.231232
12.868608
12.866560
13.480960
14.099456
14.095360
14.111744
14.117887
11.855872
12.878848
12.877825
12.890112
14.104576
14.110720
14.108671
14.123008
14.108672
11.237376
12.867584
12.867584
13.478912
14.101503
14.107648
14.120960
14.101503
11.860992
12.866560
12.873728
12.861440
14.096384
14.106624
14.116863
14.109695
14.103552
Control Period
14.116863
11.231232
12.860416
12.867584
13.487104
14.121984
14.112768
14.112768
14.110720
11.859968
12.863488
12.871680
12.880896
14.111744
14.103552
14.113792
14.099456
14.124032
11.233280
12.863487
12.868608
13.499392
14.112768
14.114816
14.101503
14.115840
11.863040
12.871680
12.869632
12.862464
14.098432
14.117887
14.118912
14.107648
14.093311
11.230207
12.867584
12.864511
13.496321
14.102528
14.110720
14.102528
14.110720
11.856895
12.865536
12.877824
12.860416
14.108671
14.102528
14.116864
14.101503
14.100479
11.224064
12.866560
12.869633
13.486080
14.111744
14.109695
14.106624
14.103552
11.857920
12.880896
12.867584
12.859392
14.101503
14.099456
14.108671
14.115840
14.107648
14.115840
11.239424
12.873728
12.870656
13.489152
14.113792
14.101503
14.102528
14.113792
11.852800
12.861441
12.874752
12.872704
14.101503
14.109695
14.106625
14.105600
14.107648
11.240448
12.876801
12.869633
13.490176
14.111744
14.103552
14.097408
Control Period
14.119936
11.852800
12.865536
12.858368
12.882944
14.111744
14.110720
14.109695
14.108672
14.113792
11.225088
12.872704
12.875776
13.489152
14.102528
14.109695
14.102528
14.109695
11.849728
12.870656
12.857344
12.863488
14.103552
14.106625
14.118912
14.101503
14.100479
11.239424
12.873728
12.871679
13.487104
14.098433
14.107648
14.117887
14.113792
11.859968
12.858368
12.853249
12.863488
14.108671
14.112768
14.109695
14.104576
14.106625
11.237375
12.864511
12.861440
13.492224
14.118912
14.106625
14.103552
14.112768
14.107648
11.851776
12.855295
12.866560
12.868608
14.118912
14.103552
14.106625
14.100480
14.110720
11.226112
12.879871
12.869633
13.481984
14.100480
14.107648
14.107648
14.103552
11.864064
12.864511
12.871679
12.868608
14.101503
14.110720
14.109695
14.101503
14.115840
11.248640
12.868608
12.876801
13.486080
14.094336
14.104576
14.121984
14.109695
11.847679
12.869632
12.866560
12.867584
9.593856
14.116864
14.116864
Control Period
14.101503
14.106624
14.104576
14.107648
11.234304
12.871680
12.873728
13.485056
14.106625
14.109695
14.109695
14.108671
11.844608
12.881920
12.878848
12.877824
12.888063
14.114816
14.109695
14.112768
14.107648
14.098432
11.228160
12.867584
12.872704
13.490175
14.117887
14.115840
14.110720
14.110720
11.860992
12.875776
12.875776
12.864511
14.113792
14.099456
14.102528
14.106625
14.114816
11.231232
12.864511
12.864511
13.498367
14.105600
14.115840
14.117887
14.116864
11.857920
12.865536
12.878848
12.864511
14.111744
14.110720
14.109695
14.102528
14.110720
11.240448
12.867584
12.868608
13.491199
14.112768
14.101503
14.109695
14.108672
11.862017
12.875776
12.873728
12.867584
12.859392
14.107648
14.108672
14.108671
14.121984
14.108671
11.229183
12.874752
13.485056
14.107648
14.108672
14.111744
14.112768
14.113792
11.857920
12.869632
12.887040
12.865536
14.093311
14.112768
14.099456
14.112768
14.115840
11.232256
12.862464
12.867584
Control Period
13.490176
14.110720
14.112768
14.109695
14.100480
11.847680
12.871679
12.879872
12.879872
14.114817
14.110720
14.107648
14.112768
14.107648
11.236352
12.889088
12.856319
13.486080
14.101503
14.110720
14.108672
14.096384
11.855872
12.868608
12.866560
12.869632
14.112768
14.103552
14.114816
14.110720
14.106624
11.223040
12.870656
12.856319
13.480960
14.118912
14.110720
14.108672
14.099456
11.857920
12.860416
12.869632
12.874752
14.101503
14.118912
14.100480
14.117887
14.116863
11.224064
12.865536
12.869633
13.495296
14.115840
14.108672
14.110720
14.113792
14.101503
11.848703
12.889088
12.878848
12.871680
14.103552
14.100480
14.108671
14.108672
14.116863
11.229184
12.865536
12.875776
13.479937
14.109695
14.096384
14.111744
14.101503
11.854848
12.871680
12.857344
12.870656
14.111744
14.112768
14.108671
14.121984
14.112768
11.232256
12.865536
12.880896
13.487104
14.104576
14.111744
14.109695
14.114817
11.858944
12.875776
12.859392
Control Period
12.860416
14.102528
14.108672
14.110720
14.114816
14.108672
11.234304
12.866560
12.866560
13.484032
14.116863
14.115840
14.112768
14.110720
14.100480
11.858944
12.873728
12.861441
14.118912
14.110720
14.109695
14.101503
14.107648
14.100480
11.226112
12.871679
12.869632
13.491199
14.101503
14.119936
14.111744
14.118912
11.857920
12.872704
12.861440
12.868608
14.111744
14.099456
14.112768
14.117887
14.106625
11.232256
12.869632
12.867584
13.492224
14.121984
14.109695
14.116864
14.101503
11.842560
12.868608
12.877824
12.853249
14.105600
14.112768
14.105600
14.107648
14.115840
11.237375
12.868608
12.869633
13.488129
14.101503
14.099456
14.108671
14.109695
11.842560
12.890112
12.863487
12.859392
14.103552
14.120960
14.112768
14.110720
14.111744
14.109695
11.223040
12.877825
12.865536
13.479936
14.105600
14.111744
14.110720
11.849728
12.865536
12.864511
12.856319
12.868608
14.117887
14.103552
14.108672
14.107648
14.108671
11.230207
Control Period
12.869632
12.870656
13.480960
14.104576
14.100480
14.121984
14.103552
11.858944
12.873728
12.869633
12.864511
14.106625
14.100480
14.108671
14.108672
14.110720
11.237376
12.868608
12.876801
13.516800
14.116864
14.111744
14.107648
14.120960
11.846656
12.878848
12.864511
12.889088
14.114817
14.113792
14.101503
14.100480
14.097408
11.245567
12.882944
12.862464
13.486080
14.118912
14.097408
14.105600
14.112768
11.852800
12.854272
12.863488
12.864511
14.107648
14.102528
14.118912
14.109695
14.123008
14.103552
11.218945
12.871679
12.873728
13.475840
14.109695
14.102528
14.114817
14.105600
11.863040
12.866560
12.870656
12.877824
14.108672
14.103552
14.109695
14.125056
14.102528
11.242496
12.875776
12.870656
13.491199
14.108672
14.100479
14.116864
14.105600
11.845632
12.862464
12.866560
12.861440
14.106625
14.105600
14.108671
14.103552
14.096384
11.248640
12.859392
12.876801
13.477888
14.111744
14.108672
14.105600
14.101504
11.850752
Control Period
12.865536
12.870656
12.874752
14.108671
14.112768
14.121984
14.113792
14.101503
14.109695
11.232256
12.868608
12.869632
13.497344
14.100480
14.107648
14.107648
14.095360
11.859968
12.875776
12.886016
12.864511
14.111744
14.106624
14.101503
14.107648
14.111744
11.223040
12.874752
12.868608
13.479937
14.104576
14.100480
14.110720
14.116863
11.860992
12.862464
12.876801
12.861441
14.119936
14.101503
14.098433
14.113792
14.112768
11.226112
12.872704
12.869632
13.486080
14.106625
14.115840
14.103552
14.113792
11.862016
12.866560
12.877824
12.854272
14.094336
14.103552
14.114816
14.110720
14.103552
11.231232
12.865536
12.855295
13.487104
14.101503
14.109695
14.109695
14.112768
11.854848
12.869633
12.876801
12.871680
14.103552
14.110720
14.106625
14.105600
14.110720
11.224064
12.862464
12.865536
13.500416
14.104576
14.105600
14.105600
14.113792
11.846656
12.867584
12.863488
12.857344
14.112768
14.131201
14.108671
14.113792
14.089216
Control Period
11.226112
12.861441
12.864511
13.500416
14.108671
14.110720
14.105600
14.111744
11.857920
12.855296
12.896255
12.870656
14.113792
14.105600
14.111744
14.094336
14.092287
11.231232
12.856319
12.866560
13.474815
14.114817
14.108671
14.103552
14.110720
14.106624
11.862017
12.867584
12.863488
12.873728
14.103552
14.100480
14.096384
14.109695
14.112768
11.224064
12.861440
12.869633
13.479937
14.109695
14.120960
14.105600
14.108671
11.842560
12.875776
12.853249
12.865536
14.112768
14.111744
14.107648
14.116864
14.112768
11.229184
12.872704
12.867584
13.496321
14.114817
14.107648
14.113792
14.117887
11.849728
12.867584
12.888063
12.871679
14.112768
14.114817
14.112768
14.115840
14.106624
11.230207
12.870656
12.865536
12.866560
13.485056
14.103552
14.113792
14.112768
14.114816
11.846656
12.872704
12.877825
12.859392
14.095360
14.103552
14.117887
14.120960
14.112768
11.226112
12.863487
12.871679
13.487104
14.119936
14.095360
14.096384
Control Period
14.109695
11.858944
12.882944
12.854272
12.868608
14.105600
14.104576
14.104576
14.115840
14.114816
11.231232
12.870656
12.870656
13.488129
14.106625
14.109695
14.111744
14.095360
11.853825
12.853249
12.888063
12.871680
14.097408
14.110720
14.097408
14.098433
14.109695
11.239424
12.871680
12.878848
13.476864
14.100479
14.099456
14.110720
14.109695
11.854848
12.871680
12.864511
12.871680
14.105600
14.099456
14.105600
14.114816
14.101503
11.224064
12.856319
12.867584
13.502464
14.099456
14.092287
14.101503
14.123009
11.857920
12.870656
12.868608
12.873728
14.100480
14.113792
14.099456
14.106625
14.100480
11.231232
12.875776
12.866560
13.485056
14.109695
14.103552
14.114817
14.113792
11.847680
12.875776
12.865536
12.861441
14.117887
14.099456
14.112768
14.112768
14.110720
11.228160
12.872704
12.866560
13.485056
14.109695
14.099456
14.112768
14.119936
11.850752
12.870656
12.860416
12.868608
14.104576
14.112768
14.100479
Control Period
14.098432
14.104576
14.098433
11.232256
12.863487
12.860416
13.487104
14.106624
14.103552
14.099456
14.114817
11.852800
12.863487
12.848127
12.869632
14.117887
14.098433
14.099456
14.119936
14.114816
11.232256
12.857344
12.861440
13.503489
14.105600
14.119936
14.106624
14.114816
11.856895
12.866560
12.864511
12.881920
14.103552
14.118912
14.111744
14.109695
14.098433
11.224064
12.868608
12.865536
13.486080
14.101503
14.105600
14.099456
14.100480
11.847680
12.862464
12.863487
12.872704
14.098432
14.099456
14.102528
14.106625
14.099456
11.226112
12.875776
12.869633
13.496321
14.110720
14.101503
14.114816
14.116863
11.852800
12.862464
12.864511
12.880896
14.098432
14.105600
14.115840
14.109695
14.104576
11.227136
12.865536
12.896255
13.491199
14.111744
14.102528
14.103552
14.102528
11.855871
12.858368
12.867584
12.872704
12.861440
14.093311
14.107648
14.100479
14.108672
14.106625
11.237376
12.879871
12.862464
13.477888
14.110720
Control Period
14.100480
14.117887
14.112768
11.851776
12.884993
12.865536
12.859392
14.120960
14.109695
14.105600
14.108671
14.098432
11.233280
12.888063
12.865536
13.498367
14.103552
14.106625
14.109695
14.112768
11.843584
12.858368
12.863488
12.872704
14.121984
14.091265
14.104576
14.108672
14.115840
11.234304
12.863487
12.866560
13.509632
14.108671
14.110720
14.101503
14.103552
11.854848
12.878848
12.860416
12.872704
14.096384
14.107648
14.115840
14.114817
14.099456
11.233280
12.865536
12.863487
13.492224
14.100479
14.116863
14.101503
14.109695
11.862017
12.867584
12.869632
12.860416
14.109695
14.107648
14.117887
14.121984
14.106625
11.253759
12.848127
12.856319
13.484032
14.117887
14.112768
14.099456
14.106624
11.850752
12.875776
12.867584
12.865536
14.104576
14.113792
14.098433
14.107648
14.111744
11.234304
12.890112
12.869632
13.492224
14.106625
14.115840
14.115840
14.110720
11.851776
12.865536
12.862464
12.866560
14.118912
14.108671
Control Period
14.114817
14.118912
14.107648
11.226112
12.875776
12.858368
13.472769
14.106624
14.120960
14.107648
14.105600
14.110720
11.855871
12.864511
12.872704
12.872704
14.112768
14.096384
14.099456
14.110720
14.114816
11.243520
12.870656
12.874752
13.483007
14.111744
14.105600
14.106625
14.102528
11.857920
12.856319
12.871679
12.864511
14.112768
14.115840
14.107648
14.103552
14.110720
11.234304
12.871679
12.864511
13.484032
14.110720
14.104576
14.105600
14.112768
11.870209
12.889088
12.867584
12.868608
14.109695
14.110720
14.105600
14.108672
14.106625
11.233280
12.873728
12.868608
13.492224
14.105600
14.117887
14.104576
14.102528
11.853825
12.867584
12.862464
12.872704
14.098432
14.108672
14.095360
14.111744
14.105600
11.236352
12.870656
12.866560
13.493248
14.112768
14.106624
14.108672
14.112768
14.105600
11.850752
12.862464
12.859392
12.858368
14.116864
14.105600
14.116863
14.111744
14.118912
11.241472
12.867584
12.874752
13.493248
Control Period
14.099456
14.105600
14.104576
14.108672
11.847680
12.867584
12.853249
12.875776
14.099456
14.118912
14.102528
14.106625
14.102528
11.227136
12.871680
12.860416
13.502464
14.119936
14.110720
14.107648
14.112768
11.852800
12.853249
12.857344
12.863488
14.099457
14.099456
14.093311
14.105600
14.105600
11.260927
12.869632
12.862464
13.488128
14.104576
14.108672
14.107648
14.121984
11.855871
12.867584
12.863488
12.867584
14.097408
14.109695
9.617408
9.602048
9.596928
9.596928
9.595903
9.590784
9.601024
9.601025
12.144640
13.870080
13.880320
13.869056
13.872128
13.879295
13.876225
13.878272
13.875200
13.869057
13.867008
13.875200
13.870080
13.879296
13.873152
13.869057
13.881344
13.880320
13.863935
13.872128
13.867008
13.876225
13.871104
13.880320
13.878272
13.869056
13.890560
13.874176
13.873152
13.877249
13.879296
13.864960
13.872128
13.879295
13.874176
13.868032
13.881344
13.886464
13.870080
13.874176
13.877248
13.893632
Control Period
13.870080
13.874176
13.876225
13.873152
13.876225
13.862911
13.865984
13.885440
13.894656
13.991936
14.100480
14.105600
14.119936
14.114817
14.099456
14.103552
14.115840
14.112768
14.092288
14.113792
14.113792
14.101503
14.117887
14.113792
11.875328
13.859840
13.875200
13.883392
13.864960
13.883392
13.878272
13.878272
13.869057
14.109695
14.109695
14.093312
14.113792
14.096384
14.108672
14.108671
14.102528
14.111744
14.109695
14.103552
14.106624
14.108671
14.110720
11.770880
13.993984
14.108672
14.101503
14.117887
14.101503
14.102528
14.097408
14.112768
14.100479
14.106624
14.105600
14.112768
14.116863
11.883520
13.876225
13.881344
13.889536
13.871104
13.873152
13.882368
13.874176
13.872128
13.891584
14.102528
14.107648
14.098432
14.106624
14.104576
14.099456
14.111744
14.109695
14.111744
14.119936
14.108672
14.105600
14.108671
14.108671
14.101503
11.761663
13.871103
Control Period
13.889536
13.880320
11.769855
13.628416
11.411456
9.662464
11.759616
7.220224
11.327488
9.662464
4.824064
13.350912
11.626496
4.816896
11.448320
11.420671
4.822016
9.404416
7.207936
9.355265
9.320448
9.096191
11.874304
11.616256
4.838400
9.662464
11.621376
4.837376
9.046017
7.100416
11.633664
11.888639
4.815872
4.823040
11.856895
4.824064
9.672704
11.907072
9.612288
11.891712
9.660416
7.104512
11.772928
9.417728
4.822016
13.369344
9.084929
4.828160
11.779072
9.385984
7.257088
9.414656
7.219200
14.129152
11.630592
7.002112
11.771904
14.101503
4.824064
9.319424
11.629568
7.224320
9.134080
7.118848
9.625600
11.769855
4.830208
7.258112
11.644928
4.830208
9.669632
11.894784
9.611264
11.480064
9.428992
7.102464
13.507584
7.248896
4.824064
13.895679
7.218176
4.834304
11.771904
9.377792
Control Period
11.910145
9.673728
7.205888
13.690880
11.463680
4.826112
11.459583
9.389056
11.913216
9.663488
7.092224
14.116864
9.636864
4.823040
11.781120
9.391104
11.889664
9.671680
4.836352
13.504513
6.803456
4.848640
11.894784
9.396224
11.893760
9.670656
4.820992
14.123009
4.829184
7.246848
11.883520
9.380864
11.461632
9.426945
4.820992
14.102528
4.830208
9.687040
11.884544
9.379841
11.883520
7.244800
4.834304
13.672448
4.831232
9.665536
11.885569
9.381887
11.272192
6.998016
4.830208
11.859968
4.829184
9.680896
9.475072
13.953024
11.890688
4.823040
7.264256
11.863040
4.822016
9.255936
9.035776
11.893761
11.903999
4.820992
9.672704
11.864063
4.831232
9.660416
7.208960
11.892736
11.904000
4.825088
9.674751
11.865088
4.822016
9.667583
Control Period
7.217152
11.873280
11.465729
6.989824
9.669632
14.121984
4.840448
9.667583
9.465856
7.226368
9.664513
9.360384
7.213056
11.779072
4.822016
4.817920
14.110720
4.830208
7.246848
11.907072
9.388033
11.900928
11.778048
7.217152
13.689856
11.885568
4.827136
11.895808
11.436032
4.824064
11.788288
11.202560
9.489408
9.326591
7.105536
11.892736
11.894784
4.822016
9.670656
11.629568
4.834304
9.681920
9.131008
9.611263
11.267073
6.989824
7.096320
14.120960
4.812800
7.243776
11.633663
7.222272
9.674751
11.776000
7.227392
11.353088
9.674752
4.827136
13.370368
11.641855
4.820992
11.468800
11.420671
4.827136
9.675776
7.212032
14.130177
9.332736
9.120768
11.913216
14.119936
4.828160
9.672704
11.640832
4.834304
9.678848
7.218176
11.643904
11.895808
4.826112
7.254016
11.650048
4.830208
Control Period
9.684992
11.891712
9.611264
11.902976
11.784192
11.382784
11.784192
9.431040
9.472000
13.899776
11.642879
9.361408
11.784192
14.129152
6.996992
9.683968
13.903872
7.211008
7.249920
11.895808
9.604095
7.245824
11.524096
11.293696
9.472000
9.687040
9.474049
13.898752
11.902976
11.536385
9.512960
14.112768
6.990848
4.826112
13.886464
4.834304
4.831232
11.901952
11.520000
4.830208
11.451392
11.644928
4.842496
9.666559
9.472000
11.876352
11.891712
11.526144
7.097344
11.788288
6.998016
4.843520
13.897728
9.531392
4.818944
11.911168
13.783040
4.833280
11.529217
13.545472
4.834304
9.677824
9.484288
9.610240
11.892736
11.537408
7.089152
11.795456
11.640832
7.095296
13.902847
11.902976
7.106560
13.906944
14.110720
6.982656
9.673728
13.540352
4.833280
9.241600
11.643904
9.616385
11.453440
11.787264
7.215104
11.790336
11.889664
9.217024
13.884417
11.906048
9.115648
Control Period
11.796480
14.131201
9.387008
9.668608
14.118912
9.271296
4.823040
13.889536
11.867136
4.827136
11.639809
14.113792
9.264128
11.781120
13.892609
11.609088
9.678848
11.898880
11.866112
4.827136
11.437056
11.630592
4.824064
9.329664
11.627520
7.216128
9.678848
11.899904
9.374720
11.897856
11.535360
13.632512
9.480192
9.674752
11.644928
9.606144
11.460608
11.785215
9.369600
11.892736
14.003201
9.226240
11.792384
14.007296
11.897856
11.633664
11.642879
11.772928
11.643904
14.110720
11.894784
7.205888
14.128128
11.900928
9.470976
11.895808
11.901953
13.749249
9.632768
11.786240
14.004225
7.216128
14.126080
11.769855
7.095296
13.893632
11.526144
13.753344
11.906048
13.773824
11.649024
9.641984
13.456385
11.530240
7.107584
11.664384
14.124032
9.394176
11.767808
14.113792
9.266176
9.665536
13.902847
9.529345
4.829184
11.464705
13.872128
4.818944
9.432064
13.883392
7.098368
9.680896
11.909121
9.611264
9.675776
11.643904
11.631617
4.824064
9.674751
13.884417
Control Period
7.096320
9.332736
11.906048
9.385984
11.899904
11.638784
13.649920
11.872256
11.638784
11.895807
13.632512
11.771904
13.991936
9.475072
14.114816
11.529216
13.751296
11.887616
14.116864
11.790337
14.006271
11.894784
13.901824
11.850752
11.634687
11.900928
13.630465
11.783168
14.004224
9.470976
14.134272
11.792384
14.005248
11.890688
13.899776
14.133248
11.906048
14.118912
11.899904
11.881472
11.533312
14.006272
11.648001
13.862911
11.777023
13.749249
11.887616
14.116864
14.097408
11.886592
11.900928
11.622400
11.751424
13.989888
11.883520
13.869056
14.105600
11.894784
9.634815
13.616128
14.112768
11.507711
11.764736
13.885440
14.103552
11.758593
13.984768
9.468927
11.767808
13.987841
11.887616
13.864960
14.110720
11.771904
9.520128
13.609983
14.114817
11.521025
13.996032
11.885569
11.855871
11.779072
13.732864
11.626495
14.120960
11.766785
13.996033
11.873280
14.112768
14.105600
7.238656
11.633663
14.109695
13.842432
11.883520
11.877376
13.865984
14.114816
11.887616
Control Period
11.853824
11.875328
13.850624
11.502592
13.985792
11.890688
13.872128
14.103552
14.125056
11.757568
13.989888
11.882496
13.887487
13.877249
14.097408
11.767808
13.974527
14.106625
11.887616
13.875200
14.109695
14.112768
11.777024
13.979649
14.097408
11.884544
13.874176
14.109695
14.116863
11.762688
14.002176
11.884544
13.886464
13.882368
14.111744
11.766784
13.991936
14.103552
11.878400
13.877248
14.119936
14.110720
11.780096
13.988864
14.099456
11.888639
13.869056
14.107648
14.106624
11.757568
13.997056
11.877377
13.876225
13.870080
14.123008
11.765760
13.997056
14.111744
11.887615
13.883392
14.107648
14.106625
11.778048
13.989887
14.108671
11.886592
13.881344
14.108671
14.103552
11.778048
13.980672
11.885568
13.872128
13.871104
14.112768
11.768832
13.986816
14.106625
11.893761
13.869057
14.110720
14.104576
11.766784
13.988864
14.110720
11.900928
13.884417
14.108671
14.111744
11.767808
13.995008
11.883520
13.876225
13.883392
Control Period
14.104576
14.106625
11.770880
13.880320
13.985792
14.112768
14.106625
11.885569
13.878272
13.878272
14.092288
14.114816
14.109695
14.104576
11.764736
13.887488
13.990911
14.101503
14.100480
11.881472
13.873152
13.885441
14.102528
14.101503
14.102528
11.767808
13.882368
13.982719
14.103552
14.096384
11.879423
13.885440
13.864960
14.098432
14.097408
14.111744
11.771904
13.860865
13.873152
13.978624
14.114816
14.111744
11.879423
13.868032
13.881344
14.102528
14.106625
14.127104
11.769855
13.862911
13.995008
14.107648
14.097408
11.879424
13.874176
13.876225
14.103552
14.113792
14.114816
14.100479
11.767808
13.860864
13.998079
14.100479
14.113792
11.877377
13.878272
13.878272
14.106624
14.100479
14.103552
11.776000
13.869057
13.869056
13.983744
14.119936
14.102528
11.897856
13.872128
13.869057
14.100479
14.108671
14.105600
11.792384
13.878272
13.993984
14.100479
14.101503
11.885569
13.875200
Control Period
13.880320
14.111744
14.109695
14.113792
14.115840
14.096384
14.115840
14.099456
14.103552
14.109695
14.098433
14.106625
14.119936
14.101503
11.765760
13.887487
13.869056
13.878272
13.869057
13.865984
13.872128
13.874176
13.864960
13.992960
14.114817
14.107648
14.104576
14.103552
14.113792
14.108672
14.105600
14.109695
14.105600
14.116864
14.107648
14.105600
14.107648
11.885568
13.863935
13.870080
13.882368
13.879295
13.867008
13.868032
13.863935
13.861888
13.869057
14.106625
14.108672
14.110720
14.106625
14.093311
14.120960
14.112768
14.112768
14.099456
14.106625
14.105600
14.103552
14.111744
14.106624
14.102528
11.753471
13.880320
13.872128
13.862912
13.873152
13.873152
13.888512
13.880320
13.868032
13.985792
14.097408
14.111744
14.109695
14.116863
14.113792
14.123008
14.105600
14.112768
14.112768
14.106625
14.110720
14.112768
14.107648
11.878400
13.868032
13.870080
13.877249
Control Period
13.868032
13.864960
13.886464
13.869057
13.876225
13.877249
13.880320
13.877249
13.889536
13.873152
13.862912
13.870080
13.864960
13.867008
13.869057
13.871104
13.887488
13.880320
13.871104
13.876225
13.877249
13.883392
13.862911
13.875200
13.876225
13.876225
13.872128
13.864960
13.876225
13.873152
13.876225
13.874176
13.857792
13.864960
13.869056
13.865984
13.872128
13.881344
13.875200
13.869057
13.876225
13.875200
13.886464
13.861888
13.886464
13.865984
13.876225
13.872128
13.865984
13.877249
13.868032
13.883392
13.880320
13.872128
13.871103
13.870080
13.875200
13.876225
13.880320
13.852673
13.860865
13.878272
13.884417
13.875200
13.877249
13.864960
13.876225
13.863935
13.868032
13.879296
13.872128
13.889536
13.869056
13.889536
13.886464
13.880320
13.868032
13.870080
13.865984
13.871103
13.883392
13.869056
13.875200
13.882368
13.870080
13.870080
13.868032
Control Period
13.880320
13.879296
13.886464
13.880320
13.891584
13.859840
13.878272
13.870080
13.876225
13.875200
13.876225
13.886464
13.880320
13.873152
13.875200
13.870080
13.873152
13.872128
13.884417
13.874176
13.875200
13.871103
13.877249
13.879296
13.882368
13.868032
13.878272
13.870080
13.871104
13.861888
13.872128
13.865984
13.879295
13.869056
13.882368
13.857792
13.875200
13.875200
13.876225
13.885440
13.872128
13.864960
13.881344
13.882368
13.882368
13.876225
13.877249
13.894656
13.880320
13.861888
13.867008
13.869057
13.871103
13.877249
13.884417
13.870080
13.872128
13.875200
13.862911
13.873152
13.874176
13.878272
13.876225
13.872128
13.886464
13.876225
13.875200
13.882368
13.869057
13.877248
13.883392
13.872128
13.873152
13.871104
13.873152
13.884417
13.877248
13.863935
13.879295
13.876225
13.860864
13.868032
13.876225
13.878272
13.872128
13.869056
13.862911
13.867008
Control Period
13.869056
13.892609
13.873152
13.878272
13.865984
13.877248
13.855743
13.872128
13.876225
13.879296
13.871103
13.876225
13.873152
13.886464
13.872128
13.870080
13.872128
13.879296
13.865984
13.880320
13.865984
13.863935
13.879296
13.869056
13.872128
13.875200
13.869056
13.874176
13.879296
13.892609
13.876225
13.864960
13.870080
13.860864
13.863935
13.863935
13.871104
13.886464
13.869057
13.868032
13.878272
13.860864
13.880320
13.859840
13.882368
13.859840
13.860864
13.879296
13.870080
13.876225
13.870080
13.877248
13.876225
13.863935
13.878272
13.865984
13.867008
13.887488
13.882368
13.876225
13.879295
13.885441
13.860864
13.877249
13.888512
13.873152
13.884417
13.879295
13.875200
13.876225
13.868032
13.876225
13.879295
13.871104
13.870080
13.886464
13.872128
13.877248
13.889536
13.865984
13.896704
13.857792
13.870080
13.878272
13.864960
13.877248
13.877248
13.883392
Control Period
13.875200
13.884417
13.875200
13.865984
13.869057
13.876225
13.871103
13.878272
13.880320
13.892609
13.873152
13.874176
13.860865
13.877248
13.876225
13.867008
13.878272
13.871103
13.864960
13.871104
13.870080
13.861888
13.880320
13.881344
13.873152
13.875200
13.875200
13.880320
13.868032
13.881344
13.876225
13.871103
13.881344
13.874176
13.869056
13.871104
13.876225
13.880320
13.880320
13.861888
13.870080
13.864960
13.862911
13.867008
13.874176
13.874176
13.880320
13.871103
13.870080
13.884417
13.863935
13.864960
13.874176
13.885441
13.874176
13.867008
13.869057
13.888512
13.871104
13.871104
13.886463
13.865984
13.872128
13.873152
13.874176
13.865984
13.864960
13.889536
13.855743
13.882368
13.876225
13.870080
13.869056
13.860865
13.875200
13.881344
13.874176
13.877249
13.876225
13.874176
13.882368
13.878272
13.858816
13.878272
13.880320
13.875200
13.876225
Control Period
13.874176
13.865984
13.872128
13.871103
13.870080
13.882368
13.868032
13.888512
13.874176
13.879296
13.872128
13.878272
13.872128
13.869056
13.873152
13.861888
13.882368
13.884417
13.872128
13.873152
13.871104
13.870080
13.865984
13.888512
13.857792
13.877248
13.881344
13.871104
13.871103
13.867008
13.870080
13.872128
13.863935
13.864960
13.875200
13.880320
13.874176
13.865984
13.879295
13.865984
13.872128
13.869056
13.863935
13.875200
13.878272
13.861888
13.860865
13.871103
13.877248
13.875200
13.868032
13.874176
13.875200
13.875200
13.875200
13.873152
13.875200
13.865984
13.876225
13.873152
13.875200
13.879296
13.879295
13.884417
13.880320
13.875200
13.873152
13.874176
13.869056
13.882368
13.874176
13.872128
13.881344
13.874176
13.876225
13.873152
13.881344
13.875200
13.876225
13.874176
13.879295
13.877249
13.879296
13.870080
13.881344
13.870080
13.880320
13.877249
Control Period
13.880320
13.875200
13.872128
13.873152
13.873152
13.861888
13.874176
13.868032
13.865984
13.878272
13.890560
13.857792
13.879295
13.894655
13.860865
13.869056
13.872128
13.873152
13.878272
13.867008
13.874176
13.875200
13.884417
13.882368
13.882368
13.884417
13.857792
13.862911
13.873152
13.874176
13.873152
13.865984
13.865984
13.863935
13.885441
13.867008
13.872128
13.859840
13.881344
13.880320
13.887488
13.870080
13.882368
13.883392
13.870080
13.863935
13.875200
13.865984
13.881344
13.874176
13.883392
13.878272
13.875200
13.877249
13.887487
13.868032
13.862912
13.892608
13.881344
13.872128
13.880320
13.871103
13.875200
13.874176
13.878272
13.877249
13.889536
13.878272
13.879295
13.868032
13.862912
13.883392
13.881344
13.860864
13.872128
13.876225
13.867008
13.887487
13.875200
13.884417
13.871103
13.887488
13.858816
13.880320
13.872128
13.875200
13.874176
Control Period
13.879296
13.881344
13.872128
13.868032
13.862911
13.868032
13.869056
13.876225
13.877249
13.880320
13.883392
13.868032
13.881344
13.849600
13.869056
13.885441
13.872128
13.878272
13.882368
13.872128
13.863935
13.875200
13.878272
13.879296
13.863935
13.868032
13.881344
13.865984
13.869056
13.874176
13.872128
13.871104
13.863935
13.877248
13.865984
13.873152
13.885441
13.876225
13.875200
13.885440
13.873152
13.861888
13.880320
13.878272
13.873152
13.875200
13.878272
13.876225
13.881344
13.887488
13.874176
13.868032
13.870080
13.875200
13.860864
13.873152
13.892608
13.869056
13.883392
13.870080
13.885440
13.877249
13.871104
13.883392
13.870080
13.876225
13.885440
13.869056
13.873152
13.878272
13.858816
13.878272
13.882368
13.875200
13.883392
13.877248
13.862912
13.874176
13.881344
13.877249
13.874176
13.874176
13.864960
13.881344
13.873152
13.877248
13.872128
13.875200
Control Period
13.876225
13.879296
13.870080
13.875200
13.874176
13.875200
13.879296
13.881344
13.881344
13.864960
13.868032
13.879295
13.870080
13.871104
13.884417
13.861888
13.882368
13.879296
13.871103
13.870080
13.885441
13.877249
13.882368
13.876225
13.878272
13.864960
13.877249
13.860865
13.879296
13.872128
13.875200
13.877248
13.872128
13.879295
13.876225
13.856768
13.873152
13.871103
13.882368
13.876225
13.873152
13.870080
13.876225
13.864960
13.874176
13.878272
13.874176
13.860865
13.874176
13.869057
13.882368
13.876225
13.871103
13.869056
13.888512
13.878272
13.875200
13.888512
13.869057
13.886464
13.858816
13.878272
13.886464
13.888512
13.867008
13.868032
13.873152
13.875200
13.860865
13.876225
13.869057
13.881344
13.875200
13.882368
13.877248
13.876225
13.869057
13.871103
13.863935
13.870080
13.872128
13.878272
13.870080
13.861888
13.870080
13.865984
13.862912
13.861888
Control Period
13.874176
13.875200
13.867008
13.868032
13.874176
13.877249
13.864960
13.882368
13.862912
13.873152
13.873152
13.872128
13.876225
13.878272
13.875200
13.875200
13.876225
13.880320
13.856768
13.884417
13.864960
13.865984
13.877248
13.868032
13.877248
13.875200
13.871104
13.875200
13.885440
13.863935
13.869057
13.885440
13.867008
13.861888
13.887487
13.872128
13.882368
13.881344
13.863935
13.878272
13.882368
13.862912
13.872128
13.860865
13.859840
13.880320
13.873152
13.880320
13.873152
13.874176
13.872128
13.871103
13.868032
13.879295
13.869056
13.868032
13.865984
13.891584
13.886464
13.868032
13.883392
13.867008
13.878272
13.880320
13.878272
13.855743
13.875200
13.881344
13.884417
13.876225
13.881344
13.874176
13.881344
13.879296
13.868032
13.867008
13.876225
13.880320
13.878272
13.877249
13.882368
13.872128
13.879295
13.872128
13.879295
13.881344
13.878272
Control Period
13.877249
13.859840
13.882368
13.868032
13.874176
13.865984
13.881344
13.873152
13.872128
13.873152
13.874176
13.857792
13.870080
13.877249
13.865984
13.881344
13.881344
13.875200
13.867008
13.872128
13.879295
13.871103
13.868032
13.864960
13.875200
13.867008
13.868032
13.878272
13.859840
13.882368
13.868032
13.864960
13.877248
13.875200
13.874176
13.864960
13.871103
13.875200
13.879296
13.882368
13.878272
13.879295
13.878272
13.881344
13.873152
13.863935
13.874176
13.884417
13.880320
13.870080
13.886464
13.870080
13.878272
13.885440
13.870080
13.862911
13.879295
13.879296
13.884417
13.876225
13.886464
13.881344
13.872128
13.878272
13.870080
13.877248
13.874176
13.873152
13.870080
13.874176
13.859840
13.862912
13.865984
13.883392
13.865984
13.861888
13.880320
13.883392
13.865984
13.876225
13.873152
13.878272
13.878272
13.868032
13.863935
13.879295
13.878272
13.878272
Control Period
13.871103
13.860864
13.879296
13.879295
13.862911
13.879295
13.895679
13.880320
13.874176
13.871103
13.871103
13.867008
13.882368
13.873152
13.863935
13.878272
13.868032
13.872128
13.885441
13.877249
13.865984
13.880320
13.860864
13.882368
13.872128
13.875200
13.863935
13.871103
13.871103
13.882368
13.870080
13.861888
13.879296
13.877248
13.875200
13.867008
13.883392
13.870080
13.876225
13.869057
13.877248
13.872128
13.863935
13.876225
13.857792
13.869057
13.867008
13.890560
13.876225
13.861888
13.872128
13.873152
13.878272
13.862911
13.885440
13.877248
13.873152
13.870080
13.881344
13.863935
13.880320
13.867008
13.867008
13.863935
13.873152
13.882368
13.877249
13.876225
13.870080
13.886464
13.865984
13.869056
13.895679
13.865984
13.870080
13.891584
13.875200
13.875200
13.863935
13.871103
13.874176
13.864960
13.864960
13.875200
13.875200
13.862912
13.860865
13.875200
Control Period
13.863935
13.877249
13.875200
13.871104
13.877249
13.869056
13.869057
13.876225
13.879295
13.871104
13.869056
13.870080
13.870080
13.863935
13.875200
13.874176
13.870080
13.865984
13.875200
13.872128
13.884417
13.863935
13.877248
13.861888
13.876225
13.862911
13.864960
13.871103
13.874176
13.879296
13.876225
13.873152
13.888512
13.888512
13.860864
13.886464
13.862912
13.862911
13.871104
13.885440
13.858816
13.877248
13.877248
13.880320
13.877249
13.892609
13.867008
13.874176
13.869057
13.884417
13.872128
13.879295
13.870080
13.871103
13.873152
13.877249
13.875200
13.873152
13.879295
13.873152
13.874176
13.877249
13.874176
13.868032
13.874176
13.871103
13.867008
13.882368
13.872128
13.877248
13.879296
13.875200
13.880320
13.874176
13.882368
13.879295
13.873152
13.875200
13.865984
13.880320
13.878272
13.859840
13.872128
13.874176
13.878272
13.869057
13.876225
Control Period
13.868032
13.880320
13.873152
13.884417
13.878272
13.881344
13.873152
13.883392
13.865984
13.880320
13.873152
13.867008
13.874176
13.877248
13.873152
13.884417
13.874176
13.881344
13.882368
13.875200
13.890560
13.881344
13.876225
13.872128
13.879295
13.877248
13.869057
13.867008
13.877249
13.881344
13.861888
13.862911
13.874176
13.867008
13.870080
13.878272
13.873152
13.875200
13.876225
13.876225
13.862912
13.883392
13.878272
13.873152
13.871103
13.886464
13.885441
13.884417
13.884417
13.878272
13.864960
13.874176
13.868032
13.899776
13.858816
13.867008
13.887488
13.874176
13.867008
13.877248
13.871103
13.874176
13.877249
13.887488
13.885441
13.874176
13.863935
13.860865
13.863935
13.868032
13.870080
13.874176
13.873152
13.875200
13.875200
13.870080
13.855743
13.893633
13.880320
13.871103
13.880320
13.877249
13.867008
13.881344
13.872128
13.875200
13.875200
13.871103
Control Period
13.873152
13.871104
13.874176
13.868032
13.877248
13.869057
13.874176
13.862912
13.865984
13.864960
13.875200
13.879295
13.882368
13.868032
13.865984
13.876225
13.882368
13.886464
13.870080
13.880320
13.886464
13.865984
13.864960
13.877249
13.876225
13.871104
13.864960
13.878272
13.877249
13.871103
13.863935
13.865984
13.876225
13.865984
13.879296
13.870080
13.873152
13.859840
13.875200
13.854719
13.872128
13.859840
13.876225
13.865984
13.880320
13.870080
13.868032
13.856768
13.874176
13.871103
13.879295
13.876225
13.885441
13.874176
13.877249
13.871103
13.877248
13.862911
13.864960
13.877248
13.868032
13.879296
13.871103
13.878272
13.874176
13.869057
13.885440
13.873152
13.871104
13.882368
13.869057
13.880320
13.876225
13.874176
13.877248
13.874176
13.868032
13.881344
13.872128
13.886464
13.876225
13.868032
13.876225
13.875200
13.885440
13.862911
13.878272
13.868032
Control Period
13.883392
13.879296
13.877248
13.871103
13.875200
13.886464
13.853696
13.868032
13.878272
13.886464
13.872128
13.880320
13.869056
13.869057
13.883392
13.867008
13.860864
13.873152
13.864960
13.891584
13.870080
13.877249
13.872128
13.869056
13.877248
13.882368
13.871104
13.869057
13.872128
13.876225
13.869057
13.872128
13.875200
13.863935
13.865984
13.861888
13.884417
13.881344
13.876225
13.877249
13.878272
13.878272
13.879296
13.872128
13.875200
13.867008
13.878272
13.875200
13.878272
13.872128
13.860865
13.882368
13.872128
13.851648
13.881344
13.868032
13.871103
13.883392
13.879296
13.873152
13.862911
13.870080
13.865984
13.874176
13.875200
13.874176
13.875200
13.871104
13.880320
13.870080
13.867008
13.873152
13.882368
13.878272
13.874176
13.879296
13.889536
13.868032
13.877248
13.873152
13.886464
13.869057
13.865984
13.874176
13.877249
13.871104
13.886463
Control Period
13.879295
13.875200
13.880320
13.880320
13.875200
13.885441
13.879295
13.862911
13.874176
13.871103
13.877248
13.873152
13.868032
13.881344
13.870080
13.882368
13.867008
13.875200
13.870080
13.865984
13.856768
13.887487
13.876225
13.874176
13.876225
13.874176
13.863935
13.884417
13.879295
13.868032
13.878272
13.862911
13.881344
13.871104
13.863935
13.873152
13.864960
13.884417
13.877249
13.871104
13.877248
13.865984
13.879295
13.879295
13.884417
13.863935
13.865984
13.870080
13.868032
13.882368
13.878272
13.870080
13.861888
13.875200
13.883392
13.870080
13.876225
13.875200
13.867008
13.873152
13.876225
13.864960
13.873152
13.871103
13.875200
13.859840
13.862912
13.873152
13.868032
13.869056
13.865984
13.874176
13.885441
13.874176
13.864960
13.872128
13.876225
13.875200
13.875200
13.871104
13.878272
13.873152
13.874176
13.875200
13.869057
13.881344
13.870080
13.861888
Control Period
13.873152
13.861888
13.868032
13.879295
13.864960
13.873152
13.858816
13.874176
13.861888
13.864960
13.868032
13.882368
13.869057
13.872128
13.880320
13.870080
13.867008
13.867008
13.873152
13.870080
13.872128
13.881344
13.876225
13.885441
13.867008
13.864960
13.865984
13.868032
13.895680
13.875200
13.877248
13.876225
13.878272
13.869057
13.880320
13.879296
13.880320
13.882368
13.868032
13.877249
13.868032
13.869057
13.877249
13.874176
13.893632
13.863935
13.865984
13.876225
13.875200
13.873152
13.875200
13.871104
13.889536
13.869057
13.864960
13.862911
13.872128
13.881344
13.881344
13.874176
13.879296
13.868032
13.872128
13.874176
13.862911
13.870080
13.872128
13.875200
13.861888
13.884417
13.852672
13.876225
13.869057
13.879296
13.875200
13.865984
13.879295
13.875200
13.883392
13.876225
13.869057
13.869057
13.867008
13.867008
13.885440
13.876225
13.865984
Control Period
13.873152
13.870080
13.873152
13.881344
13.853696
13.879296
13.876225
13.871103
13.867008
13.872128
13.856768
13.877248
13.875200
13.859840
13.856768
13.869057
13.873152
13.861888
13.864960
13.877249
13.876225
13.874176
13.870080
13.870080
13.879296
13.882368
13.882368
13.874176
13.865984
13.874176
13.882368
13.890560
13.868032
13.872128
13.875200
13.873152
13.872128
13.873152
13.868032
13.865984
13.858816
13.880320
13.872128
13.878272
13.873152
13.870080
13.861888
13.886464
13.877249
13.872128
13.878272
13.880320
13.870080
13.880320
13.888512
13.880320
13.865984
13.870080
13.887488
13.877249
13.869057
13.867008
13.886464
13.870080
13.879296
13.883392
13.868032
13.889536
13.878272
13.876225
13.865984
13.884417
13.878272
13.880320
13.874176
13.885441
13.872128
13.873152
13.884417
13.871104
13.868032
13.877248
13.878272
13.875200
13.873152
13.882368
13.884416
13.876225
Control Period
13.873152
13.875200
13.874176
13.875200
13.874176
13.869057
13.879295
13.890560
13.871103
13.869056
13.874176
13.875200
13.876225
13.870080
13.871104
13.877249
13.873152
13.869056
13.861888
13.879295
13.878272
13.878272
13.881344
13.878272
13.872128
13.879296
13.878272
13.872128
13.873152
13.880320
13.873152
13.879295
13.871103
13.870080
13.870080
13.856768
13.870080
13.879296
13.869057
13.872128
13.886464
13.864960
13.879295
13.870080
13.878272
13.863935
13.883392
13.855743
13.874176
13.870080
13.883392
13.865984
13.870080
13.879296
13.875200
13.889536
13.877248
13.881344
13.875200
13.876225
13.859840
13.881344
13.874176
13.878272
13.877248
13.867008
13.870080
13.869056
13.878272
13.872128
13.880320
13.864960
13.877249
13.861888
13.861888
13.880320
13.870080
13.864960
13.863935
13.876225
13.883392
13.884417
13.883392
13.865984
13.879296
13.872128
13.857792
13.859840
Control Period
13.887488
13.884417
13.875200
13.879295
13.865984
13.865984
13.874176
13.880320
13.875200
13.878272
13.876225
13.872128
13.869057
13.868032
13.868032
13.869056
13.872128
13.877248
13.873152
13.865984
13.853696
13.876225
13.869057
13.869057
13.894656
13.862911
13.879296
13.881344
13.868032
13.872128
13.873152
13.881344
13.888512
13.878272
13.872128
13.879295
13.873152
13.860864
13.859840
13.874176
13.881344
13.872128
13.874176
13.876225
13.877248
13.869056
13.873152
13.873152
13.884417
13.876225
13.874176
13.885440
13.874176
13.880320
13.889536
13.863935
13.879296
13.864960
13.884417
13.888512
13.874176
13.865984
13.865984
13.878272
13.887488
13.864960
13.880320
13.863935
13.868032
13.874176
13.878272
13.869057
13.871103
13.868032
13.884417
13.873152
13.861888
13.881344
13.874176
13.873152
13.863935
13.873152
13.873152
13.877248
13.874176
13.876225
13.876225
Control Period
13.872128
13.873152
13.859840
13.884417
13.885440
13.880320
13.867008
13.874176
13.879295
13.872128
13.874176
13.877249
13.878272
13.869056
13.871104
13.869056
13.867008
13.874176
13.873152
13.886464
13.871103
13.875200
13.880320
13.867008
13.878272
13.869056
13.873152
13.876225
13.863935
13.870080
13.872128
13.874176
13.883392
13.871104
13.877248
13.877248
13.885441
13.874176
13.865984
13.872128
13.878272
13.870080
13.877248
13.869056
13.867008
13.865984
13.868032
13.872128
13.872128
13.869056
13.880320
13.867008
13.878272
13.868032
13.872128
13.867008
13.884417
13.882368
13.874176
13.869057
13.881344
13.867008
13.885440
13.879295
13.874176
13.876256
13.871103
13.878272
13.884417
13.870080
13.881344
13.876225
13.876225
13.870080
13.874176
13.862911
13.869057
13.870080
13.868032
13.872128
13.872128
13.878272
13.875200
13.859840
13.876225
13.869056
13.891584
13.878272
Control Period
13.875200
13.885440
13.873152
13.877249
13.863935
13.871103
13.857792
13.873152
13.864960
13.885440
13.878272
13.889536
13.877249
13.862911
13.873152
13.880320
13.885440
13.880320
13.864960
13.872128
13.879296
13.879295
13.879296
13.870080
13.863935
13.875200
13.874176
13.874176
13.871104
13.877248
13.860864
13.867008
13.871103
13.880320
13.865984
13.874176
13.885441
13.871104
13.874176
13.894655
13.878272
13.874176
13.882368
13.882368
13.872128
13.876225
13.877249
13.874176
13.876225
13.872128
13.872128
13.872128
13.877249
13.890560
13.878272
13.869056
13.878272
13.875200
13.873152
13.870080
13.878272
13.876225
13.877249
13.863935
13.864960
13.872128
13.868032
13.865984
13.872128
13.877248
13.873152
13.883392
13.872128
13.878272
13.878272
13.860864
13.878272
13.875200
13.855743
13.872128
13.878272
13.862911
13.880320
13.872128
13.875200
13.870080
13.877249
13.873152
Control Period
13.879296
13.881344
13.864960
13.867008
13.874176
13.873152
13.870080
13.872128
13.870080
13.877248
13.876225
13.872128
13.878272
13.864960
13.877249
13.865984
13.880320
13.877248
13.861888
13.870080
13.870080
13.883392
13.876225
13.869056
13.877249
13.876225
13.878272
13.877249
13.867008
13.872128
13.870080
13.876225
13.869056
13.870080
13.874176
13.877249
13.875200
13.867008
13.875200
13.872128
13.876225
13.888512
13.873152
13.878272
13.875200
13.886464
13.880320
13.869057
13.882368
13.877248
13.886464
13.887487
13.874176
13.875200
13.884417
13.867008
13.876225
13.875200
13.863935
13.875200
13.864960
13.871103
13.872128
13.867008
13.882368
13.869057
13.872128
13.871103
13.869056
13.867008
13.875200
13.872128
13.881344
13.873152
13.875200
13.862911
13.870080
13.886464
13.874176
13.875200
13.874176
13.877249
13.877249
13.880320
13.871103
13.879295
13.881344
Control Period
13.875200
13.881344
13.869057
13.869056
13.868032
13.884417
13.883392
13.880320
13.863935
13.889536
13.879296
13.879296
13.868032
13.876225
13.879296
13.870080
13.878272
13.883392
13.867008
13.872128
13.872128
13.876225
13.862912
13.890560
13.873152
13.876225
13.872128
13.865984
13.864960
13.865984
13.881344
13.876225
13.881344
13.871104
13.883392
13.883392
13.868032
13.880320
13.881344
13.868032
13.872128
13.864960
13.883392
13.878272
13.874176
13.867008
13.890560
13.882368
13.877249
13.882368
13.869057
13.883392
13.881344
13.877249
13.871103
13.869056
13.873152
13.873152
13.888512
13.875200
13.884417
13.884417
13.869057
13.865984
13.880320
13.876225
13.880320
13.874176
13.869056
13.871104
13.884417
13.862912
13.865984
13.879296
13.879296
13.863935
13.877249
13.867008
13.874176
13.863935
13.878272
13.875200
13.871103
13.876225
13.881344
13.876225
13.881344
13.873152
Control Period
13.891584
13.852672
13.870080
13.869056
13.881344
13.867008
13.882368
13.868032
13.884417
13.872128
13.870080
13.882368
13.863935
13.873152
13.872128
13.875200
13.881344
13.862912
13.864960
13.864960
13.872128
13.870080
13.882368
13.888512
13.883392
13.874176
13.881344
13.885440
13.885440
13.858816
13.880320
13.872128
13.884417
13.883392
13.871104
13.865984
13.884417
13.868032
13.876225
13.882368
13.865984
13.871103
13.869056
13.871104
13.870080
13.878272
13.876225
13.871103
13.878272
13.872128
13.865984
13.869057
13.864960
13.872128
13.870080
13.876225
13.870080
13.872128
13.868032
13.878272
13.864960
13.877248
13.867008
13.869056
13.861888
13.874176
13.891584
13.869057
13.867008
13.876225
13.888512
13.879295
13.876225
13.865984
13.882368
13.880320
13.877249
13.875200
13.876225
13.863935
13.881344
13.863935
13.870080
13.868032
13.891584
13.877249
13.876225
13.868032
Control Period
13.874176
13.867008
13.870080
13.875200
13.863935
13.880320
13.873152
13.869057
13.873152
13.863935
13.868032
13.882368
13.880320
13.891584
13.875200
13.880320
13.877248
13.878272
13.870080
13.878272
13.873152
13.874176
13.878272
13.879296
13.885441
13.882368
13.875200
13.883392
13.878272
13.879295
13.868032
13.870080
13.870080
13.877249
13.863935
13.881344
13.867008
13.879295
13.869056
13.872128
13.879296
13.877248
13.868032
13.863935
13.872128
13.894655
13.882368
13.872128
13.855743
13.874176
13.881344
13.863935
13.882368
13.881344
13.865984
13.872128
13.873152
13.870080
13.875200
13.875200
13.857792
13.875200
13.873152
13.870080
13.865984
13.879296
13.865984
13.874176
13.871103
13.869056
13.875200
13.863935
13.875200
13.873152
13.878272
13.882368
13.864960
13.883392
13.868032
13.871104
13.875200
13.873152
13.864960
13.857792
13.874176
13.874176
13.863935
Control Period
13.883392
13.867008
13.864960
13.870080
13.872128
13.879295
13.875200
13.886464
13.877249
13.881344
13.875200
13.876225
13.875200
13.878272
13.864960
13.865984
13.874176
13.872128
13.872128
13.870080
13.872128
13.867008
13.875200
13.875200
13.888512
13.865984
13.888512
13.869056
13.868032
13.867008
13.886464
13.883392
13.873152
13.874176
13.874176
13.879295
13.876225
13.864960
13.863935
13.879296
13.860864
13.876225
13.876225
13.867008
13.865984
13.869057
13.887487
13.867008
13.876225
13.864960
13.880320
13.868032
13.873152
13.877248
13.877249
13.873152
13.876225
13.877249
13.874176
13.878272
13.870080
13.870080
13.877248
13.875200
13.889536
13.879295
13.879296
13.870080
13.870080
13.865984
13.876225
13.873152
13.875200
13.879295
13.879296
13.886464
13.884417
13.872128
13.870080
13.888512
13.878272
13.872128
13.873152
13.882368
13.879296
13.871104
13.877249
13.875200
Control Period
13.868032
13.884417
13.874176
13.868032
13.865984
13.882368
13.875200
13.876225
13.873152
13.872128
13.874176
13.882368
13.882368
13.873152
13.874176
13.875200
13.873152
13.868032
13.879296
13.871104
13.878272
13.871103
13.864960
13.874176
13.864960
13.874176
13.878272
13.863935
13.875200
13.876225
13.881344
13.872128
13.879295
13.879296
13.875200
13.862911
13.880320
13.879296
13.869057
13.872128
13.882368
13.885441
13.878272
13.870080
13.874176
13.871104
13.877248
13.878272
13.877249
13.875200
13.875200
13.867008
13.882368
13.880320
13.884417
13.880320
13.865984
13.868032
13.877248
13.869056
13.877248
13.896704
13.863935
13.877249
13.880320
13.872128
13.877249
13.874176
13.868032
13.880320
13.864960
13.881344
13.891584
13.872128
13.886464
13.867008
13.877249
13.871103
13.871103
13.878272
13.860864
13.880320
13.869056
13.876225
13.862911
13.880320
13.871104
Control Period
13.868032
13.864960
13.875200
13.862911
13.877248
13.874176
13.874176
13.870080
13.869057
13.879295
13.875200
13.877248
13.888512
13.865984
13.867008
13.878272
13.879295
13.885440
13.856768
13.884417
13.879296
13.862911
13.873152
13.891584
13.881344
13.865984
13.874176
13.868032
13.870080
13.880320
13.892609
13.860864
13.880320
13.883392
13.878272
13.869057
13.875200
13.868032
13.877248
13.869056
13.874176
13.879296
13.865984
13.873152
13.869056
13.870080
13.868032
13.868032
13.876225
13.881344
13.867008
13.877248
13.882368
13.868032
13.861888
13.875200
13.872128
13.872128
13.877248
13.893632
13.883392
13.860865
13.875200
13.868032
13.865984
13.878272
13.881344
13.876225
13.865984
13.879296
13.884417
13.862911
13.874176
13.885440
13.870080
13.893632
13.875200
13.865984
13.865984
13.879296
13.872128
13.870080
13.886464
13.878272
13.870080
13.882368
13.879295
13.873152
Control Period
13.864960
13.954048
13.878272
13.881344
13.872128
13.861888
13.875200
13.875200
13.875200
13.882368
13.890560
13.878272
13.881344
13.883392
13.865984
13.878272
13.874176
13.871104
13.869057
13.864960
13.870080
13.870080
13.870080
13.877249
13.869056
13.874176
13.860865
13.869056
13.873152
13.869057
13.878272
13.860865
13.875200
13.910015
13.873152
13.880320
13.876225
13.884417
13.874176
13.863935
13.865984
13.867008
13.868032
13.880320
13.888512
13.884417
13.864960
13.869056
13.883392
13.870080
13.868032
13.877248
13.881344
13.880320
13.879296
13.891584
13.865984
13.875200
13.901824
13.879295
13.871104
13.871104
13.873152
13.887488
13.876225
13.870080
13.868032
13.883392
13.865984
13.882368
13.880320
13.864960
13.881344
13.883392
13.864960
13.870080
13.881344
13.873152
13.869056
13.883392
13.862912
13.872128
13.876225
13.884417
13.864960
13.860864
13.872128
13.890560
Control Period
13.867008
13.878272
13.865984
13.865984
13.877249
13.867008
13.876225
13.873152
13.879296
13.869057
13.872128
13.872128
13.882368
13.864960
13.861888
13.878272
13.871104
13.878272
13.862911
13.883392
13.869057
13.860864
13.868032
13.871104
13.876225
13.870080
13.882368
13.882368
13.867008
13.859840
13.880320
13.885440
13.870080
13.864960
13.860865
13.872128
13.875200
13.882368
13.882368
13.871103
13.872128
13.874176
13.887487
13.873152
13.884417
13.886464
13.882368
13.860865
13.875200
13.881344
13.860864
13.872128
13.884417
13.872128
13.877248
13.885440
13.878272
13.865984
13.889536
13.887487
13.867008
13.867008
13.875200
13.871103
13.867008
13.871104
13.849600
13.877248
13.872128
13.880320
13.861888
13.882368
13.870080
13.872128
13.871103
13.862912
13.886464
13.885441
13.860864
13.875200
13.867008
13.862911
13.882368
13.874176
13.882368
13.875200
13.874176
Control Period
13.874176
13.875200
13.875200
13.872128
13.865984
13.869056
13.870080
13.871103
13.863935
13.863935
13.865984
13.881344
13.874176
13.870080
13.893633
13.878272
13.874176
13.868032
13.882368
13.874176
13.884417
13.868032
13.874176
13.867008
13.874176
13.865984
13.873152
13.878272
13.877248
13.878272
13.863935
13.864960
13.882368
13.871103
13.873152
13.865984
13.891584
13.869057
13.878272
13.881344
13.869057
13.880320
13.869056
13.881344
13.878272
13.879295
13.870080
13.878272
13.861888
13.875200
13.873152
13.874176
13.883392
13.864960
13.876225
13.885440
13.876225
13.879295
13.865984
13.877248
13.876225
13.863935
13.881344
13.883392
13.867008
13.881344
13.870080
13.876225
13.878272
13.874176
13.865984
13.871104
13.871104
13.870080
13.875200
13.876225
13.873152
13.877249
13.875200
13.891584
13.876225
13.870080
13.869056
13.867008
13.870080
13.883392
13.883392
13.885440
Control Period
13.863935
13.869056
13.883392
13.868032
13.879296
13.876225
13.877249
13.878272
13.871104
13.864960
13.876225
13.874176
13.877249
13.877248
13.880320
13.872128
13.889536
13.865984
13.877248
13.874176
13.879296
13.873152
13.877248
13.876225
13.881344
13.876225
13.874176
13.865984
13.888512
13.868032
13.888512
13.884417
13.873152
13.867008
13.870080
13.869057
13.879295
13.877249
13.878272
13.875200
13.862912
13.868032
13.869057
13.880320
13.861888
13.888512
13.877249
13.869057
13.874176
13.876225
13.870080
13.878272
13.869056
13.878272
13.867008
13.885440
13.878272
13.876225
13.870080
13.867008
13.868032
13.869056
13.883392
13.877249
13.880320
13.882368
13.873152
13.873152
13.863935
13.872128
13.865984
13.877248
13.875200
13.872128
13.868032
13.865984
13.872128
13.874176
13.869056
13.878272
13.872128
13.870080
13.879296
13.878272
13.874176
13.881344
13.860864
13.874176
Control Period
13.878272
13.878272
13.882368
13.878272
13.864960
13.865984
13.868032
13.877249
13.877248
13.870080
13.877248
13.888512
13.876225
13.873152
13.872128
13.878272
13.877248
13.888512
13.867008
13.872128
13.862912
13.884417
13.870080
13.874176
13.869057
13.884417
13.881344
13.880320
13.875200
13.861888
13.883392
13.877249
13.867008
13.876225
13.870080
13.885441
13.879295
13.858816
13.874176
13.881344
13.881344
13.874176
13.882368
13.884417
13.872128
13.870080
13.872128
13.879296
13.877248
13.877249
13.880320
13.882368
13.883392
13.868032
13.867008
13.880320
13.867008
13.870080
13.879296
13.875200
13.881344
13.883392
13.885441
13.872128
13.875200
13.871103
13.864960
13.894656
13.871104
13.880320
13.857792
13.863935
13.870080
13.878272
13.882368
13.860865
13.876225
13.862911
13.885440
13.860864
13.871103
13.879295
13.877248
13.877248
13.886464
13.872128
13.871104
Control Period
13.874176
13.874176
13.877248
13.873152
13.875200
13.879296
13.867008
13.881344
13.868032
13.877249
13.872128
13.872128
13.872128
13.884417
13.867008
13.882368
13.878272
13.875200
13.876225
13.870080
13.869057
13.870080
13.896704
13.874176
13.877248
13.871103
13.874176
13.870080
13.878272
13.873152
13.889536
13.880320
13.870080
13.861888
13.861888
13.875200
13.886464
13.871103
13.879295
13.870080
13.879296
13.868032
13.871104
13.872128
13.888512
13.881344
13.867008
13.879296
13.872128
13.874176
13.864960
13.889536
13.884417
13.871103
13.877249
13.882368
13.878272
13.876225
13.881344
13.863935
13.867008
13.886464
13.864960
13.873152
13.876225
13.858816
13.882368
13.888512
13.872128
13.871103
13.878272
13.864960
13.872128
13.872128
13.868032
13.865984
13.865984
13.870080
13.875200
13.864960
13.880320
13.869057
13.884417
13.874176
13.877248
13.880320
13.878272
13.877249
Control Period
13.882368
13.865984
13.876225
13.867008
13.878272
13.875200
13.870080
13.875200
13.872128
13.875200
13.871104
13.861888
13.878272
13.877249
13.871104
13.869056
13.862912
13.881344
13.875200
13.882368
13.879295
13.877248
13.872128
13.873152
13.882368
13.874176
13.862911
13.881344
13.879296
13.887487
13.859840
13.874176
13.885440
13.881344
13.874176
13.878272
13.880320
13.878272
13.862911
13.871103
13.876225
13.877249
13.876225
13.878272
13.871104
13.870080
13.869056
13.881344
13.862912
13.870080
13.874176
13.875200
13.870080
13.876225
13.877249
13.875200
13.868032
13.872128
13.872128
13.874176
13.883392
13.884417
13.867008
13.877248
13.867008
13.873152
13.863935
13.874176
13.879296
13.872128
13.880320
13.895679
13.880320
13.879295
13.870080
13.875200
13.854720
13.876225
13.884416
13.885441
13.868032
13.873152
13.878272
13.880320
13.875200
13.870080
13.870080
13.864960
Control Period
13.883392
13.865984
13.887487
13.870080
13.880320
13.875200
13.881344
13.889536
13.867008
13.872128
13.870080
13.877249
13.877248
13.872128
13.881344
13.948928
13.874176
13.856768
13.871104
13.880320
13.872128
13.896704
13.875200
13.873152
13.879296
13.870080
13.886464
13.869056
13.857792
13.878272
13.875200
13.880320
13.880320
13.878272
13.872128
13.876225
13.884417
13.885441
13.887487
13.876225
13.891584
13.868032
13.865984
13.874176
13.880320
13.867008
13.893632
13.877248
13.869057
13.880320
13.869056
13.869057
13.873152
13.869057
13.869056
13.868032
13.876225
13.883392
13.861888
13.878272
13.876225
13.882368
13.871104
13.869056
13.873152
13.870080
13.871104
13.865984
13.857792
13.872128
13.869056
13.881344
13.884417
13.889536
13.872128
13.874176
13.887487
13.871104
13.869057
13.884417
13.877248
13.883392
13.878272
13.883392
13.876225
13.887487
13.880320
Control Period
13.869057
13.865984
13.882368
13.863935
13.871103
13.877249
13.873152
13.868032
13.874176
13.881344
13.868032
13.884417
13.873152
13.876225
13.881344
13.863935
13.870080
13.869056
13.861888
13.873152
13.860864
13.877249
13.869056
13.868032
13.883392
13.883392
13.877248
13.874176
13.879295
13.865984
13.877248
13.874176
13.867008
13.869056
13.875200
13.869057
13.873152
13.878272
13.885441
13.870080
13.870080
13.871103
13.873152
13.876225
13.875200
13.889536
13.878272
13.860865
13.883392
13.874176
13.875200
13.868032
13.886464
13.871104
13.875200
13.871103
13.879296
13.862911
13.887487
13.868032
13.863935
13.859840
13.874176
13.861888
13.865984
13.873152
13.884417
13.868032
13.879295
13.878272
13.883392
13.870080
13.865984
13.872128
13.869057
13.880320
13.873152
13.872128
13.881344
13.878272
13.882368
13.867008
13.879296
13.876225
13.867008
13.875200
13.874176
13.869057
Control Period
13.872128
13.869056
13.875200
13.863935
13.870080
13.864960
13.872128
13.880320
13.867008
13.872128
13.865984
13.872128
13.881344
13.860865
13.873152
13.872128
13.874176
13.877248
13.865984
13.876225
13.870080
13.875200
13.868032
13.887487
13.860864
13.877249
13.873152
13.863935
13.867008
13.859840
13.877249
13.865984
13.878272
13.880320
13.882368
13.873152
13.894656
13.865984
13.874176
13.863935
13.878272
13.869057
13.871104
13.867008
13.886464
13.881344
13.872128
13.860864
13.881344
13.878272
13.878272
13.873152
13.872128
13.875200
13.872128
13.881344
13.881344
13.880320
13.874176
13.890560
13.880320
13.872128
13.878272
13.874176
13.874176
13.863935
13.873152
13.859840
13.889536
13.865984
13.876225
13.871104
13.877248
13.863935
13.870080
13.872128
13.863935
13.873152
13.878272
13.861888
13.879295
13.869057
13.873152
13.873152
13.882368
13.865984
13.871104
Control Period
13.869056
13.873152
13.875200
13.883392
13.889536
13.871104
13.883392
13.883392
13.859840
13.891584
13.880320
13.875200
13.861888
13.872128
13.877248
13.868032
13.879295
13.869057
13.881344
13.873152
13.889536
13.881344
13.875200
13.882368
13.872128
13.868032
13.874176
13.878272
13.875200
13.873152
13.864960
13.862912
13.864960
13.870080
13.877248
13.874176
13.865984
13.875200
13.876225
13.876225
13.892609
13.879296
13.873152
13.870080
13.877248
13.868032
13.880320
13.864960
13.875200
13.870080
13.879295
13.879296
13.881344
13.877248
13.877248
13.861888
13.882368
13.889536
13.867008
13.861888
13.879295
13.872128
13.863935
13.869057
13.860865
13.874176
13.881344
13.962240
13.875200
13.862911
13.884417
13.877249
13.877249
13.885440
13.881344
13.868032
13.870080
13.872128
13.870080
13.861888
13.861888
13.878272
13.875200
13.869057
13.869056
13.873152
13.879296
13.885440
Control Period
13.877249
13.863935
13.861888
13.868032
13.881344
13.884417
13.888512
13.871104
13.884417
13.874176
13.877249
13.881344
13.879296
13.872128
13.877248
13.864960
13.886464
13.875200
13.864960
13.871103
13.876225
13.874176
13.867008
13.873152
13.859840
13.872128
13.881344
13.870080
13.886464
13.869056
13.871103
13.874176
13.882368
13.867008
13.868032
13.867008
13.870080
13.863935
13.876225
13.872128
13.877249
13.874176
13.869056
13.879295
13.877248
13.884417
13.867008
13.878272
13.872128
13.878272
13.860864
13.875200
13.874176
13.882368
13.868032
13.884417
13.877249
13.868032
13.886464
13.892608
13.886464
13.877248
13.873152
13.888512
13.878272
13.864960
13.880320
13.884416
13.854719
13.865984
13.870080
13.878272
13.869056
13.872128
13.880320
13.870080
13.857792
13.870080
13.875200
13.881344
13.875200
13.874176
13.871103
13.878272
13.879295
13.872128
13.871103
13.885440
Control Period
13.867008
13.875200
13.875200
13.874176
13.875200
13.881344
13.876225
13.889536
13.882368
13.870080
13.875200
13.880320
13.865984
13.875200
13.872128
13.871103
13.882368
13.875200
13.873152
13.885440
13.881344
13.869056
13.873152
13.869056
13.875200
13.858816
13.861888
13.874176
13.865984
13.877249
13.863935
13.872128
13.885440
13.871103
13.872128
13.863935
13.875200
13.872128
13.878272
13.881344
13.886464
13.871104
13.873152
13.874176
13.879296
13.877248
13.872128
13.875200
13.877249
13.886464
13.881344
13.878272
13.867008
13.873152
13.883392
13.878272
13.862911
13.873152
13.869057
13.876225
13.867008
13.877249
13.882368
13.864960
13.865984
13.876225
13.882368
13.867008
13.869056
13.872128
13.875200
13.872128
13.869056
13.871104
13.888512
13.868032
13.874176
13.874176
13.877249
13.876225
13.863935
13.874176
13.877248
13.886464
13.876225
13.884417
13.871103
Control Period
13.879296
13.865984
13.880320
13.871104
13.874176
13.870080
13.860865
13.880320
13.880320
13.874176
13.889536
13.869057
13.859840
13.876225
13.868032
13.868032
13.871104
13.869056
13.865984
13.871103
13.870080
13.867008
13.885441
13.878272
13.879295
13.870080
13.891584
13.872128
13.879296
13.864960
13.864960
13.865984
13.862912
13.879296
13.873152
13.878272
13.875200
13.868032
13.877249
13.879295
13.870080
13.872128
13.869057
13.873152
13.869057
13.886463
13.885441
13.876225
13.877249
13.882368
13.880320
13.861888
13.874176
13.865984
13.865984
13.880320
13.876225
13.871104
13.876225
13.865984
13.877248
13.882368
13.871104
13.864960
13.875200
13.871104
13.882368
13.855743
13.878272
13.864960
13.877248
13.861888
13.871103
13.882368
13.869056
13.864960
13.880320
13.889536
13.880320
13.880320
13.889536
13.878272
13.872128
13.878272
13.857792
13.868032
13.882368
13.872128
Control Period
13.873152
13.890560
13.871103
13.878272
13.865984
13.872128
13.876225
13.883392
13.870080
13.884417
13.880320
13.879295
13.888512
13.870080
13.875200
13.870080
13.879296
13.870080
13.870080
13.868032
13.880320
13.864960
13.867008
13.884417
13.873152
13.864960
13.873152
13.873152
13.870080
13.865984
13.965312
13.869056
13.861888
13.869056
13.886464
13.875200
13.872128
13.871104
13.873152
13.880320
13.868032
13.881344
13.875200
13.868032
13.869056
13.872128
13.874176
13.874176
13.873152
13.883392
13.863935
13.876225
13.873152
13.880320
13.875200
13.889536
13.869056
13.873152
13.872128
13.892608
13.873152
13.879295
13.881344
13.875200
13.874176
13.877249
13.882368
13.871104
13.879296
13.862911
13.873152
13.870080
13.878272
13.856768
13.879295
13.882368
13.883392
13.865984
13.873152
13.870080
13.868032
13.865984
13.888512
13.865984
13.867008
13.872128
13.882368
13.869056
Control Period
13.872128
13.875200
13.879295
13.883392
13.871103
13.894655
13.878272
13.871103
13.861888
13.870080
13.872128
13.874176
13.865984
13.861888
13.881344
13.881344
13.878272
13.879295
13.872128
13.877248
13.858816
13.874176
13.881344
13.876225
13.870080
13.863935
13.872128
13.887488
13.879295
13.871104
13.863935
13.879295
13.876225
13.868032
13.886464
13.867008
13.874176
13.865984
13.888512
13.882368
13.884417
13.862912
13.874176
13.881344
13.878272
13.865984
13.857792
13.868032
13.860865
13.867008
13.881344
13.881344
13.878272
13.881344
13.871103
13.869056
13.873152
13.860864
13.867008
13.869057
13.883392
13.871104
13.880320
13.887487
13.868032
13.885441
13.875200
13.884417
13.868032
13.869057
13.876225
13.874176
13.864960
13.871104
13.876225
13.871103
13.873152
13.874176
13.869056
13.872128
13.870080
13.877248
13.854720
13.875200
13.878272
13.888512
13.889536
Control Period
13.883392
13.874176
13.872128
13.873152
13.871103
13.875200
13.854719
13.885441
13.875200
13.864960
13.871103
13.880320
13.871103
13.862911
13.872128
13.867008
13.879296
13.873152
13.875200
13.877249
13.876225
13.875200
13.871103
13.871103
13.861888
13.879296
13.862911
13.869056
13.886464
13.880320
13.876225
13.883392
13.871103
13.871104
13.871103
13.868032
13.883392
13.871104
13.881344
13.870080
13.865984
13.886464
13.873152
13.860865
13.887488
13.869057
13.875200
13.870080
13.864960
13.879295
13.868032
13.864960
13.875200
13.881344
13.879295
13.875200
13.871104
13.868032
13.864960
13.878272
13.861888
13.868032
13.871103
13.873152
13.875200
13.877248
13.895679
13.851648
13.875200
13.861888
13.879296
13.871103
13.884417
13.871103
13.892609
13.863935
13.881344
13.862912
13.864960
13.876225
13.876225
13.873152
13.876225
13.875200
13.877248
13.885440
13.891584
13.883392
Control Period
13.872128
13.876225
13.869057
13.865984
13.887488
13.862912
13.875200
13.881344
13.859840
13.873152
13.881344
13.881344
13.867008
13.877249
13.868032
13.883392
13.869056
13.869057
13.877248
13.871103
13.887488
13.882368
13.886464
13.867008
13.864960
13.881344
13.890560
13.863935
13.875200
13.875200
13.872128
13.869057
13.872128
13.871104
13.874176
13.869057
13.885440
13.881344
13.876225
13.865984
13.871104
13.868032
13.869057
13.882368
13.878272
13.879295
13.858816
13.878272
13.874176
13.879296
13.895679
13.881344
13.869057
13.863935
13.872128
13.858816
13.867008
13.878272
13.873152
13.883392
13.865984
13.881344
13.874176
13.863935
13.869056
13.876225
13.883392
13.865984
13.879295
13.885440
13.886464
13.879296
13.867008
13.864960
13.867008
13.873152
13.870080
13.871103
13.869056
13.884417
13.868032
13.956097
13.887487
13.870080
13.861888
13.879296
13.872128
13.880320
Control Period
13.881344
13.879295
13.869057
13.868032
13.870080
13.884417
13.876225
13.870080
13.877248
13.865984
13.874176
13.876225
13.873152
13.882368
13.875200
13.864960
13.862912
13.870080
13.868032
13.870080
13.868032
13.859840
13.884417
13.872128
13.879295
13.881344
13.885440
13.871104
13.883392
13.872128
13.870080
13.857792
13.881344
13.873152
13.865984
13.879296
13.878272
13.877248
13.882368
13.883392
13.886464
13.877248
13.874176
13.871103
13.874176
13.865984
13.870080
13.878272
13.885441
13.872128
13.877249
13.872128
13.890560
13.865984
13.874176
13.877249
13.887487
13.867008
13.877248
13.869056
13.855743
13.873152
13.868032
13.880320
13.880320
13.880320
13.872128
13.887488
13.869057
13.877248
13.874176
13.878272
13.887487
13.884417
13.871104
13.886464
13.878272
13.879295
13.867008
13.882368
13.879296
13.861888
13.878272
13.881344
13.870080
13.876225
13.893633
Control Period
13.882368
13.881344
13.873152
13.878272
13.876225
13.875200
13.868032
13.874176
13.883392
13.868032
13.871103
13.871103
13.876225
13.867008
13.880320
13.874176
13.856768
13.875200
13.875200
13.867008
13.875200
13.885441
13.876225
13.868032
13.874176
13.874176
13.859840
13.877249
13.871103
13.879295
13.876225
13.874176
13.877248
13.867008
13.876225
13.878272
13.872128
13.865984
13.874176
13.858816
13.880320
13.871103
13.885440
13.873152
13.870080
13.865984
13.883392
13.874176
13.869056
13.877249
13.871104
13.876225
13.889536
13.865984
13.868032
13.876225
13.877248
13.872128
13.883392
13.885440
13.863935
13.869056
13.875200
13.871104
13.859840
13.878272
13.875200
13.890560
13.874176
13.875200
13.876225
13.874176
13.868032
13.871103
13.875200
13.868032
13.869057
13.887487
13.877248
13.874176
13.879295
13.875200
13.879296
13.871104
13.885441
13.874176
13.849600
13.868032
Control Period
13.865984
13.881344
13.862912
13.879295
13.865984
13.878272
13.874176
13.877248
13.872128
13.881344
13.877248
13.882368
13.874176
13.867008
13.883392
13.879296
13.877248
13.881344
13.885440
13.891584
13.880320
13.877249
13.881344
13.879295
13.888512
13.884417
13.863935
13.881344
13.863935
13.863935
13.863935
13.868032
13.869057
13.886464
13.872128
13.862912
13.888512
13.864960
13.874176
13.884417
13.861888
13.884417
13.874176
13.883392
13.871104
13.875200
13.882368
13.867008
13.867008
13.870080
13.872128
13.882368
13.885440
13.880320
13.874176
13.865984
13.876225
13.877249
13.878272
13.871104
13.860864
13.876225
13.873152
13.868032
13.875200
13.879295
13.882368
13.876225
13.882368
13.874176
13.882368
13.884417
13.861888
13.878272
13.868032
13.867008
13.872128
13.884417
13.881344
13.874176
13.879296
13.868032
13.872128
13.868032
13.884417
13.870080
13.872128
Control Period
13.878272
13.870080
13.870080
13.857792
13.864960
13.869056
13.869056
13.885440
13.874176
13.872128
13.881344
13.859840
13.876225
13.869057
13.871104
13.860864
13.865984
13.881344
13.870080
13.868032
13.875200
13.860865
13.884417
13.864960
13.875200
13.868032
13.886464
13.876225
13.877249
13.874176
13.868032
13.873152
13.870080
13.878272
13.877248
13.873152
13.891584
13.860864
13.886464
13.870080
13.877248
13.877248
13.868032
13.862912
13.876225
13.948928
13.862912
13.875200
13.880320
13.876225
13.868032
13.873152
13.875200
13.862912
13.872128
13.873152
13.869056
13.876225
13.872128
13.875200
13.862912
13.861888
13.892609
13.878272
13.872128
13.862911
13.875200
13.878272
13.886464
13.875200
13.871104
13.877249
13.877248
13.875200
13.870080
13.871103
13.876225
13.876225
13.875200
13.869057
13.884417
13.871104
13.882368
13.874176
13.861888
13.873152
13.875200
13.876225
Control Period
13.887487
13.876225
13.879296
13.869057
13.861888
13.857792
13.872128
13.884417
13.872128
13.873152
13.858816
13.880320
13.885440
13.868032
13.863935
13.873152
13.864960
13.867008
13.882368
13.879295
13.865984
13.872128
13.863935
13.877249
13.878272
13.874176
13.869056
13.876225
13.875200
13.870080
13.864960
13.873152
13.873152
13.876225
13.873152
13.886464
13.881344
13.875200
13.869057
13.861888
13.875200
13.874176
13.886464
13.875200
13.882368
13.875200
13.865984
13.864960
13.873152
13.879296
13.861888
13.875200
13.872128
13.878272
13.870080
13.870080
13.873152
13.872128
13.885441
13.863935
13.867008
13.857792
13.864960
13.885441
13.880320
13.869056
13.875200
13.873152
13.873152
13.864960
13.879295
13.877249
13.858816
13.850624
13.886464
13.887487
13.864960
13.882368
13.874176
13.877249
13.876225
13.880320
13.881344
13.862912
13.870080
13.869056
13.877249
13.868032
Control Period
13.882368
13.868032
13.884417
13.871104
13.894656
13.874176
13.854719
13.865984
13.876225
13.880320
13.876225
13.879295
13.870080
13.863935
13.862912
13.869057
13.864960
13.862911
13.871104
13.881344
13.864960
13.882368
13.870080
13.874176
13.870080
13.861888
13.868032
13.876225
13.881344
13.874176
13.868032
13.878272
13.882368
13.873152
13.858816
13.871104
13.881344
13.863935
13.876225
13.869056
13.874176
13.873152
13.874176
13.890560
13.879295
13.871103
13.859840
13.870080
13.862912
13.871104
13.873152
13.867008
13.873152
13.864960
13.877249
13.871104
13.873152
13.871103
13.865984
13.876225
13.871104
13.883392
13.871103
13.868032
13.872128
13.868032
13.871103
13.873152
13.874176
13.879296
13.874176
13.875200
13.875200
13.879295
13.877248
13.878272
13.878272
13.870080
13.863935
13.883392
13.880320
13.875200
13.874176
13.876225
13.860864
13.878272
13.874176
Control Period
13.869056
13.870080
13.880320
13.877248
13.886464
13.862912
13.874176
13.871104
13.872128
13.869057
13.867008
13.864960
13.874176
13.875200
13.863935
13.867008
13.864960
13.868032
13.880320
13.876225
13.877248
13.892609
13.875200
13.867008
13.868032
13.870080
13.859840
13.880320
13.876225
13.867008
13.877249
13.877248
13.862911
13.860864
13.867008
13.873152
13.875200
13.878272
13.882368
13.872128
13.874176
13.871103
13.870080
13.877249
13.868032
13.878272
13.876225
13.872128
13.867008
13.867008
13.871103
13.883392
13.867008
13.880320
13.882368
13.865984
13.869056
13.881344
13.864960
13.890560
13.869057
13.881344
13.868032
13.878272
13.869057
13.869056
13.872128
13.874176
13.875200
13.893633
13.867008
13.872128
13.877248
13.879295
13.874176
13.867008
13.875200
13.874176
13.889536
13.880320
13.871104
13.860865
13.869056
13.859840
13.887487
13.870080
13.878272
13.861888
Control Period
13.860865
13.859840
13.882368
13.875200
13.868032
13.860864
13.875200
13.874176
13.950975
13.872128
13.877248
13.879295
13.877248
13.868032
13.874176
13.867008
13.865984
13.867008
13.879295
13.881344
13.871104
13.883392
13.878272
13.876225
13.871103
13.880320
13.868032
13.864960
13.883392
13.875200
13.869057
13.870080
13.875200
13.878272
13.873152
13.890560
13.883392
13.874176
13.877249
13.862912
13.876225
13.882368
13.874176
13.863935
13.887488
13.884417
13.889536
13.875200
13.880320
13.868032
13.870080
13.874176
13.869056
13.869057
13.872128
13.877249
13.875200
13.879296
13.881344
13.870080
13.878272
13.878272
13.869056
13.868032
13.878272
13.855743
13.886464
13.872128
13.876225
13.876225
13.885441
13.869057
13.867008
13.873152
13.867008
13.882368
13.873152
13.880320
13.878272
13.872128
13.869057
13.883392
13.865984
13.868032
13.881344
13.862911
13.867008
13.867008
Control Period
13.875200
13.875200
13.869057
13.876225
13.869057
13.884417
13.888512
13.875200
13.869057
13.878272
13.875200
13.872128
13.877249
13.874176
13.872128
13.879296
13.859840
13.867008
13.878272
13.874176
13.878272
13.878272
13.862912
13.878272
13.859840
13.863935
13.875200
13.876225
13.864960
13.863935
13.869056
13.874176
13.863935
13.884417
13.877249
13.881344
13.879295
13.874176
13.870080
13.872128
13.873152
13.886464
13.870080
13.864960
13.882368
13.875200
13.881344
13.871103
13.870080
13.885441
13.872128
13.865984
13.869057
13.878272
13.867008
13.864960
13.867008
13.872128
13.886464
13.870080
13.873152
13.870080
13.875200
13.868032
13.863935
13.877249
13.870080
13.877248
13.876225
13.881344
13.875200
13.880320
13.888512
13.878272
13.874176
13.861888
13.878272
13.871103
13.865984
13.879295
13.857792
13.885441
13.882368
13.873152
13.871104
13.876225
13.874176
Control Period
13.873152
13.875200
13.873152
13.872128
13.861888
13.874176
13.869056
13.876225
13.851648
13.881344
13.881344
13.874176
13.874176
13.870080
13.881344
13.865984
13.874176
13.874176
13.875200
13.874176
13.871104
13.859840
13.875200
13.881344
13.868032
13.882368
13.877249
13.868032
13.861888
13.885440
13.882368
13.894655
13.873152
13.868032
13.869056
13.876225
13.864960
13.873152
13.879296
13.861888
13.875200
13.867008
13.860864
13.880320
13.877248
13.876225
13.878272
13.858816
13.885440
13.869057
13.882368
13.868032
13.885440
13.868032
13.872128
13.876225
13.871104
13.877249
13.872128
13.872128
13.871103
13.862912
13.873152
13.873152
13.865984
13.878272
13.887488
13.860864
13.878272
13.876225
13.871103
13.851648
13.860865
13.875200
13.878272
13.882368
13.865984
13.878272
13.869056
13.871103
13.885441
13.870080
13.879295
13.884417
13.871103
13.872128
13.880320
13.890560
Control Period
13.875200
13.871103
13.877249
13.872128
13.875200
13.871104
13.872128
13.876225
13.865984
13.871103
13.867008
13.876225
13.882368
13.872128
13.876225
13.881344
13.873152
13.871104
13.874176
13.885441
13.864960
13.882368
13.880320
13.867008
13.883392
13.870080
13.872128
13.867008
13.869056
13.870080
13.886464
13.888512
13.867008
13.867008
13.869057
13.872128
13.882368
13.870080
13.882368
13.868032
13.873152
13.880320
13.872128
13.877248
13.881344
13.879295
13.875200
13.877249
13.871103
13.864960
13.874176
13.885441
13.869056
13.865984
13.861888
13.861888
13.885440
13.880320
13.867008
13.959167
13.873152
13.858816
13.875200
13.873152
13.867008
13.870080
13.865984
13.870080
13.881344
13.878272
13.878272
13.870080
13.881344
13.870080
13.869057
13.870080
13.870080
13.869057
13.874176
13.880320
13.875200
13.876225
13.868032
13.879295
13.875200
13.885440
13.861888
13.853696
Control Period
13.855743
13.891584
13.888512
13.870080
13.870080
13.886464
13.869057
13.859840
13.877248
13.873152
13.881344
13.863935
13.882368
13.873152
13.877248
13.860864
13.855743
13.859840
13.875200
13.876225
13.868032
13.875200
13.882368
13.869057
13.867008
13.879295
13.883392
13.873152
13.864960
13.871103
13.882368
13.884417
13.870080
13.877249
13.887487
13.869056
13.871103
13.877249
13.882368
13.879295
13.875200
13.872128
13.871103
13.879295
13.883392
13.864960
13.878272
13.877249
13.873152
13.867008
13.878272
13.878272
13.877249
13.883392
13.865984
13.881344
13.884417
13.856768
13.877249
13.880320
13.876225
13.855743
13.870080
13.867008
13.868032
13.867008
13.872128
13.864960
13.874176
13.874176
13.874176
13.875200
13.875200
13.889536
13.878272
13.873152
13.873152
13.876225
13.887487
13.880320
13.862912
13.859840
13.878272
13.865984
13.868032
13.874176
13.878272
Control Period
13.876225
13.875200
13.894655
13.868032
13.871104
13.871103
13.883392
13.878272
13.868032
13.882368
13.880320
13.872128
13.856768
13.875200
13.870080
13.864960
13.876225
13.865984
13.871104
13.879295
13.879296
13.889536
13.877249
13.865984
13.874176
13.864960
13.876225
13.864960
13.881344
13.881344
13.864960
13.877248
13.876225
13.877248
13.865984
13.871103
13.871104
13.874176
13.872128
13.865984
13.886464
13.885441
13.870080
13.864960
13.873152
13.880320
13.875200
13.876225
13.882368
13.867008
13.869057
13.878272
13.867008
13.877248
13.880320
13.854720
13.882368
13.864960
13.870080
13.877248
13.877249
13.872128
13.880320
13.869056
13.859840
13.884417
13.869057
13.863935
13.873152
13.880320
13.882368
13.870080
13.878272
13.874176
13.864960
13.863935
13.885441
13.877249
13.880320
13.873152
13.876225
13.880320
13.880320
13.881344
13.873152
13.881344
13.871104
13.864960
Control Period
13.871103
13.872128
13.862911
13.865984
13.898752
13.880320
13.869057
13.874176
13.873152
13.856768
13.871104
13.859840
13.868032
13.870080
13.874176
13.859840
13.872128
13.871103
13.869056
13.865984
13.875200
13.870080
13.877249
13.875200
13.880320
13.861888
13.883392
13.873152
13.881344
13.871103
13.876225
13.879295
13.875200
13.872128
13.871104
13.879295
13.875200
13.867008
13.864960
13.890560
13.874176
13.867008
13.873152
13.879296
13.878272
13.865984
13.876225
13.887487
13.864960
13.868032
13.877249
13.873152
13.870080
13.876225
13.874176
13.864960
13.872128
13.871103
13.879296
13.881344
13.869056
13.872128
13.871104
13.873152
13.862911
13.872128
13.869056
13.864960
13.865984
13.870080
13.879295
13.859840
13.875200
13.878272
13.882368
13.865984
13.871103
13.877249
13.878272
13.872128
13.872128
13.879295
13.871104
13.873152
13.869056
13.870080
13.867008
Control Period
13.869057
13.857792
13.870080
13.865984
13.887487
13.872128
13.875200
13.880320
13.875200
13.874176
13.878272
13.872128
13.875200
13.874176
13.878272
13.869057
13.878272
13.878272
13.883392
13.868032
13.861888
13.872128
13.884417
13.952000
13.864960
13.881344
13.874176
13.877249
13.879296
13.883392
13.875200
13.864960
13.881344
13.882368
13.890560
13.863935
13.883392
13.875200
13.878272
13.878272
13.857792
13.864960
13.874176
13.880320
13.868032
13.871103
13.884416
13.877248
13.876225
13.881344
13.873152
13.872128
13.880320
13.880320
13.872128
13.865984
13.876225
13.871104
13.873152
13.880320
13.870080
13.881344
13.875200
13.895679
13.878272
13.873152
13.861888
13.874176
13.874176
13.874176
13.864960
13.894655
13.867008
13.871103
13.863935
13.857792
13.872128
13.881344
13.861888
13.867008
13.880320
13.869056
13.877249
13.865984
13.867008
13.862912
13.861888
13.884417
Control Period
13.870080
13.870080
13.867008
13.864960
13.864960
13.877249
13.874176
13.873152
13.868032
13.879296
13.883392
13.853696
13.875200
13.870080
13.880320
13.871104
13.879296
13.882368
13.876225
13.876225
13.861888
13.868032
13.879295
13.881344
13.876225
13.869056
13.879295
13.876225
13.861888
13.880320
13.869057
13.880320
13.871103
13.873152
13.876225
13.864960
13.875200
13.865984
13.884417
13.875200
13.867008
13.868032
13.861888
13.869056
13.867008
13.865984
13.880320
13.880320
13.882368
13.874176
13.876225
13.871103
13.865984
13.873152
13.878272
13.860864
13.871103
13.878272
13.881344
13.870080
13.887488
13.871104
13.877249
13.869057
13.882368
13.865984
13.874176
13.870080
13.865984
13.878272
13.874176
13.879296
13.873152
13.859840
13.869057
13.872128
13.883392
13.873152
13.868032
13.875200
13.868032
13.867008
13.863935
13.862912
13.864960
13.878272
13.873152
13.872128
Control Period
13.872128
13.890560
13.896704
13.881344
13.878272
13.870080
13.879296
13.870080
13.871104
13.873152
13.876225
13.873152
13.869057
13.881344
13.878272
13.885440
13.874176
13.880320
13.885441
13.857792
13.872128
13.876225
13.869057
13.863935
13.870080
13.869057
13.882368
13.881344
13.868032
13.870080
13.860865
13.869057
13.873152
13.871103
13.865984
13.875200
13.886464
13.869056
13.868032
13.878272
13.870080
13.873152
13.883392
13.878272
13.871104
13.888512
13.874176
13.879296
13.883392
13.867008
13.879296
13.871103
13.879295
13.871103
13.880320
13.870080
13.872128
13.862912
13.864960
13.862912
13.868032
13.875200
13.878272
13.868032
13.870080
13.863935
13.873152
13.883392
13.867008
13.877248
13.865984
13.883392
13.869057
13.878272
13.865984
13.862912
13.870080
13.893633
13.879295
13.858816
13.880320
13.872128
13.880320
13.886464
13.886464
13.882368
13.872128
Control Period
13.874176
13.878272
13.867008
13.874176
13.868032
13.883392
13.881344
13.873152
13.869057
13.870080
13.874176
13.878272
13.879296
13.872128
13.870080
13.873152
13.876225
13.873152
13.871103
13.871104
13.894656
13.876225
13.860865
13.876225
13.864960
13.872128
13.875200
13.880320
13.859840
13.881344
13.877249
13.886464
13.873152
13.867008
13.881344
13.879296
13.879295
13.876225
13.869057
13.873152
13.862912
13.872128
13.864960
13.869057
13.865984
13.877248
13.865984
13.876225
13.869057
13.869057
13.870080
13.863935
13.876225
13.881344
13.880320
13.874176
13.877248
13.873152
13.874176
13.880320
13.894656
13.871104
13.871103
13.888512
13.872128
13.876225
13.880320
13.880320
13.896704
13.872128
13.869056
13.901824
13.877249
13.878272
13.955072
13.878272
13.870080
13.867008
13.870080
13.869056
13.881344
13.884417
13.872128
13.876225
13.876225
13.872128
13.868032
13.879296
Control Period
13.870080
13.880320
13.858816
13.878272
13.856768
13.874176
13.871104
13.875200
13.874176
13.875200
13.871103
13.867008
13.870080
13.870080
13.876225
13.859840
13.877249
13.877249
13.877248
13.875200
13.869057
13.880320
13.865984
13.867008
13.876225
13.883392
13.872128
13.865984
13.875200
13.860864
13.875200
13.876225
13.870080
13.864960
13.876225
13.879295
13.869057
13.864960
13.869057
13.879296
13.880320
13.884417
13.871103
13.873152
13.871103
13.861888
13.870080
13.875200
13.872128
13.875200
13.880320
13.875200
13.863935
13.878272
13.864960
13.876225
13.878272
13.871104
13.874176
13.863935
13.877248
13.868032
13.869057
13.870080
13.873152
13.860864
13.884417
13.878272
13.872128
13.863935
13.870080
13.872128
13.864960
13.872128
13.868032
13.876225
13.875200
13.880320
13.872128
13.876225
13.873152
13.876225
13.874176
13.889536
13.863935
13.868032
13.878272
13.874176
Control Period
13.876225
13.858816
13.864960
13.873152
13.900800
13.878272
13.869057
13.872128
13.879296
13.884417
13.882368
13.870080
13.873152
13.872128
13.876225
13.887487
13.871103
13.873152
13.867008
13.868032
13.861888
13.881344
13.875200
13.862912
13.886464
13.879296
13.884417
13.865984
13.875200
13.871104
13.880320
13.883392
13.872128
13.883392
13.865984
13.873152
13.880320
13.876225
13.880320
13.880320
13.877248
13.880320
13.873152
13.878272
13.884417
13.882368
13.881344
13.872128
13.898752
13.873152
13.883392
13.869056
13.875200
13.864960
13.877249
13.871103
13.871103
13.874176
13.880320
13.864960
13.881344
13.876225
13.860865
13.878272
13.868032
13.877249
13.885440
13.887488
13.875200
13.873152
13.872128
13.874176
13.877249
13.872128
13.862911
13.879295
13.884417
13.881344
13.875200
13.879296
13.886464
13.865984
13.872128
13.878272
13.865984
13.872128
13.888512
Control Period
13.882368
13.875200
13.867008
13.885441
13.872128
13.884417
13.868032
13.884417
13.868032
13.877249
13.880320
13.869057
13.884417
13.874176
13.869056
13.873152
13.862911
13.872128
13.863935
13.870080
13.873152
13.875200
13.880320
13.855743
13.877248
13.873152
13.870080
13.878272
13.868032
13.877249
13.894656
13.877249
13.861888
13.877248
13.875200
13.872128
13.863935
13.867008
13.877248
13.872128
13.871103
13.869057
13.870080
13.872128
13.872128
13.872128
13.884417
13.857792
13.892609
13.876225
13.867008
13.871104
13.877249
13.871104
13.874176
13.877248
13.877248
13.870080
13.863935
13.876225
13.865984
13.890560
13.877248
13.873152
13.877249
13.874176
13.870080
13.864960
13.872128
13.879296
13.870080
13.864960
13.874176
13.882368
13.875200
13.882368
13.888512
13.870080
13.864960
13.872128
13.870080
13.865984
13.863935
13.875200
13.865984
13.876225
13.876225
13.881344
Control Period
13.869056
13.882368
13.874176
13.864960
13.865984
13.873152
13.870080
13.871104
13.877249
13.886464
13.879295
13.882368
13.869056
13.881344
13.878272
13.876225
13.877249
13.869056
13.865984
13.874176
13.885440
13.881344
13.875200
13.859840
13.883392
13.859840
13.882368
13.875200
13.880320
13.855743
13.867008
13.862911
13.872128
13.863935
13.867008
13.878272
13.862911
13.948928
13.880320
13.873152
13.869056
13.874176
13.860865
13.874176
13.883392
13.867008
13.872128
13.878272
13.867008
13.863935
13.877249
13.869057
13.867008
13.875200
13.873152
13.863935
13.869057
13.873152
13.872128
13.872128
13.877248
13.872128
13.871103
13.867008
13.884417
13.887487
13.875200
13.883392
13.873152
13.875200
13.874176
13.870080
13.872128
13.884417
13.884417
13.868032
13.879295
13.870080
13.869056
13.864960
13.879295
13.859840
13.868032
13.869057
13.877248
13.876225
13.865984
13.883392
Control Period
13.874176
13.873152
13.872128
13.864960
13.893632
13.875200
13.864960
13.877249
13.873152
13.865984
13.882368
13.878272
13.876225
13.879296
13.869056
13.869057
13.869057
13.869056
13.872128
13.875200
13.864960
13.872128
13.880320
13.872128
13.885440
13.875200
13.874176
13.869057
13.884417
13.863935
13.877249
13.872128
13.878272
13.881344
13.875200
13.864960
13.884417
13.877248
13.872128
13.878272
13.877248
13.880320
13.880320
13.883392
13.874176
13.875200
13.863935
13.882368
13.870080
13.875200
13.877248
13.877248
13.865984
13.878272
13.887487
13.873152
13.877248
13.872128
13.873152
13.870080
13.879295
13.881344
13.863935
13.869056
13.863935
13.880320
13.872128
13.864960
13.863935
13.878272
13.877249
13.886464
13.876225
13.883392
13.874176
13.868032
13.879295
13.872128
13.876225
13.872128
13.868032
13.867008
13.881344
13.869056
13.867008
13.887487
13.860864
Control Period
13.858816
13.862911
13.873152
13.877248
13.878272
13.878272
13.872128
13.872128
13.889536
13.878272
13.880320
13.883392
13.879295
13.878272
13.863935
13.877249
13.867008
13.876225
13.881344
13.874176
13.875200
13.880320
13.876225
13.885440
13.878272
13.877248
13.878272
13.877249
13.873152
13.873152
13.863935
13.869057
13.879296
13.880320
13.880320
13.873152
13.885440
13.875200
13.870080
13.861888
13.871104
13.870080
13.864960
13.872128
13.873152
13.882368
13.873152
13.878272
13.868032
13.878272
13.873152
13.864960
13.876225
13.883392
13.880320
13.878272
13.867008
13.876225
13.861888
13.870080
13.870080
13.872128
13.861888
13.872128
13.863935
13.885441
13.869057
13.871103
13.872128
13.871103
13.870080
13.865984
13.876225
13.880320
13.873152
13.877248
13.864960
13.881344
13.877248
13.887488
13.861888
13.878272
13.867008
13.863935
13.876225
13.872128
13.878272
13.869057
Control Period
13.869057
13.874176
13.874176
13.870080
13.874176
13.874176
13.877249
13.869057
13.882368
13.884417
13.867008
13.870080
13.876225
13.874176
13.871103
13.880320
13.870080
13.874176
13.877248
13.872128
13.874176
13.877248
13.879296
13.871103
13.885441
13.867008
13.877249
13.875200
13.880320
13.869057
13.884417
13.874176
13.878272
13.869057
13.872128
13.878272
13.877249
13.863935
13.864960
13.871104
13.879296
13.863935
13.870080
13.862911
13.860865
13.885440
13.877248
13.863935
13.864960
13.867008
13.865984
13.872128
13.870080
13.864960
13.873152
13.857792
13.871103
13.871103
13.867008
13.867008
13.877248
13.865984
13.879296
13.891584
13.867008
13.874176
13.863935
13.877249
13.876225
13.858816
13.873152
13.879296
13.885440
13.875200
13.896704
13.880320
13.887487
13.873152
13.870080
13.869057
13.874176
13.880320
13.868032
13.875200
13.877248
13.873152
13.886464
Control Period
13.873152
13.950975
13.882368
13.869056
13.865984
13.869056
13.869057
13.870080
13.865984
13.869057
13.877249
13.875200
13.880320
13.880320
13.868032
13.880320
13.879295
13.865984
13.868032
13.859840
13.873152
13.873152
13.875200
13.863935
13.877248
13.884417
13.879296
13.876225
13.874176
13.859840
13.879295
13.870080
13.880320
13.889536
13.871103
13.865984
13.867008
13.874176
13.892609
13.868032
13.881344
13.888512
13.867008
13.877248
13.874176
13.876225
13.873152
13.869056
13.872128
13.875200
13.864960
13.880320
13.864960
13.877248
13.864960
13.877249
13.875200
13.873152
13.874176
13.884417
13.874176
13.878272
13.865984
13.868032
13.881344
13.881344
13.877249
13.889536
13.886464
13.875200
13.869057
13.863935
13.883392
13.878272
13.882368
13.876225
13.874176
13.870080
13.865984
13.862912
13.860864
13.868032
13.857792
13.875200
13.878272
13.886464
13.869056
13.865984
Control Period
13.858816
13.878272
13.872128
13.869057
13.878272
13.881344
13.875200
13.869057
13.877249
13.870080
13.871103
13.873152
13.881344
13.882368
13.868032
13.874176
13.875200
13.874176
13.874176
13.875200
13.874176
13.858816
13.875200
13.877248
13.865984
13.893632
13.879295
13.873152
13.863935
13.874176
13.863935
13.863935
13.869056
13.878272
13.885440
13.873152
13.863935
13.868032
13.873152
13.871104
13.869057
13.871103
13.874176
13.879296
13.870080
13.867008
13.877248
13.883392
13.868032
13.870080
13.861888
13.879296
13.887487
13.877249
13.882368
13.871103
13.870080
13.872128
13.875200
13.881344
13.877249
13.878272
13.859840
13.868032
13.867008
13.856768
13.877249
13.870080
13.874176
13.874176
13.878272
13.880320
13.877248
13.881344
13.871103
13.867008
13.863935
13.880320
13.868032
13.869057
13.876225
13.875200
13.874176
13.873152
13.875200
13.868032
13.876225
13.869057
Control Period
13.870080
13.869056
13.874176
13.872128
13.873152
13.863935
13.874176
13.863935
13.879295
13.874176
13.875200
13.875200
13.856768
13.876225
13.876225
13.873152
13.867008
13.868032
13.863935
13.868032
13.870080
13.883392
13.863935
13.879295
13.873152
13.878272
13.870080
13.871104
13.879295
13.880320
13.875200
13.879295
13.874176
13.873152
13.869056
13.874176
13.882368
13.874176
13.869057
13.861888
13.877248
13.871103
13.869057
13.875200
13.868032
13.873152
13.873152
13.873152
13.867008
13.873152
13.873152
13.865984
13.880320
13.873152
13.874176
13.871104
13.878272
13.889536
13.878272
13.872128
13.869056
13.875200
13.874176
13.874176
13.885441
13.869057
13.874176
13.874176
13.885441
13.858816
13.876225
13.877248
13.879296
13.877249
13.876225
13.884417
13.872128
13.869056
13.875200
13.863935
13.873152
13.873152
13.875200
13.870080
13.881344
13.880320
13.869056
Control Period
13.881344
13.884417
13.869056
13.871104
13.872128
13.898752
13.884417
13.877248
13.869056
13.874176
13.878272
13.872128
13.877248
13.865984
13.877248
13.863935
13.874176
13.869056
13.861888
13.863935
13.875200
13.890560
13.877249
13.884417
13.868032
13.876225
13.877248
13.883392
13.873152
13.873152
13.869056
13.874176
13.888512
13.882368
13.877249
13.884417
13.878272
13.865984
13.886464
13.869056
13.895680
13.874176
13.886464
13.879295
13.870080
13.870080
13.874176
13.861888
13.864960
13.875200
13.883392
13.870080
13.975552
13.874176
13.864960
13.881344
13.868032
13.864960
13.868032
13.875200
13.867008
13.876225
13.878272
13.865984
13.875200
13.877248
13.867008
13.876225
13.872128
13.883392
13.879295
13.874176
13.884417
13.876225
13.877248
13.876225
13.867008
13.863935
13.871104
13.877248
13.868032
13.878272
13.872128
13.870080
13.863935
13.868032
13.872128
13.864960
Control Period
13.875200
13.880320
13.872128
13.869056
13.883392
13.881344
13.887487
13.877249
13.871103
13.884417
13.879295
13.869057
13.888512
13.873152
13.871103
13.875200
13.872128
13.876225
13.890560
13.884417
13.874176
13.887487
13.884417
13.870080
13.869057
13.870080
13.867008
13.868032
13.867008
13.864960
13.873152
13.882368
13.869056
13.880320
13.879296
13.862912
13.867008
13.883392
13.869057
13.871104
13.867008
13.870080
13.873152
13.876225
13.874176
13.881344
13.872128
13.877249
13.863935
13.875200
13.869057
13.863935
13.879296
13.871103
13.880320
13.878272
13.876225
13.875200
13.865984
13.875200
13.894655
13.876225
13.883392
13.871104
13.877248
13.886464
13.879295
13.874176
13.873152
13.870080
13.872128
13.871104
13.858816
13.872128
13.871104
13.872128
13.865984
13.873152
13.875200
13.873152
13.880320
13.865984
13.869056
13.894656
13.876225
13.876225
13.870080
13.870080
Control Period
13.874176
13.873152
13.880320
13.875200
13.868032
13.865984
13.876225
13.877248
13.875200
13.865984
13.869057
13.855743
13.877248
13.874176
13.878272
13.864960
13.875200
13.863935
13.872128
13.873152
13.868032
13.871103
13.879295
13.875200
13.891584
13.879296
13.875200
13.864960
13.882368
13.864960
13.880320
13.867008
13.871104
13.893632
13.873152
13.885440
13.877248
13.865984
13.877249
13.869057
13.879296
13.883392
13.878272
13.879295
13.887487
13.874176
13.877249
13.865984
13.882368
13.857792
13.883392
13.872128
13.874176
13.885441
13.873152
13.881344
13.876225
13.875200
13.877248
13.874176
13.870080
13.874176
13.874176
13.868032
13.876225
13.883392
13.876225
13.862912
13.865984
13.878272
13.881344
13.881344
13.870080
13.861888
13.892609
13.875200
13.861888
13.877248
13.870080
13.875200
13.870080
13.872128
13.868032
13.884417
13.880320
13.873152
13.867008
Control Period
13.875200
13.876225
13.884417
13.867008
13.870080
13.876225
13.867008
13.868032
13.868032
13.892609
13.873152
13.868032
13.884417
13.875200
13.896704
13.880320
13.888512
13.871103
13.879296
13.877248
13.875200
13.885441
13.878272
13.873152
13.877249
13.864960
13.889536
13.862912
13.876225
13.881344
13.859840
13.864960
13.871104
13.871104
13.872128
13.861888
13.878272
13.875200
13.876225
13.864960
13.877249
13.880320
13.868032
13.867008
13.870080
13.862912
13.876225
13.883392
13.868032
13.868032
13.863935
13.863935
13.873152
13.883392
13.865984
13.879295
13.874176
13.881344
13.869056
13.870080
13.885441
13.858816
13.876225
13.868032
13.873152
13.862911
13.863935
13.873152
13.874176
13.864960
13.878272
13.871103
13.881344
13.861888
13.872128
13.882368
13.869056
13.871104
13.876225
13.872128
13.872128
13.873152
13.878272
13.879296
13.876225
13.877249
13.876225
13.892609
Control Period
13.868032
13.891584
13.871103
13.868032
13.885440
13.878272
13.860865
13.887487
13.873152
13.862911
13.881344
13.881344
13.867008
13.875200
13.881344
13.977600
13.888512
13.882368
13.873152
13.870080
13.875200
13.867008
13.884417
13.867008
13.874176
13.865984
13.863935
13.871104
13.879295
13.898752
13.870080
13.864960
13.883392
13.891584
13.881344
13.858816
13.873152
13.879295
13.868032
13.877248
13.877248
13.880320
13.865984
13.873152
13.877249
13.876225
13.877248
13.869057
13.891584
13.870080
13.874176
13.867008
13.881344
13.879296
13.886464
13.878272
13.872128
13.881344
13.860864
13.880320
13.871103
13.864960
13.878272
13.882368
13.875200
13.869057
13.869056
13.873152
13.857792
13.882368
13.862912
13.867008
13.872128
13.865984
13.881344
13.875200
13.877248
13.886464
13.875200
13.869057
13.869056
13.879295
13.861888
13.874176
13.879295
13.881344
13.878272
13.874176
Control Period
13.875200
13.863935
13.862912
13.872128
13.871104
13.872128
13.873152
13.875200
13.870080
13.877249
13.872128
13.879295
13.896704
13.871104
13.876225
13.871103
13.873152
13.877248
13.875200
13.869057
13.880320
13.881344
13.874176
13.862911
13.885441
13.879296
13.873152
13.869057
13.884417
13.878272
13.877249
13.869057
13.876225
13.873152
13.870080
13.867008
13.864960
13.875200
13.876225
13.856768
13.872128
13.868032
13.863935
13.862911
13.882368
13.881344
13.889536
13.874176
13.887488
13.868032
13.864960
13.879296
13.873152
13.869057
13.879296
13.874176
13.880320
13.888512
13.868032
13.869056
13.882368
13.871104
13.868032
13.880320
13.880320
13.880320
13.878272
13.897728
13.882368
13.877249
13.888512
13.875200
13.894656
13.876225
13.884417
13.878272
13.886464
13.873152
13.887487
13.854720
13.878272
13.871103
13.877248
13.868032
13.891584
13.886464
13.860864
Control Period
13.873152
13.877248
13.877249
13.873152
13.867008
13.872128
13.877249
13.880320
13.881344
13.876225
13.872128
13.856768
13.880320
13.876225
13.880320
13.874176
13.869057
13.885441
13.865984
13.867008
13.870080
13.888512
13.889536
13.880320
13.880320
13.872128
13.872128
13.870080
13.869057
13.874176
13.878272
13.873152
13.868032
13.883392
13.875200
13.880320
13.871104
13.879296
13.879296
13.862912
13.876225
13.874176
13.883392
13.867008
13.881344
13.882368
13.867008
13.876225
13.870080
13.886464
13.873152
13.879295
13.864960
13.877249
13.869056
13.870080
13.877248
13.882368
13.870080
13.873152
13.868032
13.880320
13.864960
13.883392
13.876225
13.877248
13.881344
13.872128
13.876225
13.873152
13.858816
13.874176
13.877248
13.869056
13.882368
13.880320
13.864960
13.880320
13.879296
13.870080
13.873152
13.882368
13.877248
13.873152
13.858816
13.871103
13.877248
13.870080
Control Period
13.877249
13.864960
13.877248
13.873152
13.872128
13.870080
13.875200
13.868032
13.867008
13.877248
13.875200
13.874176
13.872128
13.873152
13.880320
13.858816
13.883392
13.869057
13.864960
13.876225
13.878272
13.885441
13.862911
13.876225
13.884417
13.882368
13.886464
13.873152
13.869057
13.877249
13.864960
13.864960
13.873152
13.859840
13.877249
13.871104
13.875200
13.874176
13.862911
13.884417
13.870080
13.873152
13.876225
13.879296
13.884417
13.880320
13.864960
13.871104
13.857792
13.867008
13.880320
13.871104
13.871103
13.890560
13.872128
13.871103
13.877249
13.879295
13.873152
13.880320
13.873152
13.873152
13.863935
13.887488
13.869056
13.876225
13.949951
13.885440
13.872128
13.870080
13.878272
13.875200
13.879295
13.856768
13.871103
13.873152
13.874176
13.878272
13.874176
13.872128
13.868032
13.872128
13.872128
13.862911
13.881344
13.887487
13.862912
Control Period
13.882368
13.877249
13.880320
13.873152
13.882368
13.872128
13.865984
13.864960
13.879295
13.886464
13.865984
13.881344
13.895679
13.869057
13.870080
13.871104
13.858816
13.870080
13.870080
13.870080
13.889536
13.862911
13.877248
13.872128
13.875200
13.877248
13.872128
13.870080
13.876225
13.885441
13.868032
13.860865
13.880320
13.864960
13.868032
13.883392
13.882368
13.871104
13.868032
13.859840
13.868032
13.863935
13.874176
13.873152
13.882368
13.871103
13.863935
13.884417
13.878272
13.864960
13.872128
13.869056
13.867008
13.874176
13.873152
13.878272
13.878272
13.872128
13.874176
13.870080
13.878272
13.880320
13.869056
13.882368
13.878272
13.881344
13.875200
13.871104
13.883392
13.875200
13.861888
13.884417
13.883392
13.869056
13.872128
13.894656
13.879295
13.886464
13.880320
13.870080
13.880320
13.864960
13.858816
13.863935
13.869056
13.871103
13.876225
13.861888
Control Period
13.869057
13.868032
13.873152
13.872128
13.874176
13.881344
13.884417
13.869056
13.875200
13.868032
13.880320
13.869056
13.871104
13.865984
13.862912
13.873152
13.871104
13.874176
13.887488
13.874176
13.878272
13.884417
13.877248
13.883392
13.865984
13.867008
13.873152
13.879295
13.876225
13.872128
13.884417
13.876225
13.878272
13.870080
13.880320
13.879296
13.880320
13.862911
13.858816
13.873152
13.870080
13.874176
13.871103
13.869057
13.865984
13.872128
13.882368
13.877248
13.871104
13.870080
13.857792
13.862911
13.874176
13.867008
13.874176
13.875200
13.876225
13.862911
13.870080
13.871104
13.871103
13.857792
13.864960
13.873152
13.876225
13.860864
13.867008
13.884417
13.869056
13.878272
13.858816
13.872128
13.868032
13.878272
13.878272
13.875200
13.872128
13.887488
13.862911
13.868032
13.862911
13.873152
13.852672
13.873152
13.883392
13.868032
13.878272
13.882368
Control Period
13.877248
13.869057
13.869056
13.867008
13.861888
13.865984
13.867008
13.863935
13.867008
13.881344
13.867008
13.869056
13.874176
13.873152
13.876225
13.865984
13.877249
13.871104
13.868032
13.871103
13.879295
13.865984
13.875200
13.876225
13.873152
13.881344
13.875200
13.891584
13.871104
13.876225
13.871103
13.878272
13.870080
13.895680
13.888512
13.873152
13.874176
13.877248
13.864960
13.874176
13.874176
13.870080
13.890560
13.872128
13.868032
13.878272
13.881344
13.880320
13.876225
13.869057
13.870080
13.887488
13.882368
13.867008
13.872128
13.872128
13.879296
13.876225
13.880320
13.877249
13.870080
13.862912
13.867008
13.869056
13.865984
13.865984
13.859840
13.870080
13.870080
13.865984
13.880320
13.877248
13.876225
13.883392
13.891584
13.887488
13.874176
13.874176
13.872128
13.871103
13.884417
13.872128
13.876225
13.884417
13.869057
13.891584
13.872128
Control Period
13.867008
13.874176
13.884417
13.879295
13.877249
13.876225
13.877249
13.871104
13.883392
13.881344
13.874176
13.864960
13.872128
13.869057
13.871103
13.873152
13.882368
13.871104
13.876225
13.867008
13.875200
13.870080
13.869057
13.884417
13.881344
13.870080
13.884417
13.877248
13.878272
13.873152
13.969408
13.874176
13.873152
13.874176
13.878272
13.871103
13.877249
13.881344
13.873152
13.882368
13.870080
13.873152
13.868032
13.879296
13.881344
13.881344
13.867008
13.881344
13.876225
13.874176
13.879295
13.876225
13.883392
13.865984
13.875200
13.873152
13.891584
13.876225
13.880320
13.870080
13.874176
13.865984
13.871103
13.876225
13.871103
13.865984
13.878272
13.874176
13.863935
13.887488
13.872128
13.875200
13.877249
13.863935
13.897728
13.872128
13.883392
13.877249
13.862912
13.880320
13.863935
13.880320
13.889536
13.883392
13.869056
13.877248
13.867008
13.874176
Control Period
13.872128
13.883392
13.878272
13.878272
13.876225
13.870080
13.864960
13.876225
13.865984
13.877248
13.867008
13.873152
13.865984
13.874176
13.861888
13.872128
13.871103
13.879295
13.871103
13.864960
13.869057
13.867008
13.864960
13.887487
13.865984
13.876225
13.882368
13.871104
13.873152
13.874176
13.877249
13.882368
13.875200
13.875200
13.874176
13.868032
13.880320
13.869057
13.885440
13.863935
13.881344
13.881344
13.879296
13.877248
13.865984
13.877248
13.880320
13.890560
13.870080
13.874176
13.873152
13.879295
13.867008
13.869057
13.864960
13.875200
13.882368
13.873152
13.876225
13.879295
13.867008
13.878272
13.879296
13.882368
13.870080
13.860865
13.881344
13.868032
13.875200
13.870080
13.880320
13.875200
13.874176
13.872128
13.877249
13.865984
13.882368
13.886464
13.864960
13.878272
13.865984
13.872128
13.885440
13.878272
13.876225
13.862912
13.869056
13.868032
13.868032
13.889536
13.869057
13.867008
13.874176
13.868032
13.872128
13.878272
13.868032
13.872128
13.870080
13.881344
13.871103
13.864960
13.869057
13.862912
13.874176
13.871104
13.860864
13.875200
13.880320
13.871104
13.882368
13.869056
13.855743
13.870080
13.872128
13.870080
13.877248
13.876225
13.876225
13.871103
13.876225
13.877248
13.872128
13.861888
13.872128
13.873152
13.882368
13.869057
13.875200
13.869057
13.880320
13.876225
13.875200
13.877248
13.862912
13.874176
13.882368
13.876225
13.877249
13.859840
13.881344
13.871104
13.873152
13.870080
13.872128
13.867008
13.874176
13.881344
13.874176
13.875200
13.867008
13.882368
13.863935
13.860865
13.865984
13.876225
13.869057
13.865984
13.883392
13.880320
13.878272
13.862912
13.862912
13.878272
13.868032
13.872128
13.871103
13.872128
13.878272
13.879296
13.871104
13.875200
13.873152
13.873152
13.884417
13.877248
13.869057
13.868032
13.872128
13.874176
13.870080
13.880320
13.882368
13.867008
13.878272
13.876225
13.865984
13.877248
13.875200
13.878272
13.862911
13.860864
13.871104
13.859840
13.871104
13.865984
13.876225
13.864960
13.864960
13.876225
13.872128
13.861888
13.872128
13.867008
13.888512
13.874176
13.870080
13.862911
13.876225
13.884417
13.860864
13.885441
13.878272
13.898752
