82.957314
70.734787
56.251266
44.711746
32.577282
21.566145
8.761344
10.528769
10.526720
9.383936
12.788736
12.931072
15.219711
8.767488
15.182848
10.533888
9.393152
8.137728
12.930048
10.568705
8.770560
13.459455
8.134657
11.021312
8.137728
12.934144
8.140800
10.530816
10.574848
8.136703
12.666880
8.764416
8.758080
8.759296
12.800000
11.655168
8.762368
14.571520
8.748032
12.210176
10.534912
12.352512
12.934144
8.758272
11.022336
8.764416
10.394625
9.403392
12.223488
12.918783
12.811264
8.756224
8.754176
10.529792
9.400320
12.169216
12.925952
13.986815
8.762367
11.035648
8.138752
9.408512
8.137728
12.940289
15.224832
10.530816
16.208897
8.131584
9.403392
8.135680
12.933121
8.139776
10.540031
13.447168
8.133633
11.018240
8.132608
8.768513
8.134656
10.531839
12.358656
8.137728
17.452032
8.761344
10.562560
9.400320
12.794880
12.933120
8.764416
12.784640
8.761344
13.454336
9.384960
12.973056
8.766464
10.531839
10.533888
10.529793
12.791808
12.937216
13.978624
8.768512
15.186943
10.522624
9.396223
8.134657
12.931072
10.574848
8.764416
13.453312
10.540032
11.035648
8.131584
12.929024
8.136703
8.769536
10.583040
8.133633
12.649472
8.132608
8.761344
8.764416
10.542080
11.645952
8.768513
14.566401
8.758272
12.212224
10.534912
12.344320
12.926976
8.762367
11.018240
8.774656
10.396671
9.387008
11.203584
12.935168
12.720128
8.759296
8.750080
10.536961
9.391104
15.232000
12.934144
13.982720
8.763391
10.532864
8.137728
9.400320
8.134656
12.938240
15.237120
11.073536
12.661760
8.137728
12.931072
8.139776
8.770560
11.189248
10.531839
13.905920
8.129536
14.564352
8.761345
10.539008
10.537985
8.138752
14.575616
8.765440
13.461504
9.394176
9.948160
12.930048
8.770559
8.757248
8.762367
12.782592
9.387008
12.211200
12.926975
13.297665
8.745984
8.742912
8.127488
9.382912
10.565632
12.878848
13.977600
10.525696
12.151808
8.127488
9.394176
8.126465
12.915712
9.947136
10.521601
16.191488
8.132608
9.406464
8.134656
8.769536
8.135680
10.537985
12.356608
8.131584
16.212992
8.132608
10.530816
10.530816
8.134657
15.192064
8.753152
10.411008
8.760321
12.229631
9.392128
13.421568
12.918784
8.755199
10.532864
8.762367
12.171265
9.376768
12.973057
8.760321
12.168192
10.524672
10.528769
8.136703
12.950528
15.229952
8.760321
16.193535
10.535936
9.402368
8.133633
12.934144
8.136703
8.775681
13.446144
8.136704
11.657215
8.134657
12.930048
8.135680
8.761344
11.186176
8.136704
13.899776
8.752129
14.574592
8.134657
10.533888
8.759296
8.136703
14.556160
8.770559
13.458431
10.539008
12.348415
12.931072
8.772608
8.755200
8.769536
12.780544
9.469952
12.221439
12.937216
13.426688
8.765440
8.763391
8.135680
9.379840
10.568705
12.933121
Control Period
13.979649
10.532864
12.660736
8.129536
12.930048
8.131584
12.920832
8.133633
12.919807
12.170240
12.921856
13.980672
12.924929
11.653120
8.761345
12.920832
8.762367
10.529792
11.023359
9.399296
10.395648
9.377792
12.235776
9.390079
11.207680
9.370625
11.037696
11.656192
9.396224
14.569472
9.399296
10.392576
9.391104
12.226561
9.383936
11.200512
9.377792
11.036672
11.642879
9.401344
14.572544
9.389056
10.397696
9.380864
12.225536
9.375744
11.194368
9.376768
11.027456
12.921856
11.166720
14.551041
9.390079
13.456384
9.398272
12.221439
9.384960
11.210752
9.396224
11.039743
11.636736
9.396224
14.572544
9.397247
13.460480
9.390079
12.207104
9.396224
11.197440
9.397247
11.031551
11.637760
9.395200
14.565376
9.388032
13.471745
9.382912
11.195393
9.387008
8.131584
9.408512
11.039743
15.200256
12.942336
11.028481
9.403393
Control Period
13.466624
9.394176
12.213247
9.389055
11.207680
9.384960
11.656192
9.374720
11.035648
11.651072
14.560257
15.204352
11.038719
10.408960
12.946432
13.463552
12.930048
12.199936
9.400320
11.189248
9.375744
11.656192
9.381887
11.040768
11.636736
14.577663
14.558208
9.396224
10.402817
12.945408
13.460480
9.395201
16.201729
9.383936
15.187968
11.148288
11.023360
10.528769
11.042816
10.523648
9.396224
12.787712
12.940289
12.165120
12.930048
12.215296
12.930048
12.221439
9.396224
11.659264
9.380863
11.642880
9.387009
11.032576
11.645952
14.566400
14.558208
9.404415
13.469696
12.926976
12.221439
9.389055
11.204608
9.380864
11.663360
9.383936
14.575617
10.529792
11.037696
11.642879
9.409536
11.025408
12.935167
17.451008
12.936192
12.225536
9.385984
11.194368
9.380863
11.641856
9.384960
11.042816
11.652096
14.563328
11.023360
9.406464
10.392576
12.931072
13.453312
12.937216
12.232704
9.385984
11.204608
9.381887
Control Period
11.662336
8.767488
14.569471
11.650047
14.557184
11.026432
14.570496
13.419519
11.029504
11.013120
11.032576
13.465599
9.397247
12.668928
9.395201
11.653120
9.405439
11.641855
12.929024
11.653120
11.150336
14.564352
11.643904
14.576641
11.010048
14.556160
12.791809
9.398272
13.896704
9.387009
13.447168
9.410560
16.189440
12.932096
15.185920
9.388032
15.187967
9.389055
11.047935
13.404160
11.030528
11.009024
11.025408
11.014144
11.039743
13.893633
9.398272
13.463552
9.397247
16.202751
12.933120
11.639809
9.399296
15.166464
9.392128
11.018240
11.147264
14.566401
11.638784
14.571520
11.011072
14.555136
13.900801
9.393152
13.908993
9.396223
16.197632
12.921856
11.652096
9.397247
15.185921
9.384960
11.037696
12.925952
11.654144
13.411328
11.045888
11.024384
11.024384
10.396671
12.934144
13.890560
9.412608
13.919231
9.404415
16.194561
12.917760
11.651072
11.145216
14.564352
9.385984
11.033600
15.179776
11.033600
13.412353
11.030527
11.012096
11.021312
13.457408
9.409536
13.890560
Control Period
9.399296
12.661760
9.385984
15.183872
12.921856
11.659264
11.657216
11.649024
11.659264
14.565376
11.015168
11.020288
11.026432
11.038720
13.908992
9.392128
12.675072
9.389056
15.186945
12.924929
11.650048
11.655169
11.645952
11.645952
14.571520
11.027456
11.038719
11.026432
11.026432
13.891584
9.383936
12.659712
9.392128
15.129601
12.919807
11.634687
11.626495
11.631617
11.636736
14.451712
11.020288
11.022336
11.012096
11.006976
13.886464
9.383936
13.878271
9.374720
12.732416
9.377792
15.161344
12.924928
11.638784
11.635712
11.637760
11.643904
14.484480
11.009024
11.023359
11.021312
11.019264
13.877248
9.384960
12.685312
9.383936
15.113216
12.856319
11.644928
11.634687
11.645952
11.628544
14.539776
11.009024
10.999808
11.013121
11.000832
13.889536
9.380864
17.424385
12.863487
12.643328
9.366528
15.120384
12.909568
11.642879
11.633664
11.627520
11.645952
14.544896
11.019264
11.038720
11.013121
11.018240
13.887487
9.380864
12.650496
9.364480
12.764160
9.367552
15.168511
12.919807
11.637760
11.628544
11.624448
11.645952
14.558208
Control Period
11.017216
11.010048
11.001856
11.011072
13.899776
9.380864
13.880320
9.378817
12.642303
11.614208
11.645952
11.630592
11.642879
11.016191
11.005952
13.882368
9.381888
13.892609
9.385984
12.675072
11.641856
11.645952
11.634687
11.654144
11.019264
11.017216
13.891584
9.384960
13.893633
9.392128
12.654593
11.636736
11.629568
11.635712
11.628544
11.001856
11.020288
13.886464
9.368576
13.885441
9.396224
12.643328
11.631617
11.636736
11.632641
11.622400
11.011072
11.014144
13.874176
9.375744
13.891584
9.382912
12.652544
11.635712
11.622400
11.627520
11.645952
11.020288
11.021312
13.880320
9.384960
13.894656
9.387009
12.643328
11.634688
11.635712
11.624448
11.653120
11.000832
11.010048
13.903872
9.374720
13.890560
9.366528
12.648448
11.649024
11.658239
11.625472
11.636736
11.010048
11.010048
13.883392
9.383936
13.883392
9.381888
12.658688
11.635712
11.631617
11.636736
11.632641
11.019264
11.012096
13.895679
9.370625
13.900801
9.392128
12.652544
11.626496
11.641856
11.640832
11.644928
11.005952
11.009024
13.885441
9.382912
13.886464
9.389056
12.653568
11.630592
11.639809
Control Period
11.027456
11.023359
11.000832
11.035648
13.881344
11.648001
11.626496
11.000832
11.013121
13.887488
9.382912
12.648448
11.641856
11.632641
13.901824
9.380864
12.646400
11.628544
11.636736
11.013121
11.020288
13.886464
11.637760
11.656192
11.023359
11.006975
13.895679
9.387009
12.641280
11.645952
11.632640
13.885440
9.377792
12.644352
11.626496
11.631617
11.002880
11.014144
13.888512
11.643904
11.626495
11.640833
11.636736
13.897728
9.374720
12.640256
11.642879
11.645952
11.008000
11.034624
13.918208
11.626496
11.640833
11.010048
11.008000
13.907968
9.380864
12.654593
11.625472
11.635712
13.884417
9.371648
12.649472
11.637760
11.632641
11.020288
11.012096
13.885440
11.641856
11.630592
11.010048
11.017216
13.887487
9.383936
12.651520
11.620352
11.632640
13.890560
9.388033
12.652544
11.637760
11.640832
11.022336
11.017216
13.883392
11.639809
11.618303
11.635712
11.635712
13.885441
9.379841
12.655616
11.631616
11.627520
11.015167
11.009024
13.896704
11.632640
11.650048
11.018240
11.015168
13.891584
9.378817
12.656639
11.659264
11.646976
13.867008
9.379840
Control Period
12.655616
11.633664
11.638784
13.889536
9.388032
12.665856
11.010048
11.013121
12.645376
11.630592
11.621376
13.891584
11.624448
11.646976
13.891584
9.376768
12.636160
11.003904
11.003904
13.881344
11.644928
11.631617
13.888512
11.641856
11.639808
11.019264
11.028481
12.637184
11.639808
11.635712
13.884417
11.648000
11.642879
13.894656
9.379841
12.673024
11.007999
11.011072
13.888512
11.628544
11.636736
13.881344
11.632641
11.630592
11.000832
11.025408
12.650496
11.019264
11.016192
13.901824
11.635712
11.634687
13.878272
9.393152
12.650496
11.017216
11.019264
12.641280
11.635712
11.639808
13.883392
11.637760
11.637760
11.011072
11.025408
12.659712
11.014145
11.014144
13.881344
11.633664
11.635712
13.901824
11.662336
11.642880
11.024384
11.010048
12.655617
11.637760
11.632640
13.878272
11.646976
11.634687
13.897728
9.366528
12.647424
11.028481
11.016192
13.903872
11.629568
11.642879
13.878272
11.657216
11.619328
11.023360
11.016192
12.646400
11.623425
11.628544
13.887487
11.624448
11.627520
13.898752
9.384960
12.650496
11.018240
11.002880
Control Period
13.881344
11.631617
11.640832
13.889536
11.639808
11.636736
12.663808
11.001856
11.018240
12.639233
11.009024
11.013121
12.646400
11.017216
13.283328
11.632641
13.901824
11.630592
11.636736
13.895679
11.634687
11.633664
13.880320
11.628544
11.633664
13.881344
11.634687
11.642879
12.673023
11.022336
11.030528
12.660736
11.006976
11.021312
12.644352
11.017216
13.271040
11.631617
13.885440
11.629568
11.636736
13.884417
11.633664
11.642880
13.892609
11.616256
11.624449
13.902847
11.624448
11.635712
13.887488
11.010048
11.024384
12.641280
11.004929
11.011072
12.638208
11.006975
13.265921
11.635712
13.887488
11.637760
11.645952
13.896704
11.634687
11.632641
13.889536
11.632641
11.627520
13.896704
11.632640
11.629568
13.903872
11.012096
11.016191
12.644352
11.017216
11.013120
12.649471
11.021312
13.263872
11.645952
13.896704
11.628544
11.639809
13.892609
11.630592
11.645952
13.895680
11.627520
11.640832
13.910016
11.639809
11.629568
13.879296
11.018240
11.015167
12.650496
11.006976
11.011072
12.638208
11.005953
13.281281
11.636736
Control Period
13.893633
11.632640
11.649024
12.643328
11.013121
13.293568
11.633664
13.891584
11.010048
13.271040
11.635712
13.886463
11.641855
11.636736
12.655616
13.905920
11.641855
11.624449
12.645376
13.881344
11.621376
11.632640
13.889536
11.021312
13.275136
11.650048
13.888512
11.017216
11.017216
12.636160
13.874176
11.632640
11.631617
12.646400
13.884417
11.633664
11.637760
12.644352
11.032576
13.272064
11.636736
13.884417
11.016191
13.275136
11.634687
13.891584
11.636736
11.645952
12.642303
13.881344
11.627520
11.642879
12.647424
11.017216
13.267968
11.624449
13.891584
11.011072
13.276159
11.629568
13.902847
11.011072
11.023359
12.652544
13.880320
11.618303
11.640832
12.650496
13.902847
11.617280
11.646976
12.648448
11.007999
13.272064
11.630592
13.908992
11.010048
13.266944
11.646976
13.879295
11.641856
11.625472
12.652544
13.898752
11.629568
11.627520
12.640256
13.874176
11.653120
11.617280
13.887488
11.016191
13.261824
11.622400
13.896704
11.010048
11.021312
12.653568
13.890560
11.636736
11.634687
Control Period
12.653568
13.912064
11.642879
13.888512
11.636736
13.891584
13.888512
11.615232
11.627520
12.646400
13.875200
11.009024
13.261824
11.626495
12.637184
13.882368
11.015168
13.266944
11.624449
12.624896
13.878272
11.005952
13.264896
11.646976
12.662784
13.891584
11.018240
13.277184
11.633664
13.889536
13.869057
11.646976
13.901824
11.630592
13.881344
13.886464
11.632640
11.638784
12.636160
13.895679
11.011072
13.278208
11.642879
12.660736
13.879295
11.024384
13.280256
11.628544
12.649472
13.886464
11.024384
13.287424
11.637760
12.645376
13.884417
11.016191
13.267967
11.629568
13.878272
13.864960
11.623425
13.889536
11.629568
13.891584
13.882368
11.631617
11.648001
12.655616
13.884417
11.014144
13.273088
11.628544
12.649471
13.882368
11.008000
13.272064
11.638784
12.649472
13.881344
10.999808
13.264896
11.636736
12.652544
13.889536
11.018240
13.261824
11.643904
13.894656
13.908992
11.641856
13.889536
11.635712
13.887488
11.019264
13.276159
11.626495
12.670976
13.884417
11.012096
13.272064
Control Period
11.631617
12.641280
13.896704
13.893632
11.020288
13.276160
13.885441
11.646976
12.654593
13.883392
13.888512
11.013121
13.270016
13.892609
11.630592
12.641280
13.894656
13.876225
11.022336
13.271040
13.892609
11.634688
12.646400
13.875200
13.894655
11.024384
13.264896
13.898752
11.620352
12.648448
13.879296
11.021313
12.665855
13.264896
11.633664
12.667904
12.653568
13.905920
11.015168
12.645376
13.263872
11.637760
12.645376
12.654592
13.890560
11.018240
13.263872
13.898752
11.633664
12.652544
13.886464
13.887488
11.019264
13.276159
13.893632
11.642879
12.665855
13.897728
13.881344
11.022336
13.261824
13.885441
11.615232
12.645376
13.885441
13.896704
11.000832
13.278208
13.900801
11.639809
12.644352
13.898752
13.889536
11.010048
13.278208
13.888512
11.619328
12.640256
13.887488
13.880320
11.017216
13.261824
13.882368
11.628544
12.642303
13.898752
13.892609
11.015168
13.258753
11.632640
13.887488
13.887488
11.625472
11.624448
12.656640
13.893632
13.884417
Control Period
11.005953
12.644352
13.259776
13.894655
13.906944
11.639808
12.642303
12.651520
13.901824
13.891584
13.892609
13.894656
11.037696
12.665855
13.272064
13.894656
13.888512
13.889536
11.638784
12.654592
12.649472
13.889536
13.896704
13.894656
11.010048
12.636160
13.258753
13.896704
13.904896
13.891584
11.649024
12.664832
12.648448
13.906944
13.894655
13.907969
13.897728
11.010048
12.647425
13.273088
13.903872
13.895680
11.648000
12.664832
12.655616
13.913088
13.875200
13.885440
13.891584
11.020288
12.644352
13.273088
13.891584
13.897728
13.883392
11.645952
12.632064
12.643328
13.888512
13.880320
13.897728
11.020288
12.645376
12.663808
13.262848
13.903872
13.889536
11.648001
12.639233
12.655617
13.883392
13.889536
13.893632
13.910016
11.006976
12.650496
13.271040
13.880320
13.880320
11.641856
12.654593
12.660736
12.654593
13.883392
13.889536
13.893632
11.010048
12.654593
13.261824
13.884417
13.882368
13.881344
11.635712
12.639232
12.678144
Control Period
13.881344
13.897728
13.877249
13.904896
13.893632
11.017216
12.653568
12.652544
13.277184
13.884417
13.899776
13.878272
13.885441
11.641856
12.644352
12.661760
12.662784
13.891584
13.899776
13.900801
13.881344
13.897728
11.003904
12.647425
12.660736
13.266945
13.896704
13.875200
13.896704
13.894656
11.638784
12.647425
12.635136
12.658688
13.897728
13.894656
13.901824
13.892609
13.898752
11.022336
12.652544
12.662784
13.268991
13.871103
13.898752
13.883392
13.892609
11.630592
12.645376
12.646400
12.650496
13.892609
13.887487
13.895679
13.901824
13.891584
11.021312
12.655617
12.637184
13.257729
13.887487
13.890560
13.916161
13.893632
11.643904
12.652544
12.645376
12.645376
13.904896
13.877248
13.889536
13.893633
13.879295
11.015167
12.649471
12.636160
13.263872
13.894656
13.881344
13.875200
13.899776
11.640832
12.657663
12.653568
12.647424
13.898752
13.898752
13.883392
13.884417
13.891584
11.024384
12.653568
12.655616
Control Period
12.653568
13.289473
13.880320
13.898752
13.882368
13.899776
11.629568
12.643328
12.644352
12.656640
13.897728
13.874176
13.893633
13.881344
13.894656
11.028481
12.633088
12.653568
13.267967
13.884417
13.895680
13.884417
13.876225
11.641856
12.643328
12.662785
12.644352
13.893632
13.902847
13.892609
13.886464
13.898752
11.016191
12.650496
12.645376
13.268991
13.882368
13.911040
13.894656
13.881344
11.625472
12.651520
12.667904
12.658688
13.888512
13.888512
13.892608
13.896704
13.883392
11.006976
12.658688
12.650496
13.264896
13.880320
13.882368
13.880320
13.902847
11.623425
12.657663
12.652544
12.658688
13.882368
13.893632
13.898752
13.882368
13.889536
11.000832
12.656640
12.649472
13.274113
13.892609
13.870080
13.890560
13.903872
11.628544
12.642303
12.656639
12.651520
13.892609
13.879295
13.883392
13.893632
13.877248
11.020288
12.657663
12.655617
13.265921
13.885441
13.886464
13.881344
13.893632
11.632641
12.651520
12.647425
Control Period
12.648448
13.892609
13.885440
13.891584
13.893632
13.874176
11.024384
12.646400
12.640256
13.282304
13.870080
13.893633
13.876225
13.886464
11.631617
12.647425
12.646400
12.652544
13.897728
13.889536
13.980673
13.885441
13.884417
11.023360
12.637184
12.637184
12.658688
13.280256
13.886464
13.883392
13.890560
13.892609
11.643904
12.649471
12.652544
13.888512
13.883392
13.881344
13.885440
13.883392
13.896704
11.012096
12.656640
12.647424
13.259776
13.898752
13.897728
13.903872
13.898752
11.641856
12.648448
12.661760
12.655616
13.901824
13.896704
13.883392
13.900801
13.878272
11.010048
12.649471
12.656639
13.276160
13.890560
13.895680
13.886464
13.887487
11.646976
12.654593
12.643328
12.658688
13.875200
13.889536
13.891584
13.896704
13.887487
11.003904
12.643328
12.652544
13.274112
13.890560
13.885440
13.898752
13.894656
11.638784
12.647425
12.658688
12.644352
13.886464
13.894656
13.885441
13.883392
13.888512
11.011072
12.631041
Control Period
12.667904
13.273088
13.897728
13.882368
13.918207
13.891584
11.624448
12.644352
12.652544
12.652544
13.891584
13.897728
13.893632
13.887487
13.885441
11.005953
12.630016
12.651520
13.261824
13.895679
13.883392
13.885440
13.890560
11.635712
12.643328
12.642303
12.642303
13.881344
13.896704
13.877248
13.896704
13.887487
11.004929
12.651520
12.664832
13.253632
13.897728
13.885440
13.898752
13.890560
11.636736
12.645376
12.644352
12.655616
13.880320
13.897728
13.879296
13.892609
13.899776
13.889536
11.017216
12.645376
12.639232
13.258753
13.883392
13.879296
13.888512
13.889536
11.634688
12.663808
12.639233
12.654592
13.885440
13.888512
13.882368
13.904896
11.002880
12.665855
12.643328
13.270016
13.885440
13.904896
13.893632
13.890560
13.895679
11.642880
12.661760
12.648448
12.644352
13.899776
13.883392
13.908992
13.889536
13.893633
11.014144
12.632065
12.656640
13.263872
13.906944
13.901824
13.885441
13.892608
11.633664
12.665855
Control Period
12.646400
12.647424
13.872128
13.894656
13.896704
13.890560
13.878272
11.021313
12.656640
12.651520
13.280256
13.892609
13.894656
13.900800
13.905920
11.635712
12.649472
12.663808
12.649471
13.895679
13.898752
13.883392
13.894655
13.888512
11.010048
12.651520
12.658688
13.262848
13.877248
13.888512
13.898752
13.887487
13.880320
11.630592
12.636160
12.643328
12.643328
13.883392
13.895679
13.878272
13.883392
13.886464
11.015168
12.636160
12.643328
13.270016
13.885440
13.891584
13.879295
13.886464
11.642879
12.645376
12.642304
13.878272
13.882368
13.892609
13.897728
13.904896
13.882368
11.007999
12.656640
12.649471
13.274113
13.890560
13.887488
13.892609
13.883392
11.635712
12.657664
12.732416
12.657663
13.897728
13.892609
13.885441
13.894656
13.888512
11.013121
12.645376
12.636160
13.280256
13.883392
13.881344
13.899776
13.875200
11.625472
12.644352
12.655616
12.637184
13.892609
13.889536
13.877249
13.901824
13.896704
11.002880
Control Period
12.648448
12.656640
13.258752
13.888512
13.872128
13.876225
13.886464
11.630592
12.654593
12.649471
12.659712
13.878272
13.887487
13.895679
13.889536
13.883392
11.026432
12.649471
12.654593
13.274112
13.885440
13.892609
13.877248
13.902847
11.633664
12.643328
12.662784
12.655616
13.897728
13.884417
13.891584
13.892609
13.887488
11.029504
12.632064
12.651520
13.278208
13.895679
13.885441
13.865984
13.886464
11.617280
12.649472
12.647425
12.638208
13.885440
13.879295
13.876225
13.894655
13.887487
13.900801
11.018240
12.660736
12.643328
13.262848
13.893633
13.893633
13.889536
13.905920
11.634688
12.655616
12.632065
12.642303
13.885441
13.838336
13.888512
13.877248
13.899776
11.010048
12.657663
12.653568
13.264896
13.884417
13.877249
13.895679
13.884417
11.651072
12.641280
12.666880
12.651520
13.897728
13.883392
13.886464
13.881344
13.892609
11.017216
12.638208
12.648448
13.260799
13.885440
13.891584
13.868032
13.885440
11.633664
Control Period
12.659712
12.652544
12.655616
13.876225
13.890560
13.905920
13.885441
13.889536
11.020288
12.663808
12.658688
13.276159
13.883392
13.881344
13.898752
13.888512
11.633664
12.665855
12.648448
12.645376
13.878272
13.895679
13.895680
13.877248
13.885440
11.012096
12.660736
12.648448
13.274113
13.894656
13.892609
13.888512
13.883392
11.622400
12.638208
12.649472
12.643328
12.650496
13.885441
13.890560
13.892609
13.884417
11.026432
12.632065
12.653568
13.266945
13.879295
13.890560
13.890560
13.894656
11.642879
12.643328
12.652544
12.655616
13.896704
13.889536
13.883392
13.902848
13.892609
13.881344
11.017216
12.638208
12.663808
13.273088
13.885441
13.905920
13.873152
13.896704
11.630592
12.649472
12.661760
12.646400
13.882368
13.893632
13.908993
13.877249
13.874176
11.012096
12.638208
12.631041
13.263872
13.895680
13.886464
13.877249
11.636736
12.646400
12.655616
12.659712
13.882368
13.896704
13.879296
13.891584
13.879296
11.006975
Control Period
12.644352
12.631041
13.274113
13.897728
13.886463
13.878272
13.894656
13.884417
11.654144
12.655616
12.649471
12.646400
13.883392
13.884417
13.893632
13.889536
11.015167
12.646400
12.638208
13.266944
13.887487
13.885440
13.882368
13.885441
11.643904
12.639233
12.648448
12.650496
13.887488
13.892608
13.878272
13.879296
13.905920
13.861888
11.021313
12.655616
12.659712
13.265921
13.900801
13.875200
13.882368
13.902848
11.641855
12.642303
12.665855
12.646400
13.876225
13.892609
13.887488
13.897728
13.889536
11.021313
12.649472
12.638208
13.266945
13.905920
13.874176
13.880320
13.893632
11.635712
12.652544
12.642304
12.660736
13.896704
13.879296
13.881344
13.897728
13.904896
11.003904
12.642304
12.658688
13.274112
13.887487
13.880320
13.893633
13.900801
11.626496
12.647424
12.632064
12.658688
13.903872
13.886464
13.899776
13.885441
13.894655
11.003904
12.654593
12.641280
13.285376
13.890560
13.887487
13.892609
13.889536
11.646976
Control Period
12.663808
12.640256
12.654593
13.888512
13.878272
13.894656
13.880320
13.897728
11.000832
12.652544
12.661760
13.279232
13.896704
13.895679
13.893632
13.899776
13.881344
11.635712
12.645376
12.639233
12.640256
13.885440
13.882368
13.894655
13.872128
13.891584
11.009024
12.656640
12.645376
13.285376
13.892609
13.881344
13.896704
13.885441
11.627520
12.646400
12.653568
13.892609
13.894655
13.877249
13.896704
13.869057
13.890560
11.017216
12.655617
12.646400
13.266945
13.890560
13.885440
13.883392
11.629568
12.640256
12.653568
12.634111
12.650496
13.880320
13.879295
13.878272
13.888512
11.005952
12.641280
12.648448
12.650496
13.261824
13.892609
13.894655
13.892608
13.874176
11.631617
12.640256
12.656640
12.644352
13.893632
13.880320
13.893633
13.900801
13.888512
11.010048
12.648448
12.656640
13.256704
13.890560
13.891584
13.899776
11.626495
12.653568
12.633088
12.648448
13.884417
13.882368
13.894656
13.896704
13.905920
11.006976
Control Period
12.644352
12.661760
12.653568
13.259775
13.889536
13.889536
13.890560
13.891584
11.645952
12.649472
12.661760
12.659712
13.894656
13.878272
13.895680
13.882368
13.879295
11.019264
12.653568
12.656639
13.274113
13.889536
13.881344
13.886464
11.633664
12.652544
12.657663
12.660736
12.651520
13.902847
13.887488
13.892609
13.886464
13.891584
11.002880
12.715008
12.643328
13.278208
13.890560
13.886464
13.880320
13.897728
11.648001
12.642303
12.651520
12.634111
13.885440
13.884417
13.883392
13.906944
13.878272
11.015168
12.637184
12.656640
13.277184
13.882368
13.898752
13.873152
13.893633
11.637760
12.653568
12.655616
12.638208
13.906944
13.891584
13.907968
13.896704
13.887488
11.016191
12.650496
12.652544
13.275136
13.882368
13.887488
13.896704
13.901824
11.629568
12.648448
12.648448
12.644352
13.898752
13.877249
13.890560
13.888512
13.884417
11.002880
12.651520
12.641279
13.254656
13.883392
13.896704
13.872128
13.884417
11.625472
Control Period
12.649471
12.636160
12.649472
13.887487
13.895679
13.896704
13.898752
13.894655
10.999807
12.643328
12.664831
13.275136
13.890560
13.889536
13.897728
13.900800
11.631617
12.640256
12.655616
12.636160
13.879296
13.888512
13.883392
13.893632
13.895679
11.004929
12.644352
12.636160
13.255680
13.890560
13.889536
13.900800
13.904896
11.639809
12.655616
12.661760
12.633088
13.890560
13.879295
13.871103
13.890560
13.875200
13.900800
11.020288
12.657663
13.256704
13.908992
13.891584
13.876225
13.892609
13.886464
11.655169
12.638208
12.625919
12.641280
13.876225
13.889536
13.878272
13.883392
13.889536
11.012096
12.644352
12.654593
13.276159
13.893632
13.883392
13.888512
13.894656
11.626495
12.647425
12.645376
12.638208
13.897728
13.885440
13.900800
13.890560
13.897728
11.019264
12.649472
12.644352
13.277184
13.878272
13.895679
13.885440
13.906944
11.639809
12.638208
12.648448
12.647424
13.895679
13.885441
13.889536
13.884417
13.875200
Control Period
11.007999
12.648448
12.635136
13.277184
13.886464
13.890560
13.903872
13.891584
11.622400
12.634112
12.643328
12.670977
13.894656
13.884417
13.893632
13.883392
13.879295
11.006976
12.649472
12.645376
13.264896
13.891584
13.889536
13.884417
13.904896
11.638784
12.652544
12.638208
12.646400
13.893632
13.891584
13.895679
13.892608
13.879296
11.014144
12.645376
12.642303
10.993664
11.004929
12.644352
12.638208
12.656639
13.271040
13.906944
13.891584
13.890560
13.830145
11.626496
12.642304
12.660736
12.652544
13.887488
13.895680
13.885441
13.872128
13.897728
13.883392
11.021312
12.640256
12.645376
13.263872
13.878272
13.896704
13.903872
11.634688
12.643328
12.641280
12.650496
13.875200
13.884417
13.899776
13.869057
13.876225
11.023359
12.645376
12.652544
13.254656
13.886464
13.893632
13.900801
13.892609
13.886464
11.644928
12.647425
12.658688
13.865984
13.892609
13.877249
13.894656
13.891584
13.889536
10.996737
12.642303
12.647425
Control Period
13.264896
13.893632
13.888512
13.911039
13.878272
11.637760
12.644352
12.644352
13.884417
13.903872
13.869056
13.896704
13.900800
13.899776
11.031551
12.640256
12.649472
13.255680
13.896704
13.908992
13.912064
13.895679
11.646976
12.680192
12.653568
12.672000
13.895680
13.890560
13.895679
13.893632
13.890560
10.996737
12.655616
12.646400
13.265921
13.883392
13.890560
13.878272
13.894656
11.633664
12.645376
12.647425
12.649472
13.893633
13.895679
13.886464
13.890560
13.892609
11.018240
12.659712
12.652544
13.276160
13.883392
13.887487
13.869057
13.882368
11.631617
12.657664
12.646400
12.636160
13.886464
13.897728
13.890560
13.894655
13.902848
10.992640
12.649471
12.645376
13.277184
13.880320
13.893632
13.885440
13.880320
13.899776
11.637760
12.639233
12.648448
12.654593
13.893632
13.883392
13.892608
13.891584
13.885440
11.016191
12.640256
12.651520
13.249537
13.885441
13.884417
13.901824
13.884417
11.629568
12.643328
12.657663
Control Period
12.650496
13.896704
13.903872
13.881344
13.878272
13.874176
11.000832
12.644352
12.643328
13.263872
13.869056
13.876225
13.887488
11.629568
12.650496
12.647425
12.653568
12.661760
13.885440
13.894656
13.880320
13.885441
13.875200
11.002880
12.644352
12.646400
13.271040
13.878272
13.890560
13.887488
13.896704
11.634688
12.652544
12.647424
12.651520
13.876225
13.876225
13.890560
13.885441
13.891584
11.000832
12.643328
13.267968
13.907969
13.882368
13.891584
13.890560
13.884417
11.645952
12.642303
12.660736
12.645376
13.882368
13.899776
13.876225
13.885441
13.887488
11.009024
12.645376
12.663808
13.271040
13.886464
13.900800
13.894656
13.875200
11.627520
12.655616
12.644352
12.639233
13.891584
13.896704
13.879295
13.881344
11.001856
12.654593
12.641280
12.654593
13.276159
13.888512
13.890560
13.888512
13.882368
11.629568
12.644352
12.650496
13.890560
13.896704
13.882368
13.876225
13.892609
13.884417
11.001856
12.644352
12.651520
Control Period
13.260800
13.889536
13.896704
13.895680
13.898752
11.643904
12.648448
12.649471
12.646400
13.890560
13.892609
13.886464
13.897728
13.907969
11.012096
12.650496
12.662784
13.278208
13.881344
13.899776
13.883392
13.899776
11.639809
12.658688
12.649472
12.645376
13.895679
13.886464
13.890560
13.881344
13.895679
11.009024
12.640257
12.648448
13.280256
13.877248
13.890560
13.883392
13.885441
11.649024
12.652544
12.646400
12.644352
13.887488
13.885441
13.884417
13.882368
13.896704
11.038719
12.643328
12.656640
13.278208
13.900801
13.876225
13.887487
13.894655
11.643904
12.648448
12.643328
12.647425
13.892608
13.890560
13.880320
13.889536
13.884417
11.026432
12.648448
12.636160
13.275136
13.892608
13.897728
13.899776
13.891584
11.629568
12.656640
12.626944
12.648448
12.633088
13.875200
13.891584
13.888512
13.893632
13.893632
11.009024
12.657663
12.664831
13.279232
13.885441
13.903872
13.878272
13.903872
11.636736
12.643328
12.649472
Control Period
13.887487
13.889536
13.892608
13.892609
13.886464
11.022336
12.638208
12.637184
12.649472
13.258752
13.894656
13.892609
13.882368
13.869056
11.644928
12.639233
12.639233
12.642303
13.892609
13.892609
13.907969
13.885440
13.870080
11.019264
12.646400
12.653568
13.258753
13.900801
13.890560
13.879295
13.893632
11.620352
12.653568
12.657663
12.639233
13.883392
13.888512
13.878272
13.893633
13.888512
11.020288
12.648448
12.646400
13.260799
13.891584
13.887488
13.892609
13.872128
11.633664
12.645376
12.649472
12.650496
13.882368
13.888512
13.882368
13.890560
13.888512
11.014144
12.649472
12.647424
13.278208
13.882368
13.890560
13.886464
13.897728
11.632641
12.645376
12.646400
12.634111
13.890560
13.887488
13.882368
13.888512
13.890560
11.015167
12.657663
12.651520
13.270016
13.888512
13.898752
13.885441
13.892608
11.628544
12.648448
12.644352
12.656640
13.869057
13.878272
13.889536
13.885440
13.892609
11.018240
12.652544
12.651520
Control Period
12.649472
13.265921
13.903872
13.888512
13.898752
11.637760
12.638208
12.663809
12.648448
13.886464
13.892609
13.899776
13.903872
13.890560
11.023359
12.636160
12.647424
13.251584
13.897728
13.887488
13.903872
13.884417
11.640832
12.635136
12.649471
12.638208
13.893633
13.873152
13.879296
13.890560
13.864960
11.019264
12.639232
12.634111
13.275136
13.890560
13.885441
13.889536
13.889536
13.884417
11.621376
12.655616
12.660736
12.626944
13.896704
13.881344
13.890560
13.884417
11.009024
12.637184
12.738560
12.659712
13.262848
13.883392
13.882368
13.883392
13.891584
11.631617
12.644352
12.653568
13.886464
13.905920
13.887488
13.894656
13.901824
13.899776
11.014144
12.632065
12.646400
13.258752
13.880320
13.887487
13.900800
11.639809
12.635136
12.644352
12.661760
12.645376
13.904896
13.883392
13.886464
13.887488
13.889536
11.017216
12.633088
12.648448
13.276159
13.886464
13.901824
13.902848
11.627520
12.639232
12.658688
12.656640
Control Period
12.641280
13.884417
13.892609
13.886464
13.886464
13.884417
11.008000
12.656640
12.654593
13.259776
13.892609
13.886464
13.906944
13.920256
11.630592
12.647424
12.649471
12.637184
13.843456
13.890560
13.881344
13.885440
13.881344
11.017216
12.640256
13.267967
13.893632
13.904896
13.871104
13.895679
13.885440
11.629568
12.650496
12.652544
13.879296
13.887487
13.889536
13.883392
13.881344
13.888512
11.002880
12.647424
12.645376
13.268991
13.898752
13.884417
13.891584
13.890560
11.651072
12.639233
12.642303
12.634112
13.899776
13.877248
13.880320
13.902847
13.906944
11.013121
12.675072
12.628992
13.284351
13.894656
13.888512
13.896704
13.892609
11.636736
12.654593
12.669952
12.643328
13.898752
13.869057
13.882368
13.890560
13.901824
11.020288
12.638208
12.626944
13.272064
13.895680
13.890560
13.893632
13.882368
11.635712
12.636160
12.661760
12.647425
13.881344
13.883392
13.906944
13.888512
13.896704
11.017216
12.630016
12.644352
Control Period
13.263872
13.898752
13.891584
13.877248
13.896704
11.635712
12.655616
12.635136
12.642303
13.897728
13.884417
13.890560
13.834240
13.888512
11.003904
12.652544
12.664832
13.273088
13.900800
13.886464
13.877248
13.883392
11.638784
12.638208
12.642303
12.646400
13.891584
13.886464
13.894656
13.896704
13.880320
11.015168
12.648448
12.642303
13.278208
13.881344
13.885440
13.886464
13.873152
11.645952
12.640256
12.642303
12.644352
13.887487
13.888512
13.890560
13.885440
13.885441
11.021312
12.639233
12.652544
13.272064
13.884417
13.882368
13.893632
13.882368
11.635712
12.649471
12.645376
12.647425
13.877248
13.883392
13.878272
13.891584
13.890560
11.019264
12.644352
11.008000
11.641856
13.884417
13.908992
13.900800
13.886464
13.895680
13.885440
11.638784
12.652544
12.658688
12.656640
13.885440
13.879296
13.900801
13.884417
13.888512
11.022336
12.654593
12.659712
13.259776
13.893633
13.889536
13.874176
13.878272
11.631617
12.652544
Control Period
12.641279
12.654593
13.881344
13.891584
13.899776
13.887488
13.894656
11.015168
12.658688
12.646400
13.276159
13.905920
13.897728
13.893632
13.874176
11.636736
12.644352
12.638208
12.648448
13.888512
13.889536
13.879295
13.899776
13.889536
11.003904
12.646400
12.657663
13.262848
13.892609
13.883392
13.890560
13.898752
11.650047
12.660736
12.632064
12.651520
13.896704
13.891584
13.908992
13.907969
13.890560
11.014144
12.667904
12.635136
13.254656
13.894655
13.889536
13.891584
13.882368
11.649024
12.649471
12.635136
12.652544
13.885441
13.897728
13.892609
13.870080
13.883392
11.021312
12.661760
12.647424
13.273088
13.891584
13.884417
13.879295
13.889536
11.630592
12.633088
12.639233
12.649472
13.885440
13.893632
13.881344
13.891584
13.887488
13.877249
11.011072
12.651520
13.267968
13.879295
13.881344
13.906944
13.881344
13.888512
11.636736
12.648448
12.646400
12.654593
13.900801
13.885441
13.898752
13.889536
13.901824
11.014144
Control Period
12.649471
12.644352
13.265921
13.879295
13.885441
13.896704
13.893632
11.652096
12.637184
12.657663
12.650496
13.878272
13.888512
13.882368
13.899776
13.881344
11.009024
12.654592
12.647424
13.267968
13.890560
13.902847
13.877249
13.882368
11.638784
12.651520
12.643328
12.641280
13.890560
13.878272
13.896704
13.896704
13.912064
11.018240
12.643328
12.649472
13.285376
13.892609
13.886463
13.893633
13.901824
13.884417
11.642880
12.662785
12.639233
13.895679
13.894656
13.890560
13.880320
13.890560
11.011072
12.663808
12.655616
12.637184
13.275136
13.885440
13.889536
13.890560
13.895680
11.627520
12.644352
12.638208
12.667904
13.897728
13.890560
13.888512
13.879295
13.881344
11.023359
12.642303
13.267967
13.895679
13.890560
13.885440
13.888512
13.878272
11.646976
12.656640
12.675072
12.657664
13.887487
13.905920
13.887488
13.885441
13.880320
11.013121
12.658688
12.648448
13.267968
13.907969
13.885440
13.898752
13.890560
11.641855
Control Period
12.639233
12.657663
12.650496
13.886464
13.892609
13.897728
13.898752
13.886464
11.023360
12.653568
12.635136
13.264896
13.885441
13.881344
13.888512
13.898752
11.627520
12.644352
12.645376
12.652544
13.880320
13.901824
13.868032
13.893632
13.898752
11.020288
12.658688
12.642303
12.659712
13.273088
13.884417
13.884417
13.898752
13.890560
11.628544
12.640257
12.657663
12.648448
13.894656
13.887488
13.888512
13.879295
11.020288
12.645376
12.654593
13.267968
13.897728
13.888512
13.878272
13.904896
11.636736
12.650496
12.650496
12.638208
13.893632
13.883392
13.885440
13.882368
13.896704
11.016191
12.649472
12.635136
13.270016
13.891584
13.886464
13.879296
13.893632
13.898752
11.618304
12.635136
12.637184
13.874176
13.896704
13.886464
13.901824
13.873152
11.009024
12.647425
12.642303
12.654592
13.279232
13.885440
13.880320
13.881344
13.883392
11.642879
12.639233
12.647424
12.650496
13.888512
13.878272
13.895679
13.877248
Control Period
13.889536
11.018240
12.636160
13.263872
13.902847
13.912064
13.893633
13.894656
13.892609
11.643904
12.655616
12.641279
12.648448
13.873152
13.883392
13.885441
13.895679
13.903872
11.014144
12.646400
12.660736
13.279232
13.887487
13.904896
13.881344
13.895679
11.629568
12.660736
12.637184
12.662784
13.907969
13.884417
13.881344
13.879295
13.899776
11.005953
12.635136
12.661760
13.255680
13.875200
13.885441
13.899776
13.897728
11.632641
12.666880
12.646400
12.658688
13.905920
13.898752
13.891584
13.882368
13.886464
11.015168
12.641280
12.652544
13.278208
13.910016
13.893633
13.907969
13.896704
11.640832
12.651520
12.642303
12.643328
13.886464
13.877249
13.890560
13.899776
13.891584
11.024384
12.632065
12.655616
13.260799
13.899776
13.898752
13.892609
13.891584
11.636736
12.642303
12.648448
12.643328
13.913088
13.888512
13.846528
13.889536
13.892609
13.895679
11.015168
12.635136
12.650496
13.267967
13.888512
13.891584
13.884417
Control Period
13.890560
11.637760
12.642303
12.643328
13.881344
13.895679
13.884417
13.894656
13.882368
13.894656
11.009024
12.645376
12.648448
13.271040
13.887488
13.887487
13.886464
13.887487
11.631617
12.650496
12.644352
12.641280
13.883392
13.877248
13.882368
13.898752
10.997760
12.649471
12.645376
12.655616
13.276160
13.891584
13.882368
13.877249
13.903872
11.632641
12.657663
12.648448
13.884417
13.885441
13.908993
13.894655
13.881344
13.897728
11.010048
12.645376
12.644352
13.267967
13.885440
13.886464
13.897728
13.898752
11.631617
12.651520
12.633088
12.668928
13.890560
13.890560
13.878272
13.897728
13.895680
11.027456
12.648448
12.640256
13.278208
13.889536
13.967360
13.894655
13.879296
11.645952
12.641280
12.659712
12.654593
13.897728
13.878272
13.889536
13.877249
13.895679
11.009024
12.657663
12.654593
13.268991
13.884417
13.884417
13.890560
13.890560
11.650048
12.644352
12.635136
12.658688
13.899776
13.876225
13.886464
13.885440
Control Period
13.887488
11.010048
12.640257
12.648448
13.262848
13.908992
13.887488
13.888512
13.884417
13.896704
11.636736
12.650496
12.661760
12.658688
13.887487
13.887488
13.895679
13.894656
13.887487
11.018240
12.639233
13.253632
13.894656
13.890560
13.886464
13.900801
13.900800
11.615232
12.653568
12.633087
12.652544
13.894656
13.883392
13.886464
13.892609
13.880320
11.006976
12.633088
13.268991
13.907969
13.876225
13.884417
13.870080
13.907969
11.638784
12.667904
12.658688
12.647424
13.877249
13.879295
13.899776
13.885440
13.898752
11.020288
12.651520
12.644352
13.260799
13.884417
13.882368
13.886464
13.899776
11.636736
12.647425
12.641280
12.648448
13.888512
13.880320
13.889536
13.889536
13.885440
11.014144
12.655616
12.636160
13.248512
13.888512
13.893632
13.894656
13.888512
11.631617
12.656639
12.652544
12.645376
13.865984
13.878272
13.877249
13.894656
13.903872
11.009024
12.647425
12.656640
13.279232
13.878272
13.885440
13.894656
Control Period
13.880320
11.626496
12.646400
12.645376
12.638208
13.892609
13.897728
13.890560
13.893632
11.017216
12.655616
12.645376
13.266944
13.888512
13.888512
13.906944
13.877248
11.623425
12.637184
12.642303
12.654593
13.886464
13.883392
13.894655
13.882368
13.887487
10.998784
12.649472
12.659712
13.268991
13.886464
13.878272
13.888512
13.876225
11.622400
12.641280
12.655617
12.648448
13.905920
13.883392
13.905920
13.886464
13.842432
11.023360
12.657663
12.683264
12.663808
13.262848
13.899776
13.893632
13.880320
13.875200
11.648001
12.654593
12.664831
12.653568
13.889536
13.896704
13.890560
13.882368
13.886464
11.017216
12.643328
12.647425
13.268991
13.902847
13.882368
13.896704
11.638784
12.646400
12.653568
12.649471
13.884417
13.881344
13.879296
13.893633
13.879296
13.875200
11.009024
12.637184
13.257729
13.908992
13.893633
13.890560
13.874176
11.642880
12.657663
12.631041
12.651520
12.646400
13.912064
13.894656
13.904896
13.887488
Control Period
13.881344
11.020288
12.654593
12.656640
13.257729
13.890560
13.888512
13.884417
13.904896
11.623425
12.646400
12.648448
12.642304
13.817856
13.872128
13.890560
13.879295
13.903872
11.020288
12.641279
13.264896
13.886464
13.888512
13.884417
13.874176
11.633664
12.633088
12.640257
12.636160
12.652544
13.882368
13.888512
13.904896
13.891584
13.886464
11.004929
12.646400
12.631041
13.288448
13.883392
13.905920
13.880320
11.619328
12.648448
12.637184
12.655617
13.893633
13.896704
13.876225
13.901824
13.885440
13.880320
11.021313
12.640256
12.654593
13.284351
13.892608
13.895679
13.889536
13.884417
11.631617
12.649472
12.653568
12.650496
13.891584
13.916161
13.901824
13.891584
13.877248
11.025408
12.651520
12.655617
13.277184
13.908992
13.886464
13.886464
13.891584
11.638784
12.630016
12.638208
12.673024
13.892609
13.885441
13.879295
13.895679
13.897728
11.027456
12.652544
12.666880
13.265921
13.893632
13.879295
13.893632
13.896704
Control Period
13.897728
11.634687
12.655616
12.653568
12.633088
13.896704
13.887488
13.894656
13.889536
13.886464
11.015168
12.639233
12.640256
13.261824
13.901824
13.889536
13.897728
13.886464
11.610112
12.651520
12.652544
12.648448
13.889536
13.880320
13.900800
13.885440
13.897728
11.092992
12.644352
12.644352
13.263872
13.892609
13.883392
13.896704
11.638784
11.643904
13.894656
13.892609
11.644928
11.644928
13.893632
13.897728
13.884416
13.904896
13.903872
11.633664
12.655616
12.654593
12.641280
13.900801
13.883392
13.891584
13.884417
13.886464
11.010048
12.644352
12.657663
13.289472
13.896704
13.893632
13.893632
13.891584
13.902848
11.633664
12.663808
12.636160
12.646400
13.887487
13.826048
13.891584
13.898752
13.899776
11.025408
12.641279
13.265921
13.879296
13.890560
13.893632
13.898752
11.636736
12.660736
12.649472
12.659712
12.641280
13.888512
13.883392
13.889536
13.890560
13.900801
11.017216
12.642303
13.259776
13.880320
13.881344
13.890560
Control Period
13.906944
11.632640
12.655616
12.648448
12.656639
12.639233
13.883392
13.900801
13.874176
13.887487
13.890560
11.014144
12.646400
12.636160
13.279232
13.892609
13.895679
13.882368
13.896704
11.638784
12.634111
12.651520
12.648448
13.896704
13.894656
13.881344
13.884417
13.880320
11.011072
12.663808
12.663808
13.280256
13.887488
13.913088
13.880320
13.890560
11.638784
12.651520
12.643328
12.658688
13.902848
13.884416
13.889536
13.884417
13.896704
11.024384
12.636160
12.644352
13.267968
13.886463
13.884417
13.885440
13.888512
11.624449
12.642303
12.634112
12.648448
13.895680
13.887487
13.886464
13.891584
13.895679
11.009024
12.642303
12.655616
13.267967
13.886464
13.881344
13.889536
13.899776
11.641856
12.653568
12.649471
12.652544
13.895679
13.889536
13.881344
13.889536
13.886464
11.026432
12.645376
12.651520
13.274113
13.910015
13.885441
13.892609
13.896704
11.641856
9.372672
12.649471
12.626944
12.662784
12.661760
13.888512
Control Period
13.880320
13.883392
13.876225
13.897728
11.022336
12.660736
12.642303
12.639233
13.254656
13.879296
13.882368
13.887487
11.638784
12.657664
12.653568
12.655616
13.900800
13.888512
13.895679
13.880320
13.892609
11.005952
12.663808
12.646400
13.274112
13.892609
13.901824
13.889536
13.902848
11.632641
12.640257
12.634112
12.637184
13.887488
13.883392
13.892608
13.881344
13.885440
13.887488
11.006976
12.663808
13.266944
13.890560
13.889536
13.882368
13.878272
11.638784
12.645376
12.649472
12.646400
13.881344
13.885441
13.882368
13.896704
13.902847
11.017216
12.659712
12.651520
13.265921
13.889536
13.897728
13.876225
13.886464
11.641856
12.665855
12.661760
12.644352
12.651520
13.888512
13.905920
13.894655
13.898752
13.885440
11.007999
12.652544
12.649472
13.286400
13.890560
13.899776
13.888512
13.893632
11.637760
12.644352
12.639233
12.652544
13.871104
13.900800
13.894656
13.868032
13.897728
11.037696
12.635136
12.653568
13.273088
Control Period
13.903872
13.882368
13.889536
13.881344
11.642879
12.640256
12.632064
12.653568
13.896704
13.894655
13.879296
13.889536
13.875200
11.020288
12.644352
12.656640
13.272064
13.886464
13.881344
13.891584
13.889536
11.640832
12.642303
12.647424
12.640256
13.878272
13.886464
13.897728
13.886464
13.876225
11.020288
12.656640
12.660736
13.271040
13.882368
13.893632
13.905920
13.898752
11.632641
12.658688
12.654593
12.662784
13.891584
13.892609
13.891584
13.884417
13.895679
11.012096
12.640256
12.658688
13.254656
13.899776
13.883392
13.855743
13.903872
11.641855
12.651520
12.651520
12.647425
13.864960
13.892609
13.891584
13.901824
13.880320
11.009024
12.654592
12.649472
13.258752
13.907969
13.885441
13.895679
13.889536
13.880320
11.626495
12.640256
12.646400
13.885441
13.884417
13.900800
13.892608
13.895679
11.103232
12.650496
12.655616
12.655616
13.267967
13.898752
13.883392
13.887488
13.911039
11.650048
12.636160
12.654593
12.651520
Control Period
13.880320
13.888512
13.889536
13.894655
13.896704
11.013121
12.646400
12.654593
13.268991
13.891584
13.890560
13.889536
13.890560
11.629568
12.645376
12.640256
12.658688
13.925376
13.881344
13.884417
13.884417
13.894656
11.024384
12.644352
12.646400
13.263872
13.888512
13.895679
13.888512
13.913088
11.641856
12.647424
12.644352
12.649472
13.882368
13.885440
13.903872
13.895679
13.894656
11.002880
12.651520
13.280256
13.888512
13.885440
13.895679
13.887487
13.883392
11.625472
12.638208
12.651520
12.646400
13.888512
13.882368
13.903872
13.888512
13.880320
10.991615
12.635136
13.265921
13.879295
13.897728
13.878272
13.884417
13.891584
11.646976
12.641280
12.642303
12.651520
13.886464
13.880320
13.878272
13.869056
13.897728
11.011072
12.645376
12.648448
13.284352
13.882368
13.891584
13.886464
11.635712
12.656640
12.654592
12.645376
13.890560
13.881344
13.886464
13.893632
13.880320
11.017216
12.644352
12.644352
13.268991
13.877248
Control Period
13.887487
13.891584
13.891584
13.916160
11.656192
12.652544
12.643328
12.645376
13.889536
13.875200
13.902848
13.889536
13.906944
11.000832
12.651520
12.636160
13.266944
13.877248
13.896704
13.894656
11.655169
12.646400
12.642303
12.646400
12.637184
13.889536
13.882368
13.888512
13.892609
13.895679
11.027456
12.653568
12.655616
13.258753
13.899776
13.876225
13.890560
13.876225
11.631617
12.650496
12.660736
12.647425
13.891584
13.881344
13.887488
13.887488
13.879295
11.020288
12.634111
12.659712
13.278208
13.891584
13.875200
13.892609
13.884417
11.626495
12.644352
12.649472
12.661760
13.889536
13.880320
13.882368
13.832191
13.898752
11.026432
12.658688
12.649472
13.275136
13.884416
13.886464
13.882368
13.898752
11.632641
12.644352
12.657663
12.639233
13.902848
13.905920
13.888512
13.894656
13.888512
11.006976
12.647424
13.268991
13.875200
13.890560
13.879296
13.892609
11.634687
12.652544
12.642303
12.650496
12.639232
13.903872
Control Period
13.892609
13.893633
13.894656
13.887487
11.022336
12.648448
12.655616
13.262848
13.881344
13.887488
13.904896
13.895679
11.627520
12.641280
12.647425
12.649471
13.897728
13.892609
13.878272
13.887487
13.891584
11.015168
12.658688
12.650496
13.274113
13.886464
13.891584
13.907969
13.884416
11.629568
12.657663
12.634112
12.652544
13.883392
13.889536
13.887487
13.880320
13.885441
11.015167
12.653568
12.647424
13.273088
13.902848
13.881344
13.829121
13.888512
11.633663
12.654592
12.657663
12.649472
13.835264
13.892609
13.904896
13.903872
13.905920
11.003904
12.656640
12.647425
13.257729
13.897728
13.896704
13.884417
13.884417
11.636736
12.638208
12.642303
12.641279
13.885441
13.894656
13.884417
13.889536
13.895680
11.005952
12.649471
12.633088
13.261824
13.882368
13.874176
13.917185
11.635712
12.650496
12.649471
12.658688
12.640256
13.911039
13.885441
13.903872
13.897728
11.015168
12.660736
12.668928
12.650496
13.267968
13.897728
Control Period
13.881344
13.887487
11.634687
12.656639
12.641280
12.656639
13.890560
13.880320
13.887488
13.879296
13.900801
13.892608
11.025408
12.638208
13.261824
13.882368
13.901824
13.911039
13.877248
13.896704
11.653120
12.657663
12.637184
12.640257
13.891584
13.892609
13.890560
13.886464
13.890560
11.001856
12.642304
12.653568
13.272064
13.895679
13.893633
13.890560
13.888512
11.623425
12.670976
12.652544
12.645376
13.896704
13.978624
13.887487
13.882368
13.889536
11.021313
12.648448
12.659712
13.287424
13.911039
13.906944
13.893632
13.886464
11.636736
12.659712
12.659712
12.656640
13.876225
13.910016
13.899776
13.898752
13.890560
11.017216
12.645376
12.651520
13.275136
13.894656
13.887488
13.905920
13.901824
11.632640
12.658688
12.654592
12.651520
13.881344
13.884417
13.880320
13.876225
13.893632
11.013121
12.650496
12.632064
13.277184
13.886464
13.900800
13.886464
13.885441
11.634688
12.642303
12.642303
12.660736
12.661760
Control Period
13.898752
13.902847
13.887487
13.878272
13.885441
10.994688
12.657663
12.654592
13.277184
13.888512
13.894656
13.886464
13.903872
11.639809
12.646400
12.650496
12.656639
13.889536
13.882368
13.890560
13.880320
13.889536
11.018240
12.658688
12.642304
13.260800
13.899776
13.881344
13.901824
13.910015
11.645952
12.657663
12.639233
12.638208
13.884417
13.884417
13.910016
13.888512
13.881344
11.001856
12.656639
12.658688
13.278208
13.893633
13.878272
13.889536
13.893632
11.631617
12.646400
12.642303
12.657664
13.897728
13.893632
13.890560
13.890560
13.885440
11.019264
12.651520
12.665855
13.264896
13.885441
13.893632
13.899776
13.886464
11.649024
12.654593
12.644352
12.658688
13.888512
13.885440
13.872128
13.910016
13.875200
11.026432
12.635136
12.649471
13.272064
13.894656
13.890560
13.891584
13.885440
11.651072
12.642303
12.646400
12.657663
13.894656
13.887487
13.881344
13.894656
13.888512
11.020288
12.641280
12.644352
13.270016
Control Period
13.887488
13.887487
13.908992
13.884417
13.887487
11.636736
12.636160
12.664831
13.881344
13.891584
13.881344
13.884417
13.879295
11.022336
12.647424
12.651520
13.264896
13.889536
13.891584
13.875200
13.883392
11.627520
12.659712
12.643328
12.647424
13.918207
13.878272
13.899776
13.885441
13.897728
13.881344
11.003904
12.639233
13.268992
13.880320
13.878272
13.879296
13.893632
11.641856
12.649471
12.660736
12.647425
13.877249
13.879296
13.900801
13.882368
13.887487
13.898752
11.020288
12.667904
12.636160
13.298688
13.888512
13.889536
13.880320
13.887487
11.629568
12.648448
12.645376
12.650496
13.886464
13.908992
13.883392
13.897728
13.897728
11.015168
12.660736
12.647425
13.271040
13.902847
13.885441
13.872128
13.886464
11.642879
12.637184
12.649472
12.646400
13.895679
13.890560
13.881344
13.879295
13.890560
11.005953
12.644352
12.652544
13.273088
13.894656
13.882368
13.881344
13.872128
11.633664
12.652544
12.654593
12.638208
13.896704
Control Period
13.891584
13.904896
13.893633
13.912064
11.029504
12.636160
12.641279
13.270016
13.893633
13.907969
13.880320
13.891584
11.629568
12.644352
12.568576
13.901824
13.888512
13.878272
13.896704
13.885441
13.885440
11.025408
12.662784
12.653568
13.273088
13.888512
13.896704
13.914112
13.898752
11.629568
12.649472
12.650496
12.642304
13.904896
13.882368
13.897728
13.896704
13.883392
11.019264
12.645376
12.659712
13.260799
13.908993
13.884417
13.907969
13.887487
11.626496
12.668928
12.637184
12.645376
13.896704
13.876225
13.891584
13.911040
13.892609
11.014144
12.656640
12.650496
13.272064
13.875200
13.881344
13.888512
13.882368
11.635712
12.635136
12.646400
12.644352
13.885440
13.904896
13.890560
13.902847
13.901824
11.010048
12.653568
12.641280
13.252608
13.875200
13.894656
13.887487
13.888512
11.635712
12.650496
12.658688
12.648448
13.893633
13.890560
13.888512
13.888512
13.888512
11.017216
12.667904
12.651520
13.271040
Control Period
13.888512
13.886464
13.900800
13.979649
11.638784
12.641280
12.670977
12.635136
13.884417
13.896704
13.893632
13.888512
13.892609
11.000832
12.638208
12.651520
13.261824
13.905920
13.899776
13.889536
13.899776
13.891584
11.624448
12.648448
12.627968
13.898752
13.896704
13.896704
13.882368
13.894656
13.902847
11.022336
12.657663
13.270016
13.883392
13.892609
13.890560
13.896704
13.887488
11.656192
12.649471
12.650496
12.641280
13.890560
13.893633
13.829121
13.896704
11.012096
12.657663
12.654593
12.666880
13.247488
13.894655
13.888512
13.882368
13.902847
11.635712
12.647425
12.657663
12.650496
13.885440
13.879296
13.884417
13.888512
13.886464
11.010048
12.646400
12.662785
13.267967
13.900800
13.896704
13.869056
13.875200
11.643904
12.638208
12.651520
12.649472
13.912064
13.888512
13.896704
13.901824
13.890560
11.005953
12.641280
12.647424
13.275136
13.893632
13.889536
13.888512
13.872128
11.649024
12.650496
12.650496
12.640257
Control Period
13.900801
13.870080
13.888512
13.897728
13.890560
11.010048
12.645376
12.657664
13.272064
13.876225
13.888512
13.902847
13.889536
11.637760
12.650496
12.646400
12.652544
13.894656
13.887487
13.893632
13.891584
13.885440
11.019264
12.638208
12.659712
13.276160
13.885441
13.878272
13.887488
13.897728
11.639809
12.648448
12.647424
12.640256
13.896704
13.885440
13.879295
13.893633
13.892609
11.016191
12.650496
12.633088
13.264896
13.882368
13.883392
13.879296
13.878272
11.630592
12.643328
12.641279
12.654593
12.654593
13.896704
13.897728
13.893633
13.879295
11.004929
12.642304
12.655616
13.282304
13.890560
13.893632
13.897728
13.881344
11.633664
12.651520
12.649471
12.644352
13.879295
13.894656
13.892609
13.890560
13.876225
13.897728
11.040768
12.649472
12.649471
13.277184
13.895679
13.889536
13.895679
13.892609
11.643904
12.649471
12.658688
12.670977
13.883392
13.889536
13.830144
13.890560
13.890560
11.014145
12.650496
12.649471
Control Period
13.277184
13.881344
13.889536
13.906944
13.902847
11.641856
12.640256
12.647424
12.636160
13.882368
13.876225
13.897728
13.880320
13.888512
11.002880
12.654593
12.647424
13.265921
13.897728
13.881344
13.885440
13.893633
11.646976
12.657663
12.649471
12.640256
13.887487
13.888512
13.882368
13.887488
13.891584
11.010048
12.644352
13.273088
13.886464
13.873152
13.889536
13.891584
11.629568
12.649472
12.652544
12.650496
13.886464
13.885440
13.889536
13.898752
13.894655
11.002880
12.657663
12.643328
12.651520
13.259776
13.906944
13.883392
13.894656
13.876225
11.630592
12.637184
12.655616
12.661760
13.881344
13.895679
13.878272
13.891584
13.887488
11.006976
12.657663
12.657663
13.280256
13.892609
13.880320
13.879296
13.880320
11.637760
12.646400
12.654592
12.642304
13.879295
13.891584
13.870080
13.889536
13.885441
10.985472
12.646400
12.650496
13.264896
13.890560
13.889536
13.885441
13.897728
11.637760
12.660736
12.633088
12.647424
Control Period
13.892609
13.883392
13.886464
13.896704
13.892609
11.021312
12.636160
12.660736
13.272064
13.887488
13.906944
13.886464
13.894656
11.641856
12.643328
12.661760
12.655616
13.914112
13.903872
13.886464
13.884417
13.877248
11.010048
12.650496
12.657663
13.279232
13.897728
13.890560
13.886464
13.896704
11.642879
12.638208
12.650496
12.633088
13.897728
13.898752
13.898752
13.883392
13.883392
11.021313
12.665856
12.644352
13.275136
13.883392
13.897728
13.885441
13.885440
13.919231
11.626496
12.653568
12.655616
12.658688
13.880320
13.889536
13.885441
13.887488
11.025408
12.652544
12.732416
12.652544
13.272064
13.888512
13.885441
13.888512
13.890560
11.626496
12.637184
12.649471
12.646400
13.879296
13.897728
13.886464
13.899776
13.873152
11.008000
12.646400
12.661760
13.277184
13.898752
13.894656
13.887488
13.889536
11.641856
12.659712
12.646400
12.641279
13.886464
13.892609
13.896704
13.893632
13.886464
11.004929
12.653568
12.637184
Control Period
13.280256
13.906944
13.896704
13.907969
13.888512
11.639809
12.651520
12.653568
12.662785
13.890560
13.897728
13.877249
13.892608
13.902847
11.012096
12.650496
12.651520
13.267967
13.890560
13.901824
13.885441
13.878272
11.623425
12.651520
12.648448
12.655617
13.885441
13.878272
13.905920
13.879295
13.904896
11.026432
12.648448
12.660736
13.285376
13.878272
13.897728
13.876225
13.891584
11.637760
12.651520
12.666880
12.636160
13.890560
13.890560
13.882368
13.895679
13.887488
11.009024
12.649471
12.649472
13.251584
13.890560
13.900800
13.878272
13.897728
11.653120
12.647425
12.655616
12.651520
13.884417
13.891584
13.882368
13.874176
13.894656
11.010048
12.649472
12.648448
13.259776
13.880320
13.879296
13.877248
13.876225
11.641856
12.659712
12.652544
12.659712
12.652544
13.889536
13.890560
13.886464
13.891584
11.014144
12.664831
12.647424
13.261824
13.892609
13.889536
13.886464
13.887487
11.644928
12.648448
12.651520
12.664831
Control Period
13.896704
13.888512
13.886464
13.883392
13.886464
13.888512
11.017216
12.669952
12.655616
13.265921
13.882368
13.876225
13.902847
13.899776
11.641856
12.651520
12.649471
12.661760
13.882368
13.901824
13.899776
13.892609
13.894656
11.031551
12.667904
12.645376
13.255680
13.910015
13.891584
13.903872
13.890560
11.632641
12.663808
12.657663
12.635136
13.903872
13.885440
13.884417
13.880320
13.888512
11.032576
12.654592
12.651520
13.261824
13.898752
13.894655
13.891584
13.874176
11.638784
12.653568
12.645376
12.638208
13.897728
13.884417
13.901824
13.892609
13.883392
11.006976
12.656639
12.631041
13.272064
13.884417
13.882368
13.899776
13.894655
11.634688
12.646400
12.653568
12.638208
13.901824
13.882368
13.891584
13.884417
13.890560
11.014144
12.654593
12.640257
13.274113
13.877248
13.888512
13.894656
13.898752
11.630592
12.651520
12.651520
12.638208
13.881344
13.881344
13.885440
13.893632
13.893632
11.007999
12.645376
13.277184
Control Period
13.885440
13.884417
13.889536
13.889536
13.879295
11.637760
12.636160
12.646400
13.894656
13.880320
13.885440
13.889536
13.884417
13.892608
11.006976
12.635136
12.639232
13.268991
13.893632
13.889536
13.887487
13.900800
11.636736
12.664832
12.651520
12.644352
13.888512
13.890560
13.885440
13.891584
13.893632
11.016191
12.630016
12.650496
13.255680
13.887487
13.892609
13.875200
13.901824
11.635712
12.661760
12.644352
12.646400
13.900800
13.879296
13.884417
13.878272
13.882368
11.000832
12.649471
13.267968
13.890560
13.884417
13.898752
13.888512
11.624448
12.658688
12.647425
12.644352
13.875200
13.892609
13.899776
13.892609
13.877248
11.009024
12.651520
12.655616
12.648448
13.265921
13.891584
13.894656
13.895680
13.885441
11.636736
12.655617
12.670976
12.645376
13.894656
13.872128
13.895679
13.882368
13.891584
11.026432
12.662785
12.675072
13.252608
13.882368
13.894655
13.898752
13.896704
11.638784
12.658688
12.644352
12.658688
Control Period
13.890560
13.890560
13.899776
13.892608
13.894656
11.015168
12.651520
12.644352
13.264896
13.884417
13.881344
13.894656
13.901824
11.624448
12.657663
12.631041
12.644352
13.882368
13.974528
13.895679
13.878272
13.890560
11.005952
12.663808
12.641280
13.262848
13.888512
13.896704
13.899776
13.886464
11.635712
12.649471
12.650496
12.654593
13.893632
13.894656
13.887488
13.882368
13.900801
11.002880
12.654592
12.640256
13.259775
13.890560
13.885440
13.903872
13.880320
11.644928
12.634111
12.647424
12.653568
13.894656
13.884417
13.885441
13.887487
13.894655
11.011072
12.642304
12.652544
13.278208
13.896704
13.883392
13.896704
13.891584
13.886464
11.646976
12.647425
12.643328
13.886464
13.891584
13.892609
13.889536
13.894656
13.891584
11.028481
12.639233
12.641280
13.250560
13.874176
13.887487
13.881344
13.877249
11.626496
12.644352
12.645376
12.635136
13.907969
13.898752
13.891584
13.900800
13.887488
11.021312
12.648448
12.636160
Control Period
13.250560
13.887488
13.908992
13.890560
13.874176
11.646976
12.641280
12.657664
12.657663
13.881344
13.884417
13.886464
13.888512
11.006976
12.662785
12.653568
12.648448
13.271040
13.889536
13.886464
13.902848
11.637760
12.649471
12.650496
12.646400
13.892609
13.894656
13.901824
13.881344
13.897728
11.011072
12.655616
12.658688
13.273088
13.890560
13.882368
13.878272
13.897728
11.633664
12.663808
12.658688
12.638208
13.896704
13.879296
13.899776
13.891584
13.884417
11.012096
12.641280
12.649471
12.645376
13.277184
13.878272
13.881344
13.894655
13.881344
11.654144
12.648448
12.646400
12.650496
13.885441
13.893632
13.888512
13.886464
13.892609
11.019264
12.654593
12.642303
13.265920
13.918208
13.886464
13.882368
13.903872
11.629568
12.647424
12.658688
12.644352
13.891584
13.885441
13.892609
13.890560
13.888512
11.022336
12.642303
12.658688
13.277184
13.888512
13.892609
13.892608
13.863935
11.620352
12.650496
12.663808
12.653568
Control Period
13.897728
13.886464
13.892609
13.903872
13.880320
11.015168
12.645376
12.654593
13.265921
13.890560
13.896704
13.887488
13.896704
11.637760
12.656639
12.652544
12.643328
13.889536
13.902847
13.877248
13.897728
13.899776
13.874176
11.002880
12.635136
13.257729
13.886464
13.887488
13.879295
13.888512
13.894656
11.634687
12.656639
12.659712
12.659712
13.889536
13.889536
13.885440
13.894625
11.001856
12.655616
12.651520
13.256704
13.883392
13.897728
13.882368
13.905920
13.892609
11.637760
12.644352
12.627968
13.890560
13.841408
13.897728
13.897728
13.873152
11.025408
12.642303
12.650496
13.270016
13.873152
13.876225
13.880320
13.886464
11.632640
12.647424
12.666880
12.656639
12.653568
13.887487
13.873152
13.897728
13.890560
11.015168
12.639233
12.659712
13.271040
13.898752
13.913088
13.884417
13.878272
13.874176
11.630592
12.665855
12.650496
12.651520
13.890560
13.895679
13.890560
13.889536
13.889536
11.018240
12.649471
12.638208
Control Period
13.275136
13.910016
13.906944
13.885441
13.887487
11.630592
12.661760
12.649472
12.623873
13.886464
13.891584
13.887488
13.891584
13.898752
11.016191
12.636160
12.653568
13.264896
13.895679
13.891584
13.875200
13.908993
11.633664
12.647424
12.651520
12.630016
13.881344
13.886464
13.886464
13.888512
13.888512
11.013121
12.643328
13.254656
13.896704
13.889536
13.886464
13.907969
13.890560
11.633664
12.657663
12.644352
13.883392
13.889536
13.877249
13.887487
13.886464
13.889536
11.032576
12.645376
12.663808
13.267968
13.889536
13.888512
13.884417
11.641856
12.659712
12.642303
12.648448
12.645376
13.891584
13.894655
13.894655
13.874176
13.888512
11.010048
12.663808
12.647425
13.271040
13.893632
13.893632
13.879295
13.883392
11.711489
12.646400
12.637184
12.643328
13.881344
13.878272
13.884417
13.883392
13.888512
11.016191
12.648448
12.649472
13.276160
13.883392
13.886464
13.896704
13.897728
11.642879
12.648448
12.664831
12.650496
Control Period
13.890560
13.884417
13.898752
13.904896
13.891584
11.009024
12.664832
12.631041
13.261824
13.884417
13.897728
13.897728
13.897728
11.628544
12.644352
12.634112
12.643328
13.895680
13.900801
13.892609
13.902847
13.899776
11.020288
12.652544
12.644352
13.265921
13.872128
13.882368
13.880320
13.890560
11.640833
12.645376
12.666880
12.635136
13.891584
13.881344
13.887487
13.888512
13.891584
11.001856
12.653568
12.655616
13.262848
13.897728
13.876225
13.880320
13.883392
11.639809
12.647425
12.634111
12.650496
13.886464
13.902848
13.892609
13.893632
13.895679
11.018240
12.654593
12.639233
12.651520
13.270016
13.896704
13.879295
13.894656
13.850624
11.636736
12.656640
12.655616
12.641280
13.874176
13.888512
13.890560
13.881344
13.885440
11.006976
12.648448
13.264896
13.887488
13.888512
13.888512
13.894655
11.634687
12.659712
12.632064
12.655616
12.658688
13.882368
13.889536
13.882368
13.884417
13.899776
11.033600
12.640256
12.654593
Control Period
13.277184
13.896704
13.893633
13.885441
13.894656
11.639809
12.646400
12.658688
12.635136
13.886464
13.898752
13.884417
13.886464
13.896704
11.018240
12.659712
12.655616
13.268991
13.894655
13.882368
13.890560
13.882368
11.623425
12.654593
12.658688
12.643328
13.879296
13.885440
13.894655
13.871104
11.000832
12.626944
12.652544
12.636160
13.279232
13.893632
13.907969
13.889536
13.889536
11.649023
12.639233
12.656640
12.631041
13.886464
13.883392
13.904896
13.891584
13.891584
11.023360
12.652544
12.645376
13.270016
13.889536
13.884417
13.888512
13.882368
11.642879
12.651520
12.660736
12.635136
13.908993
13.883392
13.905920
13.892609
13.904896
11.024384
12.644352
12.641280
13.278208
13.897728
13.879295
13.869057
13.891584
11.632640
12.647424
12.634112
12.655617
13.883392
13.888512
13.903872
13.876225
13.889536
11.015168
12.637184
12.645376
13.271040
13.885441
13.880320
13.867008
13.908992
11.632640
12.659712
12.643328
Control Period
12.639233
13.879296
13.879295
13.886464
13.901824
13.881344
11.018240
12.648448
12.663808
13.266945
13.871104
13.882368
13.897728
13.899776
11.630592
12.642304
12.645376
12.639233
13.881344
13.884417
13.893633
13.897728
13.880320
11.027456
12.679169
12.654593
13.262848
13.888512
13.892609
13.889536
13.903872
11.618303
12.659712
12.664832
12.647425
13.882368
13.889536
13.886464
13.886464
13.895679
11.010048
12.657663
12.661760
13.280256
13.892609
13.889536
13.888512
13.873152
11.663360
12.643328
12.647425
12.646400
12.648448
13.884417
13.896704
13.906944
13.885441
13.892609
11.009024
12.647424
12.655616
13.272064
13.900801
13.881344
13.889536
13.892609
11.632641
12.650496
12.659712
12.647425
13.883392
13.881344
13.888512
13.890560
13.911039
11.015168
12.646400
12.661760
13.279232
13.883392
13.886464
13.882368
13.894655
11.630592
12.654593
12.661760
12.658688
13.884417
13.883392
13.884417
13.887487
13.885440
11.005953
12.657663
Control Period
12.650496
13.266944
13.902847
13.890560
13.895679
13.885440
11.641856
12.652544
12.662784
12.644352
13.885440
13.881344
13.896704
13.891584
13.918208
11.029504
12.646400
12.669952
13.263872
13.910015
13.890560
13.885440
13.887487
11.644928
12.653568
12.628992
12.668928
13.893633
13.898752
13.897728
13.887488
13.888512
13.898752
11.012096
12.733440
12.646400
13.271040
13.900800
13.887487
13.895679
13.894656
11.646976
12.649471
12.665855
12.656640
13.895679
13.894656
13.893632
13.895679
13.895679
10.999808
12.640256
12.659712
13.270016
13.897728
13.892609
13.895679
13.894656
11.637760
12.654593
12.659712
12.666880
13.895679
13.875200
13.880320
13.902848
13.893632
11.021312
12.644352
12.653568
13.271040
13.886464
13.904896
13.875200
13.899776
11.634688
12.647425
12.655617
12.668928
13.893632
13.899776
13.896704
13.890560
13.913088
13.908992
11.006976
12.666880
12.659712
13.261824
13.904896
13.904896
13.891584
13.890560
11.638784
Control Period
12.640256
12.658688
12.641280
13.884417
13.898752
13.888512
13.905920
13.890560
11.019264
12.646400
12.662784
13.265921
13.890560
13.888512
13.894656
13.892609
11.624449
12.649472
12.645376
12.653568
13.886464
13.888512
13.897728
13.900800
13.895679
11.021313
12.648448
12.657664
13.282304
13.893632
13.891584
13.891584
13.898752
11.633664
12.647425
12.658688
12.668928
13.881344
13.892609
13.882368
13.894656
13.879295
11.021312
12.633088
12.670977
12.650496
13.262848
13.900801
13.889536
13.899776
11.622400
12.656640
12.660736
12.654593
12.666880
13.895679
13.901824
13.876225
13.899776
13.887487
11.032576
12.650496
12.649472
13.265921
13.897728
13.900801
13.878272
13.886464
11.633664
12.664831
12.635136
12.658688
13.916161
13.884417
13.879296
13.891584
13.892609
11.023360
12.662785
12.651520
13.284351
13.890560
13.888512
13.888512
13.900801
11.641856
12.642303
12.649472
12.664831
13.896704
13.883392
13.883392
13.903872
13.896704
Control Period
10.998784
12.638208
13.258753
13.880320
13.877249
13.896704
13.902847
11.644928
12.646400
12.649471
12.653568
13.887488
13.894656
13.878272
13.891584
13.882368
11.028481
12.638208
12.641280
12.656640
13.259776
13.886464
13.892609
13.897728
13.893633
11.623425
12.647424
12.649471
12.666880
13.887488
13.884417
13.889536
13.891584
13.883392
11.014144
12.656640
12.646400
13.277184
13.893632
13.897728
13.887487
13.911039
11.626495
12.661760
12.638208
12.641279
13.895679
13.877248
13.889536
13.883392
13.902848
11.013121
12.659712
12.650496
13.267968
13.885440
13.897728
13.897728
13.882368
11.632641
12.651520
12.659712
12.642303
13.884417
13.896704
13.888512
13.894656
13.891584
11.011072
12.641279
12.667904
13.266944
13.895679
13.885440
13.890560
13.902847
11.639809
12.638208
12.654593
12.640256
13.895680
13.897728
13.887488
13.890560
13.896704
11.011072
12.648448
12.648448
13.258753
13.898752
13.894656
13.915136
13.870080
11.636736
Control Period
12.658688
12.652544
12.640257
13.889536
13.893632
13.874176
13.888512
13.878272
13.873152
11.032576
12.658688
12.642304
13.292544
13.905920
13.882368
13.900801
13.905920
11.638784
12.650496
12.646400
12.645376
13.897728
13.885440
13.899776
13.885440
13.890560
11.007999
12.655616
12.639233
13.273088
13.869057
13.886464
13.887488
13.893633
11.638784
12.650496
12.653568
12.635136
13.881344
13.887488
13.897728
13.905920
13.865984
11.003904
12.648448
12.647425
13.271040
13.888512
13.883392
13.877249
13.874176
11.634688
12.650496
12.682240
12.643328
13.886464
13.887487
13.890560
13.889536
13.887487
11.011072
12.649471
12.643328
13.267968
13.892609
13.901824
13.910015
13.896704
11.648000
12.640256
12.657663
12.663808
12.664831
13.901824
13.884417
13.858816
13.881344
13.890560
11.020288
12.661760
12.633088
13.279232
13.891584
13.884417
13.878272
11.626495
12.644352
12.647424
12.640256
13.895680
13.901824
13.893632
13.892609
13.884417
Control Period
13.891584
11.021313
12.636160
12.640256
13.274112
13.876225
13.896704
13.897728
13.887488
11.636736
12.640256
12.653568
12.643328
13.889536
13.896704
13.890560
13.886464
13.893632
10.999808
12.653568
12.647425
13.293568
13.903872
13.886464
13.886464
13.891584
11.657215
12.665855
12.647424
12.651520
13.903872
13.891584
13.889536
13.897728
13.900800
11.037696
12.639233
12.681215
13.252608
13.899776
13.890560
13.897728
13.890560
11.638784
12.672000
12.651520
12.649472
13.887488
13.898752
13.885441
13.881344
13.898752
11.008000
12.650496
12.661760
13.282304
13.890560
13.891584
13.887487
13.889536
11.633663
12.656640
12.665855
12.650496
13.888512
13.905920
13.887488
13.887487
13.874176
11.009024
12.643328
12.657663
13.251584
13.895679
13.900800
13.886464
13.875200
11.628544
12.664831
12.651520
12.643328
13.889536
13.906944
13.881344
13.888512
13.885441
11.030527
12.646400
12.656639
12.653568
13.263872
13.901824
13.895679
13.893633
Control Period
13.877248
11.628544
12.666880
12.645376
12.647425
13.891584
13.894655
13.895679
13.902847
11.031551
12.647425
12.652544
12.667904
13.272064
13.890560
13.890560
13.902848
13.887487
11.628544
12.647424
12.668928
12.648448
13.886464
13.905920
13.895679
13.897728
13.883392
11.014144
12.666880
12.645376
13.260800
13.878272
13.887487
13.887488
13.894656
11.635712
12.649471
12.649472
12.642303
13.887488
13.898752
13.884417
13.897728
13.898752
11.021312
12.647425
12.635136
13.263872
13.885441
13.887487
13.891584
13.864960
11.643904
12.645376
12.663809
12.652544
13.913088
13.897728
13.891584
13.887488
13.903872
11.002880
12.647425
12.644352
13.274112
13.882368
13.898752
13.889536
13.895679
11.624449
12.642304
12.645376
12.649472
13.894656
13.895680
13.891584
13.888512
13.889536
11.019264
12.652544
12.659712
13.258752
13.884417
13.893632
13.887488
13.888512
13.883392
11.629568
12.640256
12.634112
13.889536
13.891584
13.899776
13.895679
Control Period
13.870080
13.884417
11.011072
12.641280
12.650496
13.261824
13.887487
13.881344
13.898752
13.899776
11.643904
12.652544
12.667904
12.666880
13.901824
13.883392
13.896704
13.885440
13.891584
11.020288
12.651520
12.664832
13.276160
13.886464
13.888512
13.892609
13.894656
11.625472
12.660736
12.643328
12.676096
13.886464
13.895679
13.907969
13.895679
13.885441
11.016191
12.654593
12.650496
13.265921
13.883392
13.902847
13.882368
13.881344
11.626495
12.650496
12.648448
12.656640
13.882368
13.898752
13.871103
13.897728
13.887488
11.012096
12.653568
12.654592
13.271040
13.882368
13.895679
13.894656
13.881344
11.635712
12.656639
12.645376
12.656639
13.911039
13.895679
13.885440
13.902848
13.899776
13.896704
11.017216
12.644352
12.654593
13.273088
13.892609
13.883392
13.879296
13.913088
11.638784
12.652544
12.648448
13.893633
13.886464
13.899776
13.898752
13.897728
13.895679
11.013120
12.647425
12.649472
13.263872
13.896704
13.896704
Control Period
13.894656
13.886464
11.635712
12.657663
12.638208
13.880320
13.896704
13.889536
13.897728
13.898752
13.885440
11.012096
12.655616
12.662785
13.265921
13.884417
13.887487
13.897728
13.877249
11.626495
12.663808
12.662784
12.637184
13.910016
13.896704
13.892609
13.891584
13.882368
11.013121
12.644352
12.665855
13.285376
13.899776
13.896704
13.895679
13.882368
11.630592
12.645376
12.655616
12.645376
13.883392
13.896704
13.895680
13.897728
13.885441
11.022336
12.644352
12.651520
13.265921
13.992960
13.895680
13.890560
13.895679
13.886464
11.632640
12.655617
12.645376
12.650496
13.893633
13.892609
13.894656
13.892608
13.886464
11.023359
12.638208
12.643328
13.270016
13.886464
13.902847
13.882368
13.884417
11.653120
12.655617
12.649471
12.652544
13.896704
13.901824
13.888512
13.883392
13.887487
11.012096
12.652544
12.646400
13.278208
13.888512
13.902847
13.916161
13.892609
11.658239
12.652544
12.656640
12.644352
13.891584
13.883392
Control Period
13.893633
13.888512
13.905920
11.005953
12.649472
12.656640
13.287424
13.884417
13.901824
13.895679
13.878272
11.664384
12.652544
12.677120
12.642303
13.889536
13.897728
13.888512
13.886464
13.903872
11.010048
12.639233
12.636160
13.276159
13.894655
13.892609
13.885441
13.896704
11.638784
12.652544
12.652544
12.650496
13.895679
13.893633
13.898752
13.895679
13.887488
11.011072
12.651520
12.646400
13.274112
13.896704
13.898752
13.907969
13.894655
11.620352
12.637184
12.657663
12.646400
13.890560
13.894656
13.901824
13.894655
13.884417
11.013121
12.626944
12.650496
13.266944
13.884417
13.888512
13.898752
13.890560
11.634687
12.648448
12.638208
12.663808
13.904896
13.889536
13.889536
13.881344
13.887488
13.899776
11.030528
12.652544
12.647425
13.277184
13.891584
13.896704
13.889536
13.900801
11.642879
12.660736
12.650496
12.640257
13.887487
13.902847
13.900800
13.893632
13.888512
11.010048
12.685312
12.636160
13.259776
13.887488
Control Period
13.886464
13.885440
13.899776
11.630592
12.656640
12.647424
12.656639
13.891584
13.890560
13.893633
13.905920
13.892609
11.018240
12.640256
12.648448
13.254656
13.904896
13.900801
13.898752
13.898752
11.621376
12.643328
12.656640
12.660736
13.882368
13.892609
13.881344
13.885441
13.894656
11.013121
12.652544
12.653568
13.270016
13.904896
13.883392
13.884417
13.888512
11.639809
12.660736
12.660736
12.653568
12.647424
13.877249
13.895679
13.881344
13.897728
13.899776
11.033600
12.661760
12.655616
13.286400
13.904896
13.895679
13.891584
13.892609
11.622400
12.655617
12.644352
12.644352
13.896704
13.902848
13.885441
13.906944
13.889536
11.011072
12.658688
12.646400
13.258752
13.886464
13.896704
13.890560
13.890560
11.636736
12.662785
12.661760
12.650496
13.900801
13.891584
13.895679
13.908992
13.882368
11.016191
12.654593
12.643328
13.260799
13.893632
13.888512
13.888512
13.889536
11.624449
12.663808
12.635136
12.651520
Control Period
13.915136
13.895679
13.897728
13.891584
13.897728
11.030528
12.661760
12.643328
13.263872
13.895679
13.887487
13.899776
13.888512
11.627520
12.650496
12.647424
12.654593
13.871104
13.888512
13.893632
13.885440
13.884417
11.018240
12.642303
12.653568
13.280256
13.893632
13.886463
13.889536
13.890560
13.901824
11.634688
12.642303
12.650496
12.651520
13.888512
13.906944
13.895680
13.899776
13.911039
11.010048
12.653568
12.647425
13.272064
13.898752
13.902847
13.898752
13.893633
11.639809
12.641280
12.642304
12.658688
13.899776
13.893632
13.879296
13.883392
13.883392
11.029504
12.643328
12.650496
13.272064
13.896704
13.879295
13.908992
13.879296
11.637760
12.644352
12.666880
12.650496
13.884417
13.884417
13.904896
13.893632
13.885441
11.016191
12.651520
12.662784
13.262848
13.888512
13.884417
13.888512
13.898752
11.635712
12.664832
12.655616
12.653568
13.896704
13.885441
13.896704
13.882368
13.887487
11.010048
12.664832
12.646400
Control Period
13.278208
13.899776
13.901824
13.882368
13.900800
11.637760
12.645376
12.641279
12.647425
13.897728
13.888512
13.887488
13.884417
13.872128
13.897728
11.021313
12.663808
12.638208
13.279232
13.889536
13.880320
13.885441
13.891584
11.632641
12.637184
12.660736
12.657663
13.879296
13.900801
13.890560
13.902847
13.889536
11.026432
12.645376
13.280256
13.881344
13.886464
13.905920
13.874176
13.889536
11.630592
12.660736
12.641280
12.635136
13.900801
13.872128
13.872128
13.910016
13.896704
11.023359
12.648448
12.648448
13.278208
13.889536
13.892609
13.882368
13.887487
11.652096
12.658688
12.640256
12.652544
13.882368
13.878272
13.897728
13.896704
13.891584
11.010048
12.656639
12.652544
13.274112
13.901824
13.900800
13.892609
13.895679
11.639809
12.639233
12.655616
12.664832
13.888512
13.892609
13.897728
13.887488
13.873152
11.016191
12.640256
12.662784
13.275136
13.886464
13.887487
13.886464
13.906944
11.633664
12.667904
12.659712
Control Period
12.654592
13.886463
13.891584
13.895679
13.892609
13.878272
11.020288
12.645376
12.641280
13.264896
13.877248
13.883392
13.887488
13.888512
11.636736
12.648448
12.632065
12.636160
13.877248
13.894656
13.889536
13.890560
13.896704
11.003904
12.656640
12.662784
13.262848
13.902848
13.887488
13.883392
13.892608
11.645952
12.648448
12.647425
12.659712
13.899776
13.885440
13.884417
13.881344
13.892609
11.009024
12.651520
12.655616
13.266944
13.903872
13.897728
13.887487
13.889536
13.904896
11.637760
12.646400
12.644352
12.657663
13.892609
13.890560
13.890560
13.891584
11.030528
12.647425
12.654592
12.654593
13.267968
13.889536
13.885440
13.882368
13.920256
11.643904
12.652544
12.656640
12.643328
13.889536
13.893632
13.879296
13.890560
13.894656
11.019264
12.640256
12.646400
13.270016
13.895679
13.890560
13.891584
13.906944
11.645952
12.668928
12.667904
12.644352
13.883392
13.897728
13.888512
13.891584
13.886464
11.031551
12.657663
Control Period
12.653568
13.280256
13.892609
13.898752
13.891584
13.897728
11.637760
12.655617
12.660736
12.650496
13.894656
13.877249
13.894656
13.888512
13.898752
11.017216
12.640257
12.661760
13.271040
13.891584
13.882368
13.891584
13.898752
11.642880
12.653568
12.647424
12.657663
13.899776
13.885440
13.883392
13.879295
13.896704
11.020288
12.637184
12.662784
13.263872
13.903872
13.891584
11.640832
11.633664
13.892609
13.883392
13.896704
13.890560
13.897728
11.631617
12.652544
12.661760
12.643328
13.890560
13.903872
13.885441
13.891584
13.879296
11.005953
12.650496
12.632065
13.266944
13.892609
13.894656
13.880320
13.885441
13.902848
11.628544
12.658688
12.650496
12.646400
13.900801
13.906944
13.883392
13.880320
10.997761
12.645376
12.669952
13.272064
13.893632
13.900800
13.880320
13.891584
11.632640
12.641280
12.655616
12.661760
12.648448
13.883392
13.892609
13.891584
13.890560
13.897728
11.004929
12.656640
13.263872
13.898752
13.889536
Control Period
13.892609
13.908992
13.893632
11.640832
12.662785
12.642304
12.644352
13.900801
13.893632
13.903872
13.886464
11.017216
12.649472
12.653568
12.652544
13.276160
13.888512
13.899776
13.886464
13.888512
11.637760
12.652544
12.657663
12.655616
13.893632
13.895679
13.886464
13.915136
13.902848
11.030528
12.644352
12.634111
13.272064
13.897728
13.892609
13.894656
13.882368
11.646976
12.657663
12.650496
12.663808
13.903872
13.878272
13.889536
13.888512
11.002880
12.648448
12.638208
13.266944
13.893633
13.888512
13.893632
13.900800
13.890560
11.630592
12.652544
12.642304
12.640256
13.901824
13.893632
13.898752
13.903872
13.898752
11.013121
12.641280
12.718081
13.265921
13.897728
13.893632
13.878272
13.899776
11.636736
12.648448
12.643328
12.659712
13.903872
13.893632
13.892608
13.897728
13.898752
11.023359
12.651520
12.652544
13.266944
13.902847
13.877248
13.888512
13.888512
11.636736
12.660736
12.653568
12.644352
13.891584
13.883392
Control Period
13.901824
13.902848
13.893633
11.015168
12.645376
12.647425
13.256704
13.884417
13.890560
13.896704
13.869056
11.650047
12.637184
12.657663
12.649471
13.902847
13.892609
13.887487
13.891584
13.874176
11.023359
12.646400
12.638208
12.644352
13.276160
13.887488
13.882368
13.885441
13.888512
11.633664
12.638208
12.640256
12.659712
13.886464
13.898752
13.885440
13.871103
11.005953
12.657663
12.648448
13.271040
13.883392
13.886464
13.898752
13.886464
13.895679
11.641855
12.648448
12.651520
12.656640
13.896704
13.886464
13.881344
13.883392
13.882368
11.010048
12.640256
12.651520
13.264896
13.902847
13.894656
13.899776
13.885441
11.642879
12.659712
12.664831
12.653568
13.895679
13.874176
13.888512
13.886464
11.017216
12.659712
12.641280
13.283328
13.899776
13.883392
13.890560
13.879295
11.632641
12.652544
12.658688
12.654593
12.644352
13.897728
13.879295
13.890560
13.914112
13.877248
11.021312
12.653568
12.652544
13.253632
13.892608
Control Period
13.895679
13.891584
13.896704
11.626495
12.635136
12.652544
13.888512
13.882368
13.884417
13.885441
13.902847
13.890560
11.028481
12.657663
12.645376
13.278208
13.881344
13.890560
13.899776
13.898752
11.641855
12.628992
12.655616
12.647425
13.894655
13.889536
13.887488
13.906944
13.868032
11.023359
12.646400
12.662785
13.255680
13.890560
13.885441
13.882368
11.640832
12.657663
12.645376
12.669952
13.887487
13.888512
13.874176
13.899776
13.883392
10.990592
12.645376
12.656640
13.261824
13.888512
13.906944
13.874176
13.890560
11.621376
12.646400
12.651520
12.656640
13.889536
13.879296
13.882368
13.906944
13.898752
11.006976
12.652544
12.648448
13.264896
13.887488
13.889536
13.893633
13.889536
11.631617
12.650496
12.643328
12.650496
12.642303
13.893632
13.903872
13.890560
13.872128
13.898752
11.018240
12.659712
13.260799
13.891584
13.917184
13.889536
13.905920
13.887487
11.632641
12.651520
12.650496
12.647424
13.892609
13.888512
Control Period
13.884417
13.911039
13.887487
11.015168
12.651520
12.649471
13.272064
13.896704
13.882368
13.886464
13.884417
11.638784
12.634112
12.645376
12.660736
13.918208
13.913088
13.901824
9.383936
13.895679
13.902847
13.891584
13.890560
13.884417
13.885441
11.031551
12.643328
12.653568
13.281281
13.903872
13.897728
13.885440
13.901824
13.890560
11.656192
12.637184
12.655616
12.643328
13.900800
13.882368
13.883392
13.884417
13.882368
11.006976
12.651520
13.271040
13.879295
13.896704
13.895680
13.887487
13.901824
11.627520
12.639233
12.641280
12.663808
13.899776
13.903872
13.881344
13.879296
13.887488
11.019264
12.652544
13.272064
13.894656
13.884417
13.876225
13.919231
11.632640
12.640256
12.652544
12.646400
12.638208
13.890560
13.881344
13.894655
13.893633
13.903872
10.999807
12.646400
12.645376
13.258752
13.885440
13.889536
13.889536
11.638784
12.651520
12.657663
12.648448
12.641280
13.884417
13.897728
13.881344
13.895679
11.018240
Control Period
12.655616
12.650496
12.644352
13.284351
13.880320
13.899776
13.882368
13.880320
11.637760
12.649471
12.658688
12.644352
13.894655
13.890560
13.890560
13.890560
11.035648
12.642304
12.664831
12.646400
13.267968
13.906944
13.900801
13.882368
11.644928
12.654593
12.661760
12.639233
13.883392
13.903872
13.895680
13.891584
13.904896
11.011072
12.650496
12.662785
13.268991
13.906944
13.901824
13.888512
13.912064
13.891584
11.626495
12.636160
12.651520
13.890560
13.894656
13.896704
13.896704
13.913088
13.894656
11.012096
12.640256
12.652544
13.270016
13.899776
13.889536
13.894656
11.633664
12.646400
12.657664
12.634111
13.886464
13.891584
13.900801
13.874176
13.901824
13.893632
11.023359
12.654592
12.657663
13.276160
13.881344
13.889536
13.887488
13.881344
11.654144
12.648448
12.653568
12.644352
13.896704
13.890560
13.894656
13.899776
13.886464
11.001856
12.663808
12.643328
13.267968
13.900800
13.884417
13.883392
13.882368
11.646976
Control Period
12.675072
12.642304
12.645376
13.875200
13.892609
13.896704
13.886464
13.898752
11.021313
12.652544
12.648448
13.263872
13.888512
13.887488
13.890560
13.873152
11.636736
12.651520
12.646400
12.652544
13.899776
13.885441
13.899776
13.887487
13.891584
11.015168
12.652544
12.657663
13.287424
13.894656
13.898752
13.892608
13.906944
13.900800
11.635712
12.652544
12.658688
13.891584
13.905920
13.874176
13.889536
13.883392
13.872128
11.024384
12.653568
12.643328
13.279232
13.889536
13.885440
13.897728
13.880320
11.645952
12.651520
12.663808
12.646400
13.881344
13.908992
13.887488
13.903872
13.876225
11.012096
12.657664
12.656640
13.260799
13.881344
13.880320
13.894656
13.901824
11.650047
12.660736
12.669952
12.690432
13.886464
13.898752
13.894656
13.904896
13.892609
11.024384
12.650496
12.647424
13.252607
13.878272
13.886464
13.896704
13.890560
11.645952
12.651520
12.664831
12.650496
13.882368
13.886464
13.900801
13.889536
13.884417
Control Period
13.896704
11.013121
12.642303
12.649472
13.274113
13.907969
13.893633
13.895679
13.888512
11.644928
12.651520
12.664832
12.668928
13.890560
13.881344
13.898752
13.886464
13.905920
11.021312
12.651520
12.663808
13.288448
13.886464
13.890560
13.879295
13.911039
11.641855
12.661760
12.665855
12.644352
13.881344
13.905920
13.906944
13.890560
13.875200
11.015168
12.648448
12.644352
13.283328
13.888512
13.895679
13.877248
13.889536
11.643904
12.647425
12.677120
12.650496
13.891584
13.885441
13.897728
13.891584
13.890560
11.008000
12.653568
12.670977
13.270016
13.897728
13.901824
13.886464
13.889536
11.637760
12.665855
12.657664
12.639233
13.878272
13.887488
13.889536
13.907969
13.892609
13.896704
11.026432
12.663808
12.658688
13.277184
13.903872
13.880320
13.889536
13.903872
11.633664
12.649472
12.662784
12.663808
13.892609
13.891584
13.892609
13.890560
13.893632
11.027456
12.665855
12.651520
13.275136
13.891584
13.881344
13.881344
Control Period
13.917184
11.635712
12.650496
12.654593
12.670976
13.897728
13.894655
13.903872
13.900800
13.912064
11.010048
12.660736
12.664832
13.281281
13.877248
13.896704
13.889536
13.893633
11.637760
12.652544
12.643328
12.663808
13.882368
13.887487
13.894656
13.885441
13.885441
11.022336
12.661760
12.654592
13.271040
13.882368
13.887487
13.898752
13.894656
11.648000
12.645376
12.642303
12.649471
13.892609
13.898752
13.897728
13.889536
13.884417
11.021312
12.650496
12.654593
13.266945
13.902847
13.900800
13.886464
13.894656
13.889536
11.639808
12.652544
12.656640
12.654593
13.902847
13.886464
13.887487
13.881344
13.897728
11.013121
12.657663
12.658688
13.264896
13.883392
13.892609
13.892609
13.893632
11.654144
12.647424
12.653568
12.661760
13.884417
13.897728
13.890560
13.886464
13.904896
11.034624
12.655616
12.656640
13.263872
13.878272
13.881344
13.916160
13.896704
11.625472
12.663808
12.658688
12.650496
9.379840
13.902847
13.901824
Control Period
13.890560
13.888512
13.885441
13.885440
11.022336
12.654592
12.659712
13.274112
13.895679
13.895680
13.894656
13.897728
11.632641
12.676096
12.667904
12.662785
12.677120
13.900800
13.897728
13.901824
13.893633
13.878272
11.011072
12.656640
12.665855
13.279232
13.902847
13.898752
13.888512
13.889536
11.642880
12.651520
12.662785
12.650496
13.900800
13.880320
13.889536
13.885441
13.900801
11.012096
12.658688
12.654593
13.284351
13.888512
13.898752
13.899776
13.900801
11.652096
12.646400
12.656640
12.651520
13.895679
13.895680
13.889536
13.883392
13.895679
11.031551
12.654592
12.650496
13.277184
13.895679
13.888512
13.889536
13.894655
11.651072
12.660736
12.666880
12.663808
12.634112
13.886464
13.895679
13.890560
13.903872
13.900801
11.017216
12.655616
13.268991
13.888512
13.893632
13.899776
13.894656
13.894656
11.639809
12.653568
12.678144
12.656640
13.879296
13.895679
13.884417
13.894655
13.891584
11.006975
12.640256
12.662785
Control Period
13.277184
13.894656
13.894656
13.901824
13.887487
11.628544
12.661760
12.668928
12.676096
13.896704
13.890560
13.888512
13.899776
13.903872
11.028481
12.689407
12.641280
13.281281
13.892609
13.893632
13.889536
13.876225
11.639809
12.656640
12.658688
12.648448
13.895679
13.887487
13.900801
13.893633
13.889536
11.002880
12.658688
12.647424
13.267967
13.901824
13.895680
13.886464
13.885441
11.645952
12.646400
12.658688
12.662785
13.882368
13.907969
13.882368
13.903872
13.907969
10.999808
12.649472
12.649472
13.281280
13.900801
13.893633
13.897728
13.893632
13.889536
11.636736
12.672000
12.683264
12.657663
13.893632
13.887487
13.883392
13.889536
13.893633
11.015167
12.644352
12.658688
13.270016
13.895679
13.883392
13.896704
13.881344
11.650048
12.654593
12.644352
12.654592
13.911040
13.896704
13.895680
13.913088
13.888512
11.024384
12.650496
12.676096
13.278208
13.891584
13.894656
13.894656
13.900801
11.644928
12.663808
12.639233
Control Period
12.646400
13.887488
13.913088
13.892609
13.899776
13.892609
11.019264
12.652544
12.661760
13.271040
13.906944
13.898752
13.904896
13.894656
13.878272
11.639808
12.657663
12.646400
13.903872
13.892609
13.898752
13.881344
13.895679
13.886464
11.029504
12.652544
12.658688
13.275136
13.878272
13.905920
13.896704
13.919231
11.644928
12.664832
12.644352
12.655616
13.896704
13.887487
13.894656
13.905920
13.892609
11.016191
12.658688
12.654593
13.279232
13.908992
13.901824
13.893633
13.890560
11.616257
12.655616
12.664831
12.640257
13.891584
13.899776
13.892609
13.888512
13.908993
11.019264
12.653568
12.647424
13.272064
13.882368
13.880320
13.895680
13.899776
11.625472
12.679168
12.651520
12.646400
13.883392
13.908993
13.898752
13.890560
13.900801
13.895679
11.005952
12.655616
12.647425
13.275136
13.886464
13.889536
13.891584
11.638784
12.658688
12.646400
12.640257
12.678144
13.904896
13.890560
13.895679
13.891584
13.897728
11.014144
Control Period
12.653568
12.655617
13.272064
13.882368
13.881344
13.910015
13.886464
11.639808
12.659712
12.657663
12.657663
13.888512
13.884417
13.891584
13.891584
13.902848
11.022336
12.650496
12.666880
13.318144
13.903872
13.902848
13.890560
13.900800
11.623425
12.665855
12.646400
12.682240
13.901824
13.887487
13.883392
13.888512
13.879296
11.024384
12.664832
12.641280
13.262848
13.901824
13.883392
13.896704
13.889536
11.637760
12.646400
12.647424
12.655617
13.891584
13.886464
13.905920
13.902847
13.929472
13.889536
11.001856
12.661760
12.662784
13.245440
13.897728
13.887487
13.898752
13.891584
11.649024
12.650496
12.666880
12.665855
13.898752
13.888512
13.889536
13.919231
13.890560
11.026432
12.665855
12.652544
13.266945
13.893632
13.882368
13.892609
13.896704
11.628544
12.650496
12.651520
12.645376
13.892609
13.893632
13.902848
13.889536
13.874176
11.033600
12.643328
12.658688
13.262848
13.900800
13.892609
13.884416
13.888512
11.639809
Control Period
12.649471
12.650496
12.650496
13.891584
13.905920
13.907969
13.901824
13.887488
13.890560
11.021312
12.656639
12.655616
13.287424
13.879295
13.889536
13.897728
13.880320
11.641856
12.666880
12.679169
12.647424
13.897728
13.884417
13.887487
13.888512
13.893633
11.006976
12.666880
12.657663
13.266944
13.891584
13.879296
13.896704
13.905920
11.643904
12.654593
12.666880
12.652544
13.905920
13.882368
13.887487
13.896704
13.907968
11.011072
12.662785
12.656640
13.281281
13.895680
13.895679
13.890560
13.901824
11.652096
12.658688
12.660736
12.637184
13.877248
13.883392
13.898752
13.895679
13.884417
11.010048
12.648448
12.637184
13.264896
13.891584
13.897728
13.890560
13.905920
11.637760
12.657663
12.656639
12.661760
13.880320
13.896704
13.894656
13.883392
13.894655
11.009024
12.641280
12.650496
13.284351
13.892609
13.885441
13.891584
13.896704
11.628544
12.655616
12.646400
12.645376
13.902847
13.908992
13.893633
13.911039
13.862911
Control Period
11.003904
12.654593
12.647425
13.290496
13.886464
13.891584
13.903872
13.897728
11.634687
12.640256
12.686337
12.657663
13.896704
13.894655
13.894656
13.882368
13.873152
11.012096
12.635136
12.654593
13.256704
13.894656
13.893632
13.885440
13.890560
13.892609
11.656192
12.654592
12.647425
12.656639
13.882368
13.881344
13.879296
13.892609
13.898752
10.999807
12.648448
12.656640
13.262848
13.891584
13.905920
13.897728
13.896704
11.622400
12.664832
12.642303
12.642303
13.890560
13.893632
13.889536
13.903872
13.893632
11.006976
12.660736
12.646400
13.281281
13.888512
13.883392
13.896704
13.907968
11.633664
12.649471
12.673023
12.654592
13.895680
13.915136
13.895680
13.901824
13.892609
11.020288
12.651520
12.652544
12.652544
13.265921
13.887488
13.893633
13.893632
13.896704
11.633664
12.652544
12.659712
12.651520
13.878272
13.889536
13.902848
13.905920
13.898752
11.004929
12.647425
12.659712
13.272064
13.900800
13.874176
Control Period
13.883392
13.892609
11.638784
12.673024
12.638208
12.649471
13.889536
13.880320
13.894656
13.911039
13.893632
11.014144
12.657663
12.659712
13.272064
13.888512
13.891584
13.902848
13.880320
11.649024
12.635136
12.676096
12.651520
13.879295
13.896704
13.882368
13.883392
13.902848
11.027456
12.651520
12.668928
13.265921
13.880320
13.877249
13.898752
13.897728
11.631617
12.655616
12.653568
12.652544
13.886464
13.899776
13.896704
13.896704
13.875200
11.006976
12.636160
12.662785
13.288448
13.895679
13.873152
13.884417
13.910016
11.642880
12.652544
12.657663
12.666880
13.882368
13.898752
13.878272
13.888512
13.884416
11.013120
12.659712
12.655616
13.267968
13.889536
13.894655
13.894656
13.887487
11.636736
12.663808
12.652544
12.643328
13.902847
13.879295
13.897728
13.900801
13.891584
11.011072
12.656640
12.658688
13.264896
13.893632
13.884417
13.892609
13.902847
11.631617
12.656640
12.647424
12.659712
13.886464
13.898752
13.888512
Control Period
13.884417
13.889536
13.876225
11.024384
12.647424
12.649472
13.270016
13.884417
13.892609
13.885440
13.889536
11.631617
12.651520
12.633088
12.650496
13.898752
13.875200
13.882368
13.907969
13.893632
11.019264
12.637184
12.647425
13.295616
13.884417
13.902848
13.881344
13.899776
11.644928
12.652544
12.654593
12.667904
13.883392
13.904896
13.889536
13.896704
13.882368
11.010048
12.650496
12.650496
13.273088
13.886464
13.887487
13.880320
13.883392
11.628544
12.642304
12.647425
12.654593
13.878272
13.882368
13.881344
13.887487
13.883392
11.006976
12.660736
12.653568
13.283328
13.889536
13.882368
13.889536
13.905920
11.636736
12.641280
12.653568
12.664831
13.872128
13.889536
13.901824
13.896704
13.884416
11.005952
12.656640
12.679168
13.273088
13.898752
13.896704
13.878272
13.880320
11.642879
12.648448
12.647425
12.665855
12.650496
13.875200
13.902847
13.878272
13.897728
13.897728
11.021313
12.659712
12.650496
13.258752
13.895679
Control Period
13.893633
13.898752
13.886464
11.639809
12.669952
12.650496
12.645376
13.907969
13.893632
13.886464
13.898752
13.890560
11.021312
12.683264
12.661760
13.283328
13.884417
13.894656
13.895679
13.894656
11.635712
12.645376
12.662784
12.663808
13.906944
13.876225
13.888512
13.895680
13.904896
11.033600
12.644352
12.655616
13.297665
13.894656
13.889536
13.885440
13.884417
11.638784
12.668928
12.651520
12.662785
13.883392
13.893632
13.902848
13.893633
13.887487
11.023359
12.648448
12.657663
13.282304
13.882368
13.905920
13.896704
13.902847
11.656192
12.655617
12.646400
12.647424
13.893632
13.888512
13.917184
13.908992
13.896704
11.037697
12.626944
12.651520
13.270016
13.901824
13.895679
13.881344
13.886464
11.632641
12.663808
12.653568
12.648448
13.892609
13.899776
13.875200
13.897728
13.896704
11.022336
12.678144
12.656640
13.278208
13.898752
13.895679
13.908993
13.894655
11.636736
12.650496
12.649472
12.653568
13.911039
13.889536
Control Period
13.901824
13.905920
13.899776
11.010048
12.658688
12.632064
13.263872
13.886464
13.902847
13.885440
13.888512
13.901824
11.642879
12.659712
12.653568
12.659712
13.894656
13.882368
13.878272
13.890560
13.904896
11.026432
12.656639
12.661760
13.267968
13.895680
13.893633
13.891584
13.882368
11.638784
12.638208
12.656640
12.650496
13.896704
13.896704
13.899776
13.886464
13.895680
11.027456
12.655616
12.657663
13.266944
13.891584
13.884417
13.885441
13.894656
11.655169
12.680192
12.651520
12.652544
13.892609
13.892609
13.885441
13.900800
13.892609
11.027456
12.659712
12.658688
13.284351
13.889536
13.902847
13.886464
13.902847
11.636736
12.651520
12.644352
12.659712
13.880320
13.887488
13.886464
13.896704
13.885440
11.023360
12.658688
12.659712
13.280256
13.900800
13.889536
13.900801
13.891584
13.889536
11.636736
12.642303
12.643328
12.636160
13.910016
13.884417
13.901824
13.897728
13.912064
11.032576
12.659712
12.661760
13.279232
Control Period
13.894656
13.893632
13.888512
13.891584
11.628544
12.659712
12.635136
12.669952
13.883392
13.910016
13.880320
13.888512
13.887488
11.020288
12.660736
12.641280
13.283328
13.895679
13.895679
13.891584
13.895679
11.630592
12.630016
12.651520
12.648448
13.883392
13.886464
13.871104
13.892608
13.879295
11.049984
12.657663
12.651520
13.272064
13.892609
13.896704
13.892609
13.903872
11.633664
12.652544
12.640257
12.654593
13.888512
13.891584
9.407488
9.383936
9.383936
9.387009
9.374720
9.373696
9.385984
9.438208
20.490240
23.337946
26.181555
29.276045
32.122726
34.953026
38.053658
40.972019
43.813583
46.901928
49.737347
52.569695
55.663162
58.518036
61.349358
64.442825
67.271072
70.114685
73.200981
76.044594
78.876938
81.961182
84.804787
87.651466
90.757217
93.599800
96.444427
99.533798
102.375359
105.214867
108.296043
111.129410
113.977112
117.069550
119.920319
122.759827
125.862503
128.703033
131.547668
134.656494
137.501129
Control Period
140.339615
143.430008
137.564468
131.692780
126.090408
120.225891
114.357277
108.750809
102.898575
97.046341
87.890686
78.754486
69.607025
60.487213
51.332581
42.194336
33.045849
23.904530
14.743755
13.896704
13.899776
13.886464
13.891584
13.896704
13.894656
17.172480
17.424383
17.195007
17.174526
17.423359
17.171455
17.175552
17.429504
13.886463
13.896704
13.875200
13.906944
13.884417
13.896704
13.892609
13.890560
13.898752
13.900800
13.882368
13.885440
13.892609
13.898752
17.173504
13.899776
13.882368
13.900800
13.888512
13.886464
13.884417
13.885440
13.886464
13.892609
13.901824
13.885440
13.895679
13.893633
17.431553
17.173504
17.175552
17.417215
17.175552
17.171455
17.428480
17.174528
17.171455
13.888512
13.896704
13.885440
13.891584
13.891584
13.882368
13.888512
13.888512
13.895679
13.900801
13.889536
13.892609
13.898752
13.894655
13.889536
17.155071
17.439743
Control Period
17.176575
17.166336
17.440769
11.200512
15.203329
8.755199
15.210495
10.316800
17.428480
10.752000
13.000704
11.207680
12.997632
11.184128
15.214592
15.214592
11.012096
16.980991
10.566656
16.977921
8.132608
14.958591
12.925952
13.447168
8.133633
11.675648
8.137728
13.463552
9.402369
13.448193
10.531840
14.703616
8.138752
17.447937
10.528769
14.791680
12.930048
13.008896
11.200512
13.923328
13.452288
12.784640
13.889536
10.569728
16.997375
11.190271
14.961664
8.758272
15.216640
8.134657
17.002497
8.139776
13.472768
9.400320
13.052929
10.535936
13.299711
8.137728
16.827393
8.758272
15.240192
12.930048
Control Period
13.466623
11.195393
13.471745
10.596352
13.015039
12.923904
13.453312
12.626944
13.907969
8.771584
15.234049
12.940289
13.208576
10.308608
13.295616
8.135680
13.460480
12.939264
13.465600
8.141825
13.919231
8.134657
13.442048
12.920832
13.037567
8.138752
13.895680
8.137728
13.452288
12.935168
13.470720
8.139776
13.472768
8.139776
13.461504
12.935168
13.453312
8.142848
11.644928
8.141825
13.465600
12.938240
13.472769
8.141824
11.645952
8.141825
13.019136
11.657216
13.465600
8.141824
11.656192
8.142848
11.195393
11.648000
13.473792
8.142848
11.652096
10.572800
Control Period
11.200512
11.635712
13.458432
8.139776
13.918208
8.142848
13.443071
8.766464
15.219711
8.767488
15.228928
8.140800
13.900801
8.134657
12.941313
12.938240
15.418367
10.862592
13.479936
11.023360
13.465600
12.788736
15.232000
15.191040
13.459455
14.971904
11.019264
13.471745
8.138752
16.994305
8.145920
13.110271
9.376768
13.451263
10.534912
13.913088
8.140800
13.460480
8.763392
15.223808
8.767488
15.237120
10.328064
17.455105
10.783744
13.024256
11.211776
13.011969
11.197439
13.899776
15.227903
11.039744
13.911040
10.571776
17.003521
8.138752
11.207680
12.938240
13.463552
8.139776
17.003521
8.141824
Control Period
13.457408
9.402369
15.436800
15.194113
15.208448
13.461504
17.446911
15.678464
10.529793
13.923328
8.140800
17.449986
8.760321
12.932096
9.394176
15.232000
15.197184
13.458432
13.473792
15.197184
15.690752
10.526720
13.902848
8.140800
17.437695
8.135680
13.466623
11.304960
15.233025
17.192959
10.578944
13.463552
11.645952
15.685633
10.542080
15.232000
8.140800
16.834560
12.531713
13.478912
13.565952
15.230976
17.440767
8.137728
13.469696
9.377792
15.672319
10.537985
14.695424
13.156352
17.024000
13.429760
17.452032
13.896704
10.565632
17.437695
8.139776
13.458432
9.391104
15.241217
8.763391
14.880768
13.640704
17.441792
15.691776
12.783616
Control Period
13.926399
8.760321
13.910016
10.539008
16.823296
11.654144
13.467648
13.898752
15.184896
17.445889
11.396096
13.460480
11.654144
15.217665
17.191936
10.572800
13.455360
8.761344
13.110271
14.945280
15.673344
17.445889
13.452288
13.472769
9.378817
15.242240
12.934144
15.679488
13.652992
17.446911
13.907969
15.186944
15.410176
14.930943
13.899776
11.637760
13.911039
13.930496
11.016191
15.685632
11.395072
17.101824
11.650047
13.912064
17.184769
17.442816
17.440769
13.657087
13.564928
11.406336
17.453056
15.187967
13.470720
13.918207
13.408257
13.904896
10.539008
17.112064
12.527617
13.028353
13.663232
10.579967
17.447937
10.532864
13.119488
9.395200
13.208576
17.187840
13.012993
17.442816
Control Period
12.963840
13.476864
14.923777
13.650944
17.441792
11.644928
13.660160
15.195136
17.188864
13.887487
13.903872
17.447937
13.659136
13.903872
17.185791
13.910015
17.443840
11.631617
13.647872
15.177729
17.182720
13.905920
13.915136
17.166336
13.900800
17.186817
13.926399
13.916160
13.911039
11.664384
17.434624
13.655041
13.650944
17.443840
13.902847
13.900801
13.885440
13.894656
17.172480
17.414143
13.884417
17.172480
13.878272
11.641856
17.430527
13.899776
15.173632
17.170433
13.885440
17.156097
13.887487
17.426434
13.891584
17.179649
13.897728
17.174528
17.419264
13.904896
15.181824
13.889536
11.642879
17.433601
13.885440
13.897728
17.163265
13.884417
13.896704
13.898752
13.442048
13.892609
13.621248
13.882368
17.172480
13.898752
13.889536
Control Period
11.634687
13.635584
15.172607
13.896704
17.433601
13.884417
13.907969
17.159168
13.898752
17.432575
17.181696
13.883392
17.169407
13.876225
13.889536
17.166336
13.895679
13.894655
17.426432
13.883392
13.883392
17.166336
13.896704
13.908992
17.180672
13.888512
17.179647
17.426432
13.903872
17.172482
13.886464
13.871103
17.436672
13.901824
13.891584
17.162239
13.886464
13.881344
17.170431
13.895679
13.891584
17.423359
13.890560
17.165312
17.173504
13.911040
17.425407
13.904896
13.883392
17.175552
13.890560
13.886464
17.173504
13.901824
13.894656
17.436672
13.896704
13.888512
17.168385
13.894656
17.426432
17.171455
13.897728
17.164288
13.884417
13.897728
17.163265
13.899776
13.886464
17.424385
13.890560
13.898752
17.171455
13.894656
13.894655
17.171455
13.888512
17.165312
17.435648
Control Period
13.888512
13.891584
17.176575
17.432575
13.893632
13.886464
13.892609
17.425407
17.162239
13.874176
13.902847
13.893632
13.887487
17.187840
17.423359
13.899776
13.882368
13.877248
17.424385
17.165312
13.888512
13.885440
13.886464
17.163265
17.164288
13.877249
13.894656
13.879295
17.182720
17.423359
13.882368
13.877248
13.899776
17.430527
17.165312
17.177601
13.893633
13.910015
13.886464
17.181696
17.429504
13.886464
13.886464
13.907969
17.422337
17.173504
13.893633
13.886464
13.880320
17.190912
17.166336
13.888512
13.907968
13.895679
13.892609
17.425407
17.163265
13.896704
13.891584
13.888512
17.175552
17.175552
13.891584
13.882368
13.890560
17.171455
17.426434
17.169407
13.890560
13.899776
13.898752
17.177601
17.158144
13.884417
13.892609
13.893632
17.172482
17.431553
13.889536
13.885441
13.892609
17.430527
Control Period
17.172480
13.898752
13.897728
13.906944
13.901824
13.876225
13.895680
13.877249
13.886464
13.895679
13.886464
13.892609
13.901824
13.887488
17.179649
17.432575
17.175552
17.175552
17.422337
17.170431
17.175552
17.434624
17.160191
13.901824
13.889536
13.894656
13.874176
13.902847
13.899776
13.893632
13.892609
13.905920
13.897728
13.895679
13.897728
13.894656
13.895679
17.425407
17.172482
17.187840
17.427456
17.170433
17.162239
17.428478
17.172482
17.173504
13.891584
13.891584
13.888512
13.895679
13.879296
13.910016
13.901824
13.897728
13.890560
13.891584
13.889536
13.885441
13.894655
13.893632
13.891584
17.175552
17.416191
17.165312
17.162239
17.429504
17.190912
17.193985
17.420288
17.166336
13.897728
13.880320
13.891584
13.901824
13.908992
13.896704
13.889536
13.889536
13.899776
13.894656
13.890560
13.899776
13.891584
13.887487
17.426432
17.169407
17.168385
Control Period
17.416191
17.174528
17.179649
17.430527
17.162239
17.172480
17.425407
17.171455
17.169407
17.434624
17.164288
17.177601
17.419264
17.176575
17.172482
17.430527
17.166336
17.177601
17.416191
17.175552
17.161217
17.434624
17.165312
17.173504
17.429504
17.185791
17.169407
17.423359
17.168385
17.174528
17.433599
17.259521
17.168385
17.424383
17.166336
17.165312
17.434624
17.179647
17.178623
17.430527
17.157120
17.180672
17.421310
17.166336
17.187840
17.421312
17.174528
17.163265
17.411072
17.177601
17.159168
17.435648
17.173504
17.174528
17.423359
17.172480
17.171455
17.427456
17.169407
17.150974
17.423359
17.174528
17.169407
17.418240
17.174528
17.172480
17.428478
17.170433
17.174528
17.418240
17.175552
17.182720
17.429504
17.169407
17.187840
17.430527
17.174526
17.169407
17.418240
17.173504
17.170431
17.426432
17.169407
17.164288
17.426432
17.170433
17.163265
Control Period
17.426434
17.182720
17.174526
17.428478
17.174526
17.171455
17.429504
17.169407
17.166336
17.439743
17.170433
17.195007
17.413120
17.174528
17.177601
17.428478
17.166336
17.169407
17.425407
17.180672
17.170433
17.422337
17.174528
17.168385
17.428480
17.171455
17.168385
17.426432
17.179649
17.162239
17.422337
17.171455
17.175552
17.430529
17.176575
17.161217
17.414143
17.182720
17.166336
17.433599
17.169407
17.168385
17.420288
17.177601
17.174526
17.427456
17.176575
17.166336
17.436672
17.164288
17.171455
17.424385
17.165312
17.171455
17.436672
17.178623
17.159168
17.424383
17.174528
17.163265
17.422337
17.176577
17.170433
17.422337
17.180672
17.178623
17.429504
17.172480
17.173504
17.426432
17.179647
17.161217
17.429504
17.166336
17.169407
17.421312
17.178623
17.164288
17.422337
17.178623
17.169407
17.423359
17.171455
17.186817
17.424385
17.167360
17.164288
17.427456
Control Period
17.176575
17.170433
17.432575
17.179647
17.164288
17.427456
17.168385
17.174528
17.420288
17.181696
17.169407
17.421312
17.167358
17.182720
17.427456
17.166336
17.164288
17.432575
17.170433
17.179647
17.425407
17.175552
17.168385
17.426432
17.180672
17.162239
17.425407
17.174528
17.191936
17.423359
17.166336
17.164288
17.426432
17.174528
17.182720
17.420288
17.181696
17.171455
17.428480
17.174528
17.183743
17.418240
17.177601
17.174528
17.424385
17.176575
17.159168
17.438721
17.169407
17.167360
17.430527
17.162239
17.173504
17.421310
17.171455
17.174526
17.422337
17.186815
17.182720
17.422337
17.163265
17.178623
17.417217
17.180672
17.178623
17.430527
17.178623
17.171455
17.424385
17.166336
17.166336
17.426432
17.160192
17.165312
17.425407
17.168385
17.173504
17.428480
17.181696
17.168385
17.424383
17.165314
17.180672
17.424385
17.173504
17.172480
17.427456
17.167360
Control Period
17.177601
17.423359
17.179649
17.162239
17.422337
17.171455
17.182720
17.430527
17.178623
17.181696
17.424383
17.177601
17.158144
17.417217
17.174526
17.160191
17.427456
17.169407
17.155071
17.422337
17.164288
17.168385
17.428480
17.180672
17.169407
17.430527
17.166336
17.168385
17.416191
17.174528
17.170433
17.428478
17.173504
17.154049
17.421312
17.174528
17.169407
17.438721
17.170433
17.161217
17.418240
17.174528
17.163263
17.415169
17.176577
17.167360
17.425407
17.169407
17.177601
17.430527
17.178623
17.168385
17.426432
17.177601
17.168385
17.414143
17.174528
17.181696
17.424385
17.168385
17.179647
17.426432
17.176575
17.166336
17.411072
17.178623
17.171455
17.418240
17.158144
17.173504
17.429504
17.157120
17.170431
17.425407
17.172480
17.171455
17.433599
17.175552
17.176575
17.439743
17.176575
17.176575
17.500160
17.176577
17.158144
17.432575
17.173504
Control Period
17.174528
17.428480
17.176577
17.178623
17.425407
17.184769
17.168385
17.432575
17.174526
17.179647
17.426434
17.164288
17.176577
17.424385
17.177601
17.166336
17.419264
17.184769
17.171455
17.425407
17.169407
17.175552
17.429504
17.180672
17.167358
17.430527
17.179649
17.168385
17.434624
17.167360
17.169407
17.431553
17.168385
17.169407
17.425407
17.178623
17.163263
17.430527
17.163265
17.165312
17.435648
17.176575
17.156097
17.420288
17.171455
17.180672
17.419264
17.171455
17.174528
17.426432
17.170431
17.174526
17.422337
17.175552
17.174528
17.418240
17.167360
17.159168
17.416191
17.171455
17.181696
17.432575
17.170433
17.172482
17.431553
17.166336
17.172480
17.418240
17.167360
17.180672
17.425407
17.169407
17.175552
17.429504
17.174528
17.172480
17.422337
17.176575
17.166336
17.435648
17.168385
17.174528
17.424385
17.161217
17.180672
17.422337
17.160191
17.179649
Control Period
17.429504
17.177601
17.167358
17.429504
17.173504
17.174526
17.420288
17.172482
17.162239
17.425407
17.173504
17.178623
17.442816
17.189888
17.169407
17.424385
17.168385
17.163265
17.426432
17.175552
17.164288
17.429504
17.188864
17.174526
17.431553
17.153023
17.171455
17.414143
17.171455
17.167358
17.420288
17.171455
17.166336
17.416191
17.174528
17.175552
17.422337
17.168385
17.180672
17.422337
17.166336
17.159168
17.429504
17.173504
17.168385
17.430527
17.165312
17.171455
17.421312
17.169407
17.168385
17.431553
17.167360
17.178623
17.428480
17.177601
17.177601
17.428480
17.162239
17.165312
17.430529
17.172480
17.173504
17.421312
17.173504
17.173504
17.428480
17.162239
17.175552
17.429504
17.169407
17.174528
17.427456
17.161217
17.184769
17.425407
17.171455
17.173504
17.437695
17.183743
17.165312
17.423359
17.163263
17.177601
17.424383
17.171455
17.172480
17.427456
Control Period
17.168385
17.167360
17.428480
17.170433
17.166336
17.423359
17.174528
17.165312
17.444862
17.179649
17.163265
17.426432
17.163265
17.169407
17.436672
17.170431
17.166336
17.432575
17.168385
17.165314
17.436672
17.165312
17.171455
17.433599
17.172480
17.172480
17.422337
17.170431
17.170433
17.419266
17.179649
17.161217
17.425407
17.174528
17.171455
17.424385
17.180672
17.167360
17.440769
17.177601
17.164288
17.433601
17.178623
17.165312
17.434624
17.163263
17.178623
17.426432
17.176575
17.165312
17.423359
17.175552
17.181696
17.422337
17.164288
17.177601
17.420288
17.186817
17.156097
17.432575
17.169407
17.168385
17.441792
17.165312
17.170431
17.434624
17.170433
17.166336
17.432575
17.162239
17.189888
17.429504
17.172480
17.167358
17.420288
17.173504
17.164288
17.428478
17.162239
17.170433
17.428478
17.176575
17.171455
17.424385
17.174526
17.181696
17.427456
Control Period
17.177601
17.173504
17.418240
17.168385
17.163263
17.442818
17.183744
17.167360
17.431553
17.163265
17.177601
17.428478
17.169407
17.158144
17.423359
17.160192
17.172480
17.425407
17.175552
17.178623
17.431553
17.179647
17.174528
17.439743
17.168385
17.163263
17.420288
17.177601
17.168385
17.434624
17.169407
17.173504
17.425407
17.168385
17.164288
17.427456
17.171455
17.176577
17.433599
17.162239
17.172482
17.436672
17.171455
17.158144
17.422337
17.174528
17.247231
17.426434
17.166336
17.167358
17.431553
17.191936
17.167360
17.424385
17.185791
17.185791
17.423359
17.162239
17.170433
17.427456
17.171455
17.174526
17.434624
17.171455
17.164288
17.415169
17.169407
17.169407
17.423359
17.168385
17.166336
17.428480
17.176577
17.180672
17.425407
17.163263
17.163265
17.421310
17.171455
17.166336
17.432575
17.181696
17.165312
17.420288
17.170431
17.166336
17.420288
17.157120
Control Period
17.164288
17.422337
17.159168
17.169407
17.421312
17.171455
17.176575
17.426434
17.170431
17.178623
17.416191
17.162239
17.166336
17.429504
17.171455
17.179649
17.423359
17.171455
17.160191
17.422337
17.168385
17.173504
17.442818
17.164288
17.183744
17.432575
17.184769
17.172480
17.433601
17.154049
17.174528
17.421310
17.166336
17.174528
17.428480
17.163265
17.160191
17.428480
17.163263
17.163263
17.425407
17.170433
17.166336
17.417215
17.180672
17.174528
17.430527
17.181696
17.166336
17.424385
17.173504
17.164288
17.430527
17.173504
17.174526
17.428480
17.163263
17.171455
17.429504
17.176577
17.175552
17.429504
17.163265
17.182720
17.421312
17.154049
17.186815
17.431553
17.180672
17.179647
17.430527
17.173504
17.181696
17.419264
17.181696
17.165312
17.429504
17.181696
17.169407
17.432575
17.179647
17.180672
17.423359
17.182720
17.180672
17.428480
17.171455
Control Period
17.170433
17.427456
17.168385
17.167360
17.426432
17.174526
17.162239
17.419264
17.172480
17.167358
17.413120
17.178623
17.163265
17.429504
17.166336
17.172482
17.424385
17.170431
17.171455
17.423359
17.170433
17.169407
17.422337
17.170431
17.167358
17.439743
17.153025
17.175552
17.427456
17.186815
17.157120
17.423359
17.174528
17.167358
17.415169
17.169407
17.162239
17.427456
17.168385
17.176575
17.428478
17.183744
17.173504
17.424383
17.177601
17.168385
17.421312
17.180672
17.170433
17.431553
17.176575
17.164288
17.430529
17.182720
17.168385
17.419264
17.175552
17.177601
17.427456
17.184769
17.167360
17.436672
17.168385
17.162239
17.425407
17.174528
17.167358
17.426432
17.171455
17.171455
17.424385
17.168385
17.176575
17.431553
17.164288
17.162239
17.438721
17.179647
17.155071
17.431553
17.176575
17.174528
17.441792
17.173504
17.168385
17.431553
17.176575
17.171455
Control Period
17.422337
17.177601
17.174528
17.433599
17.161217
17.161217
17.440769
17.178623
17.166336
17.424383
17.164288
17.161217
17.430527
17.170433
17.163263
17.424383
17.160191
17.163265
17.438721
17.174528
17.161217
17.425407
17.187840
17.169407
17.422337
17.180672
17.165312
17.436672
17.174528
17.168385
17.428480
17.168385
17.180672
17.432575
17.171455
17.166336
17.444864
17.164288
17.163265
17.424385
17.181696
17.173504
17.427456
17.168385
17.156097
17.419264
17.182720
17.177601
17.425407
17.165312
17.163263
17.427456
17.174528
17.172480
17.421312
17.168385
17.171455
17.418240
17.166336
17.164288
17.426432
17.175552
17.161217
17.429504
17.162239
17.186815
17.424385
17.167358
17.172480
17.418240
17.158144
17.168385
17.425407
17.168385
17.171455
17.441792
17.174526
17.164288
17.428478
17.160191
17.160191
17.425407
17.176575
17.168385
17.429504
17.175552
17.165312
17.426434
Control Period
17.162239
17.169407
17.429504
17.160191
17.173504
17.419264
17.166336
17.182720
17.416191
17.249279
17.167358
17.422337
17.178623
17.150976
17.428480
17.172480
17.189888
17.422337
17.172480
17.168385
17.431553
17.169407
17.165312
17.420288
17.188864
17.167360
17.424385
17.160192
17.177601
17.431553
17.178623
17.182720
17.424385
17.173504
17.180672
17.433601
17.164288
17.166336
17.422337
17.184769
17.169407
17.427456
17.180672
17.173504
17.425407
17.178623
17.167358
17.422337
17.182720
17.171455
17.417215
17.180672
17.160191
17.420288
17.172482
17.176575
17.421310
17.178623
17.175552
17.425407
17.180672
17.164288
17.426432
17.165314
17.175552
17.425407
17.183743
17.175552
17.414143
17.178623
17.167358
17.426434
17.172480
17.165312
17.415169
17.167358
17.177601
17.415169
17.161217
17.174528
17.421310
17.171455
17.166336
17.425407
17.172480
17.178623
17.415169
Control Period
17.174528
17.180672
17.435648
17.174528
17.174528
17.426432
17.173504
17.167358
17.433601
17.176575
17.163265
17.427456
17.171455
17.172482
17.424385
17.180672
17.175552
17.431553
17.173504
17.179649
17.442816
17.172482
17.172480
17.433601
17.178623
17.172480
17.421310
17.168385
17.172480
17.434624
17.161217
17.171455
17.415169
17.169407
17.172480
17.436672
17.176577
17.179647
17.423359
17.171455
17.165312
17.426434
17.184769
17.166336
17.423359
17.168385
17.189888
17.427456
17.177601
17.168385
17.417215
17.175552
17.173504
17.437696
17.173504
17.166336
17.426434
17.169407
17.170431
17.427456
17.170433
17.172482
17.439743
17.173504
17.177601
17.426432
17.170433
17.157120
17.417217
17.158144
17.160192
17.426434
17.159168
17.174528
17.417217
17.173504
17.166336
17.444862
17.162239
17.166336
17.430527
17.165312
17.173504
17.430527
17.172480
17.167360
17.428480
17.178623
Control Period
17.178623
17.427456
17.185791
17.166336
17.436672
17.161217
17.175552
17.423359
17.169407
17.165312
17.428480
17.164288
17.179647
17.413120
17.165312
17.186817
17.435648
17.174528
17.160191
17.422337
17.164288
17.168385
17.429504
17.174528
17.173504
17.424385
17.176575
17.166336
17.429504
17.170431
17.173504
17.424383
17.181696
17.156097
17.435648
17.173504
17.173504
17.406975
17.168385
17.163265
17.417217
17.179647
17.169407
17.426434
17.168385
17.170433
17.415169
17.166336
17.161217
17.429504
17.168385
17.160191
17.434624
17.173504
17.176575
17.423359
17.168385
17.175552
17.425407
17.178623
17.158144
17.424385
17.167360
17.162239
17.428480
17.179649
17.173504
17.420288
17.163265
17.176575
17.425407
17.171455
17.172482
17.428478
17.162239
17.173504
17.425407
17.171455
17.176575
17.434624
17.176575
17.162239
17.419264
17.193985
17.177601
17.425407
17.177601
17.175552
Control Period
17.435648
17.185791
17.169407
17.431553
17.168385
17.179647
17.421310
17.173504
17.177601
17.434624
17.166336
17.169407
17.428480
17.173504
17.172480
17.425407
17.167358
17.157120
17.431553
17.171455
17.173504
17.417215
17.179649
17.172480
17.431553
17.171455
17.167358
17.419264
17.177601
17.175552
17.431553
17.175552
17.170433
17.421312
17.168385
17.162239
17.430529
17.173504
17.170433
17.425407
17.171455
17.167358
17.422337
17.172482
17.167358
17.423359
17.180672
17.164288
17.424385
17.168385
17.168385
17.441792
17.173504
17.166336
17.423359
17.166336
17.182720
17.428480
17.168385
17.175552
17.507328
17.177601
17.164288
17.425407
17.166336
17.171455
17.430527
17.179649
17.179649
17.428480
17.175552
17.186817
17.427456
17.177601
17.184769
17.435648
17.184769
17.178623
17.437695
17.180672
17.177601
17.430527
17.175552
17.179647
17.427456
17.168385
17.176577
Control Period
17.432575
17.175552
17.168385
17.417215
17.177601
17.176575
17.426432
17.183743
17.162239
17.430527
17.169407
17.168385
17.422337
17.177601
17.162239
17.419264
17.169407
17.178623
17.422337
17.172480
17.154049
17.431553
17.172480
17.179647
17.435648
17.170433
17.171455
17.424385
17.183744
17.158144
17.434624
17.160192
17.174528
17.425407
17.177601
17.160192
17.419264
17.177601
17.163263
17.432575
17.173504
17.184769
17.426434
17.170433
17.181696
17.422337
17.167360
17.171455
17.422337
17.179649
17.170433
17.430529
17.160192
17.174528
17.424385
17.172480
17.173504
17.425407
17.166336
17.170433
17.429504
17.170433
17.165312
17.420288
17.178623
17.169407
17.428478
17.174528
17.172480
17.420288
17.176575
17.169407
17.436672
17.172482
17.155071
17.433601
17.170433
17.172480
17.431553
17.177601
17.180672
17.427456
17.181696
17.166336
17.406975
17.177601
17.165312
17.425407
Control Period
17.165312
17.172482
17.423359
17.170433
17.156097
17.433599
17.171455
17.173504
17.426432
17.168385
17.175552
17.426434
17.182720
17.163265
17.427456
17.172480
17.173504
17.416191
17.165312
17.168385
17.423359
17.179647
17.170433
17.435648
17.160192
17.175552
17.431553
17.180672
17.173504
17.417215
17.171455
17.177601
17.424385
17.169407
17.168385
17.432575
17.167358
17.167358
17.419264
17.163263
17.169407
17.428478
17.180672
17.178623
17.441792
17.166336
17.175552
17.417217
17.177601
17.179647
17.415169
17.154049
17.174528
17.421312
17.160191
17.167360
17.419264
17.169407
17.164288
17.436672
17.174528
17.178623
17.416191
17.170433
17.163265
17.429504
17.166336
17.165314
17.418240
17.167360
17.161217
17.426432
17.181696
17.176577
17.428480
17.174528
17.181696
17.416191
17.180672
17.164288
17.425407
17.177601
17.161217
17.416191
17.170433
17.171455
17.422337
17.168385
Control Period
17.171455
17.433601
17.175552
17.163265
17.432575
17.164288
17.167360
17.424383
17.170433
17.161217
17.427456
17.171455
17.171455
17.413120
17.171455
17.159168
17.428480
17.171455
17.170433
17.424383
17.172482
17.169407
17.427456
17.175552
17.173504
17.431553
17.177601
17.182720
17.428480
17.176575
17.166336
17.431553
17.167360
17.171455
17.433601
17.171455
17.171455
17.415169
17.179649
17.167358
17.443840
17.167358
17.188864
17.420288
17.168385
17.164288
17.430529
17.175552
17.175552
17.434624
17.162239
17.163265
17.441792
17.175552
17.180672
17.428480
17.161217
17.185791
17.433601
17.162239
17.175552
17.435648
17.179647
17.172480
17.441792
17.163265
17.186817
17.434624
17.182720
17.174528
17.435648
17.166336
17.169407
17.438721
17.181696
17.172482
17.427456
17.178623
17.164288
17.425407
17.174528
17.172480
17.425407
17.168385
17.174528
17.438721
17.183744
Control Period
17.169407
17.424383
17.172480
17.168385
17.419264
17.173504
17.171455
17.433599
17.171455
17.173504
17.418240
17.166336
17.168385
17.438721
17.168385
17.177601
17.435648
17.159168
17.166336
17.424385
17.172480
17.178623
17.427456
17.173504
17.256447
17.431553
17.174526
17.164288
17.425407
17.170433
17.176575
17.427456
17.168385
17.164288
17.421312
17.166336
17.168385
17.423359
17.180672
17.169407
17.433601
17.173504
17.170433
17.432575
17.167360
17.174528
17.414143
17.168385
17.166336
17.435648
17.172480
17.171455
17.420288
17.173504
17.180672
17.437695
17.163265
17.168385
17.431553
17.170433
17.166336
17.425407
17.175552
17.178623
17.423359
17.174526
17.162239
17.429504
17.174526
17.175552
17.430527
17.173504
17.172482
17.426432
17.175552
17.184769
17.420288
17.171455
17.167360
17.424385
17.176575
17.170431
17.435648
17.162239
17.175552
17.426432
17.159168
17.168385
Control Period
17.437696
17.176575
17.163265
17.420288
17.176577
17.159168
17.417217
17.175552
17.178623
17.416191
17.170433
17.170433
17.416191
17.165312
17.172480
17.425407
17.181696
17.172482
17.433601
17.164288
17.150976
17.431553
17.168385
17.175552
17.432575
17.162239
17.173504
17.426434
17.172482
17.167360
17.429504
17.166336
17.184769
17.426432
17.175552
17.166336
17.432575
17.171455
17.166336
17.431553
17.164288
17.173504
17.415169
17.175552
17.176575
17.422337
17.171455
17.163263
17.425407
17.169407
17.170431
17.426432
17.169407
17.177601
17.425407
17.159168
17.163265
17.423359
17.169407
17.179647
17.431553
17.168385
17.165312
17.431553
17.175552
17.160191
17.421310
17.167360
17.168385
17.425407
17.182720
17.177601
17.428480
17.164288
17.179647
17.443840
17.172480
17.176577
17.424385
17.175552
17.174528
17.431553
17.172480
17.163265
17.435648
17.184769
17.177601
Control Period
17.430527
17.182720
17.167358
17.430527
17.178623
17.186817
17.410049
17.181696
17.165312
17.432575
17.171455
17.180672
17.422337
17.169407
17.170433
17.424385
17.174528
17.172482
17.417215
17.170431
17.169407
17.423359
17.166336
17.163263
17.423359
17.177601
17.154049
17.433599
17.159168
17.163263
17.428480
17.174528
17.166336
17.426432
17.172480
17.166336
17.438721
17.169407
17.164288
17.431553
17.165312
17.172480
17.421312
17.169407
17.163265
17.427456
17.165312
17.175552
17.421312
17.170433
17.174528
17.425407
17.178623
17.169407
17.421310
17.167358
17.183744
17.426432
17.168385
17.165312
17.420288
17.178623
17.181696
17.435648
17.175552
17.169407
17.431553
17.164288
17.175552
17.424385
17.175552
17.186815
17.426432
17.167360
17.172482
17.415169
17.161217
17.173504
17.424385
17.169407
17.167358
17.424383
17.174528
17.160192
17.429504
17.166336
17.173504
17.419264
Control Period
17.174528
17.172482
17.439743
17.164288
17.169407
17.428478
17.178623
17.167360
17.426434
17.172482
17.179647
17.434624
17.183743
17.157120
17.420288
17.179647
17.179649
17.434624
17.174526
17.171455
17.436672
17.178623
17.172482
17.428480
17.152000
17.183744
17.437695
17.169407
17.180672
17.427456
17.172480
17.154049
17.426434
17.168385
17.161217
17.429504
17.180672
17.164288
17.425407
17.186817
17.185791
17.433599
17.173504
17.195007
17.428480
17.177601
17.168385
17.427456
17.161217
17.178623
17.424385
17.187840
17.169407
17.441792
17.175552
17.161217
17.432575
17.173504
17.177601
17.422337
17.179649
17.168385
17.433601
17.170431
17.172482
17.434624
17.170433
17.153025
17.430529
17.170433
17.181696
17.435648
17.174526
17.172480
17.424385
17.247231
17.177601
17.426434
17.169407
17.164288
17.435648
17.179647
17.179649
17.423359
17.163265
17.170433
17.419264
17.175552
Control Period
17.169407
17.426432
17.174528
17.161217
17.415169
17.173504
17.171455
17.423359
17.169407
17.186817
17.424385
17.176575
17.166336
17.427456
17.160192
17.175552
17.423359
17.184769
17.166336
17.421312
17.167358
17.184769
17.431553
17.175552
17.177601
17.417215
17.169407
17.164288
17.434624
17.173504
17.167360
17.436672
17.168385
17.168385
17.422337
17.175552
17.181696
17.420288
17.166336
17.170433
17.430529
17.184769
17.175552
17.416191
17.177601
17.162239
17.430527
17.160191
17.180672
17.430529
17.176575
17.190912
17.431553
17.176575
17.168385
17.422337
17.179647
17.170433
17.425407
17.169407
17.173504
17.420288
17.173504
17.161217
17.420288
17.167360
17.167358
17.422337
17.170433
17.167360
17.430529
17.167358
17.168385
17.418240
17.168385
17.171455
17.427456
17.169407
17.162239
17.430529
17.174528
17.167360
17.427456
17.168385
17.173504
17.435648
17.178623
Control Period
17.170431
17.430527
17.168385
17.176575
17.426432
17.178623
17.178623
17.425407
17.171455
17.170431
17.428480
17.182720
17.180672
17.429504
17.182720
17.168385
17.424385
17.177601
17.184769
17.428480
17.191936
17.183743
17.432575
17.181696
17.178623
17.419264
17.177601
17.165312
17.430527
17.167360
17.178623
17.423359
17.175552
17.168385
17.436672
17.174526
17.162239
17.433599
17.177601
17.171455
17.412096
17.170433
17.183744
17.443840
17.171455
17.164288
17.428480
17.174528
17.162239
17.432575
17.183744
17.181696
17.428480
17.180672
17.175552
17.410048
17.165312
17.171455
17.425407
17.162239
17.183743
17.431553
17.176577
17.163265
17.429504
17.176575
17.168385
17.419264
17.173504
17.166336
17.431553
17.168385
17.171455
17.425407
17.181696
17.161217
17.435648
17.166336
17.172482
17.424385
17.164288
17.182720
17.426434
17.169407
17.180672
17.416191
17.171455
17.168385
Control Period
17.443840
17.165312
17.169407
17.423359
17.173504
17.170433
17.426432
17.171455
17.169407
17.418240
17.169407
17.169407
17.419264
17.167358
17.163265
17.430529
17.164288
17.167360
17.427456
17.172480
17.167360
17.428478
17.176577
17.178623
17.425407
17.159168
17.182720
17.427456
17.165312
17.164288
17.434624
17.174528
17.178623
17.423359
17.161217
17.171455
17.414145
17.164288
17.164288
17.428480
17.171455
17.157120
17.425407
17.175552
17.170433
17.430527
17.181696
17.160192
17.429504
17.162239
17.174528
17.420288
17.172480
17.171455
17.427456
17.169407
17.171455
17.416191
17.174528
17.177601
17.432575
17.178623
17.164288
17.417217
17.168385
17.178623
17.441792
17.177601
17.181696
17.426432
17.173504
17.175552
17.432575
17.174528
17.168385
17.435648
17.176575
17.177601
17.430527
17.171455
17.160191
17.419264
17.159168
17.156096
17.444862
17.173504
17.181696
17.422337
Control Period
17.169407
17.174528
17.425407
17.166336
17.176577
17.428480
17.188864
17.162239
17.434624
17.154049
17.164288
17.426432
17.178623
17.164288
17.439743
17.176577
17.170433
17.424385
17.173504
17.163263
17.423359
17.173504
17.171455
17.426432
17.174528
17.182720
17.434624
17.171455
17.167358
17.423359
17.174528
17.162239
17.427456
17.174526
17.176577
17.423359
17.164288
17.168385
17.508350
17.163265
17.171455
17.429504
17.173504
17.175552
17.433601
17.181696
17.170431
17.433601
17.157120
17.171455
17.432575
17.168385
17.167360
17.423359
17.176575
17.160192
17.416191
17.178623
17.161217
17.432575
17.161217
17.165312
17.431553
17.173504
17.168385
17.427456
17.165312
17.161217
17.424385
17.180672
17.172480
17.427456
17.162239
17.171455
17.419264
17.170433
17.171455
17.432575
17.180672
17.172480
17.429504
17.170433
17.165314
17.418240
17.172480
17.167360
17.423359
Control Period
17.167358
17.171455
17.433599
17.166336
17.175552
17.440767
17.170433
17.168385
17.435648
17.184769
17.171455
17.419264
17.163265
17.170431
17.409023
17.183744
17.176577
17.426432
17.170433
17.167358
17.424385
17.169407
17.171455
17.427456
17.187840
17.165312
17.419264
17.156096
17.174528
17.434624
17.172480
17.179649
17.427456
17.167358
17.177601
17.438721
17.178623
17.173504
17.425407
17.175552
17.157120
17.436672
17.159168
17.171455
17.422337
17.171455
17.186817
17.424383
17.177601
17.169407
17.434624
17.169407
17.171455
17.432575
17.174526
17.163265
17.435648
17.165312
17.168385
17.416191
17.170433
17.174528
17.424385
17.170433
17.173504
17.434624
17.173504
17.170433
17.428480
17.162239
17.167358
17.432575
17.179649
17.180672
17.422337
17.176575
17.172480
17.429504
17.185791
17.180672
17.440767
17.179647
17.175552
17.419264
17.171455
17.176575
17.423359
17.185791
Control Period
17.175552
17.426432
17.162239
17.171455
17.424383
17.170433
17.167358
17.437696
17.174528
17.172482
17.426432
17.178623
17.162239
17.438721
17.172480
17.177601
17.425407
17.174528
17.175552
17.429504
17.174526
17.163263
17.422337
17.168385
17.155071
17.440769
17.164288
17.172480
17.436672
17.179647
17.171455
17.426434
17.180672
17.166336
17.421312
17.165312
17.177601
17.429504
17.171455
17.169407
17.426432
17.170433
17.183744
17.429504
17.172482
17.185791
17.434624
17.172480
17.177601
17.427456
17.176575
17.159168
17.425407
17.170433
17.178623
17.424383
17.178623
17.161217
17.427456
17.168385
17.164288
17.434624
17.168385
17.169407
17.418240
17.165312
17.167358
17.420288
17.166336
17.172480
17.412096
17.157120
17.186817
17.423359
17.172482
17.165312
17.426432
17.162239
17.180672
17.426434
17.175552
17.170433
17.434624
17.170433
17.164288
17.428480
17.174528
17.175552
Control Period
17.427456
17.171455
17.167360
17.437695
17.170431
17.172482
17.424385
17.175552
17.163265
17.430529
17.168385
17.171455
17.418240
17.170431
17.178623
17.418240
17.164288
17.173504
17.432575
17.164288
17.170433
17.423359
17.170433
17.166336
17.435648
17.174528
17.166336
17.416191
17.175552
17.166336
17.414143
17.182720
17.170433
17.427456
17.163265
17.155071
17.420288
17.167358
17.168385
17.427456
17.172480
17.158144
17.420288
17.166336
17.171455
17.416191
17.173504
17.170433
17.426432
17.172480
17.168385
17.419264
17.178623
17.175552
17.429504
17.171455
17.174526
17.438721
17.175552
17.186817
17.419264
17.178623
17.172480
17.432575
17.177601
17.172480
17.426432
17.170433
17.179649
17.429504
17.157120
17.177601
17.426432
17.158144
17.170433
17.425407
17.165312
17.178623
17.433599
17.175552
17.167360
17.435648
17.165312
17.180672
17.434624
17.183743
17.172482
Control Period
17.423359
17.168385
17.166336
17.420288
17.164288
17.156097
17.423359
17.166336
17.175552
17.432575
17.167358
17.181696
17.428478
17.179647
17.179649
17.425407
17.174528
17.180672
17.411072
17.175552
17.162239
17.429504
17.182720
17.169407
17.432575
17.174526
17.170433
17.424385
17.177601
17.161217
17.427456
17.172480
17.183744
17.443840
17.168385
17.172480
17.442816
17.174528
17.171455
17.418240
17.169407
17.167358
17.427456
17.185791
17.178623
17.440769
17.173504
17.173504
17.426432
17.177601
17.178623
17.431553
17.169407
17.164288
17.427456
17.179649
17.166336
17.422337
17.173504
17.170433
17.437696
17.175552
17.166336
17.440767
17.177601
17.164288
17.428480
17.169407
17.175552
17.420288
17.187840
17.159168
17.428480
17.169409
17.167360
17.423359
17.166336
17.171455
17.426434
17.177601
17.153025
17.428480
17.167360
17.180672
17.429504
17.168385
17.167358
17.427456
Control Period
17.169407
17.184769
17.421310
17.180672
17.175552
17.425407
17.170433
17.174526
17.417215
17.167360
17.174528
17.421310
17.177601
17.174528
17.419264
17.167358
17.167360
17.426432
17.170433
17.180672
17.424383
17.159168
17.171455
17.417217
17.170433
17.169407
17.440769
17.173504
17.161217
17.423359
17.178623
17.168385
17.428480
17.175552
17.161217
17.427456
17.167358
17.157120
17.422337
17.167360
17.175552
17.424385
17.179649
17.176575
17.415169
17.172482
17.172480
17.424383
17.169407
17.169407
17.419264
17.174526
17.167360
17.425407
17.178623
17.173504
17.425407
17.170433
17.171455
17.432575
17.161217
17.175552
17.418240
17.161217
17.171455
17.433601
17.170433
17.173504
17.429504
17.166336
17.174526
17.430527
17.177601
17.169407
17.433601
17.157120
17.182720
17.428478
17.175552
17.171455
17.428480
17.164288
17.174528
17.433601
17.171455
17.172480
17.425407
Control Period
17.174528
17.164288
17.432575
17.168385
17.180672
17.422337
17.174528
17.174528
17.426432
17.173504
17.167358
17.426432
17.181696
17.178623
17.429504
17.173504
17.168385
17.433601
17.174528
17.157120
17.424385
17.166336
17.174528
17.425407
17.158144
17.165312
17.422337
17.178623
17.163263
17.431553
17.169407
17.162239
17.426432
17.169407
17.163265
17.419264
17.178623
17.165312
17.430529
17.180672
17.181696
17.440769
17.176575
17.163263
17.434624
17.178623
17.168385
17.414143
17.170433
17.169407
17.426432
17.173504
17.174528
17.406977
17.170433
17.168385
17.422337
17.183743
17.170433
17.429504
17.186817
17.171455
17.429504
17.179649
17.179647
17.435648
17.167360
17.171455
17.429504
17.163265
17.161217
17.415169
17.178623
17.164288
17.426432
17.169407
17.167360
17.427456
17.174528
17.184769
17.430527
17.163265
17.161217
17.422337
17.157120
17.163265
17.427456
17.181696
Control Period
17.163265
17.417217
17.168385
17.165312
17.431553
17.175552
17.166336
17.427456
17.156097
17.169407
17.425407
17.180672
17.161217
17.447937
17.168385
17.173504
17.418240
17.171455
17.167360
17.428480
17.165312
17.173504
17.427456
17.171455
17.180672
17.425407
17.170433
17.169407
17.437696
17.177601
17.166336
17.430527
17.177601
17.170431
17.429504
17.157120
17.170433
17.429504
17.170433
17.168385
17.431553
17.168385
17.170433
17.425407
17.167358
17.178623
17.418240
17.166336
17.174526
17.429504
17.171455
17.178623
17.427456
17.254398
17.174528
17.433599
17.187840
17.165312
17.437696
17.166336
17.173504
17.429504
17.176575
17.173504
17.434624
17.171455
17.169407
17.429504
17.177601
17.156097
17.427456
17.164288
17.182720
17.427456
17.175552
17.175552
17.421310
17.175552
17.165312
17.427456
17.176575
17.179647
17.429504
17.166336
17.178623
17.427456
17.169407
17.163265
Control Period
17.439743
17.165312
17.174528
17.431553
17.182720
17.170433
17.424385
17.179647
17.187840
17.425407
17.175552
17.181696
17.432575
17.167358
17.158144
17.425407
17.172482
17.165312
17.427456
17.157120
17.167360
17.428480
17.177601
17.159168
17.430527
17.169407
17.179647
17.426432
17.175552
17.170431
17.423359
17.172480
17.182720
17.428480
17.167360
17.166336
17.419264
17.173504
17.180672
17.424385
17.181696
17.168385
17.440769
17.165312
17.167358
17.427456
17.156097
17.180672
17.432575
17.176575
17.166336
17.435648
17.163265
17.174528
17.414145
17.188864
17.170431
17.429504
17.173504
17.172480
17.431553
17.171455
17.181696
17.429504
17.178623
17.174526
17.424385
17.180672
17.170433
17.415169
17.167360
17.166336
17.437695
17.169407
17.180672
17.425407
17.174526
17.170431
17.428480
17.177601
17.171455
17.437695
17.174528
17.167358
17.420288
17.181696
17.167358
Control Period
17.424383
17.166368
17.177601
17.432575
17.181696
17.166336
17.427456
17.176575
17.171455
17.431553
17.176575
17.166336
17.429504
17.176575
17.171455
17.435648
17.169407
17.175552
17.434624
17.171455
17.180672
17.428480
17.172480
17.183744
17.432575
17.176575
17.166336
17.428480
17.183743
17.170433
17.432575
17.183743
17.174526
17.408001
17.169407
17.175552
17.428480
17.170433
17.177601
17.435648
17.162239
17.166336
17.426432
17.184769
17.167360
17.427456
17.165312
17.178623
17.413120
17.174528
17.175552
17.435648
17.181696
17.174528
17.420288
17.185791
17.170433
17.432575
17.170433
17.169407
17.418240
17.184769
17.167358
17.430527
17.172480
17.163265
17.432575
17.182720
17.178623
17.422337
17.171455
17.170433
17.423359
17.179649
17.162239
17.432575
17.150976
17.168385
17.431553
17.167358
17.168385
17.424385
17.169407
17.182720
17.414145
17.176577
17.166336
17.445889
Control Period
17.175552
17.176577
17.433599
17.164288
17.180672
17.425407
17.169407
17.171455
17.433601
17.167358
17.171455
17.423359
17.172480
17.175552
17.427456
17.174528
17.164288
17.436672
17.168385
17.178623
17.433601
17.179647
17.159168
17.434624
17.164288
17.167358
17.427456
17.178623
17.167358
17.426432
17.157120
17.182720
17.434624
17.184769
17.163265
17.441792
17.186817
17.179647
17.425407
17.176577
17.178623
17.421310
17.178623
17.175552
17.431553
17.181696
17.171455
17.426434
17.169407
17.162239
17.425407
17.170431
17.177601
17.428480
17.171455
17.162239
17.429504
17.174528
17.172480
17.421312
17.178623
17.168385
17.421312
17.164288
17.174528
17.411072
17.170433
17.162239
17.437696
17.163263
17.174528
17.431553
17.176575
17.162239
17.428478
17.162239
17.168385
17.429504
17.191936
17.180672
17.424385
17.179649
17.184769
17.437695
17.168385
17.174528
17.416191
17.174528
Control Period
17.184769
17.423359
17.172480
17.181696
17.433601
17.176575
17.174528
17.436672
17.179647
17.164288
17.429504
17.173504
17.185791
17.435648
17.165312
17.167360
17.433599
17.158144
17.170433
17.420288
17.169407
17.177601
17.430529
17.166336
17.173504
17.432575
17.177601
17.158144
17.420288
17.180672
17.167358
17.434624
17.172480
17.175552
17.433599
17.180672
17.172482
17.440769
17.182720
17.175552
17.440769
17.171455
17.177601
17.424385
17.188864
17.167360
17.434624
17.168385
17.163263
17.429504
17.173504
17.162239
17.433601
17.174528
17.171455
17.424385
17.166336
17.177601
17.422337
17.176575
17.181696
17.427456
17.166336
17.170433
17.427456
17.168385
17.163263
17.418240
17.166336
17.154049
17.430527
17.184769
17.177601
17.433599
17.184769
17.178623
17.432575
17.176577
17.183744
17.437696
17.164288
17.168385
17.418240
17.179649
17.172480
17.441792
17.172482
Control Period
17.170433
17.430527
17.170433
17.167358
17.424385
17.176575
17.168385
17.430527
17.177601
17.174526
17.420288
17.169407
17.182720
17.438721
17.171455
17.158144
17.425407
17.162239
17.173504
17.418240
17.168385
17.166336
17.423359
17.156097
17.179649
17.427456
17.178623
17.172482
17.422337
17.169407
17.177601
17.425407
17.170433
17.177601
17.420288
17.172480
17.167358
17.423359
17.182720
17.171455
17.426432
17.164288
17.166336
17.427456
17.183743
17.170431
17.431553
17.178623
17.170431
17.430529
17.168385
17.165312
17.436672
17.178623
17.168385
17.424385
17.173504
17.172480
17.426432
17.168385
17.166336
17.420288
17.179647
17.160191
17.428480
17.175552
17.173504
17.423359
17.174528
17.171455
17.427456
17.177601
17.160192
17.428478
17.165312
17.172480
17.414145
17.174528
17.178623
17.429504
17.175552
17.158144
17.429504
17.170433
17.170433
17.434624
17.167360
17.172482
Control Period
17.430527
17.176575
17.164288
17.415169
17.176575
17.168385
17.432575
17.171455
17.174528
17.422337
17.174526
17.176575
17.437696
17.161217
17.173504
17.417217
17.177601
17.173504
17.424385
17.167358
17.164288
17.428480
17.179647
17.180672
17.417215
17.174528
17.168385
17.419264
17.165312
17.166336
17.419264
17.178623
17.167360
17.422337
17.179649
17.177601
17.433601
17.169407
17.176575
17.425407
17.165312
17.173504
17.425407
17.180672
17.177601
17.444862
17.173504
17.169407
17.428478
17.169407
17.171455
17.426432
17.164288
17.175552
17.440769
17.168385
17.173504
17.430527
17.177601
17.174528
17.427456
17.170433
17.170433
17.416191
17.168385
17.172480
17.424385
17.180672
17.181696
17.425407
17.167358
17.167358
17.422337
17.168385
17.164288
17.421312
17.160192
17.165312
17.418240
17.180672
17.157120
17.425407
17.159168
17.177601
17.424385
17.167358
17.164288
17.434624
Control Period
17.170431
17.177601
17.427456
17.180672
17.180672
17.433599
17.181696
17.162239
17.434624
17.175552
17.182720
17.424385
17.166336
17.170433
17.431553
17.168385
17.170433
17.423359
17.174526
17.180672
17.425407
17.170431
17.166336
17.419264
17.174526
17.161217
17.424383
17.183743
17.173504
17.428478
17.173504
17.150976
17.421312
17.179649
17.155071
17.423359
17.170433
17.179649
17.434624
17.177601
17.162239
17.427456
17.164288
17.167360
17.434624
17.181696
17.175552
17.426432
17.166336
17.170433
17.434624
17.170433
17.163265
17.424383
17.171455
17.178623
17.425407
17.167358
17.163265
17.428478
17.163265
17.165312
17.426432
17.167358
17.162239
17.433599
17.176577
17.166336
17.435648
17.174528
17.180672
17.418240
17.176575
17.169407
17.413120
17.168385
17.173504
17.422337
17.176575
17.153023
17.430527
17.173504
17.166336
17.422337
17.177601
17.165312
17.441792
Control Period
17.180672
17.170433
17.420288
17.168385
17.190912
17.435648
17.185791
17.168385
17.422337
17.185791
17.159168
17.437696
17.174528
17.176575
17.432575
17.167360
17.178623
17.433599
17.160192
17.179647
17.429504
17.173504
17.160191
17.425407
17.173504
17.178623
17.442816
17.162239
17.182720
17.428480
17.165312
17.180672
17.414143
17.180672
17.171455
17.425407
17.165312
17.156096
17.426432
17.179649
17.175552
17.420288
17.169407
17.186817
17.421312
17.170433
17.171455
17.429504
17.159168
17.184769
17.421312
17.175552
17.179649
17.428480
17.179647
17.152000
17.425407
17.162239
17.186815
17.440767
17.168385
17.160191
17.422337
17.173504
17.174528
17.422337
17.172480
17.172480
17.423359
17.170433
17.165312
17.427456
17.177601
17.164288
17.433599
17.173504
17.157120
17.419264
17.177601
17.162239
17.422337
17.165312
17.172482
17.432575
17.179647
17.163265
17.420288
17.174528
Control Period
17.175552
17.425407
17.179649
17.147903
17.426432
17.171455
17.172482
17.427456
17.179649
17.160192
17.420288
17.167360
17.176575
17.424385
17.176575
17.159168
17.426432
17.175552
17.168385
17.433599
17.179649
17.175552
17.430527
17.167360
17.169407
17.423359
17.174528
17.169409
17.424383
17.186815
17.159168
17.421312
17.169407
17.166336
17.431553
17.171455
17.166336
17.425407
17.169407
17.170433
17.435648
17.176577
17.181696
17.429504
17.171455
17.177601
17.423359
17.170433
17.172480
17.430527
17.172480
17.164288
17.420288
17.173504
17.195007
17.433601
17.164288
17.177601
17.433599
17.176575
17.168385
17.425407
17.175552
17.176575
17.431553
17.172480
17.176575
17.425407
17.174528
17.159168
17.427456
17.163265
17.165314
17.431553
17.192959
17.170433
17.427456
17.167360
17.167358
17.424385
17.161217
17.178623
17.434624
17.180672
17.176577
17.424383
17.174528
Control Period
17.169407
17.423359
17.176577
17.170433
17.430529
17.175552
17.162239
17.435648
17.166336
17.171455
17.422337
17.173504
17.157120
17.428480
17.177601
17.163265
17.424385
17.169407
17.169407
17.430527
17.170433
17.160192
17.432575
17.175552
17.171455
17.429504
17.174528
17.167358
17.429504
17.171455
17.163265
17.426432
17.168385
17.177601
17.431553
17.159168
17.163265
17.427456
17.164288
17.169407
17.423359
17.181696
17.166336
17.425407
17.170433
17.184769
17.430527
17.163265
17.173504
17.421312
17.174528
17.163263
17.424383
17.162239
17.182720
17.432575
17.179647
17.183744
17.411072
17.170433
17.165314
17.425407
17.162239
17.172480
17.433599
17.172480
17.165312
17.413120
17.170433
17.162239
17.421312
17.165312
17.163263
17.435648
17.163265
17.175552
17.417215
17.173504
17.166336
17.429504
17.179649
17.169407
17.426432
17.181696
17.164288
17.417217
17.171455
17.161217
Control Period
17.435648
17.181696
17.175552
17.431553
17.170433
17.168385
17.436672
17.166336
17.171455
17.432575
17.184769
17.168385
17.446913
17.176575
17.175552
17.418240
17.180672
17.167360
17.428480
17.170433
17.173504
17.420288
17.170433
17.164288
17.419264
17.167358
17.172480
17.420288
17.177601
17.165312
17.432575
17.159168
17.174528
17.432575
17.176575
17.172480
17.425407
17.168385
17.162239
17.439743
17.177601
17.180672
17.419266
17.170433
17.176575
17.427456
17.160191
17.179647
17.424385
17.170431
17.174528
17.424383
17.180672
17.184769
17.433601
17.183743
17.166336
17.425407
17.172480
17.182720
17.423359
17.173504
17.178623
17.426434
17.181696
17.184769
17.424385
17.182720
17.176575
17.420288
17.173504
17.172482
17.422337
17.168385
17.172480
17.433599
17.168385
17.166336
17.422337
17.171455
17.170433
17.427456
17.177601
17.159168
17.431553
17.160192
17.165312
17.430529
Control Period
17.173504
17.182720
17.430527
17.170433
17.171455
17.435648
17.165312
17.175552
17.414143
17.172482
17.166336
17.421310
17.181696
17.149952
17.433599
17.162239
17.180672
17.431553
17.166336
17.171455
17.410049
17.167358
17.169407
17.426432
17.173504
17.175552
17.423359
17.170433
17.164288
17.429504
17.156096
17.161217
17.432575
17.160192
17.159168
17.425407
17.178623
17.185791
17.427456
17.183743
17.169407
17.421312
17.168385
17.176575
17.421312
17.161217
17.167360
17.422337
17.170433
17.162239
17.418240
17.172482
17.172480
17.427456
17.159168
17.160192
17.427456
17.171455
17.162239
17.425407
17.180672
17.166336
17.426432
17.189888
17.161217
17.441792
17.168385
17.182720
17.428480
17.168385
17.175552
17.430529
17.157120
17.171455
17.422337
17.177601
17.167360
17.419264
17.174528
17.164288
17.417215
17.171455
17.164288
17.435648
17.172480
17.169407
17.436672
Control Period
17.171455
17.162239
17.426432
17.175552
17.163263
17.426434
17.172480
17.173504
17.430527
17.175552
17.180672
17.418240
17.171455
17.164288
17.426432
17.176575
17.173504
17.409023
17.178623
17.168385
17.418240
17.161217
17.171455
17.416191
17.177601
17.166336
17.423359
17.173504
17.180672
17.439743
17.169407
17.174528
17.424385
17.182720
17.165312
17.420288
17.179649
17.165312
17.430529
17.170433
17.167358
17.426432
17.177601
17.168385
17.429504
17.167358
17.163265
17.430527
17.159168
17.167358
17.418240
17.167360
17.170431
17.428480
17.171455
17.165312
17.427456
17.160191
17.182720
17.426432
17.164288
17.170433
17.427456
17.169407
17.162239
17.441792
17.177601
17.163263
17.429504
17.178623
17.165312
17.428480
17.172480
17.163263
17.440769
17.172480
17.171455
17.425407
17.174528
17.168385
17.426432
17.175552
17.169407
17.438721
17.168385
17.177601
17.420288
17.185791
Control Period
17.175552
17.423359
17.175552
17.161217
17.436672
17.171455
17.169407
17.419264
17.166336
17.178623
17.431553
17.174526
17.171455
17.426432
17.176575
17.183744
17.418240
17.168385
17.184769
17.436672
17.179647
17.175552
17.424385
17.176577
17.172480
17.429504
17.174528
17.169407
17.433599
17.176575
17.186815
17.419264
17.176575
17.162239
17.412096
17.165312
17.172480
17.434624
17.176575
17.156097
17.424383
17.154049
17.182720
17.422337
17.167360
17.154049
17.426432
17.179649
17.169407
17.435648
17.192959
17.173504
17.420288
17.172480
17.167360
17.411072
17.174526
17.170433
17.421310
17.171455
17.165312
17.428480
17.167358
17.168385
17.426432
17.164288
17.186817
17.423359
17.171455
17.177601
17.441792
17.173504
17.173504
17.419264
17.173504
17.171455
17.429504
17.160192
17.169407
17.436672
17.166336
17.175552
17.427456
17.181696
17.154049
17.433601
17.165312
17.173504
Control Period
17.426432
17.167358
17.164288
17.429504
17.168385
17.164288
17.425407
17.169407
17.172480
17.426432
17.176575
17.165312
17.421310
17.173504
17.174528
17.427456
17.174526
17.179649
17.420288
17.164288
17.170433
17.421312
17.174528
17.167360
17.426432
17.167360
17.187840
17.419264
17.180672
17.150974
17.425407
17.162239
17.173504
17.417217
17.171455
17.174528
17.430527
17.172480
17.199104
17.435648
17.172480
17.163265
17.425407
17.178623
17.174528
17.422337
17.170433
17.170433
17.422337
17.176575
17.165312
17.434624
17.157120
17.179649
17.427456
17.161217
17.185791
17.432575
17.186817
17.168385
17.419264
17.174526
17.166336
17.434624
17.178623
17.176575
17.430529
17.166336
17.173504
17.427456
17.168385
17.169407
17.451008
17.172482
17.182720
17.435648
17.176575
17.161217
17.431553
17.178623
17.177601
17.428480
17.169407
17.168385
17.424385
17.182720
17.176575
Control Period
17.427456
17.156096
17.174528
17.422337
17.169407
17.180672
17.416191
17.182720
17.176575
17.421310
17.172480
17.166336
17.416191
17.176575
17.174528
17.424385
17.165314
17.172480
17.420288
17.161217
17.169407
17.430529
17.166336
17.175552
17.429504
17.168385
17.162239
17.428480
17.169407
17.175552
17.423359
17.174526
17.169407
17.417217
17.158144
17.164288
17.424383
17.170433
17.170433
17.419264
17.164288
17.181696
17.418240
17.175552
17.166336
17.424385
17.172480
17.171455
17.426432
17.184769
17.165312
17.421310
17.173504
17.169407
17.424385
17.169407
17.181696
17.421310
17.162239
17.171455
17.431553
17.166336
17.171455
17.429504
17.162239
17.167360
17.418240
17.180672
17.173504
17.432575
17.166336
17.170433
17.423359
17.172480
17.169407
17.421312
17.168385
17.170433
17.436672
17.176575
17.173504
17.425407
17.172480
17.170433
17.427456
17.184769
17.162239
17.420288
Control Period
17.162239
17.170433
17.412096
17.172480
17.176575
17.424383
17.168385
17.166336
17.427456
17.175552
17.168385
17.425407
17.179649
17.162239
17.434624
17.160191
17.170433
17.423359
17.173504
17.174528
17.437695
17.158144
17.168385
17.417217
17.186817
17.167360
17.418240
17.169407
17.172480
17.421310
17.169407
17.160191
17.422337
17.178623
17.166336
17.432575
17.173504
17.168385
17.419264
17.189888
17.174528
17.429504
17.177601
17.171455
17.434624
17.174526
17.180672
17.422337
17.175552
17.160191
17.422337
17.169407
17.183743
17.424385
17.172480
17.174526
17.433601
17.170433
17.178623
17.428478
17.171455
17.177601
17.437696
17.169407
17.175552
17.428480
17.178623
17.177601
17.430527
17.168385
17.187840
17.427456
17.155071
17.171455
17.424385
17.179649
17.165312
17.429504
17.172480
17.169407
17.430527
17.163263
17.157120
17.429504
17.168385
17.158144
17.429504
17.161217
Control Period
17.182720
17.423359
17.166336
17.154049
17.427456
17.165312
17.178623
17.424385
17.177601
17.163265
17.418240
17.172482
17.169407
17.423359
17.175552
17.167360
17.427456
17.179647
17.175552
17.421312
17.164288
17.162239
17.430527
17.172480
17.164288
17.434624
17.183743
17.170431
17.418240
17.172480
17.185791
17.422337
17.165312
17.183743
17.418240
17.184769
17.162239
17.422337
17.163265
17.169407
17.435648
17.177601
17.176575
17.423359
17.166336
17.165312
17.429504
17.177601
17.177601
17.428480
17.168385
17.174528
17.419264
17.175552
17.158144
17.424385
17.198080
17.163265
17.430527
17.166336
17.167358
17.436672
17.172482
17.168385
17.416191
17.168385
17.175552
17.432575
17.164288
17.170433
17.423359
17.172480
17.165312
17.418240
17.171455
17.170433
17.424385
17.174528
17.185791
17.432575
17.175552
17.168385
17.432575
17.159168
17.164288
17.427456
17.177601
Control Period
17.192961
17.439743
17.167358
17.159168
17.422337
17.168385
17.163265
17.426434
17.176575
17.177601
17.422337
17.175552
17.175552
17.419264
17.171455
17.168385
17.427456
17.165312
17.169407
17.424385
17.169407
17.181696
17.423359
17.172482
17.176575
17.418240
17.182720
17.173504
17.424385
17.172480
17.179647
17.428480
17.165314
17.174528
17.428480
17.183743
17.169407
17.431553
17.164288
17.168385
17.418240
17.174528
17.159168
17.436672
17.173504
17.166336
17.428478
17.177601
17.162239
17.414145
17.162239
17.174528
17.429504
17.171455
17.165312
17.428478
17.172480
17.171455
17.420288
17.164288
17.164288
17.423359
17.176575
17.167360
17.442816
17.154049
17.181696
17.434624
17.161217
17.171455
17.429504
17.177601
17.157120
17.417217
17.165312
17.170433
17.426432
17.168385
17.163265
17.432575
17.177601
17.159168
17.438721
17.167358
17.163265
17.426432
17.171455
17.170433
Control Period
17.428478
17.181696
17.182720
17.442816
17.175552
17.177601
17.411072
17.167360
17.168385
17.433601
17.181696
17.175552
17.420288
17.178623
17.169407
17.429504
17.158144
17.179649
17.421312
17.190910
17.166336
17.430527
17.167358
17.170431
17.424385
17.160191
17.165312
17.431553
17.161217
17.158144
17.424385
17.183744
17.160192
17.430527
17.161217
17.162239
17.427456
17.167360
17.173504
17.425407
17.170433
17.173504
17.433599
17.183744
17.169407
17.421310
17.165312
17.163265
17.423359
17.170431
17.174528
17.422337
17.175552
17.164288
17.424383
17.186815
17.175552
17.429504
17.175552
17.181696
17.431553
17.179647
17.173504
17.426432
17.156096
17.158144
17.420288
17.163263
17.174528
17.425407
17.182720
17.171455
17.429504
17.178623
17.173504
17.432575
17.170433
17.156097
17.421310
17.169407
17.184769
17.427456
17.172480
17.167358
17.424385
17.187840
17.171455
Control Period
17.419264
17.178623
17.178623
17.428480
17.177601
17.161217
17.431553
17.174528
17.165312
17.417217
17.178623
17.162239
17.428480
17.178623
17.166336
17.420288
17.161217
17.172480
17.420288
17.180672
17.163263
17.426434
17.161217
17.164288
17.430527
17.167360
17.174528
17.422337
17.166336
17.176577
17.442816
17.170431
17.167360
17.421310
17.174528
17.165312
17.426432
17.163265
17.185791
17.425407
17.179647
17.177601
17.424385
17.169407
17.173504
17.430529
17.167360
17.181696
17.429504
17.169407
17.175552
17.430527
17.171455
17.168385
17.434624
17.160191
17.177601
17.419264
17.170433
17.173504
17.437696
17.170433
17.179649
17.419264
17.174526
17.157120
17.435648
17.161217
17.171455
17.429504
17.171455
17.172482
17.427456
17.166336
17.170431
17.421310
17.180672
17.178623
17.428480
17.177601
17.168385
17.423359
17.164288
17.175552
17.428478
17.179647
17.169407
17.422337
Control Period
17.165312
17.164288
17.422337
17.177601
17.160191
17.419264
17.167358
17.169407
17.426432
17.167360
17.180672
17.416191
17.183743
17.167358
17.423359
17.173504
17.164288
17.431553
17.173504
17.186817
17.423359
17.167360
17.162239
17.421312
17.173504
17.171455
17.420288
17.166336
17.186817
17.425407
17.168385
17.173504
17.427456
17.173504
17.177601
17.422337
17.183744
17.165312
17.424385
17.166336
17.176575
17.440767
17.174526
17.162239
17.413120
17.172482
17.170433
17.421312
17.177601
17.177601
17.421312
17.170433
17.186817
17.429504
17.177601
17.186815
17.435648
17.162239
17.178623
17.427456
17.174526
17.164288
17.423359
17.173504
17.169407
17.426432
17.171455
17.182720
17.426432
17.177601
17.174526
17.434624
17.174528
17.184769
17.423359
17.174528
17.160191
17.429504
17.169407
17.171455
17.417217
17.176575
17.174528
17.420288
17.178623
17.168385
17.429504
17.176575
Control Period
17.166336
17.426432
17.166336
17.178623
17.425407
17.168385
17.176577
17.423359
17.165312
17.168385
17.427456
17.175552
17.173504
17.419264
17.170431
17.172480
17.419264
17.159168
17.168385
17.419264
17.171455
17.170433
17.418240
17.179647
17.164288
17.427456
17.171455
17.170431
17.427456
17.170433
17.167358
17.429504
17.170431
17.188866
17.424385
17.173504
17.178623
17.423359
17.173504
17.181696
17.420288
17.183743
17.178623
17.430529
17.169407
17.178623
17.422337
17.171455
17.170433
17.437696
17.166336
17.167358
17.425407
17.173504
17.172482
17.409023
17.175552
17.173504
17.425407
17.154049
17.169407
17.428480
17.169407
17.176577
17.419264
17.177601
17.171455
17.426432
17.173504
17.164288
17.430527
17.177601
17.162239
17.438721
17.175552
17.152000
17.425407
17.176577
17.170433
17.423359
17.174528
17.174526
17.427456
17.170433
17.174528
17.425407
17.177601
Control Period
17.172480
17.436672
17.177601
17.169407
17.425407
17.164288
17.169407
17.421310
17.155071
17.165312
17.428480
17.176575
17.181696
17.414143
17.171455
17.167358
17.421312
17.169407
17.173504
17.421312
17.172480
17.172480
17.430529
17.171455
17.170433
17.424383
17.167358
17.161217
17.422337
17.184769
17.179647
17.425407
17.174526
17.161217
17.430527
17.171455
17.171455
17.431553
17.171455
17.160192
17.429504
17.167358
17.156097
17.424385
17.180672
17.167360
17.430527
17.163263
17.161217
17.424385
17.169407
17.177601
17.414143
17.172480
17.166336
17.436672
17.168385
17.179649
17.425407
17.175552
17.162239
17.416191
17.177601
17.160191
17.421312
17.172480
17.174528
17.420288
17.172480
17.174526
17.423359
17.161217
17.171455
17.429504
17.169407
17.164288
17.432575
17.171455
17.166336
17.428480
17.179647
17.178623
17.429504
17.172482
17.165312
17.425407
17.180672
17.183743
Control Period
17.428480
17.157120
17.180672
17.425407
17.177601
17.170433
17.425407
17.175552
17.163265
17.429504
17.164288
17.166336
17.432575
17.176577
17.178623
17.421310
17.174528
17.174528
17.426432
17.171455
17.166336
17.419264
17.165312
17.174528
17.432575
17.178623
17.173504
17.421312
17.165312
17.175552
17.429504
17.189888
17.174526
17.424385
17.175552
17.173504
17.419266
17.169407
17.176577
17.420288
17.165312
17.177601
17.417217
17.167360
17.178623
17.431553
17.171455
17.172480
17.427456
17.165312
17.152000
17.434624
17.168385
17.169407
17.416191
17.154049
17.168385
17.424385
17.168385
17.164288
17.428480
17.180672
17.169407
17.423359
17.173504
17.166336
17.427456
17.166336
17.180672
17.437695
17.163263
17.168385
17.431553
17.169407
17.167358
17.429504
17.162239
17.170431
17.423359
17.177601
17.173504
17.426432
17.174528
17.176577
17.428480
17.170433
17.160191
17.412096
Control Period
17.166336
17.181696
17.438721
17.169407
17.162239
17.430527
17.172482
17.171455
17.422337
17.169407
17.180672
17.416191
17.171455
17.165312
17.422337
17.168385
17.163263
17.429504
17.174526
17.176575
17.422337
17.178623
17.165312
17.422337
17.158144
17.173504
17.422337
17.184769
17.173504
17.438721
17.172480
17.179647
17.431553
17.172480
17.184769
17.419264
17.172480
17.167360
17.429504
17.176575
17.168385
17.429504
17.165312
17.180672
17.426434
17.176575
17.155071
17.443840
17.165312
17.164288
17.433601
17.172480
17.182720
17.426432
17.160191
17.187840
17.426432
17.169407
17.177601
17.437695
17.176577
17.167360
17.421310
17.174528
17.166336
17.422337
17.162239
17.172480
17.422337
17.174528
17.171455
17.438721
17.179647
17.174528
17.429504
17.172480
17.166336
17.426432
17.178623
17.172480
17.424383
17.169407
17.163265
17.419264
17.172480
17.172480
17.428480
Control Period
17.162239
17.174528
17.427456
17.166336
17.170431
17.423359
17.171455
17.168385
17.434624
17.173504
17.177601
17.419264
17.160191
17.174528
17.422337
17.172482
17.166336
17.424385
17.164288
17.173504
17.429504
17.173504
17.170433
17.427456
17.176575
17.171455
17.429504
17.167358
17.167360
17.429504
17.167360
17.171455
17.440769
17.179647
17.172480
17.431553
17.164288
17.168385
17.434624
17.177601
17.168385
17.438721
17.168385
17.172480
17.436672
17.166336
17.169407
17.422337
17.169407
17.174526
17.427456
17.162239
17.161217
17.433599
17.174528
17.175552
17.428480
17.179647
17.178623
17.431553
17.165312
17.180672
17.417215
17.171455
17.161217
17.430527
17.162239
17.167360
17.424385
17.178623
17.170433
17.432575
17.159168
17.174526
17.418240
17.172480
17.166336
17.432575
17.168385
17.169407
17.429504
17.169407
17.170433
17.415169
17.167360
17.180672
17.423359
17.169407
Control Period
17.165312
17.424383
17.168385
17.167358
17.433601
17.169407
17.170433
17.436672
17.164288
17.167358
17.423359
17.176577
17.165312
17.435648
17.174526
17.161217
17.430527
17.183744
17.169407
17.421310
17.166336
17.172480
17.419264
17.174526
17.170431
17.412096
17.169407
17.170431
17.430527
17.169407
17.162239
17.424383
17.184769
17.164288
17.427456
17.168385
17.173504
17.409023
17.171455
17.193985
17.427456
17.169407
17.155071
17.427456
17.189888
17.177601
17.431553
17.177601
17.169407
17.415169
17.177601
17.171455
17.426432
17.185791
17.165312
17.424385
17.170433
17.175552
17.421312
17.175552
17.160191
17.427456
17.177601
17.170433
17.425407
17.170433
17.176575
17.429504
17.177601
17.162239
17.425407
17.166336
17.168385
17.432575
17.159168
17.185791
17.428478
17.173504
17.186817
17.419264
17.168385
17.179649
17.422337
17.159168
17.172482
17.422337
17.177601
17.163263
Control Period
17.421310
17.167360
17.168385
17.431553
17.163265
17.169407
17.423359
17.171455
17.179647
17.426432
17.170431
17.176575
17.429504
17.161217
17.177601
17.430527
17.184769
17.178623
17.424385
17.154049
17.167358
17.425407
17.176577
17.164288
17.428480
17.168385
17.170433
17.427456
17.172482
17.167358
17.421310
17.185791
17.190910
17.434624
17.166336
17.167360
17.437695
17.172480
17.171455
17.428480
17.167358
17.168385
17.420288
17.180672
17.163263
17.446911
17.170431
17.172480
17.438721
17.166336
17.163265
17.420288
17.175552
17.164288
17.427456
17.160192
17.172480
17.423359
17.170433
17.172480
17.437695
17.173504
17.179647
17.425407
17.168385
17.174528
17.417217
17.174528
17.174526
17.428480
17.165312
17.172480
17.426432
17.171455
17.176575
17.423359
17.182720
17.156097
17.428478
17.177601
17.178623
17.425407
17.161217
17.171455
17.422337
17.163265
17.171455
Control Period
17.432575
17.181696
17.167358
17.429504
17.164288
17.172482
17.426432
17.172480
17.169407
17.434624
17.178623
17.164288
17.416191
17.167360
17.163265
17.429504
17.175552
17.168385
17.426432
17.171455
17.155071
17.422337
17.177601
17.176577
17.432575
17.166336
17.173504
17.419264
17.167358
17.168385
17.423359
17.169407
17.177601
17.425407
17.182720
17.162239
17.428480
17.184769
17.160191
17.424385
17.168385
17.168385
17.422337
17.181696
17.173504
17.429504
17.176575
17.172480
17.425407
17.167360
17.164288
17.418240
17.163265
17.169407
17.416191
17.177601
17.168385
17.429504
17.181696
17.174526
17.436672
17.172480
17.170433
17.432575
17.172480
17.165312
17.433599
17.170433
17.168385
17.435648
17.170433
17.163265
17.428480
17.165312
17.176575
17.434624
17.179647
17.170433
17.422337
17.175552
17.177601
17.425407
17.169407
17.160192
17.432575
17.168385
17.171455
17.428480
Control Period
17.168385
17.187840
17.437696
17.178623
17.182720
17.426432
17.175552
17.160191
17.431553
17.181696
17.162239
17.426432
17.173504
17.180672
17.424385
17.168385
17.187840
17.434624
17.174528
17.167358
17.420288
17.162239
17.173504
17.418240
17.172480
17.167360
17.436672
17.178623
17.163265
17.424383
17.163263
17.164288
17.421310
17.179647
17.162239
17.420288
17.181696
17.171455
17.418240
17.176575
17.174528
17.422337
17.193985
17.163265
17.425407
17.180672
17.170433
17.423359
17.171455
17.168385
17.433599
17.169407
17.172480
17.432575
17.163265
17.170433
17.422337
17.166336
17.171455
17.414143
17.161217
17.182720
17.429504
17.166336
17.166336
17.424385
17.157120
17.170433
17.429504
17.161217
17.172480
17.420288
17.176575
17.163265
17.426434
17.160191
17.168385
17.431553
17.187840
17.159168
17.428478
17.172480
17.166336
17.422337
17.180672
17.155071
17.433601
17.168385
Control Period
17.168385
17.436672
17.174528
17.168385
17.436672
17.179649
17.165312
17.424385
17.162239
17.171455
17.428480
17.172480
17.169407
17.428480
17.167360
17.166336
17.429504
17.174528
17.179649
17.423359
17.180672
17.160192
17.424385
17.168385
17.171455
17.426432
17.174528
17.160191
17.427456
17.181696
17.164288
17.427456
17.166336
17.174528
17.429504
17.164288
17.173504
17.415169
17.175552
17.157120
17.435648
17.172480
17.167360
17.429504
17.168385
17.165312
17.435648
17.170433
17.170433
17.416191
17.164288
17.167358
17.441792
17.171455
17.175552
17.425407
17.166336
17.165312
17.433599
17.172480
17.171455
17.433601
17.187840
17.170433
17.431553
17.177601
17.171455
17.441792
17.179649
17.170433
17.436672
17.169407
17.167358
17.425407
17.160192
17.171455
17.419264
17.177601
17.166336
17.438721
17.175552
17.179647
17.423359
17.176575
17.164288
17.429504
17.157120
Control Period
17.168385
17.411072
17.168385
17.173504
17.415169
17.178623
17.170433
17.433599
17.168385
17.186817
17.426434
17.165312
17.171455
17.430527
17.157120
17.166336
17.433601
17.176575
17.175552
17.417217
17.181696
17.186817
17.424385
17.167358
17.169407
17.437696
17.161217
17.173504
17.426432
17.173504
17.173504
17.436672
17.174526
17.162239
17.413120
17.186817
17.175552
17.415169
17.167360
17.186817
17.439743
17.180672
17.175552
17.435648
17.165312
17.172480
17.424385
17.164288
17.176577
17.426432
17.167358
17.166336
17.417215
17.180672
17.174528
17.433599
17.174528
17.173504
17.425407
17.165312
17.171455
17.428480
17.173504
17.177601
17.422337
17.165312
17.168385
17.429504
17.170433
17.172480
17.437695
17.172480
17.171455
17.420288
17.168385
17.173504
17.427456
17.173504
17.173504
17.417215
17.164288
17.166336
17.426432
17.186817
17.164288
17.429504
17.175552
17.165312
Control Period
17.417217
17.167360
17.169409
17.426434
17.159168
17.173504
17.432575
17.189888
17.171455
17.433601
17.173504
17.172480
17.417217
17.167360
17.174528
17.427456
17.174526
17.168385
17.431553
17.161217
17.168385
17.421310
17.171455
17.159168
17.420288
17.172480
17.176577
17.426432
17.171455
17.172480
17.426434
17.171455
17.161217
17.422337
17.172480
17.167360
17.427456
17.174528
17.169407
17.432575
17.167360
17.165312
17.425407
17.185791
17.170433
17.444864
17.180672
17.172480
17.430527
17.181696
17.177601
17.424385
17.166336
17.172480
17.418240
17.184769
17.155071
17.431553
17.166336
17.159168
17.429504
17.175552
17.154049
17.425407
17.166336
17.177601
17.430527
17.179649
17.180672
17.434624
17.166336
17.163265
17.428478
17.165312
17.159168
17.429504
17.164288
17.181696
17.437695
17.176575
17.179647
17.423359
17.169407
17.171455
17.422337
17.168385
17.180672
Control Period
17.429504
17.168385
17.172480
17.428478
17.175552
17.159168
17.431553
17.168385
17.169407
17.425407
17.175552
17.164288
17.424385
17.170433
17.169407
17.421312
17.181696
17.165312
17.431553
17.165312
17.184769
17.431553
17.169407
17.165312
17.425407
17.164288
17.164288
17.434624
17.167358
17.173504
17.430527
17.176575
17.158144
17.438721
17.168385
17.174528
17.420288
17.166336
17.177601
17.426432
17.177601
17.164288
17.421310
17.167360
17.171455
17.422337
17.176575
17.163263
17.436672
17.162239
17.172482
17.427456
17.167358
17.173504
17.421310
17.184769
17.165312
17.431553
17.167360
17.170433
17.428480
17.179649
17.168385
17.427456
17.174528
17.163265
17.433601
17.166336
17.172480
17.434624
17.169407
17.180672
17.421310
17.200127
17.166336
17.438721
17.183744
17.167358
17.420288
17.169407
17.179647
17.416191
17.175552
17.173504
17.432575
17.168385
17.180672
17.431553
Control Period
17.160192
17.175552
17.432575
17.166336
17.175552
17.429504
17.162239
17.174526
17.428480
17.174526
17.170433
17.427456
17.172482
17.171455
17.429504
17.166336
17.173504
17.424385
17.177601
17.173504
17.429504
17.169407
17.181696
17.419264
17.156097
17.157120
17.438721
17.159168
17.186817
17.420288
17.164288
17.170431
17.424385
17.171455
17.177601
17.431553
17.164288
17.166336
17.429504
17.178623
17.169407
17.426434
17.167358
17.179649
17.435648
17.173504
17.170433
17.434624
17.172482
17.176575
17.426432
17.169407
17.165312
17.423359
17.175552
17.159168
17.426432
17.172480
17.178623
17.423359
17.166336
17.161217
17.420288
17.180672
17.156096
17.439743
17.158144
17.193985
17.420288
17.169407
17.166336
17.433599
17.168385
17.183743
17.425407
17.172480
17.178623
17.421312
17.173504
17.166336
17.431553
17.162239
17.172480
17.429504
17.179647
17.179649
17.409023
17.180672
Control Period
17.164288
17.430527
17.180672
17.160192
17.429504
17.171455
17.174526
17.419264
17.168385
17.182720
17.434624
17.177601
17.162239
17.428478
17.177601
17.162239
17.422337
17.174528
17.172480
17.429504
17.175552
17.178623
17.421310
17.174528
17.175552
17.432575
17.168385
17.172482
17.428480
17.165312
17.179649
17.430527
17.168385
17.162239
17.429504
17.176575
17.178623
17.442816
17.166336
17.175552
17.426434
17.184769
17.175552
17.428480
17.178623
17.162239
17.424385
17.166336
17.169407
17.416191
17.170433
17.169407
17.428478
17.175552
17.179647
17.424385
17.172480
17.172482
17.422337
17.180672
17.148930
17.442816
17.167358
17.170433
17.419264
17.166336
17.172480
17.422337
17.169407
17.166336
17.440769
17.180672
17.180672
17.422337
17.164288
17.168385
17.429504
17.167358
17.163263
17.426432
17.182720
17.168385
17.414143
17.183743
17.168385
17.442818
17.164288
Control Period
17.162239
17.422337
17.171455
17.175552
17.432575
17.174528
17.180672
17.421310
17.156097
17.189888
17.429504
17.172480
17.180672
17.435648
17.165312
17.181696
17.428478
17.169409
17.164288
17.422337
17.173504
17.171455
17.428480
17.181696
17.177601
17.416191
17.174528
17.168385
17.416191
17.170431
17.171455
17.418240
17.169407
17.186817
17.428480
17.175552
17.178623
17.419264
17.168385
17.161217
17.418240
17.179647
17.174528
17.419264
17.176575
17.176575
17.423359
17.173504
17.180672
17.418240
17.177601
17.162239
17.428480
17.173504
17.181696
17.434624
17.167360
17.171455
17.429504
17.163265
17.164288
17.426432
17.170433
17.169407
17.419264
17.165314
17.168385
17.429504
17.166336
17.165312
17.420288
17.176575
17.167360
17.426432
17.167360
17.169407
17.428480
17.174528
17.177601
17.420288
17.178623
17.174526
17.413120
17.174528
17.177601
17.430529
17.164288
17.162239
Control Period
17.426432
17.180672
17.174528
17.430527
17.168385
17.177601
17.422337
17.162239
17.156097
17.424383
17.170431
17.174528
17.431553
17.163265
17.163265
17.424383
17.167360
17.166336
17.421312
17.178623
17.164288
17.416191
17.177601
17.171455
17.434624
17.169407
17.164288
17.428480
17.168385
17.168385
17.424383
17.173504
17.174528
17.434624
17.180672
17.173504
17.428478
17.160191
17.161217
17.421312
17.166336
17.172482
17.427456
17.173504
17.167358
17.433601
17.175552
17.161217
17.424385
17.170431
17.170433
17.424385
17.178623
17.167360
17.425407
17.169407
17.167358
17.424385
17.168385
17.165312
17.433599
17.154049
17.167360
17.429504
17.174528
17.179649
17.434624
17.160192
17.170433
17.422337
17.171455
17.184769
17.418240
17.165312
17.188866
17.437696
17.188866
17.181696
17.418240
17.170433
17.169407
17.425407
17.157120
17.176575
17.429504
17.167358
17.172480
17.424385
Control Period
17.167360
17.170433
17.425407
17.161217
17.168385
17.426432
17.174526
17.169407
17.433599
17.176575
17.165312
17.439743
17.160191
17.173504
17.427456
17.166336
17.167358
17.428480
17.175552
17.164288
17.423359
17.160191
17.170433
17.417217
17.186815
17.166336
17.418240
17.167358
17.171455
17.433601
17.177601
17.166336
17.442816
17.156097
17.176575
17.425407
17.175552
17.174528
17.419264
17.177601
17.169407
17.428478
17.167358
17.174526
17.429504
17.169407
17.165312
17.421312
17.175552
17.171455
17.420288
17.174528
17.173504
17.418240
17.172480
17.183744
17.422337
17.168385
17.172480
17.427456
17.168385
17.167358
17.416191
17.175552
17.169407
17.439743
17.180672
17.184769
17.423359
17.164288
17.165312
17.427456
17.162239
17.161217
17.417215
17.171455
17.176575
17.416191
17.153023
17.164288
17.418240
17.170433
17.169407
17.433599
17.200127
17.168385
17.415169
Control Period
17.171455
17.179649
17.429504
17.164288
17.171455
17.416191
17.168385
17.173504
17.434624
17.171455
17.155071
17.437696
17.174526
17.172480
17.421312
17.157120
17.174526
17.424385
17.170433
17.167360
17.428480
17.171455
17.158144
17.419264
17.174528
17.176575
17.429504
17.177601
17.175552
17.419264
17.165312
17.173504
17.421310
17.170431
17.174528
17.426432
17.172480
17.178623
17.440769
17.170431
17.174528
17.420288
17.173504
17.161217
17.422337
17.168385
17.171455
17.419266
17.166336
17.164288
17.419264
17.182720
17.178623
17.417217
17.177601
17.167358
17.425407
17.172480
17.167358
17.433599
17.169407
17.169407
17.425407
17.174528
17.178623
17.418240
17.165312
17.161217
17.424383
17.172480
17.174528
17.435648
17.175552
17.180672
17.421310
17.171455
17.170433
17.430527
17.176577
17.158144
17.431553
17.166336
17.180672
17.433601
17.177601
17.171455
17.418240
17.180672
Control Period
17.159168
17.427456
17.168385
17.169407
17.423359
17.170433
17.157120
17.424385
17.168385
17.173504
17.412096
17.187840
17.155071
17.429504
17.172480
17.178623
17.427456
17.152000
17.179647
17.416191
17.159168
17.175552
17.420288
17.184769
17.175552
17.427456
17.174526
17.170431
17.428478
17.178623
17.170433
17.424385
17.172480
17.179649
17.415169
17.171455
17.175552
17.434624
17.171455
17.171455
17.424385
17.162239
17.163265
17.428480
17.182720
17.175552
17.419264
17.162239
17.181696
17.424383
17.166336
17.165312
17.430527
17.163263
17.172480
17.422337
17.173504
17.176575
17.424385
17.169407
17.162239
17.429504
17.182720
17.175552
17.422337
17.172480
17.182720
17.423359
17.165312
17.173504
17.420288
17.174528
17.163265
17.425407
17.160192
17.160191
17.424385
17.172482
17.161217
17.430527
17.166336
17.159168
17.426432
17.183744
17.175552
17.423359
17.163265
17.182720
Control Period
17.425407
17.173504
17.173504
17.419264
17.182720
17.177601
17.432575
17.167360
17.177601
17.430529
17.185791
17.177601
17.422337
17.174528
17.162239
17.424385
17.168385
17.166336
17.427456
17.168385
17.165312
17.424385
17.177601
17.171455
17.421312
17.184769
17.165312
17.422337
17.168385
17.170433
17.433599
17.181696
17.177601
17.430527
17.184769
17.179647
17.428480
17.184769
17.166336
17.430529
17.183744
17.180672
17.422337
17.174526
17.172482
17.430527
17.168385
17.175552
17.431553
17.172482
17.166336
17.442818
17.177601
17.157120
17.427456
17.168385
17.174526
17.415169
17.173504
17.167358
17.434624
17.167360
17.158144
17.423359
17.180672
17.168385
17.433601
17.178623
17.156097
17.431553
17.171455
17.170433
17.430527
17.165312
17.164288
17.428480
17.175552
17.171455
17.420288
17.167360
17.179649
17.426432
17.173504
17.171455
17.430527
17.159168
17.174528
Control Period
17.427456
17.173504
17.178623
17.419264
17.171455
17.183743
17.434624
17.177601
17.174528
17.441792
17.169407
17.173504
17.427456
17.175552
17.168385
17.426432
17.166336
17.170433
17.426434
17.175552
17.176577
17.425407
17.179649
17.169407
17.428480
17.167360
17.173504
17.430527
17.176575
17.165312
17.433599
17.172480
17.162239
17.432575
17.174528
17.161217
17.423361
17.179649
17.179647
17.426434
17.164288
17.170431
17.436672
17.178623
17.180672
17.428480
17.172480
17.163265
17.430527
17.158144
17.168385
17.423359
17.169407
17.177601
17.428480
17.177601
17.170431
17.427456
17.183743
17.170433
17.452032
17.166336
17.181696
17.420288
17.181696
17.197056
17.429504
17.174528
17.172480
17.416191
17.181696
17.170433
17.419264
17.170433
17.169407
17.432575
17.172480
17.169407
17.432575
17.162239
17.172480
17.420288
17.161217
17.182720
17.430527
17.162239
17.183744
17.422337
Control Period
17.182720
17.157120
17.438721
17.178623
17.167360
17.420288
17.159168
17.177601
17.425407
17.175552
17.162239
17.424385
17.181696
17.153025
17.431553
17.181696
17.177601
17.411072
17.176575
17.170433
17.420288
17.171455
17.164288
17.424383
17.181696
17.179647
17.423359
17.173504
17.178623
17.428480
17.182720
17.175552
17.429504
17.165312
17.174526
17.427456
17.189888
17.171455
17.430529
17.175552
17.182720
17.429504
17.171455
17.172482
17.442816
17.175552
17.180672
17.411072
17.186815
17.161217
17.435648
17.164288
17.167358
17.445889
17.168385
17.177601
17.424385
17.171455
17.164288
17.428480
17.168385
17.175552
17.417217
17.175552
17.172482
17.436672
17.173504
17.177601
17.420288
17.176575
17.168385
17.425407
17.188866
17.170433
17.419264
17.177601
17.171455
17.431553
17.172482
17.165312
17.435648
17.167360
17.166336
17.433599
17.171455
17.180672
17.423359
Control Period
17.170433
17.174526
17.420288
17.170433
17.165312
17.427456
17.168385
17.170433
17.433599
17.170433
17.172480
17.419264
17.182720
17.170433
17.433599
17.190912
17.164288
17.432575
17.167360
17.177601
17.434624
17.173504
17.173504
17.437696
17.179647
17.170433
17.439743
17.167358
17.173504
17.427456
17.170433
17.168385
17.423359
17.168385
17.182720
17.421312
17.172480
17.174528
17.436672
17.176577
17.165312
17.431553
17.162239
17.171455
17.426432
17.166336
17.172482
17.427456
17.165312
17.165312
17.419264
17.156097
17.182720
17.432575
17.164288
17.169407
17.436672
17.187840
17.163265
17.426432
17.156097
17.170433
17.425407
17.173504
17.172480
17.417217
17.164288
17.169407
17.424385
17.181696
17.166336
17.428480
17.175552
17.168385
17.424385
17.175552
17.173504
17.433599
17.175552
17.173504
17.424385
17.180672
17.177601
17.431553
17.171455
17.164288
17.442816
17.173504
Control Period
17.171455
17.429504
17.171455
17.183743
17.427456
17.178623
17.177601
17.425407
17.172480
17.167358
17.423359
17.183744
17.173504
17.417215
17.177601
17.182720
17.432575
17.166336
17.176575
17.432575
17.176575
17.172480
17.436672
17.158144
17.162239
17.421312
17.172480
17.170433
17.430529
17.187840
17.179647
17.412096
17.182720
17.176575
17.439743
17.162239
17.174528
17.423359
17.167358
17.165312
17.428478
17.156096
17.171455
17.419264
17.172480
17.165312
17.435648
17.179649
17.175552
17.432575
17.162239
17.170433
17.434624
17.175552
17.181696
17.423359
17.172482
17.162239
17.423359
17.169407
17.167358
17.420288
17.173504
17.167360
17.431553
17.161217
17.160191
17.423359
17.171455
17.177601
17.423359
17.168385
17.174528
17.433601
17.179647
17.165314
17.428480
17.177601
17.178623
17.424385
17.170431
17.174528
17.417217
17.171455
17.170433
17.435648
17.175552
17.172480
Control Period
17.429504
17.156097
17.161217
17.415169
17.161217
17.175552
17.433599
17.171455
17.173504
17.428480
17.178623
17.170431
17.438721
17.172480
17.186815
17.426432
17.172480
17.172480
17.434624
17.172480
17.182720
17.435648
17.171455
17.176575
17.431553
17.174526
17.173504
17.416191
17.170431
17.166336
17.430527
17.162239
17.163265
17.426432
17.165312
17.157120
17.428480
17.163265
17.171455
17.422337
17.174528
17.166336
17.422337
17.172482
17.183743
17.443840
17.163265
17.169407
17.436672
17.161217
17.167358
17.425407
17.164288
17.164288
17.431553
17.162239
17.171455
17.441792
17.172480
17.178623
17.433599
17.174526
17.169407
17.432575
17.172482
17.172480
17.432575
17.175552
17.177601
17.436672
17.167360
17.174528
17.420288
17.180672
17.169407
17.428480
17.174526
17.171455
17.442816
17.167360
17.165314
17.429504
17.172480
17.174528
17.433601
17.196032
17.156097
Control Period
17.440769
17.173504
17.162239
17.427456
17.172480
17.171455
17.437696
17.172480
17.177601
17.439743
17.178623
17.153023
17.436672
17.175552
17.186817
17.429504
17.176577
17.172480
17.428480
17.170433
17.176577
17.424385
17.179649
17.166336
17.431553
17.173504
17.168385
17.421312
17.169407
17.172480
17.434624
17.169407
17.170433
17.427456
17.189888
17.163263
17.427456
17.164288
17.182720
17.417215
17.180672
17.169407
17.430527
17.164288
17.171455
17.428480
17.163263
17.170433
17.426432
17.170433
17.169407
17.425407
17.167358
17.168385
17.428480
17.173504
17.183744
17.430527
17.163265
17.177601
17.428480
17.182720
17.167358
17.432575
17.176575
17.167360
17.429504
17.171455
17.181696
17.427456
17.174528
17.166336
17.430527
17.177601
17.169407
17.422337
17.168385
17.173504
17.429504
17.163265
17.177601
17.427456
17.171455
17.171455
17.423359
17.173504
17.164288
17.440769
Control Period
17.166336
17.174528
17.429504
17.178623
17.159168
17.429504
17.173504
17.176575
17.421312
17.165312
17.165312
17.427456
17.169407
17.175552
17.423359
17.176575
17.178623
17.439743
17.168385
17.163265
17.418240
17.170431
17.176575
17.424385
17.184769
17.178623
17.424385
17.164288
17.170433
17.431553
17.165312
17.165312
17.420288
17.168385
17.167360
17.421310
17.168385
17.156097
17.423359
17.180672
17.177601
17.426432
17.164288
17.186817
17.421312
17.184769
17.169407
17.427456
17.169407
17.173504
17.433599
17.163265
17.167360
17.436672
17.170433
17.171455
17.429504
17.172480
17.175552
17.445889
17.165312
17.159168
17.423359
17.176577
17.175552
17.424385
17.179647
17.171455
17.429504
17.170433
17.162239
17.428480
17.175552
17.163265
17.424385
17.170433
17.177601
17.429504
17.162239
17.168385
17.429504
17.171455
17.173504
17.421310
17.166336
17.172480
17.418240
17.184769
Control Period
17.167360
17.434624
17.167358
17.173504
17.434624
17.184769
17.171455
17.431553
17.187840
17.171455
17.427456
17.176575
17.169407
17.419264
17.185791
17.163263
17.425407
17.166336
17.174526
17.426434
17.159168
17.163265
17.431553
17.165312
17.165312
17.425407
17.166336
17.188864
17.420288
17.167358
17.157120
17.430527
17.162239
17.176575
17.426432
17.171455
17.167358
17.417217
17.166336
17.166336
17.429504
17.175552
17.178623
17.429504
17.163265
17.165312
17.444864
17.168385
17.169407
17.413120
17.173504
17.170433
17.437696
17.160191
17.174526
17.425407
17.176575
17.193985
17.422337
17.165312
17.169407
17.430527
17.175552
17.188864
17.427456
17.168385
17.175552
17.427456
17.179647
17.160192
17.438721
17.181696
17.186817
17.421310
17.183744
17.177601
17.431553
17.177601
17.167360
17.436672
17.174528
17.163263
17.433601
17.157120
17.175552
17.425407
17.159168
Control Period
17.169407
17.424383
17.164288
17.183744
17.424383
17.171455
17.180672
17.425407
17.159168
17.173504
17.421312
17.168385
17.157120
17.419264
17.165312
17.171455
17.435648
17.169407
17.180672
17.422337
17.175552
17.164288
17.441792
17.162239
17.189888
17.428480
17.175552
17.172480
17.432575
17.173504
17.184769
17.430527
17.183744
17.161217
17.434624
17.166336
17.177601
17.420288
17.167360
17.178623
17.426432
17.172482
17.176575
17.426432
17.184769
17.165312
17.436672
17.166336
17.172482
17.415169
17.169407
17.171455
17.420288
17.157120
17.167360
17.435648
17.175552
17.161217
17.424383
17.157120
17.158144
17.422337
17.166336
17.167360
17.422337
17.179649
17.173504
17.430527
17.171455
17.167360
17.420288
17.160191
17.172480
17.425407
17.166336
17.165312
17.428478
17.179649
17.160191
17.422337
17.169407
17.169407
17.406975
17.174526
17.172480
17.425407
17.177601
17.178623
Control Period
17.424385
17.181696
17.175552
17.423359
17.168385
17.164288
17.426434
17.171455
17.175552
17.436672
17.174528
17.176575
17.429504
17.168385
17.175552
17.430527
17.178623
17.162239
17.418240
17.162239
17.183744
17.416191
17.181696
17.173504
17.423359
17.180672
17.168385
17.438721
17.169407
17.168385
17.429504
17.185791
17.179647
17.435648
17.179649
17.165312
17.420288
17.184769
17.165312
17.425407
17.168385
17.165312
17.440769
17.174526
17.172480
17.433601
17.175552
17.173504
17.430529
17.177601
17.166336
17.424385
17.175552
17.171455
17.434624
17.171455
17.181696
17.439743
17.172480
17.168385
17.428480
17.168385
17.167360
17.421310
17.178623
17.175552
17.421312
17.165312
17.164288
17.415169
17.176577
17.174526
17.429504
17.174526
17.173504
17.433599
17.170433
17.173504
17.422337
17.181696
17.168385
17.423359
17.167360
17.176577
17.417217
17.189888
17.173504
17.424385
Control Period
17.160192
17.188866
17.431553
17.172480
17.185791
17.430527
17.171455
17.171455
17.434624
17.172480
17.172480
17.422337
17.176575
17.173504
17.429504
17.185791
17.163265
17.434624
17.179649
17.171455
17.428480
17.176575
17.191936
17.425407
17.173504
17.183743
17.433599
17.174528
17.170433
17.433601
17.170433
17.173504
17.425407
17.173504
17.176575
17.424385
17.193985
17.164288
17.430527
17.180672
17.176575
17.422337
17.186817
17.185791
17.417217
17.177601
17.175552
17.435648
17.162239
17.173504
17.431553
17.180672
17.170433
17.420288
17.173504
17.181696
17.420288
17.181696
17.176575
17.426434
17.170433
17.174528
17.420288
17.173504
17.164288
17.428478
17.167360
17.176575
17.431553
17.159168
17.166336
17.432575
17.163263
17.180672
17.430527
17.179649
17.169407
17.421312
17.179647
17.170431
17.436672
17.169407
17.186817
17.430529
17.175552
17.164288
17.420288
Control Period
17.158144
17.177601
17.415169
17.173504
17.179649
17.421310
17.185791
17.168385
17.436672
17.166336
17.171455
17.427456
17.171455
17.168385
17.419264
17.176575
17.169407
17.419264
17.177601
17.176575
17.427456
17.167360
17.170431
17.428480
17.173504
17.177601
17.430527
17.167358
17.173504
17.432575
17.172482
17.170433
17.423359
17.165312
17.177601
17.437695
17.169407
17.181696
17.431553
17.169407
17.184769
17.439743
17.176575
17.169407
17.421312
17.179649
17.178623
17.431553
17.171455
17.173504
17.426432
17.166336
17.168385
17.423359
17.170433
17.169407
17.442818
17.170433
17.177601
17.429504
17.177601
17.184769
17.437695
17.175552
17.165312
17.425407
17.182720
17.171455
17.431553
17.165312
17.166336
17.429504
17.183744
17.176577
17.433599
17.169407
17.163265
17.427456
17.179649
17.180672
17.432575
17.169407
17.185791
17.434624
17.177601
17.175552
17.431553
17.173504
17.179649
17.444862
17.175552
17.176575
17.431553
17.175552
17.179649
17.433599
17.176575
17.183744
17.426432
17.179649
17.178623
17.429504
17.171455
17.178623
17.429504
17.181696
17.172480
17.432575
17.179647
17.166336
17.430527
17.173504
17.162239
17.423359
17.174528
17.170433
17.430527
17.180672
17.173504
17.424385
17.181696
17.160192
17.428478
17.168385
17.177601
17.429504
17.177601
17.163265
17.431553
17.175552
17.180672
17.434624
17.170431
17.180672
17.427456
17.177601
17.182720
17.436672
17.184769
17.170433
17.437696
17.181696
17.169407
17.420288
17.179647
17.172480
17.432575
17.175552
17.172482
17.429504
17.177601
17.169407
17.422337
17.172480
17.167360
17.441792
17.171455
17.178623
17.438721
17.175552
17.173504
17.429504
17.183743
17.174526
17.434624
17.172482
17.171455
17.427456
17.178623
17.178623
17.429504
17.178623
17.176575
17.431553
17.182720
17.175552
17.421312
17.175552
17.174526
17.437695
17.177601
17.180672
17.435648
17.164288
17.186817
17.430527
17.173504
17.170433
17.424385
17.176577
17.163263
17.424385
17.166336
17.169407
17.436672
17.162239
17.178623
17.432575
17.162239
17.166336
17.428478
17.168385
17.175552
17.424385
17.184769
17.164288
17.432575
17.163265
17.175552
17.426434
17.168385
17.180672
17.442818
17.173504
