128.237976
104.923958
61.211617
36.324772
56.691422
36.296295
36.309250
36.298691
36.320930
36.315170
35.977261
36.317410
56.550301
36.303490
36.326370
56.766296
36.315971
36.336609
56.661179
36.347969
36.313572
36.364609
36.337093
36.311970
36.312450
56.756218
36.333733
36.342049
36.316772
36.308933
30.194378
56.400551
56.694778
36.235336
36.251492
36.235973
36.241413
36.242851
36.169895
36.255333
56.497665
36.244453
36.247494
56.665180
36.239815
36.243015
56.650139
36.237091
36.287331
36.178856
36.292294
36.225098
36.237095
36.223015
56.498306
36.233734
36.293091
56.650459
36.254372
36.299171
36.407486
56.629982
36.279495
36.234695
56.640381
36.273735
36.280613
56.495903
36.246536
36.258854
56.646618
36.240936
36.248295
56.675900
36.244293
36.253098
36.249092
36.235336
36.274853
36.239338
36.294537
36.252457
36.264297
36.231495
56.617981
36.254856
36.242374
56.628700
36.239655
36.242054
36.229897
36.240776
36.272297
36.238377
36.262535
36.245255
36.241577
36.263016
56.672539
36.243813
36.287334
56.582787
36.263016
36.223495
36.073902
36.192299
36.246693
36.068462
36.241096
56.473667
36.238377
36.254055
56.470467
36.264774
36.155178
56.302631
36.301414
36.326054
36.142220
36.362053
36.318375
36.131020
36.296616
36.292297
36.155018
36.288136
52.152348
36.287975
56.487427
36.103500
36.239655
56.508224
36.235657
36.568287
36.066223
56.543907
36.096622
36.103661
56.538307
36.129898
36.118698
36.111660
36.125580
36.089741
36.130219
36.068623
36.064144
36.083023
36.102062
56.361992
36.152779
36.120777
36.295975
36.063339
56.300236
36.070225
36.069901
56.286793
36.103661
36.078861
36.100140
36.083981
36.082703
36.084145
36.083023
56.318153
36.102062
36.123184
56.306633
36.397415
56.279278
28.416191
36.243019
Control Period
36.081581
36.078701
36.183662
36.076141
36.244778
36.105106
56.520393
36.078064
36.102863
36.239819
36.067665
56.547112
36.109741
36.064465
36.226543
36.298058
56.440716
25.791304
36.104465
56.329033
36.091984
36.105103
36.121422
36.106224
56.489517
36.265102
36.175980
36.318062
36.124146
56.511913
36.255341
56.488712
36.245258
36.073425
15.855092
36.221741
56.482632
36.013107
36.111183
36.273582
36.206699
55.830009
Control Period
36.295017
36.284939
36.270058
36.255821
56.480232
36.231819
56.480232
36.270382
56.565353
36.297260
56.492393
36.263981
36.221581
36.250542
36.311020
36.091988
17.116337
36.213261
36.279179
36.173584
36.271820
36.318699
36.241100
36.264458
56.547592
36.264141
56.720551
36.301582
56.638790
36.249741
56.627754
36.232460
36.238701
36.232780
36.254860
15.980849
36.235661
36.230064
36.247181
36.228462
36.279339
56.474316
36.284782
56.553516
36.171825
40.301792
36.114868
36.261581
36.075668
36.235344
Control Period
56.469997
36.217743
56.521675
36.280941
36.276302
36.218864
56.574318
36.314701
36.185585
36.302063
36.163025
56.661354
36.123985
36.147026
36.121746
36.146225
36.117748
36.143665
36.156464
36.129749
36.168785
36.126705
36.333420
56.659592
36.298061
56.694633
36.316780
30.058228
56.506157
36.283501
36.131824
36.302704
36.130386
36.340622
36.138706
36.307343
36.118069
36.336620
36.137909
56.524555
36.191826
50.018810
36.123829
56.479599
36.290543
36.118706
36.144951
36.151829
36.118389
36.168625
36.127827
56.370483
Control Period
36.339821
56.519760
36.323982
36.273907
36.167511
36.132469
56.406960
36.138069
36.189587
19.189564
36.143669
36.135990
56.523117
36.134712
56.529999
36.159668
36.143509
32.930634
36.067032
26.414648
36.284306
36.141270
36.316628
36.119831
36.213268
56.536724
19.266842
56.577038
36.139511
36.336143
36.139347
36.304146
56.576241
26.427931
56.665039
36.333744
36.229427
36.314064
36.300308
56.543919
36.293583
46.058762
36.303024
52.893780
36.172951
56.505203
36.133110
36.108788
36.059349
36.112633
56.298168
35.992157
36.131512
56.287289
Control Period
36.613098
57.576859
37.439316
37.176762
48.229584
37.421555
37.648911
57.683731
37.465237
37.386837
58.040684
37.363319
17.005943
23.669125
37.547310
37.253563
57.735092
37.261879
37.290199
57.537018
37.114525
37.186363
37.391315
37.255322
40.227402
57.567413
37.244762
37.272762
57.851250
37.212120
37.483635
37.250359
52.223400
37.418198
37.528114
37.706989
57.661972
37.350838
37.278042
37.251324
37.186684
37.329876
19.658833
37.361557
57.723091
37.247318
37.341400
37.278839
37.118046
57.597496
37.381241
37.360119
36.317749
57.882610
37.434196
Control Period
37.430038
37.367477
37.406197
37.363640
57.596375
37.474838
37.378677
48.479980
37.425877
37.239964
57.734779
37.160446
37.252441
37.294361
37.236923
37.276760
37.345558
37.315960
37.480278
37.253563
57.818291
37.331161
37.491154
37.516113
37.492435
37.528114
57.775574
37.764587
57.858452
37.322201
37.364761
37.371639
37.184605
37.372601
37.456596
37.239166
37.597553
37.358040
40.801628
37.422195
37.432755
37.422680
37.491955
57.888695
37.235004
37.434357
57.895092
37.433716
37.689713
57.626297
37.503479
37.692432
35.907040
37.400440
37.235165
57.791092
Control Period
37.205563
37.248924
37.309723
57.557503
37.494198
37.257244
57.686619
37.042686
37.321243
37.349720
57.669498
37.061729
19.701393
37.443321
37.449402
57.619102
37.105728
37.717552
37.481239
57.881973
37.230522
37.652916
57.834297
36.982368
57.592384
37.350365
37.405239
30.754538
57.815094
37.226364
31.829550
37.502037
57.599739
37.168930
37.492920
37.205086
57.629978
37.392120
37.211967
57.682457
37.165085
37.475960
37.163010
57.760857
37.034531
37.267487
37.235806
40.214447
57.589180
36.955654
37.203648
37.549397
57.688381
37.021252
37.614357
37.387482
57.758617
37.216927
Control Period
37.508759
37.473877
57.712219
37.074211
37.399803
37.513237
57.285187
57.690300
37.416443
37.159649
37.431000
37.316288
57.854774
37.272926
37.278526
37.530678
57.710461
37.220924
37.301247
37.480762
57.749977
37.262207
57.456551
37.072449
37.337242
37.362522
37.429085
37.418842
37.480278
37.252926
57.773018
37.417564
36.969254
37.321243
57.763580
37.497879
37.133091
37.327164
37.482681
37.459320
58.014294
37.007652
21.350311
37.313885
37.171486
37.419640
37.445084
57.597984
37.082531
37.467960
37.392284
57.574623
17.168983
26.256741
37.237568
37.471161
37.252129
57.791100
37.092770
Control Period
37.505081
37.413246
57.879578
57.521667
37.009731
37.480442
37.411804
37.448765
57.681824
19.186531
37.328766
54.170715
37.247490
37.486523
37.327324
57.749504
37.247646
57.717182
37.220131
37.664757
37.415642
37.441242
57.798462
37.271809
37.280769
37.337887
48.223038
20.470497
58.050133
37.508919
37.239491
37.504280
37.647160
57.693024
37.148132
37.219650
37.503479
37.299809
37.265087
57.722782
37.001892
37.321728
37.368126
37.299328
43.434845
58.077656
37.480122
23.287701
37.485725
57.702621
57.328075
37.229408
37.198689
37.177734
37.337887
57.635269
37.179173
36.965897
37.460602
37.249886
Control Period
58.767235
38.190346
38.037868
24.126719
58.661163
58.315887
38.192905
38.324417
38.314022
38.673855
38.478500
38.351620
38.558815
38.217545
59.006912
58.403728
38.118668
38.200424
38.239304
38.425697
38.286022
38.577053
58.622925
58.492050
38.223942
58.271091
38.142345
38.014511
38.361702
38.312099
38.655453
58.757156
58.573647
38.030991
38.101387
37.505241
38.602493
38.385380
38.218025
38.207306
58.916039
38.344421
38.453217
37.882835
38.515617
38.352741
58.991875
58.479408
37.856274
38.216427
38.602013
38.556099
38.311142
58.808357
58.674599
38.408897
22.151733
38.674652
58.895077
58.715405
38.294983
Control Period
38.255623
37.897873
38.488098
38.364422
38.168266
38.693054
58.847397
38.729370
38.606171
38.297543
38.579937
58.883560
58.716042
58.536850
38.062992
38.441540
38.481541
38.637535
38.140907
38.509056
58.822121
20.467777
38.052269
38.418182
38.283947
59.020355
58.634285
48.572792
38.258022
38.572258
38.337543
38.342663
58.926117
58.719082
38.078030
58.594284
38.108589
38.061234
38.188271
38.633698
38.596416
38.360104
38.101871
58.726124
58.524529
38.375782
37.889076
47.327225
38.640099
38.640732
38.467781
38.092430
58.729324
58.498772
38.302826
37.856117
38.438663
24.062881
38.582977
38.322186
38.349384
38.542019
Control Period
38.613056
38.290024
58.946121
55.748444
38.195309
38.490822
58.511086
58.410454
30.232319
59.027237
38.349060
38.089554
38.453541
38.290028
38.340904
38.128910
38.347946
38.403141
38.128910
58.805321
58.425331
58.691727
31.782997
38.650658
37.893559
38.353386
38.324108
38.031475
38.238510
38.656418
38.615940
38.507942
38.197227
38.455624
38.288750
58.737167
38.169872
38.509384
38.130032
38.453381
38.150993
38.558182
38.547462
33.382317
38.498180
38.406025
58.889645
58.431259
58.385178
38.026356
26.345224
58.878761
38.194191
38.002037
38.378510
38.134995
38.583778
38.266190
38.437702
38.410343
38.097549
58.832523
Control Period
58.487736
58.886124
58.528053
38.164272
37.907478
24.084164
20.872408
38.116432
38.313229
38.374828
38.204754
38.103634
38.330666
38.447945
38.301231
38.395622
38.458023
38.418350
38.378986
58.530296
58.522453
58.659409
58.533333
58.365173
38.446182
34.874439
58.953323
58.876045
58.588852
58.317657
58.659096
38.104115
38.298668
17.738890
38.167469
38.179630
38.081078
38.112114
37.856598
38.300751
38.564102
38.311470
38.683937
26.216747
38.586823
38.315147
38.452267
38.591782
38.249069
58.899403
58.582932
58.595734
58.357018
58.528057
38.046997
38.224590
20.560896
38.284267
38.259308
38.377548
38.189072
38.101875
38.317871
38.627140
Control Period
38.362190
38.170994
38.444748
38.352108
38.355789
38.098194
26.773214
18.656147
38.306511
38.627140
38.396427
58.939728
58.353661
58.594299
58.650455
58.670937
58.407581
58.341660
58.674454
58.403900
58.540218
58.454140
37.973240
38.144596
22.412849
38.615143
58.774773
58.693016
58.652534
38.207470
38.279633
37.999481
38.382668
38.265713
38.046516
49.112305
38.283470
38.321869
38.016117
38.304752
38.368271
38.185555
37.997078
18.304478
38.395950
38.090836
37.818684
38.206833
38.051159
38.099159
38.001244
38.469227
38.258675
38.262672
38.578983
38.624424
38.457710
38.248753
38.385551
58.831734
58.442940
58.437981
58.345665
58.706615
58.523422
Control Period
59.184204
59.153320
59.155563
30.985106
59.434761
46.424538
59.223564
59.019249
59.070450
59.150444
58.929008
59.042931
59.036049
59.190125
58.962448
59.022926
59.057007
57.473530
39.021854
38.945217
38.871136
38.882496
38.961697
39.295448
38.795940
38.822662
38.898018
39.056572
38.880737
38.818497
38.897697
38.832100
41.962734
38.974174
38.902977
59.235725
59.493797
59.170448
58.838135
58.920853
59.267723
59.160202
43.812450
38.947296
38.966660
20.158508
38.915459
38.787941
38.845860
38.922817
39.182011
38.805382
38.852741
38.885220
39.274170
38.956257
38.833218
38.891296
38.869701
39.281849
38.752422
38.832100
41.464195
38.960579
38.835300
Control Period
38.894176
38.967136
38.917534
39.164734
38.913700
38.955780
38.949059
38.964897
38.826019
38.910660
38.940418
38.691624
38.892258
38.609066
38.960419
38.779781
39.319767
38.597389
38.908421
38.924900
38.726501
39.091774
38.885223
38.949059
38.949699
39.184414
38.884258
38.951614
38.937218
38.752747
39.128571
36.417603
59.391243
59.219566
58.929176
59.386925
38.815300
38.951939
38.762184
39.040092
38.564590
38.611469
38.677544
38.680264
38.744743
38.603310
38.674026
38.707623
38.965057
38.689384
38.755463
38.694664
38.565708
38.901382
38.693066
38.739304
38.718346
59.124046
59.053650
38.910820
38.885223
38.942657
39.247932
38.944901
59.126450
58.851097
Control Period
59.136848
59.228050
59.144047
58.819420
58.955734
59.112694
38.942341
38.951939
38.841061
38.888100
39.210972
38.959457
38.755783
38.824902
38.625389
38.942020
38.684269
38.505074
38.606667
20.979450
59.262928
59.165489
59.084694
59.196526
59.443245
38.502502
38.823303
38.882019
38.939781
39.281212
38.836582
38.883141
38.910023
38.974018
38.828583
38.607788
38.677704
38.682026
39.058018
45.120579
38.894180
38.670189
38.971462
38.546032
38.619789
38.630028
38.648430
59.280369
41.688030
38.888741
38.905701
38.784904
38.517395
38.549072
38.610352
38.668270
39.002178
38.564430
38.612110
38.679146
59.144379
59.156853
58.889977
59.005016
59.108215
39.271614
59.363888
Control Period
59.003258
59.014797
59.137375
59.721062
59.795162
39.459396
38.882023
38.826347
39.150337
38.783306
38.868584
20.984093
39.213856
38.574512
58.947739
59.081196
59.316093
59.590511
59.611496
39.338768
38.949223
38.945541
39.098339
38.864746
38.613869
38.624271
38.893387
38.568275
38.639469
38.596272
38.682671
59.212215
59.234478
59.382500
59.667957
59.960934
39.870121
38.827469
38.892906
38.963943
39.263931
38.583153
38.618671
38.681709
38.675949
38.849705
38.635952
38.625389
51.476898
38.653870
39.285378
38.960739
38.850025
38.913704
39.116577
39.258812
38.959782
38.964420
38.831146
38.936581
38.594193
38.577553
38.491474
38.590351
59.380852
59.621670
59.524582
59.577724
Control Period
59.970062
40.278229
38.958023
38.858028
38.927307
39.270012
38.697552
38.480919
38.616112
38.616272
38.656593
58.898785
59.427387
60.040791
61.046181
61.842934
41.974304
38.898506
39.188259
38.948425
38.691147
38.574196
38.615475
38.886349
38.695148
58.982300
59.575539
60.212936
61.334167
41.815613
38.934986
38.458839
59.249496
59.991852
60.785568
61.581200
62.090923
42.305656
39.095303
38.944427
38.970024
38.866825
38.957703
38.678673
38.676273
38.524597
38.704113
59.443413
60.275047
61.074844
61.602013
62.532845
42.864853
39.006985
39.015144
38.917545
39.202499
38.679790
38.683792
38.487637
38.739632
38.754513
59.176537
59.999535
60.549095
61.327133
62.422604
42.800529
Control Period
39.026501
39.002186
39.250340
38.647636
38.484600
38.958183
38.632275
59.164543
60.594292
52.061905
58.980385
60.392212
61.474930
62.588684
63.719566
76.771095
77.955254
79.215088
80.279091
81.394775
82.933006
63.645058
44.604942
39.224419
38.960266
38.964745
38.912109
38.622032
38.673874
59.321980
60.466137
61.556374
62.871086
64.105164
65.171402
45.821533
39.297218
39.005547
38.786514
39.229858
38.643955
38.715153
38.979626
59.052544
60.184067
61.727257
62.727417
63.805817
44.748100
38.978508
38.960426
39.204418
38.632595
38.717236
38.954666
38.714836
59.180702
60.677490
61.890450
62.982292
64.097969
45.122971
38.967148
38.778030
39.229538
38.666515
38.655956
Control Period
38.990189
38.704597
59.171745
60.792908
62.085114
63.501961
64.691132
45.869141
38.924110
29.635391
39.309059
38.505241
38.647316
38.992744
59.143265
60.298038
61.951839
63.340847
64.568253
45.747063
38.911629
38.963146
39.076263
38.909550
38.634518
39.013069
38.651318
59.058945
60.600113
61.986881
63.272053
64.578018
45.788830
38.737396
38.879951
39.253063
38.710194
38.632599
39.044586
59.061188
60.468437
61.964962
63.244053
32.092464
59.613174
61.274658
42.283394
38.949551
39.046028
38.974831
38.629555
38.822834
38.689873
38.507320
59.251419
60.568588
61.974556
63.351410
64.611626
45.466610
39.223946
38.893711
38.896591
38.961548
38.493401
38.627800
59.333023
60.648918
61.714737
Control Period
63.091911
64.899826
66.388069
47.490280
21.417206
38.927631
38.943153
39.234821
38.632759
38.694679
38.836433
38.641716
59.061512
61.098064
62.526791
64.060150
66.025497
47.226109
38.902992
39.194183
38.694519
38.503643
38.921070
38.654678
59.175583
60.781105
62.508705
64.139824
65.655907
47.125149
38.896912
38.977547
38.796436
38.623962
38.626038
39.003948
58.965836
60.530720
62.292080
64.000160
65.562004
46.704536
39.301865
38.772919
38.918991
39.006668
38.689079
38.646362
59.339584
60.933586
62.439270
64.280624
65.873184
47.097633
38.971790
38.917229
38.920753
38.901554
38.635479
38.652115
59.232548
60.824150
62.389034
63.955997
65.855911
46.866127
39.466980
59.446465
Control Period
61.215187
63.475399
65.714012
67.795990
69.790932
72.128258
53.764839
38.960915
59.701015
41.213284
49.670876
39.029552
58.910957
60.722702
62.901638
64.577545
66.389130
48.080597
38.964272
38.777397
39.210026
38.637562
38.699959
59.222466
61.090691
62.961796
64.830818
66.856316
68.664215
50.101929
39.115948
38.899475
38.632763
38.870674
38.637081
38.637398
59.376865
61.116135
62.914761
65.039940
66.989441
48.244598
39.132748
38.909874
38.685242
38.845074
38.632278
38.696758
59.141670
61.033417
62.888683
64.846504
66.757607
48.103165
38.848915
39.236107
38.644279
39.064751
39.014671
38.503647
59.042953
61.195171
63.129314
64.809219
66.635368
48.354515
38.933075
38.907795
Control Period
39.278347
38.683159
38.513725
59.386627
61.330765
63.315704
65.464157
67.416298
48.939529
39.192429
38.896599
38.859959
38.932755
38.488766
38.636925
59.251591
61.406448
50.454926
59.091595
40.953213
38.903637
38.796120
38.973557
38.638363
38.606205
59.259430
61.215576
63.180840
65.377937
67.333275
48.856026
39.229229
38.777721
38.871315
38.897877
38.674362
38.633244
59.283752
61.416695
63.302757
65.317299
67.539032
49.098579
110.493149
112.726723
114.987175
117.392586
119.513359
121.694290
127.540253
129.737183
131.920044
100.312576
102.583435
104.723572
107.280823
109.496956
111.737091
114.164421
95.932129
77.748787
59.853119
41.622742
38.579967
38.846359
38.494049
58.947922
60.838783
Control Period
62.997002
64.916679
66.927391
48.539268
38.970837
38.892757
38.619965
38.689720
38.512772
59.048080
61.078156
63.213989
65.084389
46.661865
38.861561
38.919479
38.851158
38.592125
38.603325
38.458687
58.961838
60.911911
63.378933
65.296371
67.335564
48.944721
38.957077
38.908596
38.655167
38.677727
38.517250
59.052879
61.150471
51.602604
38.614204
38.918518
38.862198
38.863480
38.622528
38.498848
58.964565
60.932880
62.929836
64.742638
66.691116
48.270355
38.982677
38.952595
38.721886
38.738045
38.591808
59.114159
61.242790
63.644054
65.614777
67.716850
49.389847
39.014519
38.929878
38.922997
38.684765
38.483330
58.968407
60.919601
62.952873
64.775597
66.720558
48.283642
38.943478
Control Period
38.890842
38.657089
38.717564
38.537727
59.039597
61.388092
63.791790
66.004448
68.337425
50.286449
38.982197
38.934998
38.678528
38.720444
75.186386
77.818077
80.420807
82.722900
85.140518
87.553329
69.578995
51.714413
38.971161
38.696766
38.735966
38.611008
59.040565
61.326191
63.574051
65.915985
47.840370
38.906521
38.769886
38.906361
38.637089
38.701725
58.929207
61.279949
63.676285
65.926537
47.834282
38.920120
38.914841
38.551647
38.689247
38.691166
59.317513
61.680096
64.010834
66.377411
68.609436
50.533661
38.864445
38.861721
38.481571
38.625092
38.616608
59.039444
40.985909
59.486794
62.073849
64.724106
46.940964
39.004440
38.829403
38.688931
38.734367
41.693810
38.925560
Control Period
38.464134
58.983131
61.553181
64.156349
66.597771
69.152466
51.333920
38.926201
38.905724
38.936600
38.636612
38.514374
59.008888
61.580219
64.280991
66.749451
69.356789
51.612644
39.015800
38.678688
38.653412
38.673409
59.005211
61.637821
64.252838
66.956329
69.455505
51.747036
38.924282
38.988121
38.655647
38.655968
38.770046
58.970650
61.547901
64.116837
66.805931
69.215828
66.151627
68.799438
50.994495
39.097878
38.922680
38.646370
38.699970
38.609253
58.972569
61.678619
64.164360
66.773293
48.986267
38.903805
38.775967
38.895325
38.621571
38.612610
58.918812
61.575424
64.274437
66.839058
49.075871
38.898045
38.946201
38.500614
38.630852
38.658691
59.131126
61.577023
64.191559
Control Period
66.901451
69.694839
52.133060
38.882687
39.056122
38.497253
38.629089
59.043289
61.985149
64.711334
67.480080
49.910301
38.943481
38.901882
38.610054
38.658051
59.009209
61.897308
64.774048
67.737350
70.498894
52.943996
38.916603
38.997562
38.639492
38.634693
59.043289
61.872036
64.757896
67.674316
70.667542
52.980167
38.860767
38.906525
38.693092
38.932125
58.981850
61.932991
64.718697
47.302677
51.938034
29.085014
38.721088
38.650211
59.048893
61.929314
64.728783
67.598969
50.043110
38.921406
38.734211
38.740612
48.506760
38.715012
38.467499
58.974174
61.925472
64.909576
67.650330
50.082634
38.931324
39.011322
38.628132
38.635971
59.178329
47.658802
38.563976
38.986046
38.483337
Control Period
38.736610
59.044571
62.225918
65.137672
68.220619
50.875771
38.972122
38.633251
38.642212
38.693733
58.976574
51.852741
38.646851
59.144409
62.102722
65.012398
67.947830
50.540905
38.727333
38.857887
38.539974
38.585258
58.835941
61.821293
64.891281
67.814240
50.417072
38.884129
38.936928
38.732132
38.660614
53.534317
49.759689
38.517578
59.067772
62.155525
65.359436
68.297592
71.368225
54.031059
38.976925
38.910526
38.639336
38.703171
58.982018
62.045132
65.132401
68.333588
50.835625
38.863808
38.896927
38.663338
38.627335
58.978977
62.054569
63.970032
59.532379
62.729729
65.653168
68.717720
72.127388
54.830860
38.905251
38.914848
38.695015
38.466858
58.959778
61.951370
65.049522
Control Period
67.888802
50.597351
39.227959
39.043007
38.744774
39.014046
59.454964
62.795307
66.123177
69.794228
73.350082
56.005196
39.406208
39.167320
38.991165
38.788452
50.326241
59.317207
62.718670
66.100777
69.484482
72.970421
76.315887
59.445869
42.674889
39.327797
39.014206
38.672455
59.127934
62.807308
66.292931
36.228046
59.457047
42.806862
39.086845
39.019646
38.843971
38.698212
59.502003
63.003628
66.219818
69.610886
73.262108
56.308891
39.351990
39.255642
38.913410
38.863968
59.318649
62.638832
66.085098
69.486084
72.732193
55.760094
39.304283
39.205723
38.808773
38.703976
59.319290
62.710674
66.081902
69.569290
72.977798
55.982819
39.085922
39.303001
38.815975
38.979805
59.234653
Control Period
62.707317
66.122917
69.855309
73.329308
56.177586
39.622173
39.273079
38.884293
38.648457
59.387611
62.981285
66.317047
69.773766
73.469360
56.789948
60.628254
64.131851
67.995758
71.751671
75.481979
79.074211
82.790924
86.672913
70.126617
53.267212
38.766857
39.052769
38.826534
59.305855
62.740494
66.470490
69.768494
81.188049
84.573410
88.007568
91.596283
95.043404
98.556282
101.930443
85.086876
68.256912
51.237671
38.968769
38.982212
59.435448
62.840965
66.248405
69.743523
73.386154
80.593498
84.046379
87.650452
70.874405
53.987961
38.867172
38.956448
38.977570
59.409531
62.640976
66.254173
69.822891
73.062172
56.198608
39.607677
39.254208
38.522541
38.938694
59.408089
Control Period
63.112160
66.243294
69.536339
72.945709
76.330437
59.025291
42.140770
39.235165
38.804459
38.880772
59.183296
62.668179
65.875633
69.134445
72.641571
55.631454
39.130688
38.677898
38.953411
38.761742
59.308418
62.804020
66.105705
69.335236
72.832924
55.628891
39.171806
39.251484
38.987335
39.044765
59.211136
62.534580
65.831467
69.369789
72.466522
55.345047
59.607613
63.487682
66.881691
70.453934
74.110336
77.737137
60.911339
44.246498
38.943016
38.764137
38.972134
59.368896
62.625946
65.673248
69.113174
72.285912
55.179802
39.238686
39.263325
38.882374
38.529427
59.402176
62.808022
66.186035
69.371567
72.813416
55.909378
38.970695
39.240284
38.805897
38.979012
59.181862
62.488354
Control Period
65.801567
69.243294
72.266472
55.035118
39.307167
39.290527
38.863815
38.688622
59.571133
62.798149
66.015556
69.412323
72.989082
55.811172
38.867180
39.291965
38.929893
38.949253
59.461533
62.815739
65.996994
56.755360
39.758247
38.579502
38.989094
59.369858
62.475754
65.717804
69.167053
72.500458
55.135033
39.233086
38.871178
38.797737
38.660782
59.353859
62.898945
65.999557
69.293129
72.737892
55.795654
39.211967
39.196449
38.702377
38.837418
59.273701
62.589516
65.908844
69.018257
72.344307
55.043037
39.303646
38.882854
38.998055
38.732140
59.182022
62.608234
65.908043
69.334732
72.539505
55.536148
39.067173
39.018211
38.973412
38.962856
59.417862
62.560879
65.704056
69.042427
Control Period
72.512154
55.036530
39.219009
39.291969
39.002853
38.702381
59.258022
62.830349
66.024765
69.302223
72.706871
55.768997
32.330063
39.019814
59.327782
63.014503
66.688751
70.341393
73.826202
77.499802
81.263481
64.424324
47.435249
39.350365
39.024933
39.015976
59.167305
62.606514
66.015808
69.219025
72.638237
55.645485
39.022694
38.955338
38.809418
39.076614
59.421860
62.686195
65.912773
69.478539
52.582741
59.651932
63.085381
66.634506
70.292755
74.128914
56.921127
40.202446
39.193089
38.965099
38.673904
59.325706
62.928436
66.113411
69.415665
72.824799
55.903244
38.773582
39.083176
39.037895
38.990219
59.112907
62.543797
65.888451
69.192467
72.610077
55.284691
39.294849
38.979977
Control Period
38.939018
38.729420
59.191948
62.155380
65.236885
68.584305
71.599892
54.231033
38.859341
36.077652
58.914513
41.517815
38.921097
38.731503
38.603668
38.643505
59.190987
62.176178
65.271606
68.446709
71.467575
54.142235
38.947182
38.670387
38.713585
38.669426
59.092590
62.311695
65.285683
68.389107
71.572693
54.320312
38.866539
38.964619
38.741104
38.499668
59.041870
62.134899
65.337837
68.273750
50.924255
38.927498
38.671665
38.922699
38.656944
59.184589
62.207222
65.297050
68.406555
51.134499
38.779984
38.902061
38.652946
38.683666
58.931793
61.997139
65.149208
68.056480
50.650024
38.869743
38.925739
38.462070
38.977417
59.099312
62.296181
65.238495
68.304642
71.453827
54.153610
38.909584
Control Period
38.900459
38.715828
38.532150
59.061874
62.320206
65.687340
68.798637
72.028648
54.869095
38.966217
38.701748
29.380058
38.973419
38.654068
38.595032
38.679344
58.909237
62.065334
65.249756
68.537209
105.435013
88.332100
71.301025
54.350750
38.610229
38.693264
58.859482
62.030941
65.278076
68.765533
72.011070
78.548363
81.895493
64.571465
47.660549
38.919502
38.700466
38.636147
59.038193
62.341328
65.543510
68.760567
51.555897
38.992619
38.804623
38.647987
38.673264
59.271309
62.448845
65.727661
69.043434
72.235535
55.013268
38.878227
38.660789
38.462872
38.619186
58.988922
62.264534
65.291359
68.451462
51.248875
38.924946
38.877743
38.651989
38.730705
59.247314
62.751083
28.326046
Control Period
38.994061
59.202995
62.813335
66.420319
70.129219
73.572044
77.149902
60.354675
43.647930
38.880142
38.666546
38.697430
58.908279
62.271431
65.747856
69.289558
72.823097
55.865479
39.227375
38.770386
38.694386
38.617111
59.058517
62.332550
65.667213
69.036598
72.512062
55.383888
38.923500
38.696468
38.736305
38.696472
59.043159
62.527424
65.862579
69.660278
73.188705
56.241005
39.371704
38.887184
38.621109
38.659195
58.832603
62.153515
41.897739
38.920624
38.696629
38.527035
59.104439
62.560711
66.128494
69.423965
72.835114
55.865494
39.201946
38.659992
38.637913
38.711990
58.985561
62.391594
65.819382
69.360123
52.214828
38.902863
38.935982
38.720150
38.581753
58.969238
62.380711
Control Period
65.640663
69.108322
52.201286
39.232933
38.779667
38.677429
38.617271
59.164757
62.578011
66.128708
69.751083
52.941326
38.898384
38.937424
59.344112
62.964241
66.694931
70.548813
74.218384
77.952438
61.306839
44.758835
38.814705
38.639030
38.631512
59.104759
62.463451
65.953667
69.522919
52.691883
38.882706
38.590714
38.666073
38.501755
58.971161
62.495777
66.147270
69.604691
73.161942
56.360508
40.168175
38.711349
38.707031
59.228920
62.765537
66.290474
69.800850
73.432022
76.794556
83.706131
87.555374
70.998413
54.386894
38.608795
38.663353
38.480793
59.123482
62.718014
66.417023
69.989639
73.480179
56.628185
40.064503
38.671032
38.635193
59.165718
62.677692
66.246948
Control Period
69.884041
73.692078
56.801910
40.299736
38.967987
38.711029
38.644154
59.059006
62.773926
66.344208
49.375320
38.957901
38.519676
59.058525
62.718407
66.390289
69.811615
52.999527
38.879509
38.937263
38.601437
38.615677
59.069405
62.573608
66.143097
69.727936
52.975365
38.733433
38.605919
39.015663
38.731510
58.897728
62.470573
66.118935
69.620903
73.190231
56.404709
39.959175
38.492802
38.608635
58.998207
62.681931
66.113342
43.742195
38.873589
38.643517
38.644314
59.454674
63.093117
66.738762
70.430962
74.198517
57.287231
40.805538
38.944790
38.702713
38.654877
59.064606
62.814728
66.459091
70.178650
73.927650
57.257797
40.625549
38.900787
38.649597
59.460114
62.997757
66.635880
70.364082
Control Period
73.944130
57.253773
40.843571
38.960464
38.845589
38.938549
59.376442
63.337250
67.314377
71.259506
75.173111
58.842743
42.800690
39.213741
39.000790
59.065887
62.911980
67.111984
71.098068
75.055672
78.889603
62.578117
46.426788
38.843349
59.484756
63.600121
67.548607
71.451340
75.538704
59.095383
42.977810
38.877113
39.004951
38.758072
59.396118
63.422684
67.519165
71.307343
75.370232
58.892189
42.571903
38.986710
38.882549
38.962708
59.225243
63.077736
67.072304
71.277908
74.874084
82.592720
87.011436
91.175438
95.361679
79.291786
62.932625
46.463543
38.866074
59.365402
63.439171
67.286865
43.743561
39.204945
38.755516
38.695995
38.893593
59.270203
63.338051
67.280624
Control Period
71.081757
74.955231
79.093979
62.325722
46.082890
39.265579
39.054710
59.240921
63.127514
66.908188
70.992538
74.839127
78.552124
62.175701
45.911430
38.974548
39.013748
59.455479
63.088474
67.117622
71.065971
74.925522
78.746033
62.283688
46.158936
39.283340
38.719517
59.164928
63.297272
67.001465
70.985809
74.805840
82.636169
86.377960
90.390793
94.173386
77.732323
61.585491
45.484421
38.846550
59.247646
62.979042
67.130264
71.111252
74.736252
78.784279
62.403534
46.285984
38.959991
38.661438
59.181091
63.083202
66.923233
70.981186
74.842819
78.632133
62.070751
45.945999
38.969429
38.968147
59.374207
63.534710
67.341141
71.230774
75.113365
79.246033
62.500019
46.001518
39.045589
Control Period
38.924789
38.902550
59.385727
63.109791
66.781219
70.643677
74.275269
57.646240
41.218327
39.242226
38.916794
39.012791
58.972137
62.840359
66.646187
70.074417
73.879608
57.212181
40.662991
38.784637
38.703674
38.808155
59.531960
63.112827
66.973373
70.717438
74.404541
57.694073
41.406319
38.965752
38.843193
38.861115
59.499802
63.355068
66.986816
70.747360
74.727264
58.004158
41.424889
39.269585
39.035187
21.525064
59.535641
63.430260
46.974346
39.271027
38.869915
38.754719
59.272289
63.110916
66.882339
50.145157
59.608765
63.643543
67.671600
71.534698
55.236065
39.055992
39.223186
38.985912
38.736794
59.055817
62.915722
66.666351
70.364975
73.898163
57.300175
40.871624
38.807999
38.639202
Control Period
39.049431
59.441406
63.202595
66.893547
70.773140
74.498337
78.416168
61.679947
45.184841
39.123192
38.999672
59.433723
63.274914
66.800270
70.462425
74.444252
77.958405
61.511139
44.917797
38.979195
38.723038
38.939835
59.173096
63.113483
66.801239
70.563232
74.459625
57.862442
41.637569
39.292305
38.785759
38.539848
59.335812
63.189163
67.136917
70.636841
74.429558
57.836853
41.333908
38.638721
38.973114
38.999672
59.345734
63.120525
66.972755
70.781471
74.557549
78.272186
61.511967
45.248055
39.248306
38.878716
59.495167
62.944847
66.735802
70.756836
74.494835
78.343704
61.548927
45.351894
38.996792
38.932476
38.688164
59.557564
63.264519
67.187469
70.819550
74.624107
57.897968
Control Period
41.607498
39.019993
38.800640
38.997913
59.336769
63.198021
66.764076
70.448051
74.206268
78.068001
61.008652
44.697926
38.969917
39.046074
59.204933
62.816429
66.545204
70.315262
74.005798
77.579536
61.002892
44.547684
38.856159
39.000793
38.723522
59.135178
62.990509
66.635124
70.471260
74.013641
57.398277
40.966270
39.059998
38.639843
39.048954
59.303173
62.991314
66.679611
70.519905
74.202599
77.976173
61.056023
44.578098
38.867195
38.987358
59.334694
63.124588
66.578972
70.303429
77.134529
80.714989
84.423927
88.229340
71.628693
55.091568
38.964638
38.661446
29.498468
59.610367
42.985085
39.243351
39.473106
59.434212
63.527779
67.584389
71.502121
75.201782
79.262230
Control Period
83.384117
87.408768
70.524971
53.806450
38.976959
38.798241
38.657764
59.053581
62.575039
65.933617
69.350601
52.355770
38.908638
38.515366
38.631687
38.622726
59.198059
62.517124
66.180656
69.722908
73.079575
56.091621
39.365421
38.981758
38.497932
38.634888
59.062702
62.605442
65.889786
69.331085
52.373852
39.173431
38.879356
38.654568
38.661926
58.979828
62.383213
65.812996
69.299576
52.149708
38.900799
38.928001
38.686405
38.657604
59.324299
62.813442
66.190903
69.675888
73.111435
56.087322
39.231045
38.641605
38.642090
38.710403
58.951027
62.364811
34.887836
39.168793
38.977921
38.501133
38.648804
38.673286
59.133102
62.419693
65.841637
69.350937
52.412262
38.865440
38.911362
38.603046
Control Period
38.673126
59.089104
62.704506
66.393669
69.824913
73.380638
56.533501
40.023800
38.635208
38.633446
59.055344
62.524506
66.009186
69.533707
73.390060
56.431252
39.905869
38.661449
38.692169
38.656807
59.078705
62.742905
66.283112
69.878357
73.469917
56.657822
39.909885
38.854244
38.688969
59.183502
62.631065
66.204712
69.771957
73.240967
56.394630
39.830688
38.910240
38.509132
38.638885
59.045425
63.019379
66.452545
70.004753
73.538719
56.741508
40.189087
38.619049
38.650726
58.902390
62.394760
65.909050
69.533409
72.894096
56.229202
39.722218
38.714725
38.636326
38.664165
59.092785
62.617950
66.190636
69.798203
73.506569
56.543602
39.983025
38.989601
38.806408
58.963509
62.540192
Control Period
66.197990
49.605194
59.470535
63.190361
46.654205
38.945763
38.706566
38.659527
58.904953
62.425743
66.455643
69.915474
73.512741
56.700912
40.218674
38.900482
38.642250
59.023830
62.560780
66.163971
69.800919
73.432747
56.478996
40.248272
38.703690
38.695526
38.642731
59.052147
62.655334
66.215645
69.828117
52.973568
38.960003
38.515053
38.633614
38.704330
59.377098
62.872131
66.495323
70.110992
73.586830
56.744125
40.172928
38.924484
38.463058
58.980629
62.536461
66.195168
69.595482
73.337547
56.600433
40.125713
38.914883
38.647369
38.676010
58.989429
62.617897
66.277405
69.921234
52.972931
38.905926
38.927208
38.961124
38.664650
59.090073
62.779343
66.312294
69.929245
73.548279
Control Period
56.740456
40.114819
38.641132
38.654732
59.086071
62.628418
66.439720
70.293900
73.870323
57.100208
40.631046
38.929123
38.491535
38.605770
59.007351
62.678177
66.101646
69.651825
52.845711
38.934566
39.251514
38.629932
38.692970
58.968315
62.603298
66.268204
69.975822
53.058033
38.926247
38.918884
38.715370
38.660011
59.064312
63.190964
66.825790
70.493736
74.169998
57.479084
40.855846
38.637772
38.651848
59.180473
62.702503
66.368370
70.009430
73.585213
57.141331
40.649609
38.961605
38.464497
38.652969
59.075031
62.842178
66.368362
70.019669
53.277554
38.963524
38.921444
38.634254
38.920807
58.999992
62.676258
66.336205
70.114388
73.622978
56.868546
40.400661
38.677452
58.904476
Control Period
62.474342
66.149605
70.000549
73.886368
57.206772
40.830200
38.972168
38.657452
59.052792
62.777328
66.438034
70.175377
73.950958
57.243202
40.728397
38.903210
39.026726
59.178871
62.786934
66.526512
70.346252
74.022316
57.356476
40.955109
38.988487
38.488178
36.222153
38.971527
38.523857
38.936165
38.718735
59.184631
62.712536
66.459152
70.235374
73.907120
57.250557
40.848709
38.699211
38.502895
59.048317
62.819897
66.829712
70.545776
74.276558
57.606880
41.230953
38.856491
29.585518
38.968643
38.914249
38.632332
38.694252
58.981277
62.716702
66.550201
70.623856
74.220726
57.520653
41.140408
38.703213
38.907207
59.062237
62.864693
66.538200
70.280502
74.060570
80.835915
84.432304
68.072861
Control Period
51.747597
38.709129
38.628017
59.050716
62.909447
66.570740
70.270432
73.986763
57.358948
40.807613
38.604336
38.601456
59.416626
63.058876
66.874718
70.732162
74.449768
57.797157
41.449020
38.966087
38.510098
59.053276
62.842243
66.762566
70.398582
74.458580
57.825966
41.478149
38.867210
38.604019
38.662415
58.906403
62.582096
66.294106
70.109154
53.284065
38.895210
38.901127
38.919849
38.651535
59.065277
62.926567
66.665138
70.449791
74.254440
57.675110
41.172581
38.665615
38.665459
59.146076
62.820168
66.721138
70.729301
74.366432
57.698143
41.293846
38.678413
38.470421
59.006241
62.729137
66.550911
70.113808
73.805336
57.136887
40.914505
38.926571
38.644020
38.705772
58.977119
Control Period
62.767376
66.725067
70.726112
54.043823
38.909927
38.934570
38.701775
58.949760
62.978485
67.069290
70.896744
74.787552
58.247337
41.986156
38.511219
38.583374
38.621140
59.096642
62.807137
66.714745
70.667152
54.196697
39.160645
38.628975
38.720337
58.920006
62.791134
66.682266
70.677238
53.989029
38.906570
38.661297
38.657455
38.647697
59.053284
63.292725
67.114578
70.999947
74.906754
58.331184
41.935448
38.644497
38.681778
59.093121
62.877056
66.793945
70.689713
74.529488
58.339188
42.066010
38.938568
38.499702
59.019199
62.891125
66.889778
70.637871
74.533638
58.070549
41.883289
38.907692
38.665619
59.536148
63.394161
67.285614
71.212585
75.226593
58.519348
42.255608
38.662895
38.700020
Control Period
58.927204
62.827126
66.844963
70.693687
74.954720
58.469055
42.300827
38.501781
38.596180
58.994400
62.989361
66.698250
70.544891
74.476334
57.992912
41.722130
38.603539
38.957291
59.012321
62.929207
66.884171
70.866493
74.663216
58.167473
41.960365
38.672977
38.592823
58.993603
62.882168
66.677132
70.926651
74.931053
58.504593
42.189648
38.933132
38.650257
59.230560
63.023926
66.943047
70.949364
74.824966
58.314026
42.103882
39.009449
38.533783
59.055206
62.995930
67.020172
70.811134
74.646103
58.138046
41.939739
38.604820
38.596024
59.052803
62.839130
66.825928
70.995125
45.032894
38.931854
38.695377
38.636505
38.641300
59.072968
62.842018
66.695702
70.594505
74.570747
57.911171
41.654945
Control Period
38.932976
38.696339
58.927849
62.885017
66.885223
70.768471
74.729317
58.270500
42.047520
38.519226
38.637943
59.088806
63.075256
67.153862
71.118073
75.054924
58.645546
42.457127
38.910576
38.607704
58.908813
62.783104
66.682358
70.620804
53.979755
38.875694
39.179207
38.681458
58.921131
62.871105
66.816757
70.614090
74.468224
57.939011
41.850910
38.795700
38.632980
59.055847
63.093819
67.076431
71.068161
75.143730
58.742836
42.539055
38.643703
38.672981
58.985771
62.931263
66.899147
70.858559
74.698608
58.228756
42.080338
38.928337
38.633781
59.053448
63.086937
66.927948
70.870079
54.403107
38.932495
38.761940
59.084808
63.114460
67.038986
71.287506
75.187561
58.742027
42.385773
Control Period
38.594902
38.604664
50.839729
38.656662
38.924496
38.603863
38.603542
59.045288
62.828552
67.054367
71.048988
75.073532
58.443375
42.225365
38.917614
38.696022
58.915054
62.839439
66.822380
70.677803
54.175323
38.916336
39.155689
38.504990
59.067528
63.026947
67.031487
70.836029
74.704247
58.225761
42.079750
38.642582
38.601624
59.063690
62.844719
66.696144
70.925804
74.953224
58.332825
42.078499
38.632664
38.659225
58.853134
62.717518
66.644302
70.425964
74.262833
57.731232
41.538185
38.729301
38.633621
59.107529
63.130310
66.920135
70.851395
74.843613
58.378731
42.165363
38.635384
38.694904
59.017929
62.942471
67.147804
71.191063
74.993050
58.523209
42.325520
38.916019
38.619225
59.019852
Control Period
62.877838
66.746300
70.985313
75.072334
79.566704
63.031181
47.232918
38.662262
38.913776
58.908974
63.279663
67.405724
71.531464
75.571602
83.397095
87.809708
71.256584
55.423126
39.348392
39.029938
58.934410
63.302864
67.588600
71.715614
75.728073
59.525822
43.709324
38.537945
38.958420
59.164970
63.722534
67.613075
71.922012
76.207108
80.502441
64.201157
48.209782
39.086254
38.581787
59.330086
63.454544
68.000595
71.938660
76.274475
59.980225
44.291561
39.264172
38.732822
59.464485
63.396950
67.775322
71.914497
76.314629
59.829666
44.120525
38.900017
38.773941
59.257286
63.438065
67.901871
71.906815
76.015915
80.315887
64.267555
48.019547
38.923058
38.729782
59.595840
63.539825
Control Period
67.829720
71.959076
76.066353
59.691406
43.527016
39.319530
38.598106
59.376167
63.323929
67.677284
71.467613
75.615532
79.661530
63.502739
47.492104
38.647228
47.813244
38.711063
59.429604
63.190170
67.364006
71.126816
147.923889
124.035713
80.294662
36.562889
36.323425
36.293507
36.307747
36.286945
36.310303
56.671654
36.297188
36.322144
56.701092
36.296387
36.307106
56.313900
36.293507
36.288067
36.252384
36.264706
36.283428
36.241989
36.336384
56.528618
36.337986
36.288704
56.548935
36.242943
36.288704
56.524456
36.296387
36.305668
36.297504
36.278625
36.122307
36.122150
36.255589
36.078949
36.123268
36.285027
36.108871
36.076069
56.439499
36.130306
36.305347
56.575172
36.120232
36.329506
56.523975
36.304867
36.124874
36.149830
56.490856
36.118149
36.120392
36.284065
36.095592
36.079750
36.281185
36.146313
36.121830
56.513256
36.062309
36.068550
56.473099
36.071590
36.058311
16.108473
56.405415
45.264526
56.496777
36.085030
36.136868
56.504776
36.142307
36.280384
36.186947
36.124710
35.700558
36.142307
56.482056
36.088230
36.048229
56.460297
36.101509
36.054310
56.499817
36.059429
36.228386
36.051910
36.070629
36.231747
36.058311
36.092392
56.484936
56.613415
35.839912
36.080551
56.228306
36.058628
36.074631
56.531334
36.053509
36.194630
36.065189
36.079109
36.231586
36.059273
36.071590
56.468773
36.074471
36.068710
56.438057
36.085831
36.091591
56.361740
36.098469
36.099110
36.072868
36.251587
36.067272
36.080711
56.510220
36.291748
36.061192
56.297577
36.083591
36.084549
36.133667
36.052391
36.069031
36.072231
36.067593
36.217838
36.076714
36.094788
56.332142
36.086948
36.083271
36.102791
36.094631
36.094952
36.069511
36.079750
56.508301
36.076870
36.078789
36.079269
36.076710
36.100071
15.844958
36.106628
36.062149
36.123112
36.066952
56.330063
36.055752
36.071270
56.286385
26.971935
65.511795
36.275749
36.088551
36.265186
36.066631
56.499176
36.235584
36.096550
56.489418
36.273666
36.137508
56.558701
36.245346
36.105030
Control Period
36.277027
36.203106
36.400387
56.541260
36.271908
36.097672
36.268867
36.088070
36.289185
36.273827
56.488941
36.278786
36.100071
36.238628
36.234627
56.526695
36.277668
36.119591
36.255589
36.139751
56.507179
36.286144
56.489899
36.072231
36.099270
36.056713
36.362625
56.306705
36.074150
36.076233
36.097832
36.064232
56.352142
36.117191
56.301582
36.140228
36.113190
36.106312
36.087112
56.318382
36.290310
36.083431
56.350384
36.099590
147.883743
123.997879
80.213669
36.375221
36.290031
36.292431
36.253391
36.301392
36.318348
56.689644
36.309391
36.297230
56.722282
36.257713
36.314987
56.488846
36.292431
36.263950
36.239788
36.272911
36.309547
36.252113
16.025455
36.227951
56.345650
36.225552
36.245552
56.489487
36.254032
36.243469
56.492363
36.249870
36.306030
36.302830
36.204433
36.347149
36.298347
36.316753
36.317070
36.316273
56.592846
36.314831
36.270035
56.547401
36.286510
36.281231
56.509007
36.285072
36.284592
36.285069
36.291313
35.986996
36.216434
35.963634
36.285549
36.222031
36.270512
36.265232
56.663567
36.267952
36.287151
56.483883
36.296593
36.306992
38.612865
36.291153
36.265549
27.316603
56.573486
36.284592
36.287472
56.515888
36.228271
36.298672
56.518768
36.314350
36.298672
36.322189
36.314991
36.297871
36.291313
36.314671
56.558128
36.307632
36.317551
56.508850
16.058895
36.283470
36.141552
36.228592
35.208771
179.118301
135.188049
91.326584
47.479523
36.133419
36.144299
36.141899
36.166218
36.115181
56.581364
36.124138
36.155659
56.322166
36.107018
36.141579
56.278004
36.122059
36.075176
36.115013
36.060936
36.083817
36.062859
18.241425
36.127014
36.087978
56.514641
36.074856
36.087498
56.460884
36.087814
24.790106
36.268291
36.064137
36.311970
36.225891
36.091179
36.235176
35.854538
56.520882
36.308613
36.096138
56.498161
36.272293
36.115658
56.557518
36.311172
36.113575
36.313091
56.519760
36.311012
36.107018
56.493042
36.245415
36.106697
36.274853
36.266693
36.090698
36.243176
36.094696
56.523121
36.250053
36.112617
56.477043
36.278374
36.064938
56.525200
22.957016
16.366577
36.318691
36.095818
36.247494
36.262535
56.478802
36.251015
36.239494
56.499443
36.241253
36.308613
56.458321
36.270531
36.241573
36.295170
36.246372
36.072777
36.231335
36.257893
56.537361
36.315010
36.300774
56.544724
36.314373
36.324612
56.498962
36.283653
36.252613
36.246532
36.254372
36.115177
36.268456
36.312771
56.466003
36.311012
36.241573
56.506641
36.327332
36.281410
39.634949
36.207172
56.485199
36.241093
36.183975
36.235973
36.246372
36.114380
36.261574
36.250374
56.483444
36.281570
36.184616
36.319492
36.220612
36.367653
56.500084
36.175976
36.247013
36.196774
56.510639
36.251492
36.303013
56.454639
36.279175
36.259491
36.197575
36.233093
27.960125
36.250694
36.171494
36.256454
56.535919
36.233574
36.258694
56.461040
36.194054
36.292294
56.455124
36.289734
36.255974
36.273575
36.228134
36.261093
36.229576
36.253094
56.458961
36.241734
36.235653
56.503441
36.243172
36.250694
36.287655
36.414692
56.621838
36.272293
36.226692
36.217094
36.233093
36.261414
36.243336
36.244133
56.223286
36.196934
36.254852
56.495605
36.123817
Control Period
36.197254
15.810268
36.319492
36.052616
36.317093
36.311333
56.545197
36.307812
36.318531
36.300613
36.313572
36.032135
36.313572
56.330967
36.361572
36.305893
36.308773
24.702425
36.154537
36.147976
16.044662
36.304131
36.159180
36.129097
36.145737
36.178059
56.563919
36.152138
36.142536
36.128616
36.147495
56.572723
36.145256
36.159176
36.126377
36.154858
40.428860
56.609680
36.169098
36.137096
36.140938
36.132774
56.548401
36.166058
36.136616
36.131020
36.137257
56.558479
36.135818
56.531120
36.177418
Control Period
36.175018
36.135818
36.138378
36.129417
36.151497
36.179016
44.510063
56.503124
36.157417
56.529045
36.142696
56.538002
36.428932
56.379448
36.260777
148.969345
125.204407
81.258041
37.147045
36.054440
36.030598
35.880043
36.091717
36.001637
56.113304
36.105316
35.973637
56.214264
36.077797
35.954597
56.294739
36.095078
35.900360
35.963078
36.032356
28.753918
36.042439
35.935238
56.254578
36.044838
35.949799
36.019718
35.982758
35.839081
36.090595
35.946278
35.793480
36.062759
35.932362
56.205299
36.092197
35.876198
56.242420
36.090916
35.903877
36.043560
35.992836
35.882278
36.073959
35.949314
35.721001
36.041637
35.962917
56.173302
36.086433
35.904839
56.254417
36.008518
35.818764
56.237942
36.053955
35.899078
36.037315
36.092197
35.842281
36.059879
36.011879
20.593094
22.788099
36.052197
35.835564
36.069321
35.924839
35.734760
36.060997
35.964355
56.179062
36.081955
35.904358
56.210739
36.033958
35.918282
56.228500
35.990917
35.903557
36.036518
36.070915
35.876358
36.054760
36.032196
35.721962
36.093479
35.898758
56.215858
36.081795
35.944839
56.251862
36.023560
35.904198
56.238899
35.986759
35.894920
36.010918
36.040356
35.750923
36.027397
36.011398
35.772522
36.084518
36.147717
35.934120
56.231701
35.999241
35.929001
36.070919
36.041477
35.907082
36.040836
35.978439
35.742920
35.985958
36.006435
56.208340
23.950958
35.983078
56.201942
36.083393
35.945480
56.306900
36.011238
35.892040
36.004200
36.009319
35.873001
36.063717
35.995720
35.734119
36.064999
35.888840
56.185940
36.095078
35.894279
56.250580
36.091873
35.950279
56.226742
36.073635
35.827560
36.042919
36.029797
35.856041
36.054760
36.003399
35.737801
36.043400
35.954121
56.183220
36.099876
35.829002
56.183861
36.005157
35.940842
56.217300
36.018921
35.944202
56.200340
36.020519
35.950920
56.213623
36.057156
35.902920
56.244339
36.000996
35.898441
36.024200
36.020199
35.798599
36.021481
35.985001
Control Period
35.772522
36.032360
35.895882
36.022758
36.001801
56.198421
36.012199
35.902760
36.021641
35.982441
56.185944
36.015396
35.902122
36.232677
36.039398
35.955399
56.181622
36.018276
35.857800
36.036041
35.962761
56.300823
36.061478
35.898922
36.068520
36.009796
36.038280
35.953640
56.359539
36.006439
35.913639
35.933960
35.976040
56.359383
36.023079
35.918438
36.033482
35.992680
56.392818
36.007717
35.847881
36.072678
35.990120
36.074276
35.953480
56.209625
36.068356
35.952999
36.064037
35.906441
56.254745
Control Period
36.055077
56.164986
35.968681
35.902443
36.029800
35.933319
36.030922
35.899879
36.052040
35.887402
35.886124
35.958599
35.753002
35.885643
56.267063
35.948200
56.235703
35.987717
56.195065
36.012199
56.146103
35.800522
35.891403
35.849800
35.905640
35.928360
35.896999
35.881481
35.990276
35.851402
35.914761
35.849319
35.761963
56.266899
35.878601
56.223701
35.905640
56.094105
35.854919
35.894600
35.890762
35.918758
35.900841
35.917801
35.850922
35.725803
35.916199
35.789963
35.855721
35.787403
56.214264
35.831882
Control Period
56.120663
35.794762
56.223701
15.709337
35.736679
35.946602
35.731724
35.885159
35.734123
35.872204
55.986588
30.544130
35.845802
56.204021
35.795879
56.264339
35.799080
36.024361
35.760361
36.057800
35.787243
36.157959
35.789642
36.130917
35.763561
36.166916
35.764519
36.132198
56.201782
36.083080
56.223541
36.023399
56.236504
36.002281
56.274101
35.970600
36.029961
35.975563
36.112198
35.967720
36.151077
35.977318
36.133480
35.874760
56.203224
35.965801
56.206905
35.953323
36.045158
35.912361
36.064041
35.890923
36.076839
Control Period
35.921322
36.073959
35.946121
35.972523
56.402740
35.958603
36.070442
35.929962
36.017960
56.207222
35.978760
35.856682
35.991241
36.041962
35.907402
36.002602
56.224182
36.025162
35.903721
35.902122
36.034122
56.180344
36.003719
35.855080
35.841801
35.905323
35.898121
35.877960
56.214264
35.884201
35.902924
35.903244
35.885643
56.194584
35.797962
35.893482
35.885960
35.897003
35.907242
15.760859
56.028824
35.775242
35.895241
35.727882
35.838924
56.144341
35.870281
35.940361
35.769001
35.863724
35.737003
35.801003
56.222904
35.767086
15.673819
Control Period
35.736362
35.915081
56.214104
35.794285
36.055080
56.196342
35.785480
35.988678
35.735405
36.093163
36.042118
35.788685
35.929802
56.244503
35.775562
36.038120
56.178902
35.949638
36.272995
36.015560
56.201462
35.977001
36.034760
35.898762
35.975403
36.044998
35.813004
35.993801
56.242905
35.919563
36.021481
56.375542
36.021957
36.072521
35.936043
36.016521
36.055721
35.898281
36.039402
56.312984
35.901962
36.062122
56.179543
35.926601
36.044201
56.185944
35.978600
35.803726
35.903721
35.927563
35.859562
35.870922
35.866283
56.260345
35.891083
35.955399
Control Period
56.176987
35.782444
35.921162
56.134102
35.797485
35.839245
56.175064
35.790443
35.845005
35.948040
35.762444
35.837803
35.909962
35.757965
35.845642
36.016201
56.181782
35.809483
35.904205
56.161308
35.824684
35.950600
36.110920
56.235542
35.808044
35.878761
56.279701
35.769482
35.968681
35.982601
35.765007
35.975243
36.094440
35.807720
36.038761
36.104359
56.265305
35.973480
36.055717
56.262741
35.955078
36.027405
56.264984
35.939404
36.081001
36.056999
35.919724
36.033161
36.120678
35.944359
36.009964
36.149639
56.217625
35.991402
36.051880
56.274582
35.969002
Control Period
36.045322
35.894123
35.926445
35.986763
36.054600
56.306904
35.960682
36.055882
35.943882
56.242905
36.001003
35.825005
35.923241
56.208504
35.804523
35.874283
35.918442
35.923241
35.831882
35.866283
35.880203
35.762123
35.809006
36.047562
56.154427
35.774605
35.845642
35.939880
56.232502
35.773323
35.917480
36.105000
56.202583
35.792526
35.850922
36.120518
35.783081
35.850765
36.121159
56.349785
35.795086
35.994282
36.118919
56.296345
35.886440
35.977322
36.120682
56.236984
35.883564
36.044361
36.069317
56.380661
35.998283
36.023403
36.070923
35.925964
36.001003
36.004681
Control Period
56.453621
35.931561
36.007561
36.088524
36.108360
35.969643
35.892365
56.286903
35.914120
35.986923
35.872684
35.937962
56.284344
27.739698
35.800842
35.841644
35.945160
56.199387
35.771729
35.806442
35.764366
36.072361
56.294746
35.805965
35.906765
36.080681
36.084358
56.220505
35.797962
36.010761
36.087082
56.325302
35.808208
35.958763
36.054596
36.037163
56.152027
35.927402
35.983402
36.036362
36.130440
56.380501
35.974121
36.082123
36.024841
56.408981
35.933643
35.980522
36.114117
35.953484
56.270584
35.951565
35.912041
35.893002
35.893803
35.938438
35.963882
35.822128
35.963402
Control Period
56.316505
35.986286
35.881485
35.867245
35.995564
35.946922
56.308662
35.801163
35.824844
35.904045
35.973801
36.116199
56.217144
35.779087
35.789165
35.952682
36.136841
56.277786
56.197624
35.764526
35.974762
36.087559
36.050762
56.274586
35.780205
35.959885
36.049320
36.056358
36.099239
56.416981
35.948681
35.965164
35.989803
36.040199
36.136200
56.244503
35.954121
36.028522
36.049000
36.085159
35.939724
56.264824
35.956200
35.950283
35.851406
35.897964
35.884361
56.161945
35.940041
35.778446
35.853165
35.937004
35.904522
56.172829
35.837322
35.892204
35.916046
35.978443
56.350426
56.244186
35.822926
Control Period
35.831085
36.132042
36.126759
36.107399
56.247383
35.772205
35.809807
36.009960
36.022923
36.092201
36.145641
36.083561
56.381622
35.931404
35.978443
36.017643
36.047081
36.105961
36.110123
56.255867
56.214584
18.778728
56.382423
35.979401
35.760529
35.802765
35.937805
35.929161
35.949806
56.359066
56.277306
35.808048
35.808044
35.835403
35.994282
36.104839
36.082279
56.336346
56.263866
35.775085
35.950123
35.997963
36.051559
36.056358
36.071239
56.460022
35.988522
35.952202
56.413940
56.397305
35.966442
36.005161
36.018280
36.030762
36.128040
35.903404
56.245625
35.960842
35.959881
35.988041
36.030281
35.943886
Control Period
35.941963
35.940685
56.337303
56.324986
35.980362
35.765968
35.796844
35.795086
35.854286
35.877808
35.976204
36.126122
36.125160
36.090599
56.318741
56.266266
35.776684
35.857483
36.009804
36.062443
36.049961
36.091084
36.116039
36.084042
36.060520
56.540180
34.415268
35.911884
56.275223
56.178429
35.816044
35.787567
35.786289
35.850445
36.096840
36.038601
36.042763
36.159721
36.146439
36.145157
56.295227
56.392185
36.004841
35.963402
35.963402
35.997643
36.059242
36.020042
36.136200
35.967403
35.909004
56.263702
56.174427
35.966923
35.956844
35.982922
35.815567
35.886765
35.871407
36.017166
36.003563
35.999241
36.009644
Control Period
56.218266
56.250107
35.850765
35.801647
35.791248
35.762928
35.828045
36.041962
36.023083
35.972366
36.028042
36.029640
36.099560
36.129318
36.112999
36.032681
36.078766
36.065483
35.894924
56.289467
56.196350
56.280827
35.956680
35.951725
35.918446
35.954124
35.989319
36.052521
36.025482
36.040840
36.106277
36.131401
36.153160
36.143723
36.117477
36.047726
56.436985
56.426102
56.244347
56.238106
35.938763
35.934921
35.974442
35.968681
35.977642
35.929642
35.893166
35.958923
35.874924
35.896847
35.899883
35.979565
35.955887
35.932365
36.183399
36.029003
36.120682
56.296669
56.248348
56.330265
56.219547
35.793327
35.927567
35.966923
Control Period
35.992683
35.978764
36.003563
36.032520
35.990604
36.030121
35.983082
35.974442
35.982765
35.994282
36.086441
36.072521
35.886284
35.867725
35.901165
35.937805
35.909168
35.876846
35.970764
35.988686
35.946445
36.020523
36.051399
36.039242
36.061962
36.093483
36.114120
36.127880
36.143242
36.127399
36.117641
36.116360
36.090122
36.045963
36.161640
35.959244
35.921646
35.907406
35.904686
35.937965
35.940681
35.930603
56.293148
56.160347
56.391064
56.508987
56.349785
56.165466
56.347546
56.290428
56.281467
56.244827
56.178108
56.197952
56.224506
56.240189
35.953648
35.855568
35.974442
35.982285
35.959560
35.945324
35.940365
35.965805
35.960201
35.963245
Control Period
35.938923
35.931885
35.961002
35.959408
35.957485
35.926445
35.869007
56.225311
56.262268
56.323708
56.255226
56.233627
56.276665
56.293625
56.327225
56.304348
56.331867
36.047401
36.105000
36.124207
36.122444
36.095081
36.058121
36.086441
37.227703
35.964363
35.895405
35.876205
35.917965
35.904205
35.913166
35.868843
35.965004
35.943886
35.916527
35.944363
35.885647
35.828846
35.895245
36.015404
36.024204
35.972683
35.918766
36.064682
36.027405
35.996841
35.985641
35.940845
35.960846
35.957802
35.979721
31.195965
56.387707
56.461945
56.476505
56.426109
56.306908
36.093483
36.071404
36.091080
36.077324
36.088043
36.167240
36.134281
36.112843
36.165802
Control Period
36.117802
36.119240
36.086445
36.073963
35.966606
36.042923
35.940044
56.316669
35.969002
36.080364
36.062443
36.045486
36.099083
36.116844
36.073002
36.123241
35.866287
35.897007
35.878605
35.830128
35.782608
35.771088
35.800365
35.800049
56.262909
56.196030
56.282425
56.301308
35.970284
36.066284
36.106281
36.057484
36.086285
36.107403
36.082443
35.985485
35.889965
35.843246
35.835888
35.880527
35.864365
35.823086
35.778927
35.778927
35.809006
35.795731
35.795246
56.194267
56.244827
56.198429
56.460186
36.091885
36.139404
36.118282
36.068844
36.152679
36.116043
35.997486
36.109962
35.995564
35.929646
35.979084
36.065964
35.932205
35.902287
35.939087
35.942127
Control Period
56.378586
56.388031
56.298592
36.095406
36.069805
36.081322
36.067242
36.048042
35.998924
35.950764
35.944202
35.941643
56.345791
56.285950
35.936203
35.944366
35.908207
35.861324
35.891403
35.870609
35.834286
35.850925
35.748207
35.772530
56.234268
56.281788
56.362587
36.069485
36.094128
36.082123
36.056206
36.033806
35.986923
35.950287
35.969807
35.976364
35.954765
56.285629
56.247871
35.933647
35.966286
35.977005
35.921486
35.848366
35.794128
35.880203
35.846287
35.773327
35.750446
56.145630
56.353310
36.090443
36.183239
36.101162
36.060688
36.033646
35.995564
36.017963
35.939568
35.924366
35.972843
56.334591
56.308990
35.901165
35.931885
35.886925
35.875565
35.865486
35.818768
Control Period
35.815575
35.736851
35.795086
56.226746
56.341469
36.054768
36.049011
36.129799
36.040527
35.964207
35.943249
35.947563
56.203873
56.286591
35.925327
35.952847
35.892689
35.812366
35.850128
35.783569
35.767731
56.191711
56.214752
36.073963
36.104843
36.064842
36.017647
35.937969
35.964046
35.941647
56.397148
56.434425
36.065163
36.097485
36.091404
36.017963
35.954445
35.887569
35.900208
56.272034
41.032444
35.906128
35.883087
35.935886
56.333469
36.033485
36.079247
36.176201
36.044685
35.999409
35.989647
35.964363
35.973167
56.229630
35.911568
35.953964
35.900208
35.907085
35.809166
35.790611
35.810287
35.786770
56.308510
56.296509
36.129486
36.063564
36.102440
36.023087
36.020687
35.953968
Control Period
35.963085
56.270111
35.902767
35.964043
35.845806
35.795731
35.964371
35.986286
56.357628
56.544083
36.380318
36.102921
35.880043
35.866287
35.804848
35.764210
56.273628
36.140900
36.114601
36.051083
36.050285
35.945328
35.957970
56.304832
36.010666
35.910927
35.887405
35.789970
36.001328
35.955566
56.381149
36.181381
36.135567
36.028687
35.946766
35.792049
35.760048
56.240669
36.050766
36.113483
36.086926
36.028206
35.992847
35.940048
56.306271
56.373692
36.066246
35.880527
35.847889
35.835732
35.814930
35.963890
56.487228
36.292423
36.024204
36.093803
36.047089
35.859409
35.768692
56.243393
36.137482
36.119884
36.085804
36.012367
35.974926
35.989647
56.288673
35.972588
35.980366
35.903725
35.922928
Control Period
35.869808
35.809650
56.458588
37.020554
36.165325
35.844368
56.323227
36.981995
36.139565
36.054287
35.933487
35.960369
56.318748
36.862797
36.149483
35.938927
36.006126
36.002125
56.425308
36.999115
35.916367
35.935566
35.861809
35.820690
56.265793
57.096386
37.729713
36.091087
36.127243
36.013809
35.956688
56.438271
37.068558
36.044365
36.017967
35.965965
35.938286
56.246269
36.804077
35.928047
35.864368
35.791889
35.765808
56.196514
36.867599
36.091724
36.064041
35.945648
35.930767
56.452667
37.149673
36.139568
36.056366
35.998123
35.976528
56.228195
57.144550
37.548763
35.863251
35.919407
35.796207
35.794769
56.356667
36.985352
36.058765
35.960049
35.968529
35.982765
56.347229
36.996716
36.055885
Control Period
36.032047
36.124523
35.964848
56.266273
37.542114
35.925968
35.880367
36.282761
56.439552
58.019859
39.462898
36.156364
36.515717
35.847889
56.260509
58.078732
39.614090
36.031086
36.285961
36.164845
56.604027
37.842430
36.173004
36.068687
36.676517
35.945007
56.437149
37.830269
36.955711
15.785177
36.116524
35.938766
35.971886
56.554909
38.232822
36.708672
36.030766
35.949169
36.700836
56.419395
37.651878
36.608036
36.110283
35.768211
35.919888
56.881783
38.991367
36.050926
15.753341
35.952206
35.933647
56.267231
38.487377
36.165962
35.884365
36.404041
56.533791
58.141777
39.864174
37.530899
36.065487
35.929966
56.929142
59.383514
40.820473
36.292843
37.181946
35.927887
56.162758
37.430439
37.090431
36.235558
Control Period
35.834930
36.981949
56.961143
39.038601
36.041168
36.681957
36.721951
56.479553
38.542290
37.423862
36.225643
35.966129
57.050900
60.694881
42.620979
35.839890
36.988350
35.919727
56.740505
40.070259
36.056366
36.145966
37.508179
56.639389
38.757965
36.560997
37.340347
35.953327
56.370590
60.214088
42.788494
35.904530
36.786114
36.715878
56.460350
39.111397
36.760353
36.008045
37.509941
57.120178
39.155075
36.735237
37.120029
36.003246
56.524509
60.970398
43.225292
35.944851
37.319866
35.882771
56.540192
39.940666
37.155548
36.071884
37.244507
57.300499
39.294918
36.613800
37.965935
35.958447
56.487709
60.543041
43.484642
35.988846
36.480198
37.260986
56.385635
39.216679
38.516167
36.074448
35.937489
57.985443
Control Period
61.485584
23.143377
36.898113
37.342903
35.929008
56.563553
40.808708
36.540195
35.868206
38.002895
56.852661
39.412724
37.826416
36.614761
35.966446
57.961929
62.467869
45.129684
36.728355
38.199692
35.962769
56.564514
41.604057
36.986752
35.919888
37.237305
57.801765
60.627415
44.091621
38.469452
35.976368
36.831551
58.733913
61.862118
44.421219
37.874416
36.850594
35.964050
58.079208
62.975544
45.591446
36.732677
37.813938
35.864532
56.664509
62.390430
45.509201
36.042927
38.512970
36.604355
56.260353
39.553204
38.518406
35.804531
35.997490
58.762711
62.679062
45.286484
38.626244
36.822754
35.963245
57.891209
62.710266
45.126007
36.460361
37.876495
35.789810
57.162262
62.680508
45.510963
36.338604
39.115997
36.091084
Control Period
56.269314
40.250687
38.110413
35.793491
37.325150
58.553436
61.831772
45.191074
39.906544
36.018608
56.203556
61.458656
66.471687
49.288921
36.652519
38.392326
56.335552
60.247795
66.866562
50.086025
36.259724
38.960957
56.678108
60.016926
45.087563
37.067390
36.352360
58.838394
62.545681
45.922585
39.138397
36.426605
36.040207
58.998390
63.744221
46.703209
36.789635
38.397289
56.402592
60.047005
66.838730
50.126995
35.901493
38.647846
57.412174
60.604431
45.433311
38.448647
35.972366
57.583214
63.337505
66.643997
50.234337
38.999199
35.772854
57.532814
63.852215
67.155350
50.454975
39.620949
36.229961
56.220036
61.092102
67.225754
50.070667
36.163727
38.968163
56.702747
59.963165
65.602745
50.646339
36.065647
Control Period
38.084335
58.237923
61.580807
45.864647
39.084957
35.829491
36.732197
59.796776
63.430058
77.830200
83.688728
87.538803
71.051620
58.004700
41.644550
36.325481
60.540443
64.712280
47.876457
38.305931
38.227852
56.303551
60.866417
67.226051
42.050850
35.970608
37.268349
38.822083
56.285156
60.553791
67.927490
51.338387
36.333641
39.734230
56.818420
60.303867
67.699165
52.158844
35.898129
38.108017
58.704636
62.059681
66.965263
53.691467
36.860603
36.582920
59.920135
63.669415
46.820633
40.334854
37.239067
36.088848
60.055489
64.875633
48.024933
37.287708
39.548630
35.929008
56.740349
64.053413
47.927017
36.129967
40.045742
57.292656
60.763058
67.409248
52.818993
35.988689
37.677780
60.255333
63.684139
67.417580
Control Period
75.601669
59.824097
43.035500
40.360935
37.173149
56.192837
61.181164
69.084961
52.284363
36.701477
40.089424
56.367073
60.179901
68.102097
52.499557
35.965488
39.541912
57.490898
61.003250
67.561951
74.436806
57.667244
41.849510
39.585106
56.412994
60.205818
68.372650
52.643394
35.869331
40.062862
58.123528
61.502598
66.878593
74.905907
58.173149
42.143417
61.122833
44.575188
36.707077
61.356590
44.779991
36.567398
61.441391
44.805267
36.700039
40.015343
56.543392
60.177662
68.148499
52.799713
35.929970
39.977585
58.224648
61.715401
68.246742
74.671684
57.790764
44.653149
17.996666
56.297798
61.386444
69.583359
52.684525
36.772041
39.794228
56.451077
60.922611
69.814232
53.659538
37.029018
Control Period
40.443817
37.380348
56.454918
63.857262
69.955627
53.044769
39.889530
38.640808
56.140358
61.436337
70.150658
53.494194
37.338364
61.186516
44.895168
36.971077
40.345100
36.113968
56.670113
65.746674
70.489861
53.754841
41.032555
37.276989
56.374916
63.884621
70.371300
53.617558
39.622814
39.340477
56.401474
62.111362
69.721382
53.259159
37.700119
40.294697
36.001488
57.853767
66.244736
49.875309
36.678280
61.433872
29.159588
36.070610
40.501095
38.320011
56.372353
62.513596
70.841049
54.111469
38.470032
61.617870
44.951645
37.122913
61.461552
44.815491
37.063553
61.285873
44.594212
38.494888
40.058544
56.390434
61.896648
71.091927
75.145844
59.091290
68.508484
52.394413
36.768677
62.123459
Control Period
45.799473
36.682598
61.573872
45.387753
36.640041
61.594833
45.222317
37.100510
61.055161
44.514965
38.080978
62.410019
45.681023
38.037457
61.022999
44.282803
38.744007
40.101105
56.385956
61.895477
70.631668
74.790810
58.917320
68.015106
51.455391
36.939075
62.031624
45.382309
37.353149
61.465229
44.780071
37.842422
60.939800
44.273685
39.421436
39.881744
56.412834
62.089874
71.185097
75.197685
59.341316
68.884529
52.487854
36.756519
61.472271
45.313030
37.337788
61.788429
45.098476
38.260494
40.473419
35.918453
58.134731
68.036667
72.203651
55.939774
65.570030
49.532227
36.669319
62.379303
45.846306
36.950916
64.049515
47.352684
36.851234
62.037704
45.733025
Control Period
37.169632
62.033386
45.471809
37.283550
61.821869
45.215973
37.701782
63.107605
46.372910
38.017616
63.016888
46.344109
38.202896
62.894806
46.070351
39.425755
40.079662
56.350277
62.441925
71.324249
75.323936
59.416908
69.310097
52.933640
36.997330
62.448257
25.607492
37.189632
62.033226
45.655487
37.270111
61.852104
45.194687
38.678246
61.674187
44.821251
39.621433
62.456738
45.691643
38.267212
62.290337
45.539322
38.156017
62.646652
45.974998
37.905617
63.211601
46.463150
38.009457
62.569855
45.899963
39.319035
61.080441
44.385262
38.785606
61.608910
44.864136
39.786228
61.631470
44.744942
39.660149
40.198704
23.222340
36.074291
61.799629
46.936264
36.106289
Control Period
62.214981
47.065479
36.298927
64.359100
48.364807
36.706440
63.042011
46.813961
36.726917
62.772572
46.949318
36.844521
62.723137
46.685005
36.679558
62.651291
46.806435
37.055077
64.247116
47.736191
37.087070
63.883438
47.286114
37.230270
63.752075
47.111874
37.488026
62.220100
45.638138
38.915844
60.935486
44.338322
61.966347
69.922699
53.245861
40.854073
39.678230
56.454117
63.250332
72.310829
76.162292
61.998852
72.352448
55.453049
41.238247
61.541878
44.869678
39.415035
62.625053
45.912052
38.917122
56.397160
64.825348
73.119614
76.753479
83.935127
93.542023
76.780701
85.672562
95.355774
78.643890
64.828598
74.680923
57.993687
66.641228
Control Period
53.299534
36.411404
62.877048
68.755104
51.731297
64.381187
69.654938
52.770008
62.777538
48.113373
36.083572
63.928558
69.195747
52.522495
63.677200
47.620098
36.831879
66.539711
70.379402
54.161819
64.727165
48.636463
36.977318
63.774319
47.258503
37.367390
64.218315
47.476421
37.381149
62.101864
25.404938
37.796021
63.319283
46.444431
38.933445
62.140427
45.299816
62.942974
70.496529
53.618160
62.336651
48.946384
36.048851
64.053192
69.098305
52.624409
64.737503
69.058151
53.094486
63.746868
47.464172
37.088196
65.389008
69.171906
53.783592
64.664291
47.636806
37.412827
63.848557
47.122826
37.382431
64.685341
47.964252
37.666901
63.784557
46.874187
Control Period
37.761944
63.517204
46.428574
38.968323
62.927452
45.770821
39.730873
61.848114
44.832283
39.770710
40.098866
56.416519
64.571312
73.212181
76.670090
83.942337
93.293114
96.679985
82.235794
92.430557
75.427841
60.602852
70.697456
53.704182
40.529247
61.858189
44.707798
62.442337
69.009003
51.865013
64.889343
70.986893
53.815540
64.881813
70.481133
53.536339
64.916840
69.926247
53.255051
65.286583
69.799843
53.010406
64.512070
69.222603
52.933956
64.018158
47.675274
37.155075
64.168556
47.307762
37.944660
63.765358
46.757843
38.436813
63.222172
46.224579
40.256462
62.835773
45.861698
61.386200
70.543381
53.532509
62.512894
69.392670
52.505955
64.622467
Control Period
70.216026
53.000008
64.404068
69.201294
51.938721
64.193672
69.444969
52.428146
64.793663
69.036659
52.446716
63.902481
47.584373
36.708202
66.072685
69.640007
53.523010
64.778694
68.576897
52.708542
64.172714
47.106300
38.306576
63.518806
46.089996
39.483196
62.470345
45.244728
64.595108
70.451355
53.248299
65.144859
70.478714
53.259659
64.219597
69.704811
52.607033
64.639748
69.530891
52.585114
65.062134
69.131851
52.415989
65.010139
69.134094
52.576309
64.351273
68.294273
52.641594
64.206795
47.021980
37.553146
63.915123
46.687588
38.694572
63.469044
46.221668
61.289722
70.889267
53.675331
62.136501
70.902145
53.508530
64.582619
72.050842
54.766029
Control Period
62.610836
71.226990
53.705173
63.882263
69.494308
51.966728
64.853180
70.186188
52.464855
64.240555
71.036743
53.497009
64.221031
69.461563
51.773029
65.448212
70.415955
52.938137
64.107117
68.847183
51.574642
65.338936
69.031967
52.042461
64.272072
67.922394
51.510159
66.345474
69.551796
53.927387
64.630554
47.349216
37.489792
63.854797
46.345779
38.477615
63.774963
46.247066
38.281456
63.751122
46.144829
38.844807
64.155594
46.658096
37.685146
64.295273
46.677776
37.813946
63.896721
46.424503
39.564796
62.818657
45.155880
63.178970
70.708107
53.213650
63.073692
69.328613
51.829037
64.352074
69.283493
34.611717
82.481697
66.203384
50.148586
Control Period
63.392567
45.908546
38.496655
64.469032
46.717346
37.757946
52.460747
27.701630
56.712036
66.784378
71.894554
54.230064
65.088631
69.304260
51.600090
65.001984
69.243698
51.681122
65.094139
68.822739
51.735199
64.717186
68.147232
51.285927
63.334816
46.299919
37.285473
64.761024
47.258293
37.463871
65.653015
68.383072
52.000160
65.142456
68.133469
52.011353
64.746628
47.244057
37.457310
66.088364
68.986740
52.885902
64.789032
47.288696
37.035080
66.281799
69.357613
53.257736
64.917183
47.237015
37.552990
63.948078
46.138947
38.726089
63.843922
46.025032
38.783852
63.646965
45.718956
38.980167
63.266975
45.324570
61.166847
70.012970
52.287842
61.309402
Control Period
69.880966
51.958900
64.995903
70.512016
52.489792
64.382469
69.496666
31.177010
63.174492
68.279892
50.365185
65.605179
71.022568
53.150581
63.424091
68.821640
50.996529
64.814148
68.864685
51.357170
65.155739
69.010918
51.595242
64.795746
68.252373
51.106293
64.650787
67.646141
50.771896
65.299103
68.282135
51.810921
64.115440
46.304413
37.398754
64.809029
47.145195
37.480511
65.445183
68.164856
51.955242
64.287598
46.593208
37.659069
64.290314
46.466484
38.308659
64.780869
46.834801
37.343235
64.287277
46.676723
38.374096
63.306492
45.370346
61.934837
70.340500
52.406273
61.505722
70.400185
52.507397
39.549118
62.854340
44.950191
63.409210
Control Period
71.522400
53.264370
39.670235
63.407448
45.267014
38.924492
63.367451
45.210697
61.523483
70.722763
52.475613
38.354897
64.993988
67.382339
50.452606
64.428711
46.698509
37.280994
62.657700
45.140137
38.188820
65.109665
67.411781
51.021236
64.047920
46.306839
38.549614
63.153214
44.916142
62.346188
70.657959
52.519608
39.661598
63.027134
24.319834
62.932259
70.379890
52.118019
64.928864
71.006599
52.848087
63.570969
69.502785
51.484753
62.942497
68.266327
50.169415
65.526138
69.998619
51.862823
64.751747
68.705200
50.937721
64.795433
68.055130
50.872440
67.085632
69.684219
52.295135
65.978287
69.144394
52.161861
65.984367
68.596558
52.590172
65.317337
Control Period
67.806328
50.669449
62.880100
45.416183
37.206757
63.140575
45.277786
37.327396
65.497498
67.759506
50.565506
66.957314
69.525871
52.202595
64.646469
67.581902
50.210464
64.505829
46.609921
38.297935
63.896240
45.462742
37.657310
65.148392
96.479530
80.874947
88.038788
70.098244
55.693802
63.942593
45.618053
61.250050
69.637070
51.314129
40.414547
40.357906
35.976696
84.091759
90.142342
71.818443
79.663559
87.400513
69.007812
54.396812
62.818184
44.313007
61.889076
70.300903
51.672207
38.684334
63.637207
45.399704
38.912010
63.695927
45.350105
37.795067
64.211441
45.984501
37.807705
64.423759
46.278572
38.012184
63.675129
45.282589
61.855480
Control Period
71.134491
52.631714
37.196999
62.649227
45.292671
37.503395
62.146034
44.195724
39.063690
63.229057
44.775398
39.893272
63.031303
44.610603
39.613438
62.681381
44.086281
40.359348
40.264149
36.186455
84.403114
68.153419
49.975594
64.684875
68.047340
49.940880
62.587147
46.391212
36.542610
65.097351
67.909904
50.282951
62.255791
45.751060
36.569008
62.854019
45.570099
37.062122
62.565865
45.319229
37.302597
64.665031
67.046074
49.881035
64.153687
46.070908
37.885147
63.793045
45.633301
37.792671
64.158958
45.809776
38.161781
63.799927
45.498909
39.034569
62.982498
44.387886
39.696476
62.979942
44.524361
61.745720
70.727135
52.323074
37.484673
66.057327
Control Period
68.282372
51.009621
65.822777
68.322662
51.313911
66.035889
68.328423
51.399506
65.391739
67.591637
50.580482
64.043129
46.008957
37.978584
64.654633
46.405579
37.301315
63.844570
46.092789
37.228996
63.611931
45.735832
38.214581
63.653534
45.405441
39.462883
63.282333
44.709602
40.405907
63.860889
45.375999
37.561630
64.548553
46.523499
37.720352
64.292397
45.954865
37.358757
65.423416
67.850670
50.865753
64.245209
46.205597
37.447712
64.443115
46.310219
38.020023
64.314484
46.047356
37.713310
63.844410
45.680794
38.354424
64.348724
45.954071
37.569633
64.268562
45.921913
38.093464
63.797371
45.449120
38.870415
63.798645
45.434555
38.277939
64.065369
Control Period
45.761757
37.419716
64.201202
26.368511
36.099575
43.873688
58.175381
39.904613
64.707275
68.322395
50.476902
65.803101
69.204781
51.157688
64.641998
68.854706
50.502499
65.427582
70.528915
52.174957
61.924278
69.789574
51.445847
61.169731
69.595497
51.061855
39.687355
64.045364
45.676041
37.249161
64.880394
67.400330
51.041851
64.188080
46.223549
37.148041
65.563263
68.069283
51.532726
64.275444
46.220352
37.147720
66.849319
69.313896
52.284069
65.709015
68.513107
51.260727
65.497986
68.078560
51.121212
63.373695
45.409485
38.368179
65.741653
67.818558
51.285202
66.903244
69.342064
52.033360
66.596046
69.132629
51.467773
67.699066
70.732117
52.216560
Control Period
65.462303
69.865097
51.281384
65.416222
71.192749
52.448399
64.074333
71.672913
73.397354
58.176147
67.216156
48.776920
38.763054
64.150963
45.599251
37.571552
64.511124
46.306446
36.949005
66.766281
69.034073
51.464104
66.982758
69.630859
51.943455
64.986153
67.796333
49.973568
65.574463
68.118568
51.053551
65.026474
67.315224
50.084446
66.377327
68.658081
51.882339
65.512222
67.804977
50.283009
66.594131
69.126396
51.495308
64.048889
46.514599
36.537014
64.906471
68.055206
50.392918
62.618351
45.879730
36.739086
62.833862
45.475731
37.412998
64.177048
45.924210
38.862251
63.998009
45.586292
37.554756
64.215767
46.230606
37.390274
65.233826
Control Period
67.979691
49.878826
64.828232
68.489410
50.338306
63.503616
68.534691
50.428066
39.872318
61.136131
43.010143
37.654434
63.316101
45.457153
36.851242
65.688705
68.754692
50.573509
64.676399
69.523163
51.346779
38.911694
63.526337
45.368511
37.197800
63.646019
46.019386
36.548531
64.875435
68.683334
50.420235
62.449875
68.791489
50.637344
38.636497
63.902332
45.773148
37.055244
63.535618
46.356979
36.544849
65.228226
69.457077
51.072056
61.958679
70.290985
52.079403
37.559395
65.035912
67.628151
49.551762
64.877197
68.736778
50.307438
62.447952
70.114670
51.934925
37.891388
64.297043
46.231377
37.033646
65.808060
68.659172
50.553028
62.402195
68.899170
Control Period
50.793987
38.182266
63.890652
45.836060
37.263084
62.874989
45.634144
37.046761
39.863838
63.303783
45.578148
37.283882
62.556274
67.755554
51.131504
38.025948
37.982430
38.216824
61.648773
66.163422
70.250717
74.438324
78.778091
83.163940
87.301468
71.208923
55.121662
39.217274
39.220650
59.739517
64.789352
69.596481
74.581512
79.665588
84.749023
90.466850
96.613632
94.995575
80.829727
66.352203
51.646519
60.725586
66.641647
52.141079
40.235832
40.266552
40.242714
40.060959
40.279190
40.196953
40.254555
40.208794
40.254395
40.296471
40.062397
40.289112
40.251831
40.271835
40.257111
40.251514
40.250549
40.058075
40.258553
40.231033
40.256310
40.218872
40.212631
Control Period
40.267353
40.083672
40.232956
40.243355
40.205433
60.479507
46.157036
40.248955
40.042877
60.697105
46.379433
40.170876
40.256470
40.294075
40.220634
40.044640
40.283192
39.282089
59.833279
64.754021
69.307884
73.848312
78.249863
82.681007
66.789925
50.879799
38.431541
38.535221
59.176010
63.797073
68.203903
72.692169
77.259155
61.456551
45.523865
38.633461
38.637135
58.949776
63.456444
67.964386
72.473297
76.834686
60.942482
45.112198
38.659058
38.511383
58.978256
63.487320
67.951111
72.374260
76.914528
61.084885
45.003563
38.601624
38.628181
59.129448
63.415161
67.993027
72.667534
77.024284
61.139603
45.248520
38.720177
38.424183
58.976814
63.479961
68.050789
72.417618
Control Period
77.028923
61.312988
45.527622
38.561302
38.582260
59.072815
63.412724
67.920151
72.544853
77.214676
61.270271
45.394505
38.625938
38.600662
58.829456
63.328724
67.966705
72.510292
77.136436
61.377304
45.618336
38.488022
38.642578
59.086411
63.491123
68.030869
72.766289
77.329872
61.553139
45.768253
38.733459
38.460823
59.042091
63.613194
68.235016
72.618759
77.199463
61.451691
45.675762
38.570423
38.568657
59.084015
63.435444
67.946709
72.600533
77.249397
61.298111
45.475147
38.701298
38.683380
58.890739
63.491604
68.124947
72.857964
78.118820
83.525749
88.901642
73.648102
58.458084
43.291904
39.291687
59.501289
64.661499
69.893875
75.077293
80.364861
85.732430
91.009125
96.043259
Control Period
101.212112
85.842255
70.608551
55.252609
39.975071
59.752640
64.851097
70.023148
75.267677
80.570290
85.525703
90.795830
96.101639
101.236732
106.392624
91.177483
75.963142
60.568169
45.180069
59.802559
64.950455
69.821228
74.863365
80.095573
85.171791
90.353928
95.667259
100.799797
85.448181
70.247284
54.958866
39.688847
59.544487
64.623581
69.889709
74.960007
79.951744
85.535149
91.659027
97.719872
103.916069
110.090027
116.051506
122.114746
128.214783
134.547134
140.518860
146.661621
152.918137
159.023132
165.288925
171.538727
177.867722
183.873199
189.957886
196.032318
202.063080
208.252716
214.308121
219.722412
224.584869
229.881561
235.187378
219.844391
204.509094
189.194122
173.918671
178.982727
Control Period
184.050140
188.813538
193.557571
198.101776
202.806763
207.645844
212.186676
216.920624
221.758896
206.145172
190.254501
174.463989
158.713638
163.472565
167.932129
172.558411
177.349014
181.861542
186.595978
191.464966
196.200531
200.650818
184.993576
169.369141
153.668549
137.819321
142.452164
132.887634
117.044006
101.227097
105.935944
110.711029
115.264191
119.933998
124.747955
129.571686
134.159088
138.924088
143.776764
148.456329
153.169647
137.528412
121.846062
105.911392
90.075607
94.831810
99.603371
104.127739
108.766342
113.485901
118.001785
122.585991
127.284271
132.156799
116.273010
100.593063
84.842072
69.038445
73.446335
78.012146
82.660667
87.268074
91.954361
96.592812
101.197983
105.572906
89.666718
73.934929
Control Period
58.180901
41.962662
59.720802
64.158714
68.344620
72.676773
77.164764
81.621078
85.902679
90.229874
94.745697
99.076248
83.115128
67.104401
51.080555
39.032974
59.635048
64.036636
68.398071
72.608467
76.960785
81.267021
85.628769
89.970680
94.338669
98.927139
82.774979
66.618019
50.547619
39.258572
39.160812
59.745125
64.166077
68.432312
72.753265
77.199814
81.667648
85.927643
90.334198
94.794510
99.218506
83.178986
67.179306
51.111305
39.037617
39.159054
59.682091
64.038887
68.114883
72.373917
76.848953
81.177750
85.372940
89.965889
94.512115
78.403000
62.344601
46.298363
39.204494
59.519531
63.930885
68.359833
72.647026
77.008774
81.493729
86.035156
90.290993
94.763779
Control Period
99.290329
103.420609
87.085609
70.815414
54.477535
39.113136
39.255211
59.816483
63.843243
67.815125
71.988762
76.022400
80.094757
84.186310
88.299149
92.427017
75.786423
59.384228
43.016911
39.214252
38.934418
59.025135
62.549339
65.758354
69.155525
72.643257
55.736271
38.660484
38.604343
38.646103
38.644661
58.926418
62.351425
65.966995
69.161453
72.422623
55.447796
38.771061
38.509304
38.584820
38.596344
59.129135
62.417183
65.869553
69.481117
72.835732
55.890507
38.947197
38.737782
38.461624
38.587543
59.030258
62.500225
65.741875
69.131042
72.736687
55.912098
38.984791
38.633461
38.656822
38.430908
58.981621
62.391430
65.879959
69.084015
72.575104
55.549557
38.894741
38.597622
Control Period
38.620979
38.620663
58.913139
62.364944
65.901871
69.538155
72.891884
56.009933
39.175018
38.697941
38.595383
38.575066
59.112495
62.528305
65.933388
69.449989
73.155869
56.203354
39.357716
38.730103
38.690262
38.602425
59.082256
62.704300
66.101227
69.591110
73.154274
56.195686
39.150696
38.599545
38.603222
38.617783
58.863701
62.341423
65.931946
69.351112
72.843880
55.943687
39.103653
38.512665
38.623062
38.669464
59.219696
62.618858
66.191460
69.936378
73.496506
77.092468
60.341553
43.594002
38.572502
38.613625
38.618904
59.115376
62.354218
65.887779
69.501663
72.980667
56.093117
39.266201
38.665138
38.455067
38.566746
59.044014
62.616936
65.957062
69.442627
73.070908
56.273918
Control Period
39.500919
38.748817
38.683064
38.477787
59.087696
62.850349
66.720520
70.783493
75.210144
79.728149
84.072876
88.465286
72.360420
56.352352
40.116768
39.228333
39.283371
59.702248
63.875458
68.276672
72.603958
76.806129
81.008133
85.363586
89.869278
94.076889
77.811539
61.728752
45.618122
39.128334
39.270893
59.773605
64.030495
68.235542
72.675156
77.045807
81.257095
85.674149
90.116318
94.389679
98.765442
82.715454
66.710426
50.520279
39.227856
39.303215
59.722569
63.909538
68.230103
72.593704
76.765793
81.016281
85.322601
89.877243
94.095093
77.849106
61.788239
45.670254
39.262253
39.269135
59.704491
64.852242
70.118713
75.380226
80.681091
85.879410
91.240280
96.550270
Control Period
101.642670
106.806969
111.875916
117.033974
121.900681
127.102905
132.189117
136.959991
141.971497
146.218048
150.315796
154.240921
158.327789
162.555298
166.552734
170.669861
174.903290
179.172241
183.205200
166.947281
150.677048
134.367294
117.952255
101.612419
105.787140
109.710182
113.705063
117.859299
121.969376
125.820419
129.800415
133.861053
117.447784
101.047630
84.714355
68.333076
51.784126
59.615372
63.757767
67.885284
71.780968
75.991524
80.080803
84.125763
88.222725
92.514404
96.740959
80.378082
64.069611
47.714413
39.228336
39.174416
59.667847
63.747044
67.635849
71.532494
75.731529
79.829605
83.808487
87.946571
92.206406
75.969284
59.583214
43.223537
39.173775
39.114738
59.710571
63.876648
Control Period
67.920486
71.564026
75.351562
79.311264
83.061050
86.869713
90.866211
94.849426
78.124649
61.506435
44.863262
39.259853
39.234894
59.663689
63.438911
67.017975
70.651123
74.400902
78.355637
82.009262
85.691048
68.909477
52.289825
39.223858
39.221294
39.284492
59.568489
63.374111
67.178291
71.012711
74.495300
78.169083
82.108940
85.838242
89.679543
73.126289
56.593834
39.752426
39.225456
39.235214
59.743530
63.318275
67.097656
71.008240
74.705063
78.447807
82.357750
86.280334
89.946922
93.823586
77.299454
60.678360
43.966549
39.214256
39.228653
59.502094
63.208675
66.968697
70.843918
74.458344
78.345085
82.232628
85.964973
89.733955
93.687737
77.145844
60.351311
43.622700
Control Period
39.269936
39.284817
59.552174
63.088230
66.810364
70.288498
73.792870
77.308762
80.856491
84.387901
88.034676
71.096649
54.200069
39.247059
39.204178
39.232815
59.467857
62.943115
66.627487
70.279060
73.833038
77.469574
81.235229
84.657204
88.249893
91.994583
75.218475
58.242695
41.432510
39.310417
39.268818
59.512016
63.009033
66.641403
70.037300
73.479599
77.018692
80.702583
84.050964
87.755173
70.837952
53.922333
39.235699
39.209938
39.291214
59.529457
63.078953
66.715172
70.398102
73.756721
77.391174
81.085464
84.650002
88.218376
91.972504
75.202164
58.220623
41.356041
39.244019
39.142899
59.553616
63.095432
66.802528
70.230904
73.674004
77.187500
80.730911
84.233047
Control Period
87.956940
70.995789
53.949036
39.238739
39.299698
39.225456
59.608013
62.903980
66.370338
69.747261
72.948830
76.377754
79.899635
83.148239
86.546600
90.003845
93.465889
76.303940
59.242950
42.227402
39.235058
39.136017
59.723534
63.194855
66.340576
69.706299
73.140823
76.617584
79.826195
83.300079
86.772362
90.097923
93.412926
76.482651
59.473183
42.218273
39.171860
39.285294
59.580494
62.677582
65.965393
69.385201
72.503090
75.714897
79.201576
82.670021
65.322151
48.233803
39.297459
39.231537
39.130096
39.389618
59.719055
63.150055
65.891304
68.554962
71.391098
74.212669
76.740646
59.279022
41.649239
38.594105
38.595871
38.386433
38.533947
58.988823
61.589439
64.108780
Control Period
66.728760
69.431290
51.609825
38.695545
38.666267
38.635067
38.450912
38.557148
58.999702
61.698555
64.107330
66.776901
69.463913
32.662430
59.098106
61.618080
43.849731
38.608986
38.617786
38.516029
38.488346
38.528507
58.921944
61.408318
64.027008
66.738342
69.298477
51.551254
38.644028
38.694267
38.601463
38.484833
38.622429
58.836510
61.432480
64.010857
66.759628
69.249359
51.528694
38.670105
38.708824
38.608185
38.631229
38.560829
58.985626
61.645599
64.367012
67.097702
69.581039
51.821655
38.706429
38.666748
38.597626
38.560349
38.596989
58.869949
61.451042
64.229095
67.092583
69.551277
51.700531
38.719227
38.642265
38.621788
38.587708
38.553951
58.888828
61.504959
64.638046
Control Period
67.999771
71.397591
75.098450
78.915947
82.888161
87.474762
92.070641
96.879639
101.398560
105.938446
110.448090
115.001892
119.704178
124.283264
129.088745
133.578705
138.365143
143.155899
147.566986
152.313416
157.057770
161.898453
166.353058
171.103821
175.839859
180.213821
184.732910
189.430389
194.177307
198.511108
203.088745
207.848785
212.382263
216.903107
221.447311
226.234222
230.708832
235.422943
240.142822
244.734222
249.469147
254.247742
259.268250
264.978027
269.853760
274.399231
278.332245
281.560303
284.123901
265.904938
247.687576
229.377747
211.045837
192.847519
175.182800
179.065887
181.472839
183.630844
185.852524
168.343796
173.590866
155.614136
137.480942
119.254944
101.326385
106.891533
Control Period
88.886497
70.391129
51.820717
37.981796
61.238392
43.226059
37.873959
37.849480
37.793159
39.195381
61.039677
42.610546
38.049000
38.005798
39.339859
61.029114
42.421749
37.919876
37.813801
39.969124
61.060959
42.604469
38.079876
38.025478
38.089798
61.223671
43.507973
37.944839
37.777962
38.329315
61.800461
43.569729
38.108841
38.058277
39.001625
61.813263
43.314537
37.873962
37.863720
40.120804
61.601425
43.128937
38.470753
38.663387
38.647068
38.739067
39.239700
59.783058
62.863991
65.853561
68.972092
72.228859
75.328186
78.499359
81.793091
84.942024
87.867119
70.511093
53.293625
39.392334
39.239540
39.266579
39.248661
59.584820
62.698872
65.866035
69.052727
Control Period
72.077019
75.642357
79.177773
82.497192
85.857094
48.324997
39.316338
39.092182
39.128658
39.194580
59.832657
63.137035
66.688614
71.088974
75.525017
80.025375
84.342537
88.964340
93.324226
97.887314
102.395996
106.806290
111.310493
115.920937
120.460495
124.751419
129.305222
133.794708
138.163879
142.709351
147.269867
151.901749
156.188507
160.791428
165.344757
169.702087
174.192535
178.785690
183.394379
187.678589
192.058472
196.440277
200.867203
205.374115
209.750000
214.244446
218.589447
223.110931
227.547302
231.979828
236.483871
241.069183
245.654984
249.882706
254.468658
258.938782
263.234833
267.684784
272.291229
276.849030
281.089874
285.573425
290.162109
294.481506
299.042175
303.576782
Control Period
308.214752
311.884308
315.373535
318.337311
321.157410
323.844727
326.151245
328.462891
330.529877
312.359589
294.270935
276.074097
257.818054
239.549713
221.335449
223.364700
225.574112
227.885117
230.291962
232.387131
234.616379
216.536499
198.369904
180.145874
161.901047
143.610138
125.200195
127.343361
129.522049
131.736267
133.714325
136.079727
118.013931
100.227974
82.720093
65.197006
47.636646
39.037945
59.561939
62.404778
65.277855
68.052216
70.984810
74.035645
76.880402
79.652199
82.516312
64.882668
47.186150
39.229942
39.316338
39.192337
39.134586
59.737617
62.651333
65.355286
68.080688
71.113121
74.110519
76.861839
80.900497
84.947792
88.813171
92.818710
96.846970
100.782585
104.561089
108.618942
Control Period
112.566879
116.376938
120.300430
124.171768
127.445992
130.212387
133.030304
135.874939
118.248535
100.336212
82.070618
63.765022
45.210793
38.535713
58.982433
61.185799
63.094120
65.083084
67.163727
49.042130
38.688351
38.630589
38.626915
38.456673
38.572193
59.041954
61.312359
63.372681
65.563408
67.893646
69.975571
51.825813
38.637951
38.641472
38.453793
38.550594
38.595875
59.069153
61.038116
63.276676
65.570755
67.638443
49.314449
38.747391
38.696671
38.451233
38.565952
38.584354
59.728981
62.398735
65.288971
68.301926
71.086563
73.977600
76.957108
79.967972
82.726685
85.687469
88.726501
71.354172
53.868725
39.339058
39.310577
39.095222
39.222424
59.868176
62.830563
65.551521
Control Period
68.456955
71.492531
74.363945
77.336319
80.432213
83.538826
86.385284
89.444054
72.100754
54.665131
39.252502
39.344498
39.294903
39.074905
59.711540
62.759438
65.808289
68.620186
71.620720
74.712456
77.524994
80.502167
83.612617
86.588509
68.858650
51.356152
39.316498
39.311859
39.218746
39.258904
59.808498
62.651756
65.572296
68.646591
72.464714
76.202042
80.171204
84.161003
88.058006
92.010689
95.861610
99.965012
103.772095
107.734695
111.669937
115.388542
119.428261
123.477737
127.542252
131.303101
135.346024
139.321426
143.043228
146.907104
150.917694
154.926849
158.613297
162.532059
166.595459
170.416458
174.283218
178.253662
182.244751
186.076324
190.073639
193.961212
Control Period
197.849091
201.345276
204.950104
208.501495
211.884399
215.402496
218.551331
220.955200
223.317001
225.242172
227.098221
228.942749
210.450638
191.867493
173.350906
154.803436
136.218369
117.645309
98.882011
100.601906
102.340843
104.294815
105.948631
107.833809
89.391304
70.920807
52.367584
38.645794
38.747391
38.446434
38.592033
59.035393
60.961849
62.646545
64.480682
66.467453
48.051826
38.658272
38.614590
38.628510
38.416199
38.545952
38.597313
59.084190
60.829208
62.766228
64.815559
66.675301
48.212639
38.769630
38.675232
38.466278
38.558273
38.597954
38.605473
58.848354
60.649693
62.491352
64.136848
66.018188
47.525444
38.691391
38.503716
38.643074
38.669632
38.646114
38.576035
59.065151
61.050648
Control Period
62.925426
65.042297
67.289566
49.161152
38.577633
38.686592
38.722916
38.978268
39.217464
59.762104
62.677517
65.307655
67.998596
70.813370
73.575508
76.332367
79.194344
81.923203
64.179108
46.561569
39.282585
39.181461
39.127068
39.229305
59.744820
62.536240
65.131020
68.003395
70.818336
73.552956
76.352692
79.372108
82.106247
51.441391
59.603706
62.433205
65.361580
68.169960
70.725540
73.588478
76.343903
79.580750
83.554550
87.466751
91.293198
94.987160
98.961601
102.853958
106.646957
110.565079
114.576317
118.411880
122.149521
126.057564
129.617279
132.408691
135.273560
117.853455
100.218315
82.449577
64.785637
47.173058
39.215866
59.576504
62.355762
65.147186
67.892204
Control Period
70.644745
73.388069
76.109482
78.622421
81.180473
83.917877
66.178329
48.357822
39.325783
39.341782
39.151066
39.277306
39.331383
59.799862
62.205276
64.846687
67.575615
70.079430
72.637001
75.399048
78.138855
80.548904
83.254318
86.057808
68.352341
50.601593
39.388664
39.310745
39.279705
59.625626
62.167679
64.871002
67.519615
69.893188
72.461319
75.191208
77.773422
80.369232
82.976410
65.270615
47.286430
39.335224
39.326424
39.345146
39.219383
59.733467
62.283199
64.772293
67.343140
69.975113
72.587082
75.035210
77.671661
80.401230
82.926651
85.577026
67.668999
49.820652
39.243225
39.301144
39.307861
39.284027
59.530746
62.201435
64.845886
67.236420
69.717346
Control Period
72.308037
74.809044
76.997093
79.350098
61.269188
43.359154
39.311543
39.284023
39.282265
39.082588
39.198906
59.796345
62.320873
64.481560
66.811203
69.409485
71.839607
74.347656
76.959702
79.403267
61.366516
43.453442
39.319862
39.377625
39.209946
39.235382
39.290424
59.563389
61.986477
64.493561
66.951210
69.251740
71.779144
74.398544
76.839233
79.143768
81.780930
63.948013
45.905022
39.308502
39.317142
39.278423
39.133469
39.271381
59.746742
62.170631
64.576759
67.102242
69.650124
71.839935
74.205902
76.625626
79.082474
61.143002
43.236805
39.323544
39.081787
39.270264
39.296661
39.286427
59.534592
62.006157
64.517082
66.861450
69.337013
71.920578
74.533424
76.894913
Control Period
79.476555
82.149063
64.273407
46.293594
39.327541
39.376984
39.136349
39.229305
39.287544
59.799706
62.012058
64.417206
66.883789
69.098221
71.549927
74.091232
76.705338
79.082642
61.101227
43.235332
39.382423
39.240505
39.308983
39.292824
39.012348
59.680984
62.193172
64.763756
66.979309
69.431335
72.017120
74.282433
76.756378
79.347122
81.629395
63.585747
45.736652
39.390263
39.218426
39.160828
39.173306
39.284985
59.615227
62.011257
64.584885
67.085388
69.366219
71.942245
74.560028
76.924377
79.440407
81.866516
63.965904
45.923695
39.397621
39.359863
39.329304
39.181465
39.295063
59.807705
62.175098
64.562004
67.052589
69.515495
71.714890
74.271553
76.873177
79.156731
Control Period
61.250038
43.365116
39.360985
39.091705
39.223705
39.219868
39.307705
59.515388
61.966309
64.461876
66.769600
69.196846
71.727287
74.192612
76.506905
79.038788
81.657555
63.713760
45.706284
39.283863
39.348984
39.035709
39.177628
39.282745
59.715706
61.973835
64.445076
67.019203
69.243729
71.674492
74.303978
76.690262
79.050148
81.527634
63.625435
45.663876
39.317307
39.354103
39.304024
39.102428
39.236664
59.848022
62.300869
64.567955
67.049118
69.638763
71.944893
74.395973
76.976334
79.551735
81.943939
63.884628
45.983227
39.377304
39.339386
39.291546
39.261944
39.083706
59.708984
62.209026
64.668907
66.849113
69.331398
71.908081
74.126373
76.552658
79.142303
Control Period
81.562668
63.492310
45.585705
39.405941
39.390266
39.277786
39.262585
39.326424
59.597946
62.018864
64.534821
67.066292
69.301933
71.861893
74.487930
76.746765
79.237923
81.862198
64.000717
45.949635
39.339706
39.342907
39.304665
39.167389
39.298264
59.813465
62.023186
64.440582
67.028374
69.535049
71.775009
74.274643
76.917480
79.343842
81.696922
63.845840
45.962917
39.187706
39.314587
39.372822
39.341625
39.266266
59.745628
62.265587
64.595467
67.091423
69.686256
72.291489
74.650169
77.173965
79.921761
82.241875
84.565834
66.476036
48.582710
39.148026
39.245789
39.280186
39.261307
39.186749
59.733948
62.263988
64.517227
66.918144
69.422424
71.958382
74.316261
76.890297
Control Period
79.269455
81.673553
63.686451
45.784626
39.332985
39.123070
39.227867
39.287708
39.233948
59.551552
62.004288
64.493980
66.819839
69.247772
71.775711
74.323006
76.715103
79.065765
81.639786
63.702282
45.722858
39.368984
39.301468
39.079067
39.216187
39.234428
59.758430
61.984451
64.385674
66.988335
69.349396
71.827255
74.407669
76.995766
79.336502
81.927155
64.034454
46.147346
39.409306
39.384026
39.301788
39.121147
39.306587
59.845146
62.372444
64.665024
67.174080
69.752899
72.136520
74.642700
77.262794
79.842407
82.220108
84.774765
87.365738
69.595596
51.641136
39.363388
39.309944
38.880035
38.663719
38.659557
59.136360
60.707668
62.522015
64.374123
66.071190
67.875778
Control Period
49.386124
38.708839
38.562916
38.625637
38.637318
38.628197
38.566277
59.036522
60.902519
62.643715
64.519470
66.370422
47.889374
38.573799
39.367069
39.378105
39.335705
39.247391
39.313309
59.829468
62.163612
64.630882
67.214783
69.811485
72.097153
74.653854
77.302238
79.668381
82.213562
84.904343
66.900887
48.769112
39.371227
39.353626
39.426586
39.296188
39.298428
59.858906
62.151299
64.560646
67.158150
69.786369
72.012360
74.496902
76.957451
79.150482
61.017273
43.087738
39.339546
39.080189
39.564987
40.301453
40.293610
40.190575
60.700493
64.133827
46.938362
60.690575
64.118950
67.400284
70.785614
74.166145
77.619637
60.495689
43.467422
40.154255
60.736176
64.043106
Control Period
67.489876
71.053993
74.526749
57.505745
40.041393
59.793629
62.186569
64.685425
67.358200
69.993690
72.341667
74.957161
77.652649
80.134544
82.714035
85.464249
67.729340
49.723877
39.281792
39.330269
39.234108
39.214111
59.639072
62.224968
64.702385
67.207481
69.857376
72.565186
74.985641
77.602257
80.290550
82.828766
85.422180
67.665192
49.872047
39.177307
39.360027
39.304348
39.264671
39.220989
59.689472
26.121531
39.223228
59.763073
62.304810
64.949738
67.401237
69.973534
72.679588
75.405479
57.551048
59.977909
62.557407
65.182503
67.623116
70.198448
72.723381
75.236954
77.810684
80.281540
82.813515
64.861649
47.009144
39.328506
39.362907
39.290909
39.247551
Control Period
39.313148
59.641151
62.041092
64.498466
67.014404
69.374184
71.976196
74.538689
76.989342
79.363045
81.898186
63.803085
45.738380
39.267708
39.339867
39.305470
39.241310
39.263390
59.757790
62.105251
64.399750
66.847046
69.211143
71.582764
74.117264
76.704079
79.009781
60.890358
42.989014
39.254425
39.134109
39.233948
39.291710
39.224190
59.550911
62.008129
64.543427
66.937767
69.367142
71.945480
74.542694
76.901512
79.396812
81.969223
64.147240
46.269096
39.364666
39.331390
39.095554
39.168831
39.303547
59.752670
62.091652
64.480392
67.082565
69.344429
71.827568
74.406387
76.802803
78.981941
81.530518
63.765808
45.871185
39.282745
39.278431
39.210106
39.134113
39.222588
Control Period
59.864349
62.369076
64.597000
67.196609
69.767891
72.176300
74.610146
77.271835
79.822159
82.289124
64.445526
46.664169
39.405148
39.369148
39.352188
39.349308
39.118591
59.655071
62.141720
64.620361
66.990211
69.481499
72.116943
74.528229
77.038879
79.678482
61.561611
43.558178
39.299870
39.344189
39.353630
39.322109
39.236511
59.783394
62.198044
64.629013
67.183983
69.800545
72.217911
74.700554
77.369598
79.852249
82.368179
64.523460
46.741943
39.170910
39.254589
39.276192
39.285309
39.219551
59.736351
62.235001
64.584373
67.159019
69.760223
72.378868
74.755432
77.227203
79.821045
82.192017
64.317863
46.432030
39.297947
39.144196
39.168350
39.304352
39.280190
Control Period
59.816994
62.160126
64.648697
67.243027
69.600876
72.130882
74.746490
77.448814
79.844421
82.481789
84.948433
67.149155
49.289719
39.292511
39.294430
39.085953
39.184509
39.332668
59.795872
62.075008
64.595093
67.114700
69.396393
71.787521
74.455765
76.936493
79.381226
81.951553
64.052437
46.168045
39.284508
39.290909
39.341148
39.100834
39.218750
59.705631
62.231640
64.560371
67.050056
69.659424
72.123833
74.612885
77.149612
79.676422
81.892517
63.802849
45.896690
39.260509
39.284988
39.300831
39.159714
39.089634
59.654755
62.234524
64.774773
66.993584
69.347916
71.814247
74.289696
76.786110
79.406197
61.592361
43.535652
39.270432
39.313789
39.340511
39.226753
39.268829
Control Period
59.805153
62.102997
64.577637
67.156761
69.757965
72.106850
74.710609
77.328934
79.797501
82.361107
84.972710
67.111504
49.027748
39.253471
39.301308
39.239388
39.122597
39.258751
59.779232
62.123318
64.555084
67.203323
69.806282
72.195328
74.753014
77.373100
79.864227
82.231834
64.185997
46.331512
39.132832
39.348988
39.338432
39.306908
39.232830
59.710114
62.261715
64.607239
66.923004
69.394447
71.868607
74.229492
76.822533
79.313492
61.238213
43.342773
39.353149
39.282108
39.091873
39.193794
39.229630
59.754593
61.960922
64.368202
66.976288
69.335892
71.804779
74.396706
76.771034
79.155441
61.252319
43.388237
39.372189
39.258591
39.244194
39.278431
39.071716
Control Period
59.671555
62.262787
64.780258
67.147179
69.698891
72.302124
74.786003
77.328758
79.917908
82.597626
64.373024
46.415134
39.348827
39.309792
39.229473
39.317631
39.284668
59.537155
62.024868
64.602982
67.183655
69.518417
72.093651
74.691605
76.989723
79.555519
82.168678
64.366951
46.334980
39.331390
39.348351
39.251553
39.124035
39.271069
59.792675
62.146469
64.606346
67.217422
69.677460
72.083893
74.688728
77.178841
79.646873
82.194588
43.738777
39.371071
39.144833
39.265472
39.269791
39.382431
39.218109
59.654919
62.246952
64.656906
67.084625
69.713776
72.266930
74.514168
77.176285
79.852318
82.129791
43.847099
39.273792
39.332512
39.170914
39.220036
39.239235
39.293629
Control Period
59.539558
62.011765
64.579811
66.959862
69.462791
72.161232
74.872955
77.284843
79.789055
82.502541
44.261459
39.289471
39.318111
39.318115
39.068516
39.218277
39.304668
59.765316
62.131126
64.668289
67.299217
69.777985
72.214195
74.724480
77.454445
79.975929
82.636131
64.879532
47.056213
39.226593
39.285473
39.271393
39.031075
39.253792
59.801155
62.360878
64.770050
67.271698
69.903908
72.404594
74.966881
77.614288
80.335609
82.644775
64.681458
46.845337
39.326591
39.277313
39.269157
39.270432
39.118912
59.635719
62.210648
64.798218
67.061951
69.541359
72.045731
74.507217
77.074944
79.589714
61.810234
43.788994
39.286911
39.248993
39.286911
39.212193
39.143394
59.790436
Control Period
62.162170
64.659088
67.322723
69.984917
72.213997
74.853157
77.547836
79.821075
62.005184
44.172813
39.304192
39.072353
39.144356
39.282272
39.319553
59.505318
62.088951
64.695786
67.171425
69.719223
72.357101
75.046494
77.532043
80.105438
82.861710
65.080536
47.147686
39.299713
39.275074
39.047878
39.218113
39.286591
59.725159
62.102554
64.657234
67.295265
69.735222
72.312782
74.941055
77.706772
80.119843
82.748749
64.989822
47.158569
39.249153
39.258438
39.235714
39.073956
39.152035
59.796036
62.374874
64.775154
67.330635
69.960831
72.359352
74.945389
77.599258
80.296005
82.726517
64.923103
47.120651
39.340511
39.209637
39.213955
39.276352
59.521965
61.991680
64.574997
Control Period
67.290634
69.575188
72.217499
74.853409
77.045639
78.896118
60.368515
41.862026
38.521805
38.591721
38.532524
38.524204
38.454445
58.980850
60.982525
62.778126
64.628448
66.523247
48.085556
38.610447
38.635403
38.625961
38.581482
38.473167
38.565323
59.110928
60.931328
62.780209
64.567810
66.524048
47.921242
38.714603
38.712681
38.649483
38.552689
38.587246
38.572044
58.967896
60.711494
62.607250
64.480133
66.285652
47.810043
38.796043
38.697002
38.630444
38.601322
38.561165
38.440208
59.021488
60.811005
62.675404
64.370522
66.410278
47.945713
38.722282
38.642921
38.622124
38.683083
39.108513
39.251873
59.744202
62.438351
64.803062
67.402977
70.003853
72.345047
74.723198
Control Period
77.225983
59.525517
41.921047
39.305313
39.273472
39.388672
39.209316
59.753960
62.538136
65.302467
68.095604
71.087135
73.980110
76.725082
79.611176
82.603027
85.352966
67.825134
50.316181
39.267876
39.073318
39.213791
39.293156
59.767883
62.373180
51.585247
39.205795
39.106277
59.733799
62.570137
66.023743
69.920380
73.706619
77.289345
80.983582
84.791107
88.404556
92.269516
96.098312
99.795914
103.541840
107.388397
111.067276
114.795273
118.525192
122.137360
126.159271
130.053024
133.455750
137.194946
141.126465
144.790466
148.666458
152.479736
156.144531
159.951889
163.681976
167.254135
170.978928
174.890930
178.474289
182.352051
186.034454
189.712708
193.649353
197.562469
200.999756
Control Period
204.770325
208.363937
211.871948
215.546844
219.092148
222.599854
225.526611
228.052246
230.308441
232.879364
235.502762
237.986481
240.404114
243.036148
225.198257
207.153168
189.226471
171.343933
153.423965
135.291687
117.314125
119.826172
122.227180
124.603867
127.227753
129.815155
132.182404
134.745804
137.361359
139.829239
142.314560
124.490433
106.663910
88.623947
70.638222
52.700180
39.281315
59.516365
62.010651
64.626373
67.014740
69.448540
72.079620
74.746864
77.120987
79.766945
82.433701
84.927986
67.024666
49.170143
39.477791
39.154758
39.239716
39.288193
39.318432
59.497643
61.945686
64.463966
66.826576
69.310295
71.941216
74.588776
76.984978
79.422783
82.100105
64.298058
46.380817
39.413315
Control Period
39.313477
39.121159
39.234436
39.272835
59.724361
61.924885
64.251007
66.754410
68.970299
71.415627
73.881111
76.289795
78.666161
60.684761
42.699677
39.374592
39.255394
39.359715
39.275875
39.099079
59.623081
62.076084
64.487808
66.687698
69.120705
71.632271
73.903679
76.343407
78.906647
81.323174
63.245773
45.233810
39.408031
39.211555
39.238277
39.216354
39.324036
59.601963
61.884731
64.346535
66.842735
69.033180
71.477066
73.983673
76.278282
78.690804
81.212929
63.295212
45.128212
39.334595
39.356995
39.294434
39.234276
39.267876
59.793640
62.064087
64.440453
66.822739
69.329506
71.616753
74.061440
76.637321
78.802490
81.174217
63.238899
45.290459
39.175236
Control Period
39.301315
39.340034
39.243076
39.240192
59.724998
62.195042
64.456612
66.863136
69.298943
71.730110
74.071999
76.597084
79.153687
81.548531
83.806740
65.740936
47.811775
39.161476
39.254112
39.284676
59.802921
62.066891
64.442383
66.969551
69.154640
71.509644
74.057610
76.607010
78.891937
81.383263
83.896667
65.861267
47.853546
39.360836
39.322914
39.106438
39.230118
39.309315
59.752678
61.919849
64.275337
66.680740
69.047432
71.496681
73.873451
76.501091
78.800415
81.256058
63.412338
45.367336
39.213638
39.282272
39.276836
39.030918
39.202915
59.788200
62.228806
64.486534
66.926819
69.461021
71.677307
74.001595
76.417404
78.870331
81.185181
63.299858
45.347336
39.375553
Control Period
39.268517
39.293480
39.330753
39.099560
59.623085
62.118641
64.573242
66.769608
69.122765
71.653999
73.937080
76.299042
78.832993
81.263107
62.985222
44.970211
39.331234
39.329475
39.243557
39.231079
39.334114
58.986931
60.652420
62.357750
64.152039
65.685211
67.459816
48.736980
38.744045
38.608368
38.614285
38.594929
38.410290
38.586769
59.069496
60.734024
62.234398
63.928528
65.691933
46.900620
38.764206
38.616367
38.667088
38.431889
38.529167
38.590611
59.115410
60.630020
62.263992
64.011566
65.568253
67.300461
48.650261
38.683086
38.459412
38.568687
38.619087
38.589008
38.596527
59.005657
60.709709
62.227684
63.875092
65.604416
67.460945
48.694748
38.690125
38.654129
Control Period
38.671249
38.585007
38.982605
39.275558
59.612366
62.218410
64.887016
67.639938
70.168549
72.854591
75.590393
78.181877
80.886642
83.661324
86.435532
68.623970
50.911446
39.368832
39.398758
39.254440
39.263878
59.790604
62.269772
64.858376
67.618019
70.381340
73.613297
77.322365
80.985840
84.619873
88.392944
92.074966
95.553635
99.277740
102.922485
106.464516
110.142700
113.980728
117.595879
121.335831
124.892906
128.631104
132.248016
135.884125
139.566803
143.307556
146.919037
150.691956
154.454468
157.912827
161.700287
165.379608
168.917801
172.597748
176.342346
179.967575
183.697128
187.225723
190.924072
194.555695
198.106354
201.799576
205.433121
209.024429
212.720703
216.380005
Control Period
219.830505
223.100815
226.317368
229.551849
231.952408
234.123215
236.155457
238.254745
239.963318
241.285339
242.829590
244.470490
225.606735
206.610825
187.789642
168.978531
150.132858
131.166382
112.200394
113.748169
115.118027
116.592682
118.059341
119.680557
121.150894
102.345383
83.497787
64.695633
45.785637
38.581169
38.618290
38.453331
59.007736
60.476151
61.987125
63.343861
64.896759
66.528854
47.731979
38.760208
38.655251
38.612686
38.441654
38.549969
38.942444
39.272678
59.849483
63.106354
66.395866
69.480423
72.799850
76.063919
79.264313
82.499268
85.378067
88.606781
91.813889
95.020996
98.248108
101.570251
104.783600
108.000946
111.257492
114.323166
117.509636
120.666031
123.888824
127.183777
Control Period
109.875366
92.580093
75.302895
57.899620
40.624344
60.703232
43.405872
40.253304
40.269783
40.206745
40.264023
40.285625
40.220665
40.258106
60.640831
43.346352
40.141785
40.239223
40.186584
60.732033
43.444595
40.258743
60.741470
63.853401
46.558605
40.039864
40.259224
40.202423
60.492035
43.167953
40.246426
39.726593
59.744205
61.879993
63.538025
65.072861
66.641937
68.030540
69.501854
50.621002
38.724525
38.467575
38.591568
38.570610
38.610291
38.579247
38.596848
59.079575
60.499531
61.942684
63.474476
65.077789
46.036617
38.630928
38.637489
38.663250
38.596367
38.609810
38.708366
38.437492
58.995895
60.505768
62.004601
63.346161
64.857155
46.053741
38.755245
Control Period
38.632370
39.005962
39.356838
39.133644
39.222759
59.792366
62.477337
64.811111
67.349045
70.007294
72.516106
75.002678
77.639488
80.240143
62.090069
44.179516
39.278122
59.850765
62.237659
64.780235
67.480247
69.968903
72.522835
75.181885
77.854218
80.312149
82.944000
65.155685
47.836643
40.292664
40.266426
40.189625
40.248665
40.144184
60.504036
64.036354
47.122425
40.257305
40.257301
40.201305
40.245148
40.264664
40.220661
40.279705
60.766754
43.858906
40.272022
40.177307
40.254265
40.185783
40.236824
60.682911
43.781139
40.259544
40.265945
40.178585
40.278587
40.257626
40.188183
40.252983
60.762913
43.852024
40.207703
40.078430
39.197479
59.737968
Control Period
62.343903
64.915001
58.696793
41.060200
39.285480
59.532372
62.343307
65.257927
67.983589
70.725410
73.653625
76.316406
79.085426
82.015404
84.862183
67.302711
49.767399
39.164200
39.274761
39.292839
39.306602
59.713646
62.607460
65.305763
68.044861
70.932602
73.894417
76.690315
79.654053
82.385475
85.266968
88.212143
70.717789
53.155594
39.338440
39.345638
39.241638
39.304520
59.834610
62.650349
65.468803
68.408699
71.081718
73.947693
76.916069
79.773727
82.534264
85.494324
88.218544
70.539078
53.015606
39.340675
39.305000
39.339722
39.076363
59.731247
62.622501
65.425598
68.147736
70.984276
73.718414
76.487274
79.203972
82.147873
84.979935
67.207504
49.590755
39.345955
Control Period
39.327080
39.283081
39.120361
59.765488
62.397564
64.713326
67.208603
69.787079
72.481232
75.106110
77.692268
80.238586
62.401535
44.590240
39.328682
39.358437
39.290760
39.121006
59.687569
62.294525
64.880203
67.577721
70.088043
71.831490
73.843254
55.414051
38.668690
38.440212
38.577011
38.542294
38.543732
38.466293
58.989342
60.983826
62.885834
64.873444
66.861214
48.341454
38.524052
38.582775
38.532372
38.531570
38.543892
38.621811
59.117500
61.033108
62.978313
64.814407
66.870811
48.277931
38.664051
38.702129
38.501015
38.566292
38.612053
38.576370
58.893181
60.806389
62.749832
64.777115
66.586967
48.192806
38.680370
38.690609
38.715889
38.667091
38.618454
38.728687
Control Period
59.687088
62.287643
65.298492
68.180702
71.272186
73.948959
76.779968
79.865051
82.840538
65.226257
47.790215
39.416199
39.214764
39.217319
39.209320
59.733009
62.610416
65.462860
68.239792
71.202477
74.063728
77.038254
80.009262
82.889549
65.286469
47.855225
39.333000
39.299400
39.200844
39.269321
59.433174
62.327221
65.255508
68.268120
71.118332
74.099579
76.916512
79.892639
83.698349
87.450943
91.256821
95.269569
99.143120
102.990753
106.917908
110.908264
114.929657
118.876007
122.733398
126.709671
130.715866
134.575653
138.520721
142.545792
146.390076
149.334366
152.397858
155.167267
137.524994
120.038231
102.528427
84.899902
67.320023
49.744301
59.482933
62.427219
65.315346
68.248917
Control Period
71.264084
74.043045
76.532730
79.064011
81.650009
63.846565
46.166794
39.374920
39.183403
39.256042
39.222603
59.570930
62.191650
64.616371
67.200134
69.873657
72.443016
75.048859
77.729103
80.277504
83.045586
65.161179
47.346375
39.325642
39.310440
39.192364
39.223724
39.182121
59.648212
62.196297
64.906136
67.537895
70.245819
72.767822
75.384224
78.125107
80.855423
83.377426
65.436859
47.651970
39.336357
39.185005
39.027565
39.163723
59.665817
62.254860
64.838943
67.578705
70.204544
72.805267
75.576065
78.213905
80.814949
83.202553
65.460861
47.788933
39.404678
39.283085
39.218285
39.019566
59.673813
62.337097
65.002937
67.671822
70.409500
72.697113
75.388870
Control Period
78.179993
80.483261
83.158844
65.369453
47.509026
39.283718
39.231564
39.224522
39.274441
39.201004
59.724693
62.221714
64.766251
67.259438
69.784462
72.404198
75.073540
77.745758
80.228058
82.574844
64.555534
46.537663
39.274761
39.240845
39.274445
39.283882
39.084682
59.610455
62.113556
64.382103
66.950966
69.359352
71.896370
74.569710
76.819061
79.390327
61.602699
43.677471
39.327721
39.153320
39.169487
39.279884
39.232044
59.789810
62.198994
64.730255
67.377678
69.799507
72.360207
75.013550
77.571533
80.253189
82.627975
85.273956
67.482643
49.680931
39.304844
39.341961
39.238766
39.220367
39.167564
59.742615
62.296597
64.788017
67.398315
70.004456
72.590118
75.151619
Control Period
77.525284
80.007980
82.619957
64.795441
46.910767
39.268684
39.287403
39.101486
39.222446
39.282600
59.567257
62.048996
64.442093
66.937912
69.554367
71.920425
74.363922
76.831100
79.384674
81.921768
63.747017
45.820103
39.346119
39.274124
39.273323
39.077484
39.232525
59.812851
62.091553
64.586571
67.064949
69.562202
72.231613
74.460876
76.925171
79.398911
81.893127
63.904457
45.844425
39.270763
39.243404
39.208847
39.258125
39.086765
59.628056
62.220989
64.610092
67.193428
69.637245
72.067627
74.589523
76.870468
79.530922
81.900658
63.889107
46.041069
39.163563
39.276844
39.263405
39.244843
39.299881
59.627415
62.086914
64.688492
67.091835
69.643173
72.102188
74.538330
Control Period
77.107269
79.333435
61.319107
43.468613
39.287083
39.337799
39.094604
39.179405
39.318764
59.529335
62.004456
64.377495
66.851334
69.414772
71.790535
74.348854
76.890053
79.450607
82.086845
84.517166
66.617393
48.847057
39.341644
39.332203
38.546616
38.595253
38.267738
58.434471
59.480652
60.544113
41.204842
38.144382
38.373657
38.891891
38.330139
37.884865
37.773186
58.230637
59.501934
62.194973
63.658268
64.759972
45.592701
38.100540
38.038620
61.495869
22.170826
37.995102
37.880547
38.037502
38.892529
38.426456
38.122459
58.515911
59.620331
60.586353
64.398254
66.748421
47.642750
38.074623
38.083263
38.115582
39.347080
38.004864
37.935425
58.238476
59.394260
Control Period
63.405518
65.043213
66.544571
47.721916
38.094139
38.754288
39.022289
37.979424
38.019745
58.207436
59.712791
63.599709
66.159607
67.599846
69.065521
50.287022
38.483257
40.333149
38.063263
38.035900
37.945503
58.186958
60.358063
64.337624
65.915932
67.385605
48.555431
38.522938
39.110447
39.250122
39.171246
39.269646
59.724697
62.584911
65.600960
Control Period
Control Period
Control Period
