128.237976
56.685982
36.287655
36.324772
56.691422
36.296295
36.309250
36.298691
36.320930
36.315170
35.977261
36.317410
56.550301
36.303490
36.326370
56.766296
36.315971
36.336609
56.661179
36.347969
36.313572
36.364609
36.337093
36.311970
36.312450
56.756218
36.333733
36.342049
36.316772
36.308933
30.194378
56.400551
56.694778
36.235336
36.251492
36.235973
36.241413
36.242851
36.169895
36.255333
56.497665
36.244453
36.247494
56.665180
36.239815
36.243015
56.650139
36.237091
36.287331
36.178856
36.292294
36.225098
36.237095
36.223015
56.498306
36.233734
36.293091
56.650459
36.254372
36.299171
36.407486
56.629982
36.279495
36.234695
56.640381
36.273735
36.280613
56.495903
36.246536
36.258854
56.646618
36.240936
36.248295
56.675900
36.244293
36.253098
36.249092
36.235336
36.274853
36.239338
36.294537
36.252457
36.264297
36.231495
56.617981
36.254856
36.242374
56.628700
36.239655
36.242054
36.229897
36.240776
36.272297
36.238377
36.262535
36.245255
36.241577
36.263016
56.672539
36.243813
36.287334
56.582787
36.263016
36.223495
36.073902
36.192299
36.246693
36.068462
36.241096
56.473667
36.238377
36.254055
56.470467
36.264774
36.155178
56.302631
36.301414
36.326054
36.142220
36.362053
36.318375
36.131020
36.296616
36.292297
36.155018
36.288136
52.152348
36.287975
56.487427
36.103500
36.239655
56.508224
36.235657
36.568287
36.066223
56.543907
36.096622
36.103661
56.538307
36.129898
36.118698
36.111660
36.125580
36.089741
36.130219
36.068623
36.064144
36.083023
36.102062
56.361992
36.152779
36.120777
36.295975
36.063339
56.300236
36.070225
36.069901
56.286793
36.103661
36.078861
36.100140
36.083981
36.082703
36.084145
36.083023
56.318153
36.102062
36.123184
56.306633
36.397415
56.279278
28.416191
36.243019
Control Period
36.081581
36.078701
36.183662
36.076141
36.244778
36.105106
56.520393
36.078064
36.102863
36.239819
36.067665
56.547112
36.109741
36.064465
36.226543
36.298058
56.440716
25.791304
36.104465
56.329033
36.091984
36.105103
36.121422
36.106224
56.489517
36.265102
36.175980
36.318062
36.124146
56.511913
36.255341
56.488712
36.245258
36.073425
15.855092
36.221741
56.482632
36.013107
36.111183
36.273582
36.206699
55.830009
Control Period
36.295017
36.284939
36.270058
36.255821
56.480232
36.231819
56.480232
36.270382
56.565353
36.297260
56.492393
36.263981
36.221581
36.250542
36.311020
36.091988
17.116337
36.213261
36.279179
36.173584
36.271820
36.318699
36.241100
36.264458
56.547592
36.264141
56.720551
36.301582
56.638790
36.249741
56.627754
36.232460
36.238701
36.232780
36.254860
15.980849
36.235661
36.230064
36.247181
36.228462
36.279339
56.474316
36.284782
56.553516
36.171825
40.301792
36.114868
36.261581
36.075668
36.235344
Control Period
56.469997
36.217743
56.521675
36.280941
36.276302
36.218864
56.574318
36.314701
36.185585
36.302063
36.163025
56.661354
36.123985
36.147026
36.121746
36.146225
36.117748
36.143665
36.156464
36.129749
36.168785
36.126705
36.333420
56.659592
36.298061
56.694633
36.316780
30.058228
56.506157
36.283501
36.131824
36.302704
36.130386
36.340622
36.138706
36.307343
36.118069
36.336620
36.137909
56.524555
36.191826
50.018810
36.123829
56.479599
36.290543
36.118706
36.144951
36.151829
36.118389
36.168625
36.127827
56.370483
Control Period
36.339821
56.519760
36.323982
36.273907
36.167511
36.132469
56.406960
36.138069
36.189587
19.189564
36.143669
36.135990
56.523117
36.134712
56.529999
36.159668
36.143509
32.930634
36.067032
26.414648
36.284306
36.141270
36.316628
36.119831
36.213268
56.536724
19.266842
56.577038
36.139511
36.336143
36.139347
36.304146
56.576241
26.427931
56.665039
36.333744
36.229427
36.314064
36.300308
56.543919
36.293583
46.058762
36.303024
52.893780
36.172951
56.505203
36.133110
36.108788
36.059349
36.112633
56.298168
35.992157
36.131512
56.287289
Control Period
36.613098
57.576859
37.439316
37.176762
48.229584
37.421555
37.648911
57.683731
37.465237
37.386837
58.040684
37.363319
17.005943
23.669125
37.547310
37.253563
57.735092
37.261879
37.290199
57.537018
37.114525
37.186363
37.391315
37.255322
40.227402
57.567413
37.244762
37.272762
57.851250
37.212120
37.483635
37.250359
52.223400
37.418198
37.528114
37.706989
57.661972
37.350838
37.278042
37.251324
37.186684
37.329876
19.658833
37.361557
57.723091
37.247318
37.341400
37.278839
37.118046
57.597496
37.381241
37.360119
36.317749
57.882610
37.434196
Control Period
37.430038
37.367477
37.406197
37.363640
57.596375
37.474838
37.378677
48.479980
37.425877
37.239964
57.734779
37.160446
37.252441
37.294361
37.236923
37.276760
37.345558
37.315960
37.480278
37.253563
57.818291
37.331161
37.491154
37.516113
37.492435
37.528114
57.775574
37.764587
57.858452
37.322201
37.364761
37.371639
37.184605
37.372601
37.456596
37.239166
37.597553
37.358040
40.801628
37.422195
37.432755
37.422680
37.491955
57.888695
37.235004
37.434357
57.895092
37.433716
37.689713
57.626297
37.503479
37.692432
35.907040
37.400440
37.235165
57.791092
Control Period
37.205563
37.248924
37.309723
57.557503
37.494198
37.257244
57.686619
37.042686
37.321243
37.349720
57.669498
37.061729
19.701393
37.443321
37.449402
57.619102
37.105728
37.717552
37.481239
57.881973
37.230522
37.652916
57.834297
36.982368
57.592384
37.350365
37.405239
30.754538
57.815094
37.226364
31.829550
37.502037
57.599739
37.168930
37.492920
37.205086
57.629978
37.392120
37.211967
57.682457
37.165085
37.475960
37.163010
57.760857
37.034531
37.267487
37.235806
40.214447
57.589180
36.955654
37.203648
37.549397
57.688381
37.021252
37.614357
37.387482
57.758617
37.216927
Control Period
37.508759
37.473877
57.712219
37.074211
37.399803
37.513237
57.285187
57.690300
37.416443
37.159649
37.431000
37.316288
57.854774
37.272926
37.278526
37.530678
57.710461
37.220924
37.301247
37.480762
57.749977
37.262207
57.456551
37.072449
37.337242
37.362522
37.429085
37.418842
37.480278
37.252926
57.773018
37.417564
36.969254
37.321243
57.763580
37.497879
37.133091
37.327164
37.482681
37.459320
58.014294
37.007652
21.350311
37.313885
37.171486
37.419640
37.445084
57.597984
37.082531
37.467960
37.392284
57.574623
17.168983
26.256741
37.237568
37.471161
37.252129
57.791100
37.092770
Control Period
37.505081
37.413246
57.879578
57.521667
37.009731
37.480442
37.411804
37.448765
57.681824
19.186531
37.328766
54.170715
37.247490
37.486523
37.327324
57.749504
37.247646
57.717182
37.220131
37.664757
37.415642
37.441242
57.798462
37.271809
37.280769
37.337887
48.223038
20.470497
58.050133
37.508919
37.239491
37.504280
37.647160
57.693024
37.148132
37.219650
37.503479
37.299809
37.265087
57.722782
37.001892
37.321728
37.368126
37.299328
43.434845
58.077656
37.480122
23.287701
37.485725
57.702621
57.328075
37.229408
37.198689
37.177734
37.337887
57.635269
37.179173
36.965897
37.460602
37.249886
Control Period
58.767235
38.190346
38.037868
24.126719
58.661163
58.315887
38.192905
38.324417
38.314022
38.673855
38.478500
38.351620
38.558815
38.217545
59.006912
58.403728
38.118668
38.200424
38.239304
38.425697
38.286022
38.577053
58.622925
58.492050
38.223942
58.271091
38.142345
38.014511
38.361702
38.312099
38.655453
58.757156
58.573647
38.030991
38.101387
37.505241
38.602493
38.385380
38.218025
38.207306
58.916039
38.344421
38.453217
37.882835
38.515617
38.352741
58.991875
58.479408
37.856274
38.216427
38.602013
38.556099
38.311142
58.808357
58.674599
38.408897
22.151733
38.674652
58.895077
58.715405
38.294983
Control Period
38.255623
37.897873
38.488098
38.364422
38.168266
38.693054
58.847397
38.729370
38.606171
38.297543
38.579937
58.883560
58.716042
58.536850
38.062992
38.441540
38.481541
38.637535
38.140907
38.509056
58.822121
20.467777
38.052269
38.418182
38.283947
59.020355
58.634285
48.572792
38.258022
38.572258
38.337543
38.342663
58.926117
58.719082
38.078030
58.594284
38.108589
38.061234
38.188271
38.633698
38.596416
38.360104
38.101871
58.726124
58.524529
38.375782
37.889076
47.327225
38.640099
38.640732
38.467781
38.092430
58.729324
58.498772
38.302826
37.856117
38.438663
24.062881
38.582977
38.322186
38.349384
38.542019
Control Period
38.613056
38.290024
58.946121
55.748444
38.195309
38.490822
58.511086
58.410454
30.232319
59.027237
38.349060
38.089554
38.453541
38.290028
38.340904
38.128910
38.347946
38.403141
38.128910
58.805321
58.425331
58.691727
31.782997
38.650658
37.893559
38.353386
38.324108
38.031475
38.238510
38.656418
38.615940
38.507942
38.197227
38.455624
38.288750
58.737167
38.169872
38.509384
38.130032
38.453381
38.150993
38.558182
38.547462
33.382317
38.498180
38.406025
58.889645
58.431259
58.385178
38.026356
26.345224
58.878761
38.194191
38.002037
38.378510
38.134995
38.583778
38.266190
38.437702
38.410343
38.097549
58.832523
Control Period
58.487736
58.886124
58.528053
38.164272
37.907478
24.084164
20.872408
38.116432
38.313229
38.374828
38.204754
38.103634
38.330666
38.447945
38.301231
38.395622
38.458023
38.418350
38.378986
58.530296
58.522453
58.659409
58.533333
58.365173
38.446182
34.874439
58.953323
58.876045
58.588852
58.317657
58.659096
38.104115
38.298668
17.738890
38.167469
38.179630
38.081078
38.112114
37.856598
38.300751
38.564102
38.311470
38.683937
26.216747
38.586823
38.315147
38.452267
38.591782
38.249069
58.899403
58.582932
58.595734
58.357018
58.528057
38.046997
38.224590
20.560896
38.284267
38.259308
38.377548
38.189072
38.101875
38.317871
38.627140
Control Period
38.362190
38.170994
38.444748
38.352108
38.355789
38.098194
26.773214
18.656147
38.306511
38.627140
38.396427
58.939728
58.353661
58.594299
58.650455
58.670937
58.407581
58.341660
58.674454
58.403900
58.540218
58.454140
37.973240
38.144596
22.412849
38.615143
58.774773
58.693016
58.652534
38.207470
38.279633
37.999481
38.382668
38.265713
38.046516
49.112305
38.283470
38.321869
38.016117
38.304752
38.368271
38.185555
37.997078
18.304478
38.395950
38.090836
37.818684
38.206833
38.051159
38.099159
38.001244
38.469227
38.258675
38.262672
38.578983
38.624424
38.457710
38.248753
38.385551
58.831734
58.442940
58.437981
58.345665
58.706615
58.523422
Control Period
59.184204
59.153320
59.155563
30.985106
59.434761
46.424538
59.223564
59.019249
59.070450
59.150444
58.929008
59.042931
59.036049
59.190125
58.962448
59.022926
59.057007
57.473530
39.021854
38.945217
38.871136
38.882496
38.961697
39.295448
38.795940
38.822662
38.898018
39.056572
38.880737
38.818497
38.897697
38.832100
41.962734
38.974174
38.902977
59.235725
59.493797
59.170448
58.838135
58.920853
59.267723
59.160202
43.812450
38.947296
38.966660
20.158508
38.915459
38.787941
38.845860
38.922817
39.182011
38.805382
38.852741
38.885220
39.274170
38.956257
38.833218
38.891296
38.869701
39.281849
38.752422
38.832100
41.464195
38.960579
38.835300
Control Period
38.894176
38.967136
38.917534
39.164734
38.913700
38.955780
38.949059
38.964897
38.826019
38.910660
38.940418
38.691624
38.892258
38.609066
38.960419
38.779781
39.319767
38.597389
38.908421
38.924900
38.726501
39.091774
38.885223
38.949059
38.949699
39.184414
38.884258
38.951614
38.937218
38.752747
39.128571
36.417603
59.391243
59.219566
58.929176
59.386925
38.815300
38.951939
38.762184
39.040092
38.564590
38.611469
38.677544
38.680264
38.744743
38.603310
38.674026
38.707623
38.965057
38.689384
38.755463
38.694664
38.565708
38.901382
38.693066
38.739304
38.718346
59.124046
59.053650
38.910820
38.885223
38.942657
39.247932
38.944901
59.126450
58.851097
Control Period
59.136848
59.228050
59.144047
58.819420
58.955734
59.112694
38.942341
38.951939
38.841061
38.888100
39.210972
38.959457
38.755783
38.824902
38.625389
38.942020
38.684269
38.505074
38.606667
20.979450
59.262928
59.165489
59.084694
59.196526
59.443245
38.466034
38.823303
38.882019
38.939781
39.281212
38.836582
38.883141
38.910023
38.974018
38.828583
38.607788
38.677704
38.682026
39.058018
45.120579
38.894180
38.670189
38.971462
38.546032
38.619789
38.630028
38.648430
59.280369
41.688030
38.888741
38.905701
38.784904
38.517395
38.549072
38.610352
38.668270
39.002178
38.564430
38.612110
38.679146
59.144379
59.156853
58.889977
59.005016
59.108215
39.271614
59.363888
Control Period
59.003258
58.880058
58.991096
59.452206
58.942619
38.532753
38.882023
38.826347
39.150337
38.783306
38.868584
20.984093
39.213856
38.574512
58.947739
59.001976
59.103416
59.142937
58.889503
38.595791
38.949223
38.945541
39.098339
38.864746
38.613869
38.624271
38.893387
38.568275
38.639469
38.596272
38.682671
59.212215
58.890781
59.016541
59.153976
59.161495
38.777706
38.827469
38.892906
38.963943
39.263931
38.583153
38.618671
38.681709
38.675949
38.849705
38.635952
38.625389
51.476898
38.653870
39.285378
38.960739
38.850025
38.913704
39.116577
39.258812
38.959782
38.964420
38.831146
38.936581
38.594193
38.577553
38.491474
38.590351
59.380852
59.109337
58.771431
58.921661
Control Period
59.260857
38.664909
38.958023
38.858028
38.927307
39.270012
38.697552
38.480919
38.616112
38.616272
38.656593
58.898785
58.885345
58.970146
59.362133
59.153496
38.488113
38.898506
39.188259
38.948425
38.691147
38.574196
38.615475
38.886349
38.695148
58.982300
58.949982
58.994141
59.477974
38.838188
38.934986
38.458839
59.249496
59.099098
59.150459
59.152374
58.866467
38.571476
39.095303
38.944427
38.970024
38.866825
38.957703
38.678673
38.676273
38.524597
38.704113
59.443413
59.188377
59.156540
58.883911
59.287575
38.688751
39.006985
39.015144
38.917545
39.202499
38.679790
38.683792
38.487637
38.739632
38.754513
59.176537
59.179741
58.906303
59.134781
59.452213
38.734669
Control Period
39.026501
39.002186
39.250340
38.647636
38.484600
38.958183
38.632275
59.164543
59.397652
49.435516
58.980385
59.379730
59.050625
59.081661
59.098785
71.019432
59.152061
59.227737
59.031906
59.083588
59.506134
38.679955
38.927788
39.224419
38.960266
38.964745
38.912109
38.622032
38.673874
59.321980
59.112061
59.058144
59.282616
59.201981
59.034145
38.618034
39.297218
39.005547
38.786514
39.229858
38.643955
38.715153
38.979626
59.052544
59.099426
59.511093
58.968067
59.046303
38.910187
38.978508
38.960426
39.204418
38.632595
38.717236
38.954666
38.714836
59.180702
59.464691
59.180862
59.059746
59.083584
38.992908
38.967148
38.778030
39.229538
38.666515
38.655956
Control Period
38.990189
38.704597
59.171745
59.380379
59.051422
59.176064
58.948387
38.937225
38.924110
29.635391
39.309059
38.505241
38.647316
38.992744
59.143265
58.913990
59.413017
59.148224
58.986626
38.938026
38.911629
38.963146
39.076263
38.909550
38.634518
39.013069
38.651318
59.058945
59.300385
59.145985
59.044388
59.065186
38.970028
38.737396
38.879951
39.253063
38.710194
38.632599
39.044586
59.061188
59.166466
59.255741
59.038307
26.607630
59.613174
59.420700
38.767952
38.949551
39.046028
38.974831
38.629555
38.822834
38.689873
38.507320
59.251419
59.076385
59.165184
59.136070
59.019432
38.614201
39.223946
38.893711
38.896591
38.961548
38.493401
38.627800
59.333023
59.075111
58.825035
Control Period
59.136391
59.288063
58.968391
38.582359
21.417206
38.927631
38.943153
39.234821
38.632759
38.694679
38.836433
38.641716
59.061512
59.516701
58.908875
59.013512
59.445496
38.680759
38.902992
39.194183
38.694519
38.503643
38.921070
38.654678
59.175583
59.085670
59.207748
59.111267
58.996231
38.949390
38.896912
38.977547
38.796436
38.623962
38.626038
39.003948
58.965836
59.045033
59.241508
59.188229
59.041992
38.622681
39.301865
38.772919
38.918991
39.006668
38.689079
38.646362
59.339584
59.074150
58.985832
59.321503
59.072712
38.704597
38.971790
38.917229
38.920753
38.901554
38.635479
38.652115
59.232548
59.071751
59.045033
59.047112
59.380066
38.490364
39.466980
59.446465
Control Period
59.248871
59.490780
59.469181
59.312546
59.225510
59.567898
38.867153
38.960915
59.701015
38.742836
49.670876
39.029552
58.910957
59.042313
59.409504
58.906475
59.042152
38.922035
38.964272
38.777397
39.210026
38.637562
38.699959
59.222466
59.098793
59.101673
59.099594
59.256065
59.038471
38.668282
39.115948
38.899475
38.632763
38.870674
38.637081
38.637398
59.376865
58.969837
59.029194
59.355747
59.180073
38.485725
39.132748
38.909874
38.685242
38.845074
38.632278
38.696758
59.141670
59.122314
59.085835
59.188393
59.141674
38.576126
38.848915
39.236107
38.644279
39.064751
39.014671
38.503647
59.042953
59.382786
59.164711
58.910477
59.056717
38.949715
38.933075
38.907795
Control Period
39.278347
38.683159
38.513725
59.386627
59.037834
59.078636
59.242149
59.045837
38.616924
39.192429
38.896599
38.859959
38.932755
38.488766
38.636925
59.251591
59.248550
46.142170
59.091595
38.955315
38.903637
38.796120
38.973557
38.638363
38.606205
59.259430
59.049843
59.058960
59.290791
59.049034
38.616447
39.229229
38.777721
38.871315
38.897877
38.674362
38.633244
59.283752
59.226635
58.979759
59.108238
59.315430
38.653244
110.493149
59.327271
59.354149
59.499107
59.214470
59.274632
62.939659
59.290634
59.276550
25.486225
59.364552
59.233833
59.650944
59.309830
59.333832
59.521027
38.861401
38.910355
39.198029
38.863316
38.579967
38.846359
38.494049
58.947922
58.984558
Control Period
59.251915
58.934006
59.025040
38.626205
38.970837
38.892757
38.619965
38.689720
38.512772
59.048080
59.044403
59.150162
58.884724
38.591805
38.861561
38.919479
38.851158
38.592125
38.603325
38.458687
58.961838
58.964401
59.481350
58.931763
59.053520
38.623486
38.957077
38.908596
38.655167
38.677727
38.517250
59.052879
59.111919
47.466461
38.614204
38.918518
38.862198
38.863480
38.622528
38.498848
58.964565
58.982643
59.011284
58.827126
58.962803
38.593567
38.982677
38.952595
38.721886
38.738045
38.591808
59.114159
59.142960
59.415592
58.985046
59.116402
38.687325
39.014519
38.929878
38.922997
38.684765
38.483330
58.968407
58.965523
59.047600
58.837048
58.959290
38.577412
38.943478
Control Period
38.890842
38.657089
38.717564
38.537727
59.039597
59.045521
59.100723
58.909683
59.030006
38.646049
38.982197
38.934998
38.678528
38.720444
75.186386
59.328716
59.299759
58.999123
59.114639
59.109840
38.722687
38.832443
38.971161
38.696766
38.735966
38.611008
59.040565
58.982651
58.944885
59.038963
38.621410
38.906521
38.769886
38.906361
38.637089
38.701725
58.929207
59.047768
59.093361
58.947281
38.604771
38.920120
38.914841
38.551647
38.689247
38.691166
59.317513
59.059608
59.027767
59.063606
58.929050
38.621250
38.864445
38.861721
38.481571
38.625092
38.616608
59.039444
38.643490
59.486794
59.284081
59.347282
38.913883
39.004440
38.829403
38.688931
38.734367
41.693810
38.925560
Control Period
38.464134
58.983131
58.978806
59.011925
58.850174
58.963448
38.590210
38.926201
38.905724
38.936600
38.636612
38.514374
59.008888
58.980087
59.109528
58.877213
59.016090
38.664612
39.015800
38.678688
38.653412
38.673409
59.005211
59.041367
59.023769
59.112244
58.907932
38.700287
38.924282
38.988121
38.655647
38.655968
38.770046
58.970650
58.986008
58.977688
59.097847
58.818649
53.344551
59.056568
38.603813
39.097878
38.922680
38.646370
38.699970
38.609253
58.972569
59.114807
58.894493
59.017689
38.621731
38.903805
38.775967
38.895325
38.621571
38.612610
58.918812
59.065369
59.107765
58.973373
38.645569
38.898045
38.946201
38.500614
38.630852
38.658691
59.131126
58.854652
59.023289
Control Period
59.118649
58.978493
38.623329
38.882687
39.056122
38.497253
38.629089
59.043289
59.126968
58.911293
58.953850
38.615330
38.943481
38.901882
38.610054
38.658051
59.009209
59.073208
59.061848
59.148407
58.946651
38.630211
38.916603
38.997562
38.639492
38.634693
59.043289
59.013855
59.070969
59.101528
59.178329
38.497734
38.860767
38.906525
38.693092
38.932125
58.981850
59.136250
58.970814
38.769089
51.938034
29.085014
38.721088
38.650211
59.048893
59.065529
58.984573
59.055290
38.629250
38.921406
38.734211
38.740612
48.506760
38.715012
38.467499
58.974174
59.136406
59.169209
58.925858
38.617413
38.931324
39.011322
38.628132
38.635971
59.178329
44.665581
38.563976
38.986046
38.483337
Control Period
38.736610
59.044571
59.163769
58.894176
59.065369
38.637573
38.972122
38.633251
38.642212
38.693733
58.976574
48.858589
38.646851
59.144409
58.940735
58.892097
58.917854
38.575497
38.727333
38.857887
38.539974
38.585258
58.835941
58.967773
59.052414
58.905380
38.585255
38.884129
38.936928
38.732132
38.660614
53.534317
49.759689
38.517578
59.067772
59.070175
59.186329
58.920578
59.053055
38.645256
38.976925
38.910526
38.639336
38.703171
58.982018
59.045536
59.069695
59.183609
38.484459
38.863808
38.896927
38.663338
38.627335
58.978977
59.058014
57.897884
51.544769
59.179771
58.905861
59.046974
59.392090
38.685894
38.905251
38.914848
38.695015
38.466858
58.959778
58.974014
59.080574
Control Period
58.821701
38.573097
39.227959
39.043007
38.744774
39.014046
59.454964
59.204891
59.192413
59.535599
59.420403
38.519661
39.265560
39.167320
38.991165
38.788452
50.326241
59.317207
59.266010
59.246651
59.248253
59.350487
59.210014
38.994526
39.093567
39.327797
39.014206
38.672455
59.127934
59.543922
59.350170
25.799664
59.457047
39.214363
39.086845
39.019646
38.843971
38.698212
59.502003
59.366173
59.080734
59.255611
59.515766
38.911331
38.907646
39.255642
38.913410
38.863968
59.318649
59.184731
59.310810
59.265533
59.110657
38.892448
39.304283
39.205723
38.808773
38.703976
59.319290
59.255932
59.235771
59.351933
59.273056
38.869568
38.967651
39.303001
38.815975
38.979805
59.234653
Control Period
59.337212
59.208893
59.525688
59.267296
38.641575
39.237885
39.273079
38.884293
38.648457
59.387611
59.386971
59.129059
59.250015
59.488888
39.113884
59.631603
59.296894
59.657204
59.549210
59.523605
59.385529
59.510010
59.675282
39.247002
38.933891
38.766857
39.052769
38.826534
59.305855
59.227936
59.523289
59.091297
67.212852
59.178658
59.227455
59.382011
59.240417
59.306175
59.167458
38.949730
38.963329
38.774055
38.968769
38.982212
59.435448
59.198814
59.200737
59.288414
59.435932
63.000641
59.246178
59.397369
39.017250
38.906853
38.867172
38.956448
38.977570
59.409531
59.024742
59.406494
59.362015
59.032578
38.929733
39.202366
39.254208
38.522541
38.938694
59.408089
Control Period
59.497368
59.079620
59.241535
59.357857
59.333214
38.643341
39.063969
39.235165
38.804459
38.880772
59.183296
59.433372
59.155941
59.207298
59.455612
38.938374
39.130688
38.677898
38.953411
38.761742
59.308418
59.444092
59.250175
59.178020
59.446175
38.744457
39.171806
39.251484
38.987335
39.044765
59.211136
59.271935
59.245377
59.486813
59.045219
38.827015
59.607613
59.828560
59.342499
59.520729
59.604889
59.575287
39.122688
39.283646
38.943016
38.764137
38.972134
59.368896
59.205540
58.995789
59.388412
59.121223
38.842377
39.238686
39.263325
38.882374
38.529427
59.402176
59.354336
59.326500
59.134022
59.390335
39.044449
38.970695
39.240284
38.805897
38.979012
59.181862
59.254982
Control Period
59.261700
59.426498
59.007946
38.753418
39.307167
39.290527
38.863815
38.688622
59.571133
59.211784
59.202179
59.381538
59.561531
38.806858
38.867180
39.291965
38.929893
38.949253
59.461533
59.338974
59.166023
46.743134
38.987656
38.579502
38.989094
59.369858
59.090664
59.226822
59.434017
59.318176
38.619343
39.233086
38.871178
38.797737
38.660782
59.353859
59.529854
59.085384
59.278339
59.429535
39.042534
39.211967
39.196449
38.702377
38.837418
59.273701
59.300583
59.304100
59.094185
59.310822
38.683502
39.303646
38.882854
38.998055
38.732140
59.182022
59.410980
59.284580
59.411457
59.189545
38.981415
39.067173
39.018211
38.973412
38.962856
59.417862
59.127785
59.127945
59.323143
Control Period
59.454498
38.484627
39.219009
39.291969
39.002853
38.702381
59.258022
59.532578
59.154663
59.237705
59.364899
39.022373
32.330063
39.019814
59.327782
59.646973
59.634495
59.612892
59.445061
59.633850
59.723930
39.121094
38.971176
39.350365
39.024933
39.015976
59.167305
59.399460
59.369541
59.163467
59.379463
38.967499
39.022694
38.955338
38.809418
39.076614
59.421860
59.224586
59.186829
59.526016
39.064453
59.651932
59.393700
59.509377
59.618496
59.796410
38.752464
39.241570
39.193089
38.965099
38.673904
59.325706
59.562981
59.145226
59.262505
59.369385
39.038696
38.773582
39.083176
39.037895
38.990219
59.112907
59.391140
59.304901
59.264267
59.377861
38.634865
39.294849
38.979977
Control Period
38.939018
38.729420
59.191948
58.934036
59.052109
59.318024
58.986191
38.601746
38.859341
36.077652
58.914513
38.573906
38.921097
38.731503
38.603668
38.643505
59.190987
58.955795
59.066032
59.145710
58.991474
38.645267
38.947182
38.670387
38.713585
38.669426
59.092590
59.189709
58.944595
59.074032
59.154190
38.718224
38.866539
38.964619
38.741104
38.499668
59.041870
59.063633
59.173546
58.906517
38.621109
38.927498
38.671665
38.922699
38.656944
59.184589
58.993237
59.060432
59.080112
38.698547
38.779984
38.902061
38.652946
38.683666
58.931793
59.035950
59.122673
58.877876
38.564148
38.869743
38.925739
38.462070
38.977417
59.099312
59.167473
58.912918
59.036751
59.119793
38.670387
38.909584
Control Period
38.900459
38.715828
38.532150
59.061874
59.075951
59.184753
58.928917
59.047630
38.658066
38.966217
38.701748
29.380058
38.973419
38.654068
38.595032
38.679344
58.909237
58.973717
59.002037
59.105072
92.715424
38.714706
38.786545
38.867344
38.610229
38.693264
58.859482
58.989079
59.064751
59.305073
59.063156
62.354912
59.164749
38.493591
38.906704
38.919502
38.700466
38.636147
59.038193
59.120754
59.019798
59.034676
38.612949
38.992619
38.804623
38.647987
38.673264
59.271309
58.995155
59.096436
59.133392
59.009720
38.595352
38.878227
38.660789
38.462872
38.619186
58.988922
59.093231
58.844444
58.977722
38.615032
38.924946
38.877743
38.651989
38.730705
59.247314
59.321388
21.392582
Control Period
38.994061
59.202995
59.249390
59.246033
59.347954
59.081879
59.216911
38.843826
38.932304
38.880142
38.666546
38.697430
58.908279
59.002201
59.115479
59.180752
59.172592
38.681431
39.000946
38.770386
38.694386
38.617111
59.058517
58.913082
58.973717
59.008438
59.114517
38.510876
38.923500
38.696468
38.736305
38.696472
59.043159
59.123314
58.974205
59.436749
59.167477
38.691353
38.769749
38.887184
38.621109
38.659195
58.832603
58.959961
35.383274
38.920624
38.696629
38.527035
59.104439
59.095322
59.206833
58.934525
59.050201
38.669430
38.975502
38.659992
38.637913
38.711990
58.985561
59.045082
59.066841
59.179794
38.493755
38.902863
38.935982
38.720150
38.581753
58.969238
59.050522
Control Period
58.899002
58.950844
38.576153
39.232933
38.779667
38.677429
38.617271
59.164757
58.896442
59.033882
59.105560
38.673431
38.898384
38.937424
59.344112
59.103317
59.213879
59.337074
59.152756
59.217239
38.837589
38.935184
38.814705
38.639030
38.631512
59.104759
58.841881
58.973404
59.052441
38.652153
38.882706
38.590714
38.666073
38.501755
58.971161
59.007805
59.134682
58.940605
59.040440
38.681755
39.290855
38.711349
38.707031
59.228920
59.019806
59.008125
58.993565
59.114361
58.845726
62.394760
59.332436
38.926224
38.871670
38.608795
38.663353
38.480793
59.123482
59.077721
59.182201
59.055805
58.973728
38.631195
38.919506
38.671032
38.635193
59.165718
58.995163
59.052441
Control Period
59.120281
59.216759
38.518555
38.906548
38.967987
38.711029
38.644154
59.059006
59.123642
58.979004
38.439838
38.957901
38.519676
59.058525
59.068604
59.080605
58.830048
38.596638
38.879509
38.937263
38.601437
38.615677
59.069405
58.912926
58.978210
58.993565
38.656155
38.733433
38.605919
39.015663
38.731510
58.897728
58.981567
59.057083
58.910690
58.978050
38.623199
38.963188
38.492802
38.608635
58.998207
59.092445
58.840134
33.037575
38.873589
38.643517
38.644314
59.454674
59.047165
59.054367
59.100922
59.176281
38.497437
38.927029
38.944790
38.702713
38.654877
59.064606
59.158844
59.053085
59.128281
59.157722
38.738873
38.776474
38.900787
38.649597
59.460114
58.946365
59.046848
59.136925
Control Period
58.988770
38.629276
38.909431
38.960464
38.845589
38.938549
59.376442
59.280441
59.296761
59.264763
59.233238
38.989265
39.277580
39.213741
39.000790
59.065887
59.165726
59.519638
59.305717
59.277237
59.153564
39.008148
39.168304
38.843349
59.484756
59.434998
59.268120
59.222366
59.406998
38.876312
39.202061
38.877113
39.004951
38.758072
59.396118
59.346199
59.416119
59.107811
59.382523
38.841591
38.999348
38.986710
38.882549
38.962708
59.225243
59.172127
59.314201
59.525238
58.915810
63.038269
59.738350
59.483635
59.505875
39.249741
38.960472
38.850552
38.866074
59.365402
59.393402
59.167328
31.776329
39.204945
38.755516
38.695995
38.893593
59.270203
59.387482
59.262203
Control Period
59.120770
59.266205
59.531479
38.624477
39.149902
39.265579
39.054710
59.240921
59.279327
59.173409
59.477081
59.239326
59.105728
39.016312
39.128464
38.974548
39.013748
59.455479
59.025730
59.421883
59.341084
59.252281
59.213245
38.930389
39.267982
39.283340
38.719517
59.164928
59.525078
59.096931
59.377083
59.212765
63.223068
59.134529
59.405563
59.175327
38.951672
39.245903
39.291664
38.846550
59.247646
59.124130
59.543961
59.373726
59.017731
59.440762
39.011990
39.275185
38.959991
38.661438
59.181091
59.294846
59.232765
59.450684
59.254368
59.182049
38.831352
39.267982
38.969429
38.968147
59.374207
59.553238
59.199165
59.282364
59.275326
59.525398
38.646721
38.894234
39.045589
Control Period
38.924789
38.902550
59.385727
59.267166
59.214531
59.405563
59.174690
38.914074
39.115189
39.242226
38.916794
39.012791
58.972137
59.411324
59.348930
58.971336
59.348289
38.875675
38.993912
38.784637
38.703674
38.808155
59.531960
59.123970
59.403645
59.287170
59.230209
38.832634
39.255348
38.965752
38.843193
38.861115
59.499802
59.398369
59.174850
59.303650
59.523003
38.819996
38.963833
39.269585
39.035187
21.525064
59.535641
59.437721
39.087189
39.271027
38.869915
38.754719
59.272289
59.381729
59.314529
38.805920
59.608765
59.577881
59.571159
59.406204
39.244469
39.055992
39.223186
38.985912
38.736794
59.055817
59.403008
59.293732
59.241730
59.076294
38.945114
39.114552
38.807999
38.639202
Control Period
39.049431
59.441406
59.262527
59.192291
59.380928
59.226532
59.419167
38.765118
39.006233
39.123192
38.999672
59.433723
59.342529
59.026695
59.163494
59.483162
59.015495
39.054073
38.907997
38.979195
38.723038
38.939835
59.173096
59.441727
59.189095
59.263332
59.397728
38.904156
39.276466
39.292305
38.785759
38.539848
59.335812
59.354691
59.449089
59.001259
59.294052
38.908634
38.998394
38.638721
38.973114
38.999672
59.345734
59.276131
59.353569
59.310051
59.277412
59.215973
38.741119
39.237427
39.248306
38.878716
59.495167
58.951019
59.292290
59.522369
59.239334
59.350212
38.706562
39.304306
38.996792
38.932476
38.688164
59.557564
59.208294
59.424286
59.133415
59.305893
38.775200
Control Period
39.210869
39.019993
38.800640
38.997913
59.336769
59.431969
59.136776
59.254692
59.328934
59.432449
38.511368
39.259991
38.969917
39.046074
59.204933
59.182213
59.299492
59.340775
59.261253
59.144455
38.994076
39.115509
38.856159
39.000793
38.723522
59.135178
59.426048
59.215336
59.406853
59.113098
38.955357
39.138710
39.059998
38.639843
39.048954
59.303173
59.258858
59.259014
59.411011
59.253410
59.344296
38.650566
39.092793
38.867195
38.987358
59.334694
59.360611
59.025101
59.295174
62.401817
59.151176
59.279655
59.376129
38.970074
39.033596
38.964638
38.661446
29.498468
59.610367
38.945435
39.243351
39.473106
59.434212
59.664284
59.627327
59.488449
59.270378
59.631165
Control Period
59.692604
59.652447
38.744003
38.909279
38.976959
38.798241
38.657764
59.053581
59.149258
58.986382
59.044785
38.632969
38.908638
38.515366
38.631687
38.622726
59.198059
58.946865
59.291336
59.170055
58.984467
38.639847
38.901600
38.981758
38.497932
38.634888
59.062702
59.170540
58.912148
59.069103
38.670567
39.173431
38.879356
38.654568
38.661926
58.979828
59.031185
59.057587
59.114380
38.477932
38.900799
38.928001
38.686405
38.657604
59.324299
59.116943
59.005264
59.112785
59.063347
38.603687
38.771523
38.641605
38.642090
38.710403
58.951027
59.041584
28.150826
39.168793
38.977921
38.501133
38.648804
38.673286
59.133102
58.914391
59.049744
59.137104
38.689125
38.865440
38.911362
38.603046
Control Period
38.673126
59.089104
59.090065
59.163822
58.905907
59.030384
38.627525
38.964962
38.635208
38.633446
59.055344
58.943825
58.959343
58.999184
59.331017
38.515854
38.949280
38.661449
38.692169
38.656807
59.078705
59.138863
59.014870
59.069904
59.066223
38.662567
38.726727
38.854244
38.688969
59.183502
58.922226
59.048306
59.041908
58.943668
38.628326
38.910721
38.910240
38.509132
38.638885
59.045425
59.448616
58.907829
59.026871
59.008625
38.677448
38.922241
38.619049
38.650726
58.902390
58.967033
58.988953
59.099022
58.835350
38.809765
38.967678
38.714725
38.636326
38.664165
59.092785
58.999828
59.047348
59.082226
59.183025
38.511692
38.914085
38.989601
38.806408
58.963509
59.051346
Control Period
59.132462
38.846085
59.470535
59.158707
38.902725
38.945763
38.706566
38.659527
58.904953
58.959671
59.468777
58.898712
59.036148
38.627052
38.956642
38.900482
38.642250
59.023830
58.975830
59.042068
59.075829
59.070709
38.485130
39.208157
38.703690
38.695526
38.642731
59.052147
59.042068
58.999191
59.051353
38.584332
38.960003
38.515053
38.633614
38.704330
59.377098
58.933914
59.062073
59.054550
58.914715
38.596172
38.867683
38.924484
38.463058
58.980629
58.994713
59.097588
58.839195
59.180946
38.701767
38.964161
38.914883
38.647369
38.676010
58.989429
59.067348
59.098389
59.082710
38.490578
38.905926
38.927208
38.961124
38.664650
59.090073
59.128151
58.971832
59.055832
59.057915
Control Period
38.631054
38.770889
38.641132
38.654732
59.086071
58.938873
59.207829
59.250706
58.972954
38.626411
38.927364
38.929123
38.491535
38.605770
59.007351
59.067352
58.819996
58.946709
38.590412
38.934566
39.251514
38.629932
38.692970
58.968315
59.031509
59.061432
59.104149
38.478737
38.926247
38.918884
38.715370
38.660011
59.064312
59.523178
59.031357
59.064472
59.072792
38.705612
38.773289
38.637772
38.651848
59.180473
58.918556
59.062393
59.037590
58.972313
38.952644
38.904804
38.961605
38.464497
38.652969
59.075031
59.163673
58.922714
59.047832
38.654411
38.963524
38.921444
38.634254
38.920807
58.999992
59.072792
59.056473
59.174713
58.905117
38.642094
38.928642
38.677452
58.904476
Control Period
58.966393
58.983673
59.159355
59.194229
38.628815
38.931843
38.972168
38.657452
59.052792
59.032951
58.969116
59.045753
59.083992
38.600655
38.793610
38.903210
39.026726
59.178871
58.916477
59.047993
59.128151
58.984474
38.642570
38.907047
38.988487
38.488178
36.222153
38.971527
38.523857
38.936165
38.718735
59.184631
58.836319
59.055031
59.084633
58.980156
38.651852
38.906567
38.699211
38.502895
59.048317
59.079994
59.318230
59.024475
59.039192
38.638733
38.932487
38.856491
29.585518
38.968643
38.914249
38.632332
38.694252
58.981277
59.043839
59.141914
59.382069
58.905281
38.608337
38.928169
38.703213
38.907207
59.062237
59.110870
58.981918
59.050716
59.088478
62.083759
58.904800
38.948967
Control Period
38.953606
38.709129
38.628017
59.050716
59.137596
58.940159
58.978561
58.995201
38.651054
38.727531
38.604336
38.601456
59.416626
58.921120
59.094711
59.136314
58.996475
38.626255
38.930729
38.966087
38.510098
59.053276
59.067833
59.199192
58.914883
59.338867
38.646255
38.931049
38.867210
38.604019
38.662415
58.906403
58.954559
58.990879
59.093918
38.453781
38.895210
38.901127
38.919849
38.651535
59.065277
59.140156
59.017441
59.063519
59.083519
38.699535
38.776337
38.665615
38.665459
59.146076
58.952957
59.179836
59.287033
58.916000
38.610577
38.874569
38.678413
38.470421
59.006241
59.001762
59.100639
58.841766
58.970398
38.610416
39.056484
38.926571
38.644020
38.705772
58.977119
Control Period
59.069122
59.122559
59.165916
38.482582
38.909927
38.934570
38.701775
58.949760
59.193596
59.255676
58.992321
59.055679
38.624657
38.903690
38.511219
38.583374
38.621140
59.096642
58.875366
59.072479
59.117279
38.694416
39.160645
38.628975
38.720337
58.920006
59.035999
59.056000
59.159840
38.476662
38.906570
38.661297
38.657455
38.647697
59.053284
59.404312
58.986725
59.050240
59.071678
38.589298
38.769135
38.644497
38.681778
59.093121
58.948807
59.081760
59.060638
59.004646
38.974571
38.891693
38.938568
38.499702
59.019199
59.036797
59.163521
58.912964
59.060638
38.701778
38.977612
38.907692
38.665619
59.536148
59.022884
59.056320
59.091839
59.178879
38.457623
38.901131
38.662895
38.700020
Control Period
58.927204
59.026241
59.144161
58.975044
59.387356
38.640656
38.958092
38.501781
38.596180
58.994400
59.121281
58.835209
58.972961
59.057762
38.642899
38.855537
38.603539
38.957291
59.012321
59.043205
59.081284
59.108643
58.923042
38.630577
38.919212
38.672977
38.592823
58.993603
59.014885
58.921284
59.375839
59.130722
38.699860
38.811375
38.933132
38.650257
59.230560
58.919685
59.045441
59.132637
59.001923
38.615379
38.916176
39.009449
38.533783
59.055206
59.067043
59.150562
58.917286
58.961288
38.618263
38.928013
38.604820
38.596024
59.052803
58.912647
59.113121
59.295517
29.164089
38.931854
38.695377
38.636505
38.641300
59.072968
58.895370
58.980007
59.025124
59.102562
38.466743
38.870094
Control Period
38.932976
38.696339
58.927849
59.053604
59.096642
58.979687
59.057285
38.637619
38.873455
38.519226
38.637943
59.088806
59.082886
59.175041
59.060646
59.033287
38.687057
38.908016
38.910576
38.607704
58.908813
58.970726
58.995689
59.034885
38.455387
38.875694
39.179207
38.681458
58.921131
59.046410
59.042091
58.893768
58.950569
38.567223
39.008335
38.795700
38.632980
59.055847
59.134407
59.079048
59.088165
59.172005
38.695541
38.892654
38.643703
38.672981
58.985771
59.041927
59.064323
59.055847
58.936489
38.626583
38.948017
38.928337
38.633781
59.053448
59.129925
58.937450
59.038567
38.629463
38.932495
38.761940
59.084808
59.126087
59.020966
59.344959
58.996490
38.650902
38.740181
Control Period
38.594902
38.604664
50.839729
38.656662
38.924496
38.603863
38.603542
59.045288
58.906250
59.348801
59.117607
59.147530
38.492828
38.904976
38.917614
38.696022
58.915054
59.047371
59.105927
58.978413
38.620506
38.916336
39.155689
38.504990
59.067528
59.082405
59.127529
58.927532
58.991207
38.644501
38.976974
38.642582
38.601624
59.063690
58.904015
58.974411
59.352646
59.150406
38.502586
38.868660
38.632664
38.659225
58.853134
58.987370
59.049770
58.904652
58.959854
38.591385
38.929939
38.729301
38.633621
59.107529
59.145767
58.912811
59.054249
59.115208
38.658104
38.909618
38.635384
38.694904
59.017929
59.047527
59.328323
59.166245
58.924973
38.653145
38.925297
38.916019
38.619225
59.019852
Control Period
58.980972
58.913773
59.284325
59.132328
59.539680
38.509789
39.247047
38.662262
38.913776
58.908974
59.416000
59.171368
59.171047
59.085449
62.870800
59.457920
38.492188
39.211853
38.970577
39.029938
58.934410
59.413765
59.331047
59.172325
59.057770
38.843060
39.228813
38.537945
38.958420
59.164970
59.602875
58.935852
59.354244
59.330406
59.340645
38.744022
39.053936
39.086254
38.581787
59.330086
59.169769
59.591362
58.983372
59.381126
38.751060
39.356647
39.264172
38.732822
59.464485
58.977776
59.423683
59.184486
59.445442
38.560349
39.336170
38.900017
38.773941
59.257286
59.226089
59.509117
59.050251
59.154411
59.345284
38.996979
38.797302
38.923058
38.729782
59.595840
58.989296
Control Period
59.335205
59.313766
59.291687
38.809460
39.020020
39.319530
38.598106
59.376167
59.132172
59.537762
58.974735
59.332329
59.230408
39.025616
39.173775
38.647228
47.813244
38.711063
59.429604
58.944977
59.358246
58.947220
147.923889
56.111824
36.258949
36.268227
36.323425
36.293507
36.307747
36.286945
36.310303
56.671654
36.297188
36.322144
56.701092
36.296387
36.307106
56.313900
36.293507
36.288067
36.252384
36.264706
36.283428
36.241989
36.336384
56.528618
36.337986
36.288704
56.548935
36.242943
36.288704
56.524456
36.296387
36.305668
36.297504
36.278625
36.122307
36.122150
36.255589
36.078949
36.123268
36.285027
36.108871
36.076069
56.439499
36.130306
36.305347
56.575172
36.120232
36.329506
56.523975
36.304867
36.124874
36.149830
56.490856
36.118149
36.120392
36.284065
36.095592
36.079750
36.281185
36.146313
36.121830
56.513256
36.062309
36.068550
56.473099
36.071590
36.058311
16.108473
56.405415
45.264526
56.496777
36.085030
36.136868
56.504776
36.142307
36.280384
36.186947
36.124710
35.700558
36.142307
56.482056
36.088230
36.048229
56.460297
36.101509
36.054310
56.499817
36.059429
36.228386
36.051910
36.070629
36.231747
36.058311
36.092392
56.484936
56.613415
35.839912
36.080551
56.228306
36.058628
36.074631
56.531334
36.053509
36.194630
36.065189
36.079109
36.231586
36.059273
36.071590
56.468773
36.074471
36.068710
56.438057
36.085831
36.091591
56.361740
36.098469
36.099110
36.072868
36.251587
36.067272
36.080711
56.510220
36.291748
36.061192
56.297577
36.083591
36.084549
36.133667
36.052391
36.069031
36.072231
36.067593
36.217838
36.076714
36.094788
56.332142
36.086948
36.083271
36.102791
36.094631
36.094952
36.069511
36.079750
56.508301
36.076870
36.078789
36.079269
36.076710
36.100071
15.844958
36.106628
36.062149
36.123112
36.066952
56.330063
36.055752
36.071270
56.286385
26.971935
65.511795
36.275749
36.088551
36.265186
36.066631
56.499176
36.235584
36.096550
56.489418
36.273666
36.137508
56.558701
36.245346
36.105030
Control Period
36.277027
36.203106
36.400387
56.541260
36.271908
36.097672
36.268867
36.088070
36.289185
36.273827
56.488941
36.278786
36.100071
36.238628
36.234627
56.526695
36.277668
36.119591
36.255589
36.139751
56.507179
36.286144
56.489899
36.072231
36.099270
36.056713
36.362625
56.306705
36.074150
36.076233
36.097832
36.064232
56.352142
36.117191
56.301582
36.140228
36.113190
36.106312
36.087112
56.318382
36.290310
36.083431
56.350384
36.099590
147.883743
56.114132
36.215794
36.161552
36.290031
36.292431
36.253391
36.301392
36.318348
56.689644
36.309391
36.297230
56.722282
36.257713
36.314987
56.488846
36.292431
36.263950
36.239788
36.272911
36.309547
36.252113
16.025455
36.227951
56.345650
36.225552
36.245552
56.489487
36.254032
36.243469
56.492363
36.249870
36.306030
36.302830
36.204433
36.347149
36.298347
36.316753
36.317070
36.316273
56.592846
36.314831
36.270035
56.547401
36.286510
36.281231
56.509007
36.285072
36.284592
36.285069
36.291313
35.986996
36.216434
35.963634
36.285549
36.222031
36.270512
36.265232
56.663567
36.267952
36.287151
56.483883
36.296593
36.306992
38.612865
36.291153
36.265549
27.316603
56.573486
36.284592
36.287472
56.515888
36.228271
36.298672
56.518768
36.314350
36.298672
36.322189
36.314991
36.297871
36.291313
36.314671
56.558128
36.307632
36.317551
56.508850
16.058895
36.283470
36.141552
36.228592
35.208771
179.118301
36.069740
36.138538
36.152939
36.133419
36.144299
36.141899
36.166218
36.115181
56.581364
36.124138
36.155659
56.322166
36.107018
36.141579
56.278004
36.122059
36.075176
36.115013
36.060936
36.083817
36.062859
18.241425
36.127014
36.087978
56.514641
36.074856
36.087498
56.460884
36.087814
24.790106
36.268291
36.064137
36.311970
36.225891
36.091179
36.235176
35.854538
56.520882
36.308613
36.096138
56.498161
36.272293
36.115658
56.557518
36.311172
36.113575
36.313091
56.519760
36.311012
36.107018
56.493042
36.245415
36.106697
36.274853
36.266693
36.090698
36.243176
36.094696
56.523121
36.250053
36.112617
56.477043
36.278374
36.064938
56.525200
22.957016
16.366577
36.318691
36.095818
36.247494
36.262535
56.478802
36.251015
36.239494
56.499443
36.241253
36.308613
56.458321
36.270531
36.241573
36.295170
36.246372
36.072777
36.231335
36.257893
56.537361
36.315010
36.300774
56.544724
36.314373
36.324612
56.498962
36.283653
36.252613
36.246532
36.254372
36.115177
36.268456
36.312771
56.466003
36.311012
36.241573
56.506641
36.327332
36.281410
39.634949
36.207172
56.485199
36.241093
36.183975
36.235973
36.246372
36.114380
36.261574
36.250374
56.483444
36.281570
36.184616
36.319492
36.220612
36.367653
56.500084
36.175976
36.247013
36.196774
56.510639
36.251492
36.303013
56.454639
36.279175
36.259491
36.197575
36.233093
27.960125
36.250694
36.171494
36.256454
56.535919
36.233574
36.258694
56.461040
36.194054
36.292294
56.455124
36.289734
36.255974
36.273575
36.228134
36.261093
36.229576
36.253094
56.458961
36.241734
36.235653
56.503441
36.243172
36.250694
36.287655
36.414692
56.621838
36.272293
36.226692
36.217094
36.233093
36.261414
36.243336
36.244133
56.223286
36.196934
36.254852
56.495605
36.123817
Control Period
36.197254
15.810268
36.319492
36.052616
36.317093
36.311333
56.545197
36.307812
36.318531
36.300613
36.313572
36.032135
36.313572
56.330967
36.361572
36.305893
36.308773
24.702425
36.154537
36.147976
16.044662
36.304131
36.159180
36.129097
36.145737
36.178059
56.563919
36.152138
36.142536
36.128616
36.147495
56.572723
36.145256
36.159176
36.126377
36.154858
40.428860
56.609680
36.169098
36.137096
36.140938
36.132774
56.548401
36.166058
36.136616
36.131020
36.137257
56.558479
36.135818
56.531120
36.177418
Control Period
36.175018
36.135818
36.138378
36.129417
36.151497
36.179016
44.510063
56.503124
36.157417
56.529045
36.142696
56.538002
36.428932
56.379448
36.260777
148.969345
56.235062
36.053635
35.889004
36.054440
36.030598
35.880043
36.091717
36.001637
56.113304
36.105316
35.973637
56.214264
36.077797
35.954597
56.294739
36.095078
35.900360
35.963078
36.032356
28.753918
36.042439
35.935238
56.254578
36.044838
35.949799
36.019718
35.982758
35.839081
36.090595
35.946278
35.793480
36.062759
35.932362
56.205299
36.092197
35.876198
56.242420
36.090916
35.903877
36.043560
35.992836
35.882278
36.073959
35.949314
35.721001
36.041637
35.962917
56.173302
36.086433
35.904839
56.254417
36.008518
35.818764
56.237942
36.053955
35.899078
36.037315
36.092197
35.842281
36.059879
36.011879
20.593094
22.788099
36.052197
35.835564
36.069321
35.924839
35.734760
36.060997
35.964355
56.179062
36.081955
35.904358
56.210739
36.033958
35.918282
56.228500
35.990917
35.903557
36.036518
36.070915
35.876358
36.054760
36.032196
35.721962
36.093479
35.898758
56.215858
36.081795
35.944839
56.251862
36.023560
35.904198
56.238899
35.986759
35.894920
36.010918
36.040356
35.750923
36.027397
36.011398
35.772522
36.084518
36.147717
35.934120
56.231701
35.999241
35.929001
36.070919
36.041477
35.907082
36.040836
35.978439
35.742920
35.985958
36.006435
56.208340
23.950958
35.983078
56.201942
36.083393
35.945480
56.306900
36.011238
35.892040
36.004200
36.009319
35.873001
36.063717
35.995720
35.734119
36.064999
35.888840
56.185940
36.095078
35.894279
56.250580
36.091873
35.950279
56.226742
36.073635
35.827560
36.042919
36.029797
35.856041
36.054760
36.003399
35.737801
36.043400
35.954121
56.183220
36.099876
35.829002
56.183861
36.005157
35.940842
56.217300
36.018921
35.944202
56.200340
36.020519
35.950920
56.213623
36.057156
35.902920
56.244339
36.000996
35.898441
36.024200
36.020199
35.798599
36.021481
35.985001
Control Period
35.772522
36.032360
35.895882
36.022758
36.001801
56.198421
36.012199
35.902760
36.021641
35.982441
56.185944
36.015396
35.902122
36.232677
36.039398
35.955399
56.181622
36.018276
35.857800
36.036041
35.962761
56.300823
36.061478
35.898922
36.068520
36.009796
36.038280
35.953640
56.359539
36.006439
35.913639
35.933960
35.976040
56.359383
36.023079
35.918438
36.033482
35.992680
56.392818
36.007717
35.847881
36.072678
35.990120
36.074276
35.953480
56.209625
36.068356
35.952999
36.064037
35.906441
56.254745
Control Period
36.055077
56.164986
35.968681
35.902443
36.029800
35.933319
36.030922
35.899879
36.052040
35.887402
35.886124
35.958599
35.753002
35.885643
56.267063
35.948200
56.235703
35.987717
56.195065
36.012199
56.146103
35.800522
35.891403
35.849800
35.905640
35.928360
35.896999
35.881481
35.990276
35.851402
35.914761
35.849319
35.761963
56.266899
35.878601
56.223701
35.905640
56.094105
35.854919
35.894600
35.890762
35.918758
35.900841
35.917801
35.850922
35.725803
35.916199
35.789963
35.855721
35.787403
56.214264
35.831882
Control Period
56.120663
35.794762
56.223701
15.709337
35.736679
35.946602
35.731724
35.885159
35.734123
35.872204
55.986588
30.544130
35.845802
56.204021
35.795879
56.264339
35.799080
36.024361
35.760361
36.057800
35.787243
36.157959
35.789642
36.130917
35.763561
36.166916
35.764519
36.132198
56.201782
36.083080
56.223541
36.023399
56.236504
36.002281
56.274101
35.970600
36.029961
35.975563
36.112198
35.967720
36.151077
35.977318
36.133480
35.874760
56.203224
35.965801
56.206905
35.953323
36.045158
35.912361
36.064041
35.890923
36.076839
Control Period
35.921322
36.073959
35.946121
35.972523
56.402740
35.958603
36.070442
35.929962
36.017960
56.207222
35.978760
35.856682
35.991241
36.041962
35.907402
36.002602
56.224182
36.025162
35.903721
35.902122
36.034122
56.180344
36.003719
35.855080
35.841801
35.905323
35.898121
35.877960
56.214264
35.884201
35.902924
35.903244
35.885643
56.194584
35.797962
35.893482
35.885960
35.897003
35.907242
15.760859
56.028824
35.775242
35.895241
35.727882
35.838924
56.144341
35.870281
35.940361
35.769001
35.863724
35.737003
35.801003
56.222904
35.767086
15.673819
Control Period
35.736362
35.915081
56.214104
35.794285
36.055080
56.196342
35.785480
35.988678
35.735405
36.093163
36.042118
35.788685
35.929802
56.244503
35.775562
36.038120
56.178902
35.949638
36.272995
36.015560
56.201462
35.977001
36.034760
35.898762
35.975403
36.044998
35.813004
35.993801
56.242905
35.919563
36.021481
56.375542
36.021957
36.072521
35.936043
36.016521
36.055721
35.898281
36.039402
56.312984
35.901962
36.062122
56.179543
35.926601
36.044201
56.185944
35.978600
35.803726
35.903721
35.927563
35.859562
35.870922
35.866283
56.260345
35.891083
35.955399
Control Period
56.176987
35.782444
35.921162
56.134102
35.797485
35.839245
56.175064
35.790443
35.845005
35.948040
35.762444
35.837803
35.909962
35.757965
35.845642
36.016201
56.181782
35.809483
35.904205
56.161308
35.824684
35.950600
36.110920
56.235542
35.808044
35.878761
56.279701
35.769482
35.968681
35.982601
35.765007
35.975243
36.094440
35.807720
36.038761
36.104359
56.265305
35.973480
36.055717
56.262741
35.955078
36.027405
56.264984
35.939404
36.081001
36.056999
35.919724
36.033161
36.120678
35.944359
36.009964
36.149639
56.217625
35.991402
36.051880
56.274582
35.969002
Control Period
36.045322
35.894123
35.926445
35.986763
36.054600
56.306904
35.960682
36.055882
35.943882
56.242905
36.001003
35.825005
35.923241
56.208504
35.804523
35.874283
35.918442
35.923241
35.831882
35.866283
35.880203
35.762123
35.809006
36.047562
56.154427
35.774605
35.845642
35.939880
56.232502
35.773323
35.917480
36.105000
56.202583
35.792526
35.850922
36.120518
35.783081
35.850765
36.121159
56.349785
35.795086
35.994282
36.118919
56.296345
35.886440
35.977322
36.120682
56.236984
35.883564
36.044361
36.069317
56.380661
35.998283
36.023403
36.070923
35.925964
36.001003
36.004681
Control Period
56.453621
35.931561
36.007561
36.088524
36.108360
35.969643
35.892365
56.286903
35.914120
35.986923
35.872684
35.937962
56.284344
27.739698
35.800842
35.841644
35.945160
56.199387
35.771729
35.806442
35.764366
36.072361
56.294746
35.805965
35.906765
36.080681
36.084358
56.220505
35.797962
36.010761
36.087082
56.325302
35.808208
35.958763
36.054596
36.037163
56.152027
35.927402
35.983402
36.036362
36.130440
56.380501
35.974121
36.082123
36.024841
56.408981
35.933643
35.980522
36.114117
35.953484
56.270584
35.951565
35.912041
35.893002
35.893803
35.938438
35.963882
35.822128
35.963402
Control Period
56.316505
35.986286
35.881485
35.867245
35.995564
35.946922
56.308662
35.801163
35.824844
35.904045
35.973801
36.116199
56.217144
35.779087
35.789165
35.952682
36.136841
56.277786
56.197624
35.764526
35.974762
36.087559
36.050762
56.274586
35.780205
35.959885
36.049320
36.056358
36.099239
56.416981
35.948681
35.965164
35.989803
36.040199
36.136200
56.244503
35.954121
36.028522
36.049000
36.085159
35.939724
56.264824
35.956200
35.950283
35.851406
35.897964
35.884361
56.161945
35.940041
35.778446
35.853165
35.937004
35.904522
56.172829
35.837322
35.892204
35.916046
35.978443
56.350426
56.244186
35.822926
Control Period
35.831085
36.132042
36.126759
36.107399
56.247383
35.772205
35.809807
36.009960
36.022923
36.092201
36.145641
36.083561
56.381622
35.931404
35.978443
36.017643
36.047081
36.105961
36.110123
56.255867
56.214584
18.778728
56.382423
35.979401
35.760529
35.802765
35.937805
35.929161
35.949806
56.359066
56.277306
35.808048
35.808044
35.835403
35.994282
36.104839
36.082279
56.336346
56.263866
35.775085
35.950123
35.997963
36.051559
36.056358
36.071239
56.460022
35.988522
35.952202
56.413940
56.397305
35.966442
36.005161
36.018280
36.030762
36.128040
35.903404
56.245625
35.960842
35.959881
35.988041
36.030281
35.943886
Control Period
35.941963
35.940685
56.337303
56.324986
35.980362
35.765968
35.796844
35.795086
35.854286
35.877808
35.976204
36.126122
36.125160
36.090599
56.318741
56.266266
35.776684
35.857483
36.009804
36.062443
36.049961
36.091084
36.116039
36.084042
36.060520
56.540180
34.415268
35.911884
56.275223
56.178429
35.816044
35.787567
35.786289
35.850445
36.096840
36.038601
36.042763
36.159721
36.146439
36.145157
56.295227
56.392185
36.004841
35.963402
35.963402
35.997643
36.059242
36.020042
36.136200
35.967403
35.909004
56.263702
56.174427
35.966923
35.956844
35.982922
35.815567
35.886765
35.871407
36.017166
36.003563
35.999241
36.009644
Control Period
56.218266
56.250107
35.850765
35.801647
35.791248
35.762928
35.828045
36.041962
36.023083
35.972366
36.028042
36.029640
36.099560
36.129318
36.112999
36.032681
36.078766
36.065483
35.894924
56.289467
56.196350
56.280827
35.956680
35.951725
35.918446
35.954124
35.989319
36.052521
36.025482
36.040840
36.106277
36.131401
36.153160
36.143723
36.117477
36.047726
56.436985
56.426102
56.244347
56.238106
35.938763
35.934921
35.974442
35.968681
35.977642
35.929642
35.893166
35.958923
35.874924
35.896847
35.899883
35.979565
35.955887
35.932365
36.183399
36.029003
36.120682
56.296669
56.248348
56.330265
56.219547
35.793327
35.927567
35.966923
Control Period
35.992683
35.978764
36.003563
36.032520
35.990604
36.030121
35.983082
35.974442
35.982765
35.994282
36.086441
36.072521
35.886284
35.867725
35.901165
35.937805
35.909168
35.876846
35.970764
35.988686
35.946445
36.020523
36.051399
36.039242
36.061962
36.093483
36.114120
36.127880
36.143242
36.127399
36.117641
36.116360
36.090122
36.045963
36.161640
35.959244
35.921646
35.907406
35.904686
35.937965
35.940681
35.930603
56.293148
56.160347
56.391064
56.508987
56.349785
56.165466
56.347546
56.290428
56.281467
56.244827
56.178108
56.197952
56.224506
56.240189
35.953648
35.855568
35.974442
35.982285
35.959560
35.945324
35.940365
35.965805
35.960201
35.963245
Control Period
35.938923
35.931885
35.961002
35.959408
35.957485
35.926445
35.869007
56.225311
56.262268
56.323708
56.255226
56.233627
56.276665
56.293625
56.327225
56.304348
56.331867
36.047401
36.105000
36.124207
36.122444
36.095081
36.058121
36.086441
37.227703
35.964363
35.895405
35.876205
35.917965
35.904205
35.913166
35.868843
35.965004
35.943886
35.916527
35.944363
35.885647
35.828846
35.895245
36.015404
36.024204
35.972683
35.918766
36.064682
36.027405
35.996841
35.985641
35.940845
35.960846
35.957802
35.979721
31.195965
56.387707
56.461945
56.476505
56.426109
56.306908
36.093483
36.071404
36.091080
36.077324
36.088043
36.167240
36.134281
36.112843
36.165802
Control Period
36.117802
36.119240
36.086445
36.073963
35.966606
36.042923
35.940044
56.316669
35.969002
36.080364
36.062443
36.045486
36.099083
36.116844
36.073002
36.123241
35.866287
35.897007
35.878605
35.830128
35.782608
35.771088
35.800365
35.800049
56.262909
56.196030
56.282425
56.301308
35.970284
36.066284
36.106281
36.057484
36.086285
36.107403
36.082443
35.985485
35.889965
35.843246
35.835888
35.880527
35.864365
35.823086
35.778927
35.778927
35.809006
35.795731
35.795246
56.194267
56.244827
56.198429
56.460186
36.091885
36.139404
36.118282
36.068844
36.152679
36.116043
35.997486
36.109962
35.995564
35.929646
35.979084
36.065964
35.932205
35.902287
35.939087
35.942127
Control Period
56.378586
56.388031
56.298592
36.095406
36.069805
36.081322
36.067242
36.048042
35.998924
35.950764
35.944202
35.941643
56.345791
56.285950
35.936203
35.944366
35.908207
35.861324
35.891403
35.870609
35.834286
35.850925
35.748207
35.772530
56.234268
56.281788
56.362587
36.069485
36.094128
36.082123
36.056206
36.033806
35.986923
35.950287
35.969807
35.976364
35.954765
56.285629
56.247871
35.933647
35.966286
35.977005
35.921486
35.848366
35.794128
35.880203
35.846287
35.773327
35.750446
56.145630
56.353310
36.090443
36.183239
36.101162
36.060688
36.033646
35.995564
36.017963
35.939568
35.924366
35.972843
56.334591
56.308990
35.901165
35.931885
35.886925
35.875565
35.865486
35.818768
Control Period
35.815575
35.736851
35.795086
56.226746
56.341469
36.054768
36.049011
36.129799
36.040527
35.964207
35.943249
35.947563
56.203873
56.286591
35.925327
35.952847
35.892689
35.812366
35.850128
35.783569
35.767731
56.191711
56.214752
36.073963
36.104843
36.064842
36.017647
35.937969
35.964046
35.941647
56.397148
56.434425
36.065163
36.097485
36.091404
36.017963
35.954445
35.887569
35.900208
56.272034
41.032444
35.906128
35.883087
35.935886
56.333469
36.033485
36.079247
36.176201
36.044685
35.999409
35.989647
35.964363
35.973167
56.229630
35.911568
35.953964
35.900208
35.907085
35.809166
35.790611
35.810287
35.786770
56.308510
56.296509
36.129486
36.063564
36.102440
36.023087
36.020687
35.953968
Control Period
35.963085
56.270111
35.902767
35.964043
35.845806
35.795731
35.964371
35.986286
56.357628
56.458107
36.107887
36.102921
35.880043
35.866287
35.804848
35.764210
56.273628
36.138924
36.114601
36.051083
36.050285
35.945328
35.957970
56.304832
35.977486
35.910927
35.887405
35.789970
36.001328
35.955566
56.381149
36.071884
36.135567
36.028687
35.946766
35.792049
35.760048
56.240669
36.050766
36.113483
36.086926
36.028206
35.992847
35.940048
56.306271
56.339073
35.964207
35.880527
35.847889
35.835732
35.814930
35.963890
56.487228
36.076847
36.024204
36.093803
36.047089
35.859409
35.768692
56.243393
36.137482
36.119884
36.085804
36.012367
35.974926
35.989647
56.288673
35.955566
35.980366
35.903725
35.922928
Control Period
35.869808
35.809650
56.458588
35.996204
36.165325
35.844368
56.323227
36.093006
36.139565
36.054287
35.933487
35.960369
56.318748
35.978287
36.149483
35.938927
36.006126
36.002125
56.425308
36.008045
35.916367
35.935566
35.861809
35.820690
56.265793
56.264832
36.067566
36.091087
36.127243
36.013809
35.956688
56.438271
36.064526
36.044365
36.017967
35.965965
35.938286
56.246269
35.992046
35.928047
35.864368
35.791889
35.765808
56.196514
36.105324
36.091724
36.064041
35.945648
35.930767
56.452667
36.131245
36.139568
36.056366
35.998123
35.976528
56.228195
56.350594
35.838451
35.863251
35.919407
35.796207
35.794769
56.356667
36.062923
36.058765
35.960049
35.968529
35.982765
56.347229
36.083725
36.055885
Control Period
36.032047
36.124523
35.964848
56.266273
35.967247
35.925968
35.880367
36.282761
56.439552
56.271713
36.134445
36.156364
36.515717
35.847889
56.260509
56.509628
36.226765
36.031086
36.285961
36.164845
56.604027
35.929810
36.173004
36.068687
36.676517
35.945007
56.437149
36.084526
36.955711
15.785177
36.116524
35.938766
35.971886
56.554909
36.369320
36.708672
36.030766
35.949169
36.700836
56.419395
35.923889
36.608036
36.110283
35.768211
35.919888
56.881783
36.800991
36.050926
15.753341
35.952206
35.933647
56.267231
36.911552
36.165962
35.884365
36.404041
56.533791
56.299393
36.413803
37.530899
36.065487
35.929966
56.929142
57.145779
36.128365
36.292843
37.181946
35.927887
56.162758
35.959087
37.090431
36.235558
Control Period
35.834930
36.981949
56.961143
36.101967
36.041168
36.681957
36.721951
56.479553
36.087246
37.423862
36.225643
35.966129
57.050900
57.668491
35.950607
35.839890
36.988350
35.919727
56.740505
37.354263
36.056366
36.145966
37.508179
56.639389
36.143085
36.560997
37.340347
35.953327
56.370590
57.868008
36.598915
35.904530
36.786114
36.715878
56.460350
36.675556
36.760353
36.008045
37.509941
57.120178
36.059406
36.735237
37.120029
36.003246
56.524509
58.470398
36.279404
35.944851
37.319866
35.882771
56.540192
37.424984
37.155548
36.071884
37.244507
57.300499
36.018929
36.613800
37.965935
35.958447
56.487709
58.079842
36.966110
35.988846
36.480198
37.260986
56.385635
36.855553
38.516167
36.074448
35.937489
57.985443
Control Period
57.524651
15.682302
36.898113
37.342903
35.929008
56.563553
37.764019
36.540195
35.868206
38.002895
56.852661
36.078926
37.826416
36.614761
35.966446
57.961929
58.024803
36.180683
36.728355
38.199692
35.962769
56.564514
38.558407
36.986752
35.919888
37.237305
57.801765
56.344513
36.983070
38.469452
35.976368
36.831551
58.733913
56.647068
36.077965
37.874416
36.850594
35.964050
58.079208
58.415199
36.134766
36.732677
37.813938
35.864532
56.664509
59.244785
36.637638
36.042927
38.512970
36.604355
56.260353
36.811714
38.518406
35.804531
35.997490
58.762711
57.435215
36.126286
38.626244
36.822754
35.963245
57.891209
58.337921
35.934608
36.460361
37.876495
35.789810
57.162262
59.037109
36.349323
36.338604
39.115997
36.091084
Control Period
56.269314
37.089951
38.110413
35.793491
37.325150
58.553436
56.386913
36.467880
39.906544
36.018608
56.203556
58.363678
58.121605
35.925812
36.652519
38.392326
56.335552
57.020821
59.727341
36.328041
36.259724
38.960957
56.678108
56.447395
38.179214
37.067390
36.352360
58.838394
56.815865
36.485481
39.138397
36.426605
36.040207
58.998390
57.854408
36.067566
36.789635
38.397289
56.402592
56.752991
59.900299
36.396843
35.901493
38.647846
57.412174
56.300835
37.937458
38.448647
35.972366
57.583214
58.862869
56.415070
36.698917
38.999199
35.772854
57.532814
59.427979
56.411713
36.408203
39.620949
36.229961
56.220036
57.980644
59.242226
35.953491
36.163727
38.968163
56.702747
56.368996
58.748154
38.152172
36.065647
Control Period
38.084335
58.237923
56.272194
37.213150
39.084957
35.829491
36.732197
59.796776
56.562592
67.329453
58.787834
56.779385
36.442123
39.882385
36.569160
36.325481
60.540443
57.101143
36.093487
38.305931
38.227852
56.303551
57.492176
59.288944
27.754105
35.970608
37.268349
38.822083
56.285156
57.197945
60.303009
36.340202
36.333641
39.734230
56.818420
56.414757
60.324608
37.388985
35.898129
38.108017
58.704636
56.284355
57.834892
39.655510
36.098446
36.582920
59.920135
56.678589
36.080528
40.334854
37.239067
36.088848
60.055489
57.749451
36.078609
37.287708
39.548630
35.929008
56.740349
60.242371
36.802914
36.129967
40.045742
57.292656
56.399712
59.575500
38.339050
35.988689
37.677780
60.255333
56.358116
56.662750
Control Period
61.113396
37.063553
36.052528
40.360935
37.173149
56.192837
57.829453
60.744926
36.040527
36.701477
40.089424
56.367073
56.653954
60.763325
37.238590
35.965488
39.541912
57.490898
56.353477
59.399826
59.715981
36.071568
37.023392
39.585106
56.412994
56.633949
61.007957
37.111870
35.869331
40.062862
58.123528
56.220196
58.217125
60.868439
36.108368
36.811394
61.122833
36.293484
36.707077
61.356590
36.264526
36.567398
61.441391
36.205006
36.700039
40.015343
56.543392
56.475395
60.811966
37.492344
35.929970
39.977585
58.224648
56.331879
59.372467
59.266068
35.960209
39.703510
17.996666
56.297798
57.929771
61.038040
35.942291
36.772041
39.794228
56.451077
57.312660
61.732746
36.686436
36.210606
Control Period
40.443817
37.380348
56.454918
60.230053
58.926075
35.916851
39.672470
38.640808
56.140358
58.123688
61.542030
36.171246
36.671879
61.186516
36.536362
36.971077
40.345100
36.113968
56.670113
61.904266
57.570896
36.092690
40.105423
37.276989
56.374916
60.337414
59.314388
36.073967
38.832966
39.340477
56.401474
58.537598
60.437729
36.365486
37.268669
40.294697
36.001488
57.853767
61.218674
36.458282
36.678280
61.433872
20.553423
36.070610
40.501095
38.320011
56.372353
58.968952
61.155159
36.098129
37.186272
61.617870
36.161484
37.122913
61.461552
36.181648
37.063553
61.285873
36.136047
38.494888
40.058544
56.390434
58.333923
62.022984
56.881626
36.773155
62.244900
36.713638
36.768677
62.123459
Control Period
36.503723
36.682598
61.573872
36.660683
36.640041
61.594833
36.474285
37.100510
61.055161
36.306606
38.080978
62.410019
36.117805
38.037457
61.022999
36.106606
38.744007
40.101105
56.385956
58.356323
61.582989
57.005943
36.973312
61.944588
36.287086
36.939075
62.031624
36.197487
37.353149
61.465229
36.161644
37.842422
60.939800
36.180687
39.421436
39.881744
56.412834
58.523842
61.942024
56.859390
36.990433
62.390015
36.450123
36.756519
61.472271
36.687561
37.337788
61.788429
36.156849
38.260494
40.473419
35.918453
58.134731
62.748734
57.013786
36.582920
62.477058
36.808998
36.669319
62.379303
36.313805
36.950916
64.049515
36.149971
36.851234
62.037704
36.542122
Control Period
37.169632
62.033386
36.297005
37.283550
61.821869
36.252686
37.701782
63.107605
36.123890
38.017616
63.016888
36.185806
38.202896
62.894806
36.034130
39.425755
40.079662
56.350277
58.950233
61.740906
56.858269
36.951553
62.751770
36.482124
36.922276
62.448257
16.017818
37.189632
62.033226
36.480846
37.270111
61.852104
36.201168
38.678246
61.674187
36.005650
39.621433
62.456738
36.093491
38.267212
62.290337
36.107567
38.156017
62.646652
36.186928
37.905617
63.211601
36.110130
38.009457
62.569855
36.188690
39.319035
61.080441
36.163406
38.785606
61.608910
36.113808
39.786228
61.631470
35.972054
39.660149
40.198704
23.222340
36.074291
61.799629
37.995216
36.106289
Control Period
62.214981
37.661629
36.298927
64.359100
36.816837
36.706440
63.042011
36.583080
36.726917
62.772572
36.987877
36.844521
62.723137
36.772999
36.679558
62.651291
36.966274
37.055077
64.247116
36.300205
37.087070
63.883438
36.213806
37.230270
63.752075
36.170929
37.488026
62.220100
36.229168
38.915844
60.935486
36.213966
61.966347
60.767487
36.134293
40.419342
39.678230
56.454117
59.607346
61.871628
56.662598
38.647690
63.164726
35.911732
38.596329
61.541878
36.138931
39.415035
62.625053
36.098129
38.917122
56.397160
61.239319
61.105400
56.445000
59.992779
62.418022
36.049809
61.702991
62.494339
36.099251
38.995842
62.663452
36.123894
61.458672
Control Period
39.469437
36.084850
62.877048
58.851036
35.949173
64.381187
58.246727
36.088051
62.777538
38.308815
36.083572
63.928558
58.240170
36.299728
63.677200
36.915878
36.831879
66.539711
56.812672
36.755398
63.538322
36.882278
36.977318
63.774319
36.457165
37.367390
64.218315
36.231087
37.381149
62.101864
16.276054
37.796021
63.319283
36.098129
38.933445
62.140427
36.132370
62.942974
60.526531
36.094612
61.691471
39.582714
36.048851
64.053192
58.018089
36.499084
64.737503
57.293625
37.009315
63.625362
36.690285
37.088196
65.389008
56.755875
37.584667
63.853676
35.945496
37.412827
63.848557
36.247250
37.382431
64.685341
36.251892
37.666901
63.784557
36.062611
Control Period
37.761944
63.517204
36.000534
38.968323
62.927452
35.932533
39.730873
61.848114
36.073334
39.770710
40.098866
56.416519
61.243958
61.730034
56.547077
60.361412
62.439941
56.476036
38.644974
63.283928
36.086452
38.264175
63.183769
36.095890
39.914230
61.858189
35.938774
62.442337
59.655830
35.945175
64.889343
59.186714
35.917812
64.155434
58.688484
36.144371
64.469666
58.098572
36.417969
65.120697
57.602421
36.299728
64.512070
57.799698
36.800518
64.018158
36.746281
37.155075
64.168556
36.228371
37.944660
63.765358
36.081650
38.436813
63.222172
36.091572
40.256462
62.835773
36.115089
61.386200
62.246346
36.078293
62.069550
59.968941
36.202450
64.622467
Control Period
58.682724
36.124210
64.404068
58.137451
36.077652
64.193672
58.591522
36.323406
64.793663
57.583221
36.750282
63.902481
37.022118
36.708202
66.072685
56.907551
37.223232
64.595909
57.138428
37.471870
64.172714
36.273811
38.306576
63.518806
35.911415
39.483196
62.470345
36.114609
64.595108
59.196472
36.137173
65.144859
58.674084
36.121170
64.219597
58.825439
36.242451
64.639748
58.231373
36.394447
65.062134
57.409943
36.624363
65.010139
57.464184
36.782440
64.351273
57.283226
37.687546
64.206795
36.155411
37.553146
63.915123
36.112690
38.694572
63.469044
36.092850
61.289722
62.939774
36.126289
61.801395
62.105873
35.946613
64.414314
60.808449
36.055416
Control Period
61.478676
62.250027
36.112053
63.810959
59.245914
36.106289
64.853180
58.966881
35.912537
64.240555
60.430054
36.094135
64.221031
58.874405
35.945335
65.448212
58.601608
36.156052
64.107117
58.373932
36.361328
65.338936
57.326904
36.644363
64.272072
57.284187
37.221634
66.345474
56.840191
38.009460
64.337036
36.352531
37.489792
63.854797
36.124851
38.477615
63.774963
36.105972
38.281456
63.751122
36.027576
38.844807
64.155594
36.136372
37.685146
64.295273
36.016373
37.813946
63.896721
36.161652
39.564796
62.818657
35.971092
63.178970
61.163006
36.139412
63.073692
59.888786
36.134293
64.352074
58.565285
18.962093
82.481697
37.355553
37.579071
Control Period
63.392567
36.381485
38.496655
64.469032
36.113815
37.757946
52.460747
27.701630
56.712036
63.937843
58.975677
36.201012
64.724068
58.081135
36.161331
65.001984
58.107216
36.302929
65.094139
57.594101
36.777966
64.717186
57.295547
37.004196
63.334816
36.830605
37.285473
64.761024
36.362770
37.463871
65.653015
56.595558
37.482590
65.142456
56.856514
37.743385
64.746628
36.362930
37.457310
66.088364
56.763878
37.764668
64.789032
36.365170
37.035080
66.281799
56.941315
37.765625
64.917183
36.185333
37.552990
63.948078
36.056374
38.726089
63.843922
36.046612
38.783852
63.646965
35.937492
38.980167
63.266975
35.923096
61.166847
62.711624
36.140373
61.309402
Control Period
62.437065
36.102615
64.995903
59.540794
36.002457
64.382469
59.138878
15.705025
63.174492
59.130081
36.109974
65.605179
59.442074
36.152695
63.424091
59.422234
36.199570
64.814148
58.075218
36.517166
65.155739
57.879860
36.609005
64.795746
57.481308
36.878601
64.650787
57.020035
37.150436
65.299103
57.007713
37.553467
64.115440
36.213654
37.398754
64.809029
36.360847
37.480511
65.445183
56.744358
37.815067
64.287598
36.330292
37.659069
64.290314
36.200851
38.308659
64.780869
36.078613
37.343235
64.287277
36.414127
38.374096
63.306492
36.088535
61.934837
62.430344
36.090454
61.505722
62.919144
36.131893
39.549118
62.854340
36.120533
63.409210
Control Period
62.137871
35.966778
39.670235
63.407448
36.084373
38.924492
63.367451
36.068054
61.523483
63.424091
35.977657
38.354897
64.993988
56.613159
37.295074
64.428711
36.494606
37.280994
62.657700
36.707245
38.188820
65.109665
56.526924
37.834263
64.047920
36.483727
38.549614
63.153214
35.987736
62.346188
62.536583
36.086456
39.661598
63.027134
15.517508
62.932259
61.672440
35.962936
64.928864
60.302544
36.066296
63.570969
60.156624
36.206776
62.942497
59.548634
36.127895
65.526138
58.697289
36.089012
64.751747
58.178257
36.457329
64.795433
57.484509
37.042118
67.085632
56.823399
36.835724
65.978287
57.390911
37.242275
65.984367
56.837002
38.218422
65.317337
Control Period
56.713799
37.307236
62.880100
36.980198
37.206757
63.140575
36.581326
37.327396
65.497498
56.706123
37.250114
66.957314
57.012676
37.120838
64.646469
57.379551
37.072678
64.505829
36.548206
38.297935
63.896240
36.010616
37.657310
65.148392
85.775253
38.839531
61.607960
36.503571
40.039673
62.692905
36.119576
61.250050
62.831139
36.121174
40.414547
40.357906
35.976696
84.091759
60.494698
36.120216
62.289230
62.181068
36.051414
39.833115
62.818184
35.938938
61.889076
62.855942
35.815418
38.684334
63.637207
36.206612
38.912010
63.695927
36.098293
37.795067
64.211441
36.217175
37.807705
64.423759
36.298927
38.012184
63.675129
36.051575
61.855480
Control Period
63.723125
36.054615
37.196999
62.649227
37.200840
37.503395
62.146034
36.607086
39.063690
63.229057
36.103737
39.893272
63.031303
36.136696
39.613438
62.681381
35.962296
40.359348
40.264149
36.186455
84.403114
38.307701
36.379570
64.684875
57.919861
36.450932
62.587147
38.361458
36.542610
65.097351
57.369949
36.930443
62.255791
38.052666
36.569008
62.854019
37.273476
37.062122
62.565865
37.310757
37.302597
64.665031
56.938438
37.392357
64.153687
36.474613
37.885147
63.793045
36.397648
37.792671
64.158958
36.208214
38.161781
63.799927
36.256374
39.034569
62.982498
35.962780
39.696476
62.979942
36.101814
61.745720
63.538811
36.153336
37.484673
66.057327
Control Period
56.782440
37.235397
65.822777
57.008034
37.499393
66.035889
56.800682
37.579231
65.391739
56.708042
37.496994
64.043129
36.473972
37.978584
64.654633
36.259094
37.301315
63.844570
36.756367
37.228996
63.611931
36.632046
38.214581
63.653534
36.260056
39.462883
63.282333
35.935417
40.405907
63.860889
36.023258
37.561630
64.548553
36.483089
37.720352
64.292397
36.170616
37.358757
65.423416
56.935402
37.523232
64.245209
36.468533
37.447712
64.443115
36.375252
38.020023
64.314484
36.241016
37.713310
63.844410
36.344532
38.354424
64.348724
36.113495
37.569633
64.268562
36.161495
38.093464
63.797371
36.159897
38.870415
63.798645
36.144054
38.277939
64.065369
Control Period
36.204536
37.419716
64.201202
16.602612
36.099575
43.873688
58.175381
36.164536
64.707275
58.050419
36.589809
65.803101
57.836983
36.388210
64.641998
58.648010
36.083096
65.427582
59.536636
36.081341
61.924278
62.300594
36.091576
61.169731
62.861069
35.901661
39.687355
64.045364
36.065979
37.249161
64.880394
56.955238
38.076824
64.188080
36.470772
37.148041
65.563263
56.941322
37.898746
64.275444
36.380211
37.147720
66.849319
56.899879
37.405476
65.709015
57.239395
37.182922
65.497986
57.015877
37.477955
63.373695
36.471092
38.368179
65.741653
56.512207
37.901947
66.903244
56.874123
37.126598
66.596046
56.971882
36.770447
67.699066
57.468353
35.919743
Control Period
65.462303
58.979530
35.993019
65.416222
60.353264
35.832382
64.074333
62.175316
56.301170
39.355526
63.616737
36.137497
38.763054
64.150963
36.025021
37.571552
64.511124
36.372055
36.949005
66.766281
56.844521
37.006763
66.982758
57.224838
36.889328
64.986153
57.386913
36.753967
65.574463
57.120838
37.511715
65.026474
56.865482
37.345955
66.377327
56.857483
37.800991
65.512222
56.869484
37.054764
66.594131
57.108997
36.945644
64.048889
37.042442
36.537014
64.906471
57.725468
36.914444
62.618351
37.838112
36.739086
62.833862
37.218601
37.412998
64.177048
36.323895
38.862251
63.998009
36.165016
37.554756
64.215767
36.591572
37.390274
65.233826
Control Period
57.322594
36.605972
64.828232
58.368019
36.555733
63.503616
59.737915
36.600212
39.872318
61.136131
36.580849
37.654434
63.316101
36.847889
36.851242
65.688705
57.772827
36.525654
64.676399
59.553600
36.530453
38.911694
63.526337
36.549011
37.197800
63.646019
37.080204
36.548531
64.875435
58.514740
36.443737
62.449875
61.048454
36.552692
38.636497
63.902332
36.577652
37.055244
63.535618
37.528198
36.544849
65.228226
58.935692
36.321815
61.958679
63.039146
36.495255
37.559395
65.035912
57.299080
36.630447
64.877197
58.566418
36.277496
62.447952
62.373558
36.527092
37.891388
64.297043
36.641171
37.033646
65.808060
57.557953
36.600693
62.402195
61.203815
Control Period
36.601654
38.182266
63.890652
36.714928
37.263084
62.874989
37.528675
37.046761
39.863838
63.303783
37.043884
37.283882
62.556274
59.968796
38.145470
38.025948
37.982430
38.216824
61.648773
59.284164
58.856812
58.957130
59.109287
59.155365
58.907051
38.676979
38.682259
38.865131
39.220650
59.739517
59.819359
59.576645
59.754555
59.853596
59.852959
60.487347
60.916298
53.151466
40.603668
40.291992
40.063835
60.725586
60.685585
40.268951
40.235832
40.266552
40.242714
40.060959
40.279190
40.196953
40.254555
40.208794
40.254395
40.296471
40.062397
40.289112
40.251831
40.271835
40.257111
40.251514
40.250549
40.058075
40.258553
40.231033
40.256310
40.218872
40.212631
Control Period
40.267353
40.083672
40.232956
40.243355
40.205433
60.479507
40.264313
40.248955
40.042877
60.697105
40.269112
40.170876
40.256470
40.294075
40.220634
40.044640
40.283192
39.282089
59.833279
59.507523
59.140648
59.127213
58.988335
59.017929
38.695702
38.676659
38.431541
38.535221
59.176010
59.207848
58.993614
59.075050
59.153770
38.784180
38.654099
38.633461
38.637135
58.949776
59.093452
59.094727
59.095692
58.948174
38.694580
38.756500
38.659058
38.511383
58.978256
59.095848
59.050575
59.009933
59.127052
38.757137
38.505463
38.601624
38.628181
59.129448
58.872498
59.164650
59.261288
58.943535
38.702099
38.695702
38.720177
38.424183
58.976814
59.089931
59.157608
58.953613
Control Period
59.198090
38.775215
38.705780
38.561302
38.582260
59.072815
58.831055
58.998573
59.115852
59.160973
38.546741
38.615379
38.625938
38.600662
58.829456
58.990414
59.129128
59.034733
59.117294
38.732018
38.732178
38.488022
38.642578
59.086411
58.895859
59.030891
59.226570
59.054733
38.714417
38.706261
38.733459
38.460823
59.042091
59.062248
59.112972
58.874893
59.071854
38.743378
38.715218
38.570423
38.568657
59.084015
58.842575
59.002411
59.144970
59.140015
38.539864
38.668182
38.701298
38.683380
58.890739
59.092010
59.124489
59.224167
59.752003
59.898079
59.867043
39.237610
39.301128
39.324966
39.291687
59.501289
59.651360
59.723522
59.674564
59.778717
59.858719
59.767841
59.525284
Control Period
59.660004
39.193130
39.329288
39.207050
39.285450
59.752640
59.661446
59.735039
59.807518
59.865601
59.518406
59.833118
59.868797
59.698082
59.718884
39.347847
39.348648
39.168015
39.174889
59.802559
59.710884
59.433765
59.605125
59.795200
59.639206
59.745125
59.876320
59.695526
39.211372
39.362091
39.274570
39.292969
59.544487
59.642082
59.829117
59.633286
59.554726
60.146393
60.686867
60.623833
60.759186
60.736946
60.524467
60.626228
60.663033
60.895344
60.534710
60.705750
60.819504
60.667988
60.828781
60.812786
60.891983
60.568474
60.647667
60.637428
60.593750
60.752625
60.618393
59.977280
59.425449
59.859680
59.868801
39.220009
39.227692
39.248009
39.287529
59.627045
Control Period
59.630405
59.806561
59.787201
59.587364
59.748161
59.882240
59.584003
59.777122
59.881443
39.429447
39.152493
39.252655
39.292809
59.802082
59.502728
59.669445
59.833763
59.555683
59.777603
59.912159
59.778725
59.493446
39.385929
39.418728
39.342567
39.193932
59.676006
45.478630
39.199532
39.226250
59.752007
59.818245
59.596325
59.712967
59.857121
59.866882
59.630569
59.808163
59.895840
59.722725
59.756485
39.401928
39.360809
39.108494
39.207375
59.799362
59.814720
59.567528
59.681763
59.762722
59.559044
59.627365
59.741440
59.915680
39.159374
39.363213
39.292171
39.239532
59.451050
59.608971
59.691685
59.650566
59.729446
59.681610
59.648331
59.418087
39.136974
39.311371
Control Period
39.289131
39.142254
59.720802
59.798401
59.546402
59.692646
59.848480
59.816803
59.642090
59.687683
59.876320
59.691048
39.399372
39.349770
39.336647
39.032974
59.635048
59.762081
59.721924
59.570889
59.712807
59.666729
59.722244
59.702404
59.728485
59.948959
39.208332
39.203533
39.290092
39.258572
39.160812
59.745125
59.781445
59.626724
59.681446
59.807041
59.828323
59.620487
59.767044
59.820801
59.784485
39.320969
39.360809
39.292492
39.037617
39.159054
59.682091
59.717289
59.436485
59.619530
59.835526
59.689285
59.555687
59.953442
59.906723
39.251373
39.302094
39.314255
39.204494
59.519531
59.771847
59.789444
59.647686
59.722244
59.845444
59.901924
59.616329
59.833282
Control Period
59.887047
59.790085
39.324810
39.389610
39.321930
39.113136
39.255211
59.816483
59.686569
59.631691
59.833447
59.693447
59.732162
59.751366
59.772648
59.787682
39.019218
39.257614
39.292492
39.214252
38.934418
59.025135
59.184013
58.868820
59.056976
59.147537
38.752823
38.584023
38.604343
38.646103
38.644661
58.926418
59.084816
59.275375
58.854263
58.920975
38.684982
38.771061
38.509304
38.584820
38.596344
59.129135
58.947857
59.112175
59.271374
59.014420
38.714584
38.716499
38.737782
38.461624
38.587543
59.030258
59.129776
58.901459
59.048973
59.265453
38.835220
38.732502
38.633461
38.656822
38.430908
58.981621
59.069618
59.148338
58.863861
59.150894
38.634262
38.894741
38.597622
Control Period
38.620979
38.620663
58.913139
59.007858
59.092979
59.192337
58.909782
38.674103
38.721142
38.697941
38.595383
38.575066
59.112495
58.971863
58.961136
59.072655
59.261932
38.603542
38.710419
38.730103
38.690262
38.602425
59.082256
59.178097
58.952980
59.045937
59.119217
38.597466
38.511066
38.599545
38.603222
38.617783
58.863701
59.033775
59.146576
58.975220
59.048820
38.655865
38.716022
38.512665
38.623062
38.669464
59.219696
58.955215
59.128654
59.300972
59.116180
59.152016
38.805141
38.808502
38.572502
38.613625
38.618904
59.115376
58.794899
59.089619
59.169937
59.035061
38.668503
38.729141
38.665138
38.455067
38.566746
59.044014
59.128975
58.896183
59.041618
59.184338
38.759064
Control Period
38.783058
38.748817
38.683064
38.477787
59.087696
59.156494
59.264015
59.456810
59.820488
59.911842
59.738567
59.786247
39.288975
39.385773
39.158257
39.228333
39.283371
59.702248
59.567051
59.795052
59.721130
59.596012
59.595848
59.749290
59.899529
59.601448
39.128494
39.311054
39.283211
39.128334
39.270893
59.773605
59.650730
59.598888
59.833450
59.764488
59.605129
59.810890
59.836006
59.667206
59.769608
39.343853
39.388813
39.203693
39.227856
39.303215
59.722569
59.580811
59.714409
59.757446
59.565933
59.644325
59.700165
59.948486
59.611687
39.147858
39.332973
39.275856
39.262253
39.269135
59.704491
60.541595
60.660313
60.655354
60.694710
60.592155
60.754715
60.703831
Control Period
60.486237
60.795830
60.700478
60.789589
60.498238
60.833752
60.717751
60.402397
60.643036
59.878090
59.729286
59.556652
59.718407
59.859047
59.628971
59.748650
59.864967
59.900486
59.664490
39.373611
39.361294
39.321774
39.216492
39.291695
59.806248
59.554573
59.626411
59.785767
59.741608
59.482574
59.611526
59.692169
39.218258
39.231377
39.298252
39.250252
39.082581
59.615372
59.773926
59.759048
59.527214
59.842087
59.720810
59.676491
59.728489
59.923206
59.858086
39.268654
39.323055
39.276333
39.228336
39.174416
59.667847
59.710728
59.520332
59.528175
59.830566
59.729607
59.610413
59.769611
59.891365
39.394413
39.245457
39.271854
39.173775
39.114738
59.710571
59.797607
Control Period
59.675369
59.578411
59.722408
59.894569
59.684650
59.743530
59.931366
59.918087
39.210094
39.316654
39.291695
39.259853
39.234894
59.663689
59.710091
59.513931
59.568016
59.684647
59.889606
59.588493
59.616653
39.153297
39.315216
39.223858
39.221294
39.284492
59.568489
59.740490
59.739048
59.769287
59.417458
59.608650
59.874725
59.664169
59.776169
39.381615
39.402412
39.093460
39.225456
39.235214
59.743530
59.509613
59.714249
59.845451
59.631691
59.677612
59.844810
59.857449
59.601456
59.811531
39.410732
39.313774
39.223057
39.214256
39.228653
59.502094
59.641449
59.694893
59.810089
59.549294
59.821609
59.822411
59.667213
59.703850
59.888649
39.392975
39.140335
39.206257
Control Period
39.269936
39.284817
59.552174
59.679375
59.865448
59.621452
59.647690
59.659210
59.691048
59.674728
59.790092
39.205296
39.246738
39.247059
39.204178
39.232815
59.467857
59.618576
59.827690
59.794891
59.697292
59.779850
59.908970
59.565292
59.736012
59.888008
39.367214
39.167538
39.333134
39.310417
39.268818
59.512016
59.640335
59.775688
59.539215
59.585617
59.682411
59.827209
59.491699
59.847527
39.226097
39.227699
39.235699
39.209938
39.291214
59.529457
59.692814
59.779533
59.826248
59.501938
59.777767
59.837608
59.707855
59.711693
59.897449
39.372978
39.161777
39.278736
39.244019
39.142899
59.553616
59.685135
59.850410
59.571693
59.586418
59.656815
59.686729
59.645454
Control Period
59.867210
39.389774
39.304176
39.238739
39.299698
39.225456
59.608013
59.646896
59.817287
59.727852
59.552498
59.779850
59.872810
59.599533
59.749290
59.808174
59.812973
39.188976
39.289936
39.335381
39.235058
39.136017
59.723534
59.822250
59.496651
59.716652
59.785454
59.827690
59.559536
59.824810
59.823212
59.676491
59.665932
39.420654
39.341457
39.096020
39.171860
39.285294
59.580494
59.448017
59.638737
59.770733
59.468819
59.562737
59.837608
59.819374
39.003059
39.262581
39.297459
39.231537
39.130096
39.389618
59.719055
59.781929
59.092178
59.014584
59.187061
59.172501
58.878906
38.889305
38.721146
38.594105
38.595871
38.386433
38.533947
58.988823
58.951546
58.870266
Control Period
58.970909
59.104664
38.580669
38.695545
38.666267
38.635067
38.450912
38.557148
58.999702
59.100983
58.810905
59.071705
59.089142
19.600651
59.098106
58.922104
38.633785
38.608986
38.617786
38.516029
38.488346
38.528507
58.921944
58.888504
59.020824
59.113464
58.962265
38.654907
38.644028
38.694267
38.601463
38.484833
38.622429
58.836510
58.998104
58.980507
59.150902
58.891865
38.681469
38.670105
38.708824
38.608185
38.631229
38.560829
58.985626
59.062103
59.123543
59.132824
58.885468
38.642750
38.706429
38.666748
38.597626
38.560349
38.596989
58.869949
58.983223
59.180183
59.265621
58.860828
38.551388
38.719227
38.642265
38.621788
38.587708
38.553951
58.888828
59.018265
59.535217
Control Period
59.763855
59.501457
59.804493
59.921131
60.075851
60.690239
60.699516
60.912636
60.622559
60.643520
60.613281
60.657440
60.805916
60.682720
60.909119
60.593597
60.890076
60.894394
60.514725
60.850075
60.847996
60.944317
60.558239
60.854397
60.839676
60.477604
60.622719
60.801117
60.850555
60.437447
60.681282
60.863678
60.637123
60.624481
60.647842
60.890556
60.578239
60.817757
60.823517
60.695038
60.838558
60.882236
61.124153
61.813423
60.979355
60.649124
60.036652
59.331699
58.667229
37.884682
37.886276
37.793800
37.771721
37.905319
38.438915
59.986729
58.510597
58.261639
58.325317
38.594910
61.350708
38.126915
37.970440
37.877640
38.175076
61.668781
Control Period
38.098598
38.077316
38.002277
37.981796
61.238392
38.560352
37.873959
37.849480
37.793159
39.195381
61.039677
38.143555
38.049000
38.005798
39.339859
61.029114
37.965321
37.919876
37.813801
39.969124
61.060959
38.116196
38.079876
38.025478
38.089798
61.223671
38.856987
37.944839
37.777962
38.329315
61.800461
38.341953
38.108841
38.058277
39.001625
61.813263
38.073959
37.873962
37.863720
40.120804
61.601425
38.100197
38.470753
38.663387
38.647068
38.739067
39.239700
59.783058
59.653618
59.562256
59.691216
59.829453
59.672016
59.743858
59.866417
59.721619
59.497780
39.216660
39.355217
39.392334
39.239540
39.266579
39.248661
59.584820
59.686737
59.739853
59.759377
Control Period
59.596977
59.789135
59.759216
59.543221
59.583698
18.691704
39.316338
39.092182
39.128658
39.194580
59.832657
59.528175
59.775375
60.624161
60.659843
60.724159
60.540962
60.845600
60.583683
60.786880
60.732483
60.634087
60.728001
60.834240
60.763359
60.514725
60.777599
60.713280
60.592964
60.769279
60.784317
60.855682
60.510563
60.826721
60.777122
60.581123
60.714241
60.816959
60.832481
60.508003
60.603683
60.605598
60.650723
60.730721
60.599682
60.718239
60.568802
60.745281
60.660164
60.656322
60.727840
60.809120
60.809601
60.451527
60.809761
60.693916
60.519844
60.673763
60.830238
60.781601
60.464645
60.707359
60.812481
60.543205
60.784477
60.758400
Control Period
60.861763
60.484806
60.304489
59.779053
59.635384
59.502579
59.121788
59.126907
58.882271
38.644993
38.726593
38.618431
38.559231
38.546913
38.600990
58.844513
59.024670
59.126266
59.222103
58.910431
59.044510
38.735386
38.648670
38.591232
38.570431
38.524353
38.405315
58.958427
58.993950
59.029472
58.793312
59.180664
38.749470
39.029305
39.307381
39.292179
39.254902
39.037945
59.561939
59.658100
59.688339
59.589622
59.747856
59.866096
59.660019
59.587059
59.679379
39.181618
39.118744
39.229942
39.316338
39.192337
39.134586
59.737617
59.728977
59.519218
59.540665
59.847694
59.812660
59.566582
60.853920
60.862560
60.680645
60.820801
60.843521
60.750877
60.593765
60.873119
Control Period
60.763203
60.687202
60.800644
60.748482
60.151367
59.643539
59.695061
59.721779
39.250740
38.964828
38.611553
38.571552
38.322918
38.535713
58.982433
59.080513
58.785469
58.866112
58.957794
38.755550
38.688351
38.630589
38.626915
38.456673
38.572193
59.041954
59.147552
58.937469
59.067871
59.207390
58.959068
38.727390
38.637951
38.641472
38.453793
38.550594
38.595875
59.069153
58.846111
59.115707
59.171227
58.944832
38.553154
38.747391
38.696671
38.451233
38.565952
38.584354
59.728981
59.546902
59.767380
59.890099
59.661781
59.768181
59.856659
59.888016
59.635864
59.837936
59.916176
39.504814
39.391701
39.339058
39.310577
39.095222
39.222424
59.868176
59.839535
59.598103
Control Period
59.782578
59.817299
59.653137
59.754101
59.877617
59.888336
59.628185
59.840496
39.438419
39.346100
39.252502
39.344498
39.294903
39.074905
59.711540
59.829620
59.830578
59.593624
59.782257
59.873459
59.594261
59.758900
59.892178
59.757618
39.051865
39.279224
39.316498
39.311859
39.218746
39.258904
59.808498
59.624981
59.702263
59.856018
60.599846
60.519051
60.750885
60.771523
60.678726
60.734406
60.632645
60.885124
60.588806
60.744324
60.716965
60.500328
60.821442
60.831203
60.846241
60.542568
60.824642
60.757122
60.503529
60.645607
60.792320
60.790886
60.468170
60.700485
60.845123
60.602726
60.648483
60.752167
60.772804
60.613289
60.779045
60.669289
Control Period
60.669605
60.684967
60.793602
60.740166
60.571686
60.706886
60.337608
59.592659
59.550583
59.113953
59.044830
59.033310
38.696671
38.605633
38.672192
38.641312
38.603710
38.615715
38.425476
58.908669
58.927711
59.142750
58.842590
59.073952
38.746269
38.718273
38.635551
38.645794
38.747391
38.446434
38.592033
59.035393
59.115231
58.873470
59.022911
59.175549
38.773148
38.658272
38.614590
38.628510
38.416199
38.545952
38.597313
59.084190
58.933792
59.125793
59.238106
59.048515
38.726112
38.769630
38.675232
38.466278
38.558273
38.597954
38.605473
58.848354
58.990112
59.030434
58.834274
59.070114
38.696030
38.691391
38.503716
38.643074
38.669632
38.646114
38.576035
59.065151
59.174271
Control Period
59.063553
59.051071
59.181473
38.805790
38.577633
38.686592
38.722916
38.978268
39.217464
59.762104
59.849617
59.564342
59.625145
59.748981
59.696342
59.691063
59.796181
59.663063
39.190105
39.316666
39.282585
39.181461
39.127068
39.229305
59.744820
59.725624
59.528984
59.806580
59.749146
59.668823
59.733940
59.953621
59.668343
26.269348
59.603706
59.763702
59.862579
59.742584
59.489784
59.797142
59.689625
60.171051
60.908005
60.846405
60.760647
60.628166
60.908646
60.826561
60.727203
60.852325
60.945442
60.769768
60.671848
60.842247
60.493927
59.725624
59.799065
39.514099
39.299065
39.165466
39.270264
39.321625
39.215866
59.576504
59.713463
59.725624
59.679222
Control Period
59.686745
59.901459
59.879539
59.671066
59.716183
59.895538
39.418579
39.337624
39.325783
39.341782
39.151066
39.277306
39.331383
59.799862
59.563545
59.799541
59.887058
59.661949
59.715702
59.920177
59.897942
59.568184
59.863541
59.961620
39.452660
39.407383
39.388664
39.310745
39.279705
59.625626
59.700184
59.861458
59.806744
59.531708
59.726265
59.888023
59.740345
59.753944
59.765305
39.452339
39.173946
39.335224
39.326424
39.345146
39.219383
59.733467
59.707863
59.647224
59.728981
59.790104
59.770103
59.606262
59.794582
59.887699
59.683548
59.808502
39.250103
39.309784
39.243225
39.301144
39.307861
39.284027
59.530746
59.828819
59.802582
59.548668
59.639061
Control Period
59.748825
59.765625
59.452667
59.617622
39.183708
39.354584
39.311543
39.284023
39.282265
39.082588
39.198906
59.796345
59.789146
59.425308
59.594265
59.862904
59.694744
59.772667
59.876659
59.708183
39.227867
39.351543
39.319862
39.377625
39.209946
39.235382
39.290424
59.563389
59.687706
59.771706
59.722267
59.565147
59.792023
59.884022
59.705307
59.569149
59.901783
39.431702
39.221626
39.308502
39.317142
39.278423
39.133469
39.271381
59.746742
59.688507
59.670746
59.790104
59.812504
59.454430
59.630585
59.684341
59.721466
39.325146
39.358421
39.323544
39.081787
39.270264
39.296661
39.286427
59.534592
59.736183
59.775543
59.608986
59.740181
59.848183
59.877464
59.626106
Control Period
59.846260
59.956345
39.408180
39.304024
39.327541
39.376984
39.136349
39.229305
39.287544
59.799706
59.496189
59.688984
59.750423
59.498268
59.735542
59.825142
59.897942
59.661144
39.302425
39.417942
39.382423
39.240505
39.308983
39.292824
39.012348
59.680984
59.796024
59.854424
59.499390
59.735863
59.869621
59.549149
59.757786
59.874580
59.566109
39.240189
39.434742
39.390263
39.218426
39.160828
39.173306
39.284985
59.615227
59.679867
59.857464
59.784344
59.564667
59.859863
59.901623
59.648186
59.799866
59.709946
39.383224
39.241627
39.397621
39.359863
39.329304
39.181465
39.295063
59.807705
59.651230
59.670746
59.774426
59.746742
59.483231
59.840504
59.885460
59.567390
Control Period
39.377148
39.414421
39.360985
39.091705
39.223705
39.219868
39.307705
59.515388
59.750263
59.794907
59.607067
59.726585
59.829781
59.764668
59.613632
59.831223
59.918106
39.355545
39.291866
39.283863
39.348984
39.035709
39.177628
39.282745
59.715706
59.557472
59.770584
59.873466
59.523865
59.730103
59.928825
59.685623
59.659225
59.776825
39.397144
39.337784
39.317307
39.354103
39.304024
39.102428
39.236664
59.848022
59.752190
59.566429
59.780502
59.888985
59.605469
59.750423
59.879704
59.874744
59.691544
39.240028
39.397942
39.377304
39.339386
39.291546
39.261944
39.083706
59.708984
59.799385
59.759224
59.479549
59.781624
59.876022
59.517632
59.725628
59.888985
Control Period
59.719704
39.228985
39.387222
39.405941
39.390266
39.277786
39.262585
39.326424
59.597946
59.714745
59.809784
59.825302
59.529469
59.853786
59.919865
59.552666
59.784988
59.918106
39.432346
39.242744
39.339706
39.342907
39.304665
39.167389
39.298264
59.813465
59.503548
59.711227
59.881622
59.800507
59.533791
59.793465
59.936665
59.720188
59.646908
39.442745
39.410904
39.187706
39.314587
39.372822
39.341625
39.266266
59.745628
59.813786
59.623707
59.789787
59.888664
59.899063
59.652512
59.817627
60.041622
59.613945
59.617790
39.204029
39.400505
39.148026
39.245789
39.280186
39.261307
39.186749
59.733948
59.823868
59.547070
59.694748
59.798107
59.829788
59.651711
59.867867
Control Period
59.672989
59.706749
39.315548
39.400826
39.332985
39.123070
39.227867
39.287708
39.233948
59.551552
59.755386
59.792343
59.628510
59.730587
59.830585
59.849945
59.694748
59.653309
59.876667
39.365147
39.323227
39.368984
39.301468
39.079067
39.216187
39.234428
59.758430
59.528671
59.703869
59.905308
59.663708
59.780510
59.883064
59.890747
59.643391
59.893303
39.409946
39.415543
39.409306
39.384026
39.301788
39.121147
39.306587
59.845146
59.829948
59.595230
59.811707
59.881466
59.686268
59.808830
59.922745
59.882263
59.680351
59.857307
59.893623
39.532505
39.348190
39.363388
39.309944
38.880035
38.663719
38.659557
59.136360
58.873959
59.116997
59.154755
58.999718
59.107239
Control Period
38.812996
38.708839
38.562916
38.625637
38.637318
38.628197
38.566277
59.036522
59.148682
59.023880
59.158440
59.133636
38.801632
38.573799
39.367069
39.378105
39.335705
39.247391
39.313309
59.829468
59.616829
59.749950
59.866585
59.879387
59.568352
59.839386
59.931068
59.648827
59.827866
59.973465
39.279228
39.150909
39.371227
39.353626
39.426586
39.296188
39.298428
59.858906
59.575073
59.692032
59.880188
59.910904
59.508675
59.767227
59.743229
59.475716
39.149471
39.353149
39.339546
39.080189
39.564987
40.301453
40.293610
40.190575
60.700493
60.716015
40.087215
60.690575
60.711056
60.564018
60.668015
60.663216
60.736176
40.158733
40.254417
40.154255
60.736176
60.589615
Control Period
60.729454
60.741295
60.649933
40.156174
39.712822
59.793629
59.570114
59.676033
59.849949
59.812668
59.525150
59.792671
59.872665
59.659073
59.756668
59.927391
39.442268
39.171711
39.281792
39.330269
39.234108
39.214111
59.639072
59.763069
59.654594
59.682274
59.827068
59.884987
59.597633
59.793789
59.865467
59.715393
59.770592
39.420189
39.384029
39.177307
39.360027
39.304348
39.264671
39.220989
59.689472
23.609234
39.223228
59.763073
59.718910
59.822105
59.628677
59.749470
59.883228
59.903069
39.322746
59.604034
59.756672
59.802269
59.617790
59.752510
59.702110
59.690750
59.750908
59.648033
59.709152
39.225311
39.324669
39.328506
39.362907
39.290909
39.247551
Control Period
39.313148
59.641151
59.664833
59.722271
59.780830
59.624672
59.866905
59.827389
59.715549
59.638596
59.800034
39.169792
39.200191
39.267708
39.339867
39.305470
39.241310
39.263390
59.757790
59.612354
59.559391
59.712193
59.628990
59.636513
59.799393
59.851707
59.570595
39.145470
39.363548
39.254425
39.134109
39.233948
39.291710
39.224190
59.550911
59.722111
59.800190
59.659233
59.694271
59.843231
59.862110
59.623711
59.760193
59.837307
39.442909
39.386749
39.364666
39.331390
39.095554
39.168831
39.303547
59.752670
59.603874
59.653633
59.867069
59.526756
59.748032
59.843712
59.661312
59.444035
59.813469
39.500187
39.370270
39.282745
39.278431
39.210106
39.134113
39.222588
Control Period
59.864349
59.750271
59.473473
59.845154
59.816826
59.653954
59.679390
59.907230
59.795872
59.712513
39.401947
39.464188
39.405148
39.369148
39.352188
39.349308
39.118591
59.655071
59.732193
59.724190
59.615395
59.736832
59.880989
59.656834
59.756195
59.885151
39.128674
39.242111
39.299870
39.344189
39.353630
39.322109
39.236511
59.783394
59.660194
59.676514
59.800514
59.862110
59.662910
59.728191
59.914589
59.728195
59.761471
39.400826
39.464027
39.170910
39.254589
39.276192
39.285309
39.219551
59.736351
59.744194
59.594917
59.820190
59.846752
59.864189
59.622108
59.717312
59.839390
59.616516
39.371391
39.359711
39.297947
39.144196
39.168350
39.304352
39.280190
Control Period
59.816994
59.581955
59.727394
59.833153
59.596676
59.768833
59.854431
59.941147
59.634430
59.876190
59.705471
39.439548
39.379387
39.292511
39.294430
39.085953
39.184509
39.332668
59.795872
59.517960
59.758911
59.758430
59.520515
59.629955
59.907070
59.719551
59.683556
59.809151
39.339710
39.354431
39.284508
39.290909
39.341148
39.100834
39.218750
59.705631
59.764832
59.567554
59.728512
59.848190
59.703232
59.727875
59.775551
59.765633
59.454918
39.149155
39.332668
39.260509
39.284988
39.300831
39.159714
39.089634
59.654755
59.818592
59.779072
59.457638
59.593155
59.705154
59.714272
59.735237
59.858913
39.424988
39.182114
39.270432
39.313789
39.340511
39.226753
39.268829
Control Period
59.805153
59.536034
59.712830
59.817314
59.839394
59.587074
59.841953
59.856514
59.706757
59.801796
59.849792
39.376987
39.154434
39.253471
39.301308
39.239388
39.122597
39.258751
59.779232
59.582275
59.669956
59.886433
59.841152
59.627235
59.795876
59.858276
59.729317
59.605797
39.192352
39.383709
39.132832
39.348988
39.338432
39.306908
39.232830
59.710114
59.789791
59.583717
59.553955
59.709633
59.712353
59.599075
59.831234
59.729149
39.162914
39.342751
39.353149
39.282108
39.091873
39.193794
39.229630
59.754593
59.444519
59.645473
59.846275
59.597794
59.707077
59.830116
59.612518
59.622597
39.335072
39.374107
39.372189
39.258591
39.244194
39.278431
39.071716
Control Period
59.671555
59.817154
59.743393
59.592838
59.777634
59.829155
59.709797
59.768673
59.815071
59.905636
39.001316
39.268032
39.348827
39.309792
39.229473
39.317631
39.284668
59.537155
59.713634
59.804031
59.806595
59.560680
59.801151
59.823875
59.524036
59.791714
59.839077
39.424191
39.193951
39.331390
39.348351
39.251553
39.124035
39.271069
59.792675
59.579716
59.685795
59.836994
59.685959
59.632355
59.830753
59.716034
59.693954
59.773636
18.770109
39.371071
39.144833
39.265472
39.269791
39.382431
39.218109
59.654919
59.817955
59.635876
59.653637
59.855072
59.779076
59.473160
59.888035
59.901955
59.503395
18.943226
39.273792
39.332512
39.170914
39.220036
39.239235
39.293629
Control Period
59.539558
59.655079
59.750916
59.562920
59.685799
59.881313
59.894592
59.594757
59.687080
59.896355
18.941788
39.289471
39.318111
39.318115
39.068516
39.218277
39.304668
59.765316
59.548679
59.720036
59.813797
59.661636
59.619080
59.693157
59.912834
59.704353
59.843071
39.426273
39.359550
39.226593
39.285473
39.271393
39.031075
39.253792
59.801155
59.742596
59.592041
59.684517
59.815079
59.683556
59.745155
59.830276
59.904194
59.492039
39.219555
39.346748
39.326591
39.277313
39.269157
39.270432
39.118912
59.635719
59.757797
59.770439
59.446602
59.662281
59.687241
59.644356
59.750595
59.697639
39.403389
39.161633
39.286911
39.248993
39.286911
39.212193
39.143394
59.790436
Control Period
59.554604
59.657318
59.824036
59.822594
59.389481
59.799561
59.855080
59.433640
39.344513
39.328033
39.304192
39.072353
39.144356
39.282272
39.319553
59.505318
59.744038
59.767235
59.636040
59.708199
59.798279
59.849796
59.645958
59.733799
59.916672
39.379234
39.227554
39.299713
39.275074
39.047878
39.218113
39.286591
59.725159
59.537800
59.715080
59.798435
59.600357
59.737961
59.788673
59.926117
59.573479
59.789314
39.401474
39.329151
39.249153
39.258438
39.235714
39.073956
39.152035
59.796036
59.739243
59.560680
59.715881
59.790596
59.558922
59.746437
59.814278
59.857155
59.590919
39.356991
39.357952
39.340511
39.209637
39.213955
39.276352
59.521965
59.630119
59.743717
Control Period
59.876038
59.461960
59.819717
59.813316
59.369644
59.027885
38.649807
38.670921
38.521805
38.591721
38.532524
38.524204
38.454445
58.980850
59.179085
58.973011
59.027733
59.072208
38.739719
38.610447
38.635403
38.625961
38.581482
38.473167
38.565323
59.110928
58.997810
59.026291
58.965008
59.133644
38.574604
38.714603
38.712681
38.649483
38.552689
38.587246
38.572044
58.967896
58.921009
59.073166
59.050289
58.982925
38.701801
38.796043
38.697002
38.630444
38.601322
38.561165
38.440208
59.021488
58.966927
59.041809
58.872528
59.217167
38.712845
38.722282
38.642921
38.622124
38.683083
39.108513
39.251873
59.744202
59.871559
59.542122
59.777321
59.778282
59.518600
59.555557
Control Period
59.680199
39.196358
39.292355
39.305313
39.273472
39.388672
39.209316
59.753960
59.681000
59.661160
59.689960
59.888355
59.789803
59.641800
59.782921
59.888680
59.646759
39.368992
39.387871
39.267876
39.073318
39.213791
39.293156
59.767883
59.502121
46.108891
39.205795
39.106277
59.733799
59.733162
60.350430
60.793465
60.683064
60.479549
60.591064
60.704346
60.510269
60.761784
60.725624
60.594425
60.642746
60.743385
60.575706
60.624825
60.626747
60.508987
60.918739
60.790585
60.299553
60.636024
60.828342
60.560829
60.772823
60.710106
60.561630
60.704185
60.626907
60.468987
60.621624
60.808823
60.480186
60.774582
60.579227
60.575066
60.833466
60.809944
60.334114
Control Period
60.667385
60.827061
60.741463
60.908340
60.778744
60.741142
60.160194
59.759079
59.489643
59.804359
59.856838
59.717155
59.651081
59.865479
39.395554
39.188358
39.306755
39.350914
39.313473
39.101158
39.255875
59.745480
59.634445
59.610123
59.857319
59.820839
59.600685
59.796841
59.848999
59.701317
59.718761
39.409313
39.406914
39.193478
39.247711
39.295395
39.281315
59.516365
59.727722
59.849159
59.621803
59.667240
59.864517
59.900681
59.607563
59.879398
59.900196
59.727722
39.330116
39.378914
39.477791
39.154758
39.239716
39.288193
39.318432
59.497643
59.681480
59.751720
59.596046
59.717159
59.864357
59.880997
59.629642
59.671242
59.910759
39.431393
39.316196
39.413315
Control Period
39.313477
39.121159
39.234436
39.272835
59.724361
59.546280
59.671879
59.849159
59.561646
59.791080
59.811241
59.754440
59.722122
39.364357
39.360672
39.374592
39.255394
39.359715
39.275875
39.099079
59.623081
59.798759
59.757481
59.545647
59.778763
59.857323
59.617165
59.785484
59.908997
59.762283
39.268356
39.333794
39.408031
39.211555
39.238277
39.216354
39.324036
59.601963
59.628525
59.807560
59.841957
59.536201
59.789642
59.852360
59.640362
59.758278
59.867882
39.428036
39.178757
39.334595
39.356995
39.294434
39.234276
39.267876
59.793640
59.616203
59.722122
59.728043
59.852520
59.632999
59.790440
59.921638
59.510925
59.717484
39.410435
39.397316
39.175236
Control Period
39.301315
39.340034
39.243076
39.240192
59.724998
59.801479
59.593002
59.737961
59.767242
59.762604
59.673325
59.856522
59.888039
59.726280
59.589645
39.265636
39.402275
39.161476
39.254112
39.284676
59.802921
59.595406
59.706924
59.858601
59.516525
59.686440
59.879402
59.880840
59.616364
59.822762
59.844841
39.296036
39.323715
39.360836
39.322914
39.106438
39.230118
39.309315
59.752678
59.498608
59.686920
59.736839
59.698124
59.780682
59.708202
59.959076
59.630764
59.787079
39.487717
39.286434
39.213638
39.282272
39.276836
39.030918
39.202915
59.788200
59.772041
59.589165
59.771721
59.865639
59.547722
59.655724
59.747242
59.784363
59.646286
39.446114
39.378914
39.375553
Control Period
39.268517
39.293480
39.330753
39.099560
59.623085
59.858440
59.817482
59.559246
59.716042
59.894119
59.645966
59.724846
59.896839
59.793003
39.084999
39.347874
39.331234
39.329475
39.243557
39.231079
39.334114
58.986931
59.028374
59.068214
59.157173
58.896057
59.137489
38.640049
38.744045
38.608368
38.614285
38.594929
38.410290
38.586769
59.069496
59.027412
58.863258
59.057014
59.126289
38.571571
38.764206
38.616367
38.667088
38.431889
38.529167
38.590611
59.115410
58.877495
58.996857
59.110455
58.919575
59.095093
38.712685
38.683086
38.459412
38.568687
38.619087
38.589008
38.596527
59.005657
59.066936
58.880859
59.010292
59.092213
59.219414
38.596687
38.690125
38.654129
Control Period
38.671249
38.585007
38.982605
39.275558
59.612366
59.695885
59.758442
59.842758
59.618446
59.775879
59.825642
59.681324
59.794601
59.864521
59.864044
39.278278
39.377316
39.368832
39.398758
39.254440
39.263878
59.790604
59.569008
59.678444
59.849480
59.853161
60.321796
60.798908
60.753311
60.723869
60.862907
60.771866
60.568512
60.813950
60.734589
60.631870
60.768028
60.927864
60.704990
60.829788
60.646912
60.828026
60.706749
60.725948
60.772507
60.830589
60.701309
60.862747
60.852348
60.548191
60.877304
60.769150
60.628033
60.769787
60.834427
60.715069
60.819386
60.618431
60.788185
60.721466
60.640511
60.783066
60.723389
60.681149
60.786110
60.749146
Control Period
60.540352
60.784668
60.730911
60.748833
59.914921
59.685165
59.546608
59.613647
59.222931
58.836380
59.058617
59.155251
38.650608
38.518452
38.693169
38.703247
38.668690
38.547890
38.548370
59.062134
58.884220
58.989014
58.981018
59.135574
58.984695
38.708847
38.666767
38.712204
38.604366
38.581169
38.618290
38.453331
59.007736
58.982777
59.025337
58.871098
59.067257
59.146454
38.717487
38.760208
38.655251
38.612686
38.441654
38.549969
38.942444
39.272678
59.849483
60.771233
60.803871
60.598915
60.833790
60.778427
60.714752
60.749313
60.393158
60.743073
60.721470
60.721470
60.741470
60.836510
60.727707
60.731712
60.770912
60.580032
60.700832
60.670753
60.737152
60.809311
Control Period
40.205944
40.251545
40.269623
40.143543
40.271545
60.703232
40.249462
40.253304
40.269783
40.206745
40.264023
40.285625
40.220665
40.258106
60.640831
40.252342
40.141785
40.239223
40.186584
60.732033
40.259384
40.258743
60.741470
60.658752
40.252026
40.039864
40.259224
40.202423
60.492035
40.222740
40.246426
39.726593
59.744205
59.682610
59.204853
59.081657
59.115898
58.935421
59.018135
38.665970
38.724525
38.467575
38.591568
38.570610
38.610291
38.579247
38.596848
59.079575
58.966778
58.989975
59.078613
59.150131
38.505650
38.630928
38.637489
38.663250
38.596367
38.609810
38.708366
38.437492
58.995895
59.056694
59.045654
58.888382
59.057816
38.743408
38.755245
Control Period
38.632370
39.005962
39.356838
39.133644
39.222759
59.792366
59.851086
59.499889
59.704048
59.824364
59.674927
59.652687
59.802925
59.766769
39.016041
39.255562
39.278122
59.850765
59.553009
59.708687
59.866127
59.654766
59.720047
59.825165
59.838448
59.624046
59.797966
39.377796
39.847073
40.292664
40.266426
40.189625
40.248665
40.144184
60.504036
60.698433
40.252186
40.257305
40.257301
40.201305
40.245148
40.264664
40.220661
40.279705
60.766754
40.258266
40.272022
40.177307
40.254265
40.185783
40.236824
60.682911
40.264343
40.259544
40.265945
40.178585
40.278587
40.257626
40.188183
40.252983
60.762913
40.255226
40.207703
40.078430
39.197479
59.737968
Control Period
59.772049
59.533489
50.744183
39.325798
39.285480
59.532372
59.773327
59.877007
59.688049
59.704208
59.890606
59.625168
59.731407
59.892365
59.809166
39.402916
39.427078
39.164200
39.274761
39.292839
39.306602
59.713646
59.856205
59.660690
59.701488
59.850128
59.924206
59.758289
59.926125
59.693810
59.843884
59.907562
39.468037
39.400196
39.338440
39.345638
39.241638
39.304520
59.834610
59.778130
59.780846
59.902283
59.635406
59.828365
59.930763
59.820045
59.722927
59.922447
59.686607
39.282921
39.438919
39.340675
39.305000
39.339722
39.076363
59.731247
59.853645
59.765488
59.684528
59.798927
59.696526
59.731247
59.679085
59.906288
59.794449
39.189960
39.345642
39.345955
Control Period
39.327080
39.283081
39.120361
59.765488
59.735409
59.419090
59.598610
59.681808
59.797485
59.728210
59.689491
59.649647
39.266281
39.292038
39.328682
39.358437
39.290760
39.121006
59.687569
59.710289
59.689011
59.800850
59.613651
58.846779
59.115097
38.674129
38.668690
38.440212
38.577011
38.542294
38.543732
38.466293
58.989342
59.097816
59.005341
59.090942
59.091103
38.583572
38.524052
38.582775
38.532372
38.531570
38.543892
38.621811
59.117500
59.018940
59.048538
58.939423
59.159737
38.510452
38.664051
38.702129
38.501015
38.566292
38.612053
38.576370
58.893181
59.016541
59.046776
59.130615
58.913185
38.709171
38.680370
38.690609
38.715889
38.667091
38.618454
38.728687
Control Period
59.687088
59.703888
59.839249
59.710609
59.919884
59.505173
59.659409
59.913486
59.803886
39.214123
39.392361
39.416199
39.214764
39.217319
39.209320
59.733009
59.705811
59.680847
59.605331
59.791088
59.689651
59.802925
59.799408
59.708687
39.225319
39.397160
39.333000
39.299400
39.200844
39.269321
59.433174
59.722450
59.756691
59.841011
59.678612
59.809647
59.645332
59.804531
60.634113
60.580997
60.634277
60.841152
60.701954
60.676033
60.755554
60.818756
60.849792
60.774750
60.685799
60.804672
60.834595
60.688194
60.773472
60.853470
60.672676
59.772690
59.891884
59.597813
39.186127
39.341637
39.318600
39.199883
39.248520
39.252682
59.482933
59.772690
59.716530
59.761971
Control Period
59.843567
59.891727
59.602451
59.644051
59.698769
39.309322
39.432999
39.374920
39.183403
39.256042
39.222603
59.570930
59.733490
59.537491
59.696533
59.786293
59.682129
59.718613
59.793011
59.661171
59.880848
39.228363
39.297962
39.325642
39.310440
39.192364
39.223724
39.182121
59.648212
59.660851
59.822609
59.744530
59.820690
59.634773
59.729172
59.853653
59.843086
59.634773
39.172203
39.327881
39.336357
39.185005
39.027565
39.163723
59.665817
59.701813
59.696850
59.852531
59.738609
59.713490
59.883568
59.750610
59.713814
59.500374
39.371078
39.440842
39.404678
39.283085
39.218285
39.019566
59.673813
59.776051
59.778610
59.781651
59.850449
59.400379
59.804527
Control Period
59.903893
59.507896
59.880211
39.415237
39.344200
39.283718
39.231564
39.224522
39.274441
39.201004
59.724693
59.701653
59.749168
59.697815
59.729652
59.824368
59.873970
59.876850
59.686932
59.551414
39.185322
39.186760
39.274761
39.240845
39.274445
39.283882
39.084682
59.610455
59.707733
59.473175
59.773491
59.613014
59.741650
59.877972
59.453979
59.775894
39.417004
39.279404
39.327721
39.153320
39.169487
39.279884
39.232044
59.789810
59.613815
59.735889
59.852051
59.626457
59.765331
59.857971
59.762611
59.886288
59.579414
59.850609
39.413319
39.402920
39.304844
39.341961
39.238766
39.220367
39.167564
59.742615
59.758614
59.696053
59.814930
59.810772
59.790291
59.766129
Control Period
59.578297
59.712692
59.841972
39.405483
39.345322
39.268684
39.287403
39.101486
39.222446
39.282600
59.567257
59.711735
59.623093
59.725815
59.846451
59.596054
59.673492
59.697174
59.783569
59.767090
39.055244
39.303082
39.346119
39.274124
39.273323
39.077484
39.232525
59.812851
59.508698
59.725014
59.708374
59.727249
59.899406
59.459259
59.694294
59.703732
59.724213
39.241325
39.169964
39.270763
39.243404
39.208847
39.258125
39.086765
59.628056
59.822929
59.619095
59.813332
59.673813
59.660374
59.751892
59.510937
59.890450
59.599731
39.218445
39.381958
39.163563
39.276844
39.263405
39.244843
39.299881
59.627415
59.689495
59.831570
59.633339
59.781334
59.689011
59.666138
Control Period
59.798935
59.476376
39.235886
39.399719
39.287083
39.337799
39.094604
39.179405
39.318764
59.529335
59.725334
59.623253
59.724052
59.813652
59.625977
59.808533
59.791412
59.810768
59.886452
59.680534
39.350441
39.479877
39.341644
39.332203
38.546616
38.595253
38.267738
58.434471
58.296394
58.313675
37.910942
38.144382
38.373657
38.891891
38.330139
37.884865
37.773186
58.230637
58.521511
59.943253
58.713509
58.351913
38.082943
38.100540
38.038620
61.495869
17.925169
37.995102
37.880547
38.037502
38.892529
38.426456
38.122459
58.515911
58.354633
58.216236
61.062115
59.600376
38.144543
38.074623
38.083263
38.115582
39.347080
38.004864
37.935425
58.238476
58.405998
Control Period
61.261471
58.887909
58.399277
38.075264
38.094139
38.754288
39.022289
37.979424
38.019745
58.207436
58.403275
60.784836
59.457817
58.338158
58.363594
38.119419
38.483257
40.333149
38.063263
38.035900
37.945503
58.186958
59.069023
60.877480
58.476231
58.367596
38.067745
38.522938
39.110447
39.250122
39.171246
39.269646
59.724697
59.758133
59.913971
Control Period
Control Period
Control Period
